/home/sheng/anaconda3/envs/epiu-dsgn/lib/python3.10/site-packages/torch/distributed/launch.py:208: FutureWarning: The module torch.distributed.launch is deprecated
and will be removed in future. Use torchrun.
Note that --use-env is set by default in torchrun.
If your script expects `--local-rank` argument to be set, please
change it to read from `os.environ['LOCAL_RANK']` instead. See 
https://pytorch.org/docs/stable/distributed.html#launch-utility for 
further instructions

  main()
/home/sheng/paper6/.venv/lib/python3.10/site-packages/mmcv/__init__.py:20: UserWarning: On January 1, 2023, MMCV will release v2.0.0, in which it will remove components related to the training process and add a data transformation module. In addition, it will rename the package names mmcv to mmcv-lite and mmcv-full to mmcv. See https://github.com/open-mmlab/mmcv/blob/master/docs/en/compatibility.md for more details.
  warnings.warn(
2026-10-03 21:16:17,627   INFO  **********************Start logging**********************
2026-10-03 21:16:17,628   INFO  CUDA_VISIBLE_DEVICES=0
2026-10-03 21:16:17,628   INFO  eval output dir: /mnt/d/paper6/runs/liga/home_sheng_paper6_configs_tuning/student_uniform_seed17_epoch1.tune_uniform_seed17_002/ckpt/checkpoint_epoch_1.pth.eval/eval/epoch_1/geocomm_tune_holdout/diagnostic_student_uncompressed_seed17_002
2026-10-03 21:16:17,628   INFO  total_batch_size: 1
2026-10-03 21:16:17,628   INFO  cfg_file         /home/sheng/paper6/configs/diagnostic/student_uncompressed_holdout.yaml
2026-10-03 21:16:17,629   INFO  batch_size       1
2026-10-03 21:16:17,629   INFO  workers          4
2026-10-03 21:16:17,629   INFO  exp_name         None
2026-10-03 21:16:17,630   INFO  eval_tag         diagnostic_student_uncompressed_seed17_002
2026-10-03 21:16:17,631   INFO  max_waiting_mins 30
2026-10-03 21:16:17,631   INFO  save_to_file     True
2026-10-03 21:16:17,631   INFO  ckpt             /mnt/d/paper6/runs/liga/home_sheng_paper6_configs_tuning/student_uniform_seed17_epoch1.tune_uniform_seed17_002/ckpt/checkpoint_epoch_1.pth
2026-10-03 21:16:17,631   INFO  ckpt_id          None
2026-10-03 21:16:17,632   INFO  start_epoch      0
2026-10-03 21:16:17,632   INFO  launcher         pytorch
2026-10-03 21:16:17,632   INFO  tcp_port         18888
2026-10-03 21:16:17,632   INFO  local_rank       0
2026-10-03 21:16:17,633   INFO  set_cfgs         None
2026-10-03 21:16:17,633   INFO  trainval         False
2026-10-03 21:16:17,634   INFO  imitation        2d
2026-10-03 21:16:17,634   INFO  cfg.ROOT_DIR: /home/sheng/paper6/third_party/LIGA-Stereo
2026-10-03 21:16:17,634   INFO  cfg.LOCAL_RANK: 0
2026-10-03 21:16:17,634   INFO  cfg.CLASS_NAMES: ['Car', 'Pedestrian', 'Cyclist']
2026-10-03 21:16:17,635   INFO  
cfg.DATA_CONFIG = edict()
2026-10-03 21:16:17,635   INFO  cfg.DATA_CONFIG.DATASET: StereoKittiDataset
2026-10-03 21:16:17,635   INFO  cfg.DATA_CONFIG.DATA_PATH: ./data/kitti
2026-10-03 21:16:17,636   INFO  cfg.DATA_CONFIG.FLIP: True
2026-10-03 21:16:17,636   INFO  cfg.DATA_CONFIG.FORCE_FLIP: False
2026-10-03 21:16:17,636   INFO  cfg.DATA_CONFIG.POINT_CLOUD_RANGE: [2, -30.4, -3, 59.6, 30.4, 1]
2026-10-03 21:16:17,636   INFO  cfg.DATA_CONFIG.VOXEL_SIZE: [0.05, 0.05, 0.1]
2026-10-03 21:16:17,637   INFO  cfg.DATA_CONFIG.STEREO_VOXEL_SIZE: [0.2, 0.2, 0.2]
2026-10-03 21:16:17,637   INFO  
cfg.DATA_CONFIG.DATA_SPLIT = edict()
2026-10-03 21:16:17,637   INFO  cfg.DATA_CONFIG.DATA_SPLIT.train: geocomm_tune_train
2026-10-03 21:16:17,638   INFO  cfg.DATA_CONFIG.DATA_SPLIT.test: geocomm_tune_holdout
2026-10-03 21:16:17,638   INFO  
cfg.DATA_CONFIG.INFO_PATH = edict()
2026-10-03 21:16:17,638   INFO  cfg.DATA_CONFIG.INFO_PATH.train: ['kitti_infos_geocomm_tune_train.pkl']
2026-10-03 21:16:17,638   INFO  cfg.DATA_CONFIG.INFO_PATH.test: ['kitti_infos_geocomm_tune_holdout.pkl']
2026-10-03 21:16:17,639   INFO  cfg.DATA_CONFIG.USE_VAN: True
2026-10-03 21:16:17,639   INFO  cfg.DATA_CONFIG.USE_PERSON_SITTING: True
2026-10-03 21:16:17,639   INFO  cfg.DATA_CONFIG.FOV_POINTS_ONLY: True
2026-10-03 21:16:17,639   INFO  cfg.DATA_CONFIG.BOXES_GT_IN_CAM2_VIEW: False
2026-10-03 21:16:17,640   INFO  cfg.DATA_CONFIG.GENERATE_CORNER_HEATMAP: False
2026-10-03 21:16:17,640   INFO  cfg.DATA_CONFIG.CAT_REFLECT_DIM: False
2026-10-03 21:16:17,640   INFO  cfg.DATA_CONFIG.TRAIN_DATA_AUGMENTOR: [{'NAME': 'random_crop', 'MIN_REL_X': 0, 'MAX_REL_X': 0, 'MIN_REL_Y': 1.0, 'MAX_REL_Y': 1.0, 'MAX_CROP_H': 320, 'MAX_CROP_W': 1280}, {'NAME': 'filter_truncated', 'AREA_RATIO_THRESH': None, 'AREA_2D_RATIO_THRESH': None, 'GT_TRUNCATED_THRESH': 0.98}]
2026-10-03 21:16:17,640   INFO  cfg.DATA_CONFIG.TEST_DATA_AUGMENTOR: [{'NAME': 'random_crop', 'MIN_REL_X': 0, 'MAX_REL_X': 0, 'MIN_REL_Y': 1.0, 'MAX_REL_Y': 1.0, 'MAX_CROP_H': 320, 'MAX_CROP_W': 1280}]
2026-10-03 21:16:17,641   INFO  
cfg.DATA_CONFIG.POINT_FEATURE_ENCODING = edict()
2026-10-03 21:16:17,641   INFO  cfg.DATA_CONFIG.POINT_FEATURE_ENCODING.encoding_type: absolute_coordinates_encoding
2026-10-03 21:16:17,641   INFO  cfg.DATA_CONFIG.POINT_FEATURE_ENCODING.used_feature_list: ['x', 'y', 'z']
2026-10-03 21:16:17,642   INFO  cfg.DATA_CONFIG.POINT_FEATURE_ENCODING.src_feature_list: ['x', 'y', 'z']
2026-10-03 21:16:17,642   INFO  cfg.DATA_CONFIG.DATA_PROCESSOR: [{'NAME': 'mask_points_and_boxes_outside_range', 'REMOVE_OUTSIDE_BOXES': True}, {'NAME': 'transform_points_to_voxels', 'VOXEL_SIZE': [0.05, 0.05, 0.1], 'MAX_POINTS_PER_VOXEL': 5, 'MAX_NUMBER_OF_VOXELS': {'train': 40000, 'test': 40000}}]
2026-10-03 21:16:17,642   INFO  cfg.DATA_CONFIG._BASE_CONFIG_: ./configs/stereo/dataset_configs/kitti_dataset_fused.yaml
2026-10-03 21:16:17,642   INFO  
cfg.MODEL = edict()
2026-10-03 21:16:17,643   INFO  
cfg.MODEL.BACKBONE_2D = edict()
2026-10-03 21:16:17,643   INFO  cfg.MODEL.BACKBONE_2D.GN: True
2026-10-03 21:16:17,644   INFO  cfg.MODEL.BACKBONE_2D.NAME: HgBEVBackbone
2026-10-03 21:16:17,644   INFO  cfg.MODEL.BACKBONE_2D.num_channels: 64
2026-10-03 21:16:17,644   INFO  
cfg.MODEL.BACKBONE_3D = edict()
2026-10-03 21:16:17,645   INFO  cfg.MODEL.BACKBONE_3D.GN: True
2026-10-03 21:16:17,645   INFO  cfg.MODEL.BACKBONE_3D.NAME: LigaBackbone
2026-10-03 21:16:17,645   INFO  
cfg.MODEL.BACKBONE_3D.SEMANTIC_LINK = edict()
2026-10-03 21:16:17,646   INFO  cfg.MODEL.BACKBONE_3D.SEMANTIC_LINK.allocation: uniform
2026-10-03 21:16:17,646   INFO  cfg.MODEL.BACKBONE_3D.SEMANTIC_LINK.appearance_stride: 4
2026-10-03 21:16:17,646   INFO  cfg.MODEL.BACKBONE_3D.SEMANTIC_LINK.boundary: raw_cost
2026-10-03 21:16:17,647   INFO  cfg.MODEL.BACKBONE_3D.SEMANTIC_LINK.channel: awgn
2026-10-03 21:16:17,647   INFO  cfg.MODEL.BACKBONE_3D.SEMANTIC_LINK.complex_width: 4
2026-10-03 21:16:17,647   INFO  cfg.MODEL.BACKBONE_3D.SEMANTIC_LINK.enabled: False
2026-10-03 21:16:17,647   INFO  cfg.MODEL.BACKBONE_3D.SEMANTIC_LINK.geometry_stride: [8, 4, 4]
2026-10-03 21:16:17,648   INFO  cfg.MODEL.BACKBONE_3D.SEMANTIC_LINK.pilots: 8
2026-10-03 21:16:17,648   INFO  cfg.MODEL.BACKBONE_3D.SEMANTIC_LINK.posterior_hidden: 16
2026-10-03 21:16:17,648   INFO  cfg.MODEL.BACKBONE_3D.SEMANTIC_LINK.posterior_weight: 0.1
2026-10-03 21:16:17,649   INFO  cfg.MODEL.BACKBONE_3D.SEMANTIC_LINK.sensitivity_weight: 0.1
2026-10-03 21:16:17,649   INFO  cfg.MODEL.BACKBONE_3D.SEMANTIC_LINK.snr_db: 10.0
2026-10-03 21:16:17,649   INFO  cfg.MODEL.BACKBONE_3D.SEMANTIC_LINK.task_sensitivity: True
2026-10-03 21:16:17,650   INFO  cfg.MODEL.BACKBONE_3D.SEMANTIC_LINK.train_snr_max: 20.0
2026-10-03 21:16:17,650   INFO  cfg.MODEL.BACKBONE_3D.SEMANTIC_LINK.train_snr_min: -5.0
2026-10-03 21:16:17,650   INFO  
cfg.MODEL.BACKBONE_3D.STUDENT_ENCODER = edict()
2026-10-03 21:16:17,651   INFO  cfg.MODEL.BACKBONE_3D.STUDENT_ENCODER.distill_weight: 0.1
2026-10-03 21:16:17,651   INFO  cfg.MODEL.BACKBONE_3D.STUDENT_ENCODER.enabled: True
2026-10-03 21:16:17,651   INFO  cfg.MODEL.BACKBONE_3D.STUDENT_ENCODER.allow_uncompressed_diagnostic: True
2026-10-03 21:16:17,651   INFO  cfg.MODEL.BACKBONE_3D.cat_img_feature: True
2026-10-03 21:16:17,652   INFO  cfg.MODEL.BACKBONE_3D.cost_volume: [{'downsample': 4, 'type': 'concat'}]
2026-10-03 21:16:17,652   INFO  cfg.MODEL.BACKBONE_3D.cv_dim: 32
2026-10-03 21:16:17,652   INFO  cfg.MODEL.BACKBONE_3D.downsample_disp: 4
2026-10-03 21:16:17,652   INFO  cfg.MODEL.BACKBONE_3D.downsampled_depth_offset: 0.5
2026-10-03 21:16:17,652   INFO  
cfg.MODEL.BACKBONE_3D.feature_backbone = edict()
2026-10-03 21:16:17,653   INFO  cfg.MODEL.BACKBONE_3D.feature_backbone.base_channels: 64
2026-10-03 21:16:17,653   INFO  cfg.MODEL.BACKBONE_3D.feature_backbone.block_with_final_relu: False
2026-10-03 21:16:17,653   INFO  cfg.MODEL.BACKBONE_3D.feature_backbone.deep_stem: False
2026-10-03 21:16:17,653   INFO  cfg.MODEL.BACKBONE_3D.feature_backbone.depth: 34
2026-10-03 21:16:17,654   INFO  cfg.MODEL.BACKBONE_3D.feature_backbone.dilations: [1, 1, 2, 4]
2026-10-03 21:16:17,654   INFO  cfg.MODEL.BACKBONE_3D.feature_backbone.frozen_stages: -1
2026-10-03 21:16:17,654   INFO  
cfg.MODEL.BACKBONE_3D.feature_backbone.norm_cfg = edict()
2026-10-03 21:16:17,654   INFO  cfg.MODEL.BACKBONE_3D.feature_backbone.norm_cfg.requires_grad: True
2026-10-03 21:16:17,655   INFO  cfg.MODEL.BACKBONE_3D.feature_backbone.norm_cfg.type: BN
2026-10-03 21:16:17,655   INFO  cfg.MODEL.BACKBONE_3D.feature_backbone.norm_eval: False
2026-10-03 21:16:17,655   INFO  cfg.MODEL.BACKBONE_3D.feature_backbone.num_channels_factor: [1, 2, 2, 2]
2026-10-03 21:16:17,656   INFO  cfg.MODEL.BACKBONE_3D.feature_backbone.num_stages: 4
2026-10-03 21:16:17,656   INFO  cfg.MODEL.BACKBONE_3D.feature_backbone.out_indices: [0, 1, 2, 3]
2026-10-03 21:16:17,656   INFO  cfg.MODEL.BACKBONE_3D.feature_backbone.strides: [1, 2, 1, 1]
2026-10-03 21:16:17,656   INFO  cfg.MODEL.BACKBONE_3D.feature_backbone.style: pytorch
2026-10-03 21:16:17,656   INFO  cfg.MODEL.BACKBONE_3D.feature_backbone.type: ResNet
2026-10-03 21:16:17,657   INFO  cfg.MODEL.BACKBONE_3D.feature_backbone.with_max_pool: False
2026-10-03 21:16:17,657   INFO  cfg.MODEL.BACKBONE_3D.feature_backbone_pretrained: torchvision://resnet34
2026-10-03 21:16:17,658   INFO  
cfg.MODEL.BACKBONE_3D.feature_neck = edict()
2026-10-03 21:16:17,658   INFO  cfg.MODEL.BACKBONE_3D.feature_neck.GN: True
2026-10-03 21:16:17,658   INFO  cfg.MODEL.BACKBONE_3D.feature_neck.cat_img_feature: True
2026-10-03 21:16:17,659   INFO  cfg.MODEL.BACKBONE_3D.feature_neck.in_dims: [3, 64, 128, 128, 128]
2026-10-03 21:16:17,659   INFO  cfg.MODEL.BACKBONE_3D.feature_neck.sem_dim: [128, 32]
2026-10-03 21:16:17,659   INFO  cfg.MODEL.BACKBONE_3D.feature_neck.start_level: 2
2026-10-03 21:16:17,659   INFO  cfg.MODEL.BACKBONE_3D.feature_neck.stereo_dim: [32, 32]
2026-10-03 21:16:17,660   INFO  cfg.MODEL.BACKBONE_3D.feature_neck.with_upconv: True
2026-10-03 21:16:17,660   INFO  cfg.MODEL.BACKBONE_3D.img_feature_attentionbydisp: True
2026-10-03 21:16:17,660   INFO  cfg.MODEL.BACKBONE_3D.maxdisp: 288
2026-10-03 21:16:17,661   INFO  cfg.MODEL.BACKBONE_3D.num_3dconvs: 1
2026-10-03 21:16:17,661   INFO  cfg.MODEL.BACKBONE_3D.num_hg: 1
2026-10-03 21:16:17,661   INFO  cfg.MODEL.BACKBONE_3D.rpn3d_dim: 32
2026-10-03 21:16:17,662   INFO  
cfg.MODEL.BACKBONE_3D.sem_neck = edict()
2026-10-03 21:16:17,662   INFO  cfg.MODEL.BACKBONE_3D.sem_neck.add_extra_convs: on_output
2026-10-03 21:16:17,662   INFO  cfg.MODEL.BACKBONE_3D.sem_neck.in_channels: [32]
2026-10-03 21:16:17,662   INFO  cfg.MODEL.BACKBONE_3D.sem_neck.num_outs: 5
2026-10-03 21:16:17,663   INFO  cfg.MODEL.BACKBONE_3D.sem_neck.out_channels: 64
2026-10-03 21:16:17,663   INFO  cfg.MODEL.BACKBONE_3D.sem_neck.start_level: 0
2026-10-03 21:16:17,663   INFO  cfg.MODEL.BACKBONE_3D.sem_neck.type: FPN
2026-10-03 21:16:17,663   INFO  cfg.MODEL.BACKBONE_3D.use_stereo_out_type: feature
2026-10-03 21:16:17,663   INFO  cfg.MODEL.BACKBONE_3D.voxel_attentionbydisp: False
2026-10-03 21:16:17,664   INFO  
cfg.MODEL.DENSE_HEAD = edict()
2026-10-03 21:16:17,664   INFO  cfg.MODEL.DENSE_HEAD.ANCHOR_GENERATOR_CONFIG: [{'align_center': False, 'anchor_bottom_heights': [-1.78], 'anchor_rotations': [0, 1.57], 'anchor_sizes': [[3.9, 1.6, 1.56]], 'class_name': 'Car', 'feature_map_stride': 1, 'matched_threshold': 0.6, 'unmatched_threshold': 0.45}, {'align_center': False, 'anchor_bottom_heights': [-0.6], 'anchor_rotations': [0, 1.57], 'anchor_sizes': [[0.8, 0.6, 1.73]], 'class_name': 'Pedestrian', 'feature_map_stride': 1, 'matched_threshold': 0.5, 'unmatched_threshold': 0.35}, {'align_center': False, 'anchor_bottom_heights': [-0.6], 'anchor_rotations': [0, 1.57], 'anchor_sizes': [[1.76, 0.6, 1.73]], 'class_name': 'Cyclist', 'feature_map_stride': 1, 'matched_threshold': 0.5, 'unmatched_threshold': 0.35}]
2026-10-03 21:16:17,664   INFO  cfg.MODEL.DENSE_HEAD.CLAMP_VALUE: 10.0
2026-10-03 21:16:17,664   INFO  cfg.MODEL.DENSE_HEAD.CLASS_AGNOSTIC: False
2026-10-03 21:16:17,665   INFO  cfg.MODEL.DENSE_HEAD.DIR_LIMIT_OFFSET: 0.0
2026-10-03 21:16:17,665   INFO  cfg.MODEL.DENSE_HEAD.DIR_OFFSET: 0.78539
2026-10-03 21:16:17,665   INFO  cfg.MODEL.DENSE_HEAD.GN: True
2026-10-03 21:16:17,666   INFO  
cfg.MODEL.DENSE_HEAD.LOSS_CONFIG = edict()
2026-10-03 21:16:17,666   INFO  cfg.MODEL.DENSE_HEAD.LOSS_CONFIG.IMITATION_LOSS_TYPE: WeightedL2WithSigmaLoss
2026-10-03 21:16:17,666   INFO  cfg.MODEL.DENSE_HEAD.LOSS_CONFIG.IOU_LOSS_TYPE: IOU3dLoss
2026-10-03 21:16:17,666   INFO  
cfg.MODEL.DENSE_HEAD.LOSS_CONFIG.LOSS_WEIGHTS = edict()
2026-10-03 21:16:17,667   INFO  cfg.MODEL.DENSE_HEAD.LOSS_CONFIG.LOSS_WEIGHTS.cls_weight: 1.0
2026-10-03 21:16:17,667   INFO  cfg.MODEL.DENSE_HEAD.LOSS_CONFIG.LOSS_WEIGHTS.code_weights: [1.0, 1.0, 1.0, 1.0, 1.0, 1.0, 1.0]
2026-10-03 21:16:17,667   INFO  cfg.MODEL.DENSE_HEAD.LOSS_CONFIG.LOSS_WEIGHTS.dir_weight: 0.2
2026-10-03 21:16:17,668   INFO  cfg.MODEL.DENSE_HEAD.LOSS_CONFIG.LOSS_WEIGHTS.imitation_weight: 1.0
2026-10-03 21:16:17,668   INFO  cfg.MODEL.DENSE_HEAD.LOSS_CONFIG.LOSS_WEIGHTS.iou_weight: 1.0
2026-10-03 21:16:17,668   INFO  cfg.MODEL.DENSE_HEAD.LOSS_CONFIG.LOSS_WEIGHTS.loc_weight: 0.5
2026-10-03 21:16:17,668   INFO  cfg.MODEL.DENSE_HEAD.LOSS_CONFIG.REG_LOSS_TYPE: WeightedSmoothL1Loss
2026-10-03 21:16:17,669   INFO  cfg.MODEL.DENSE_HEAD.NAME: DetHead
2026-10-03 21:16:17,669   INFO  cfg.MODEL.DENSE_HEAD.NUM_CONVS: 2
2026-10-03 21:16:17,669   INFO  cfg.MODEL.DENSE_HEAD.NUM_DIR_BINS: 2
2026-10-03 21:16:17,669   INFO  
cfg.MODEL.DENSE_HEAD.TARGET_ASSIGNER_CONFIG = edict()
2026-10-03 21:16:17,670   INFO  cfg.MODEL.DENSE_HEAD.TARGET_ASSIGNER_CONFIG.BOX_CODER: ResidualCoder
2026-10-03 21:16:17,670   INFO  
cfg.MODEL.DENSE_HEAD.TARGET_ASSIGNER_CONFIG.BOX_CODER_CONFIG = edict()
2026-10-03 21:16:17,670   INFO  cfg.MODEL.DENSE_HEAD.TARGET_ASSIGNER_CONFIG.BOX_CODER_CONFIG.div_by_diagonal: True
2026-10-03 21:16:17,670   INFO  cfg.MODEL.DENSE_HEAD.TARGET_ASSIGNER_CONFIG.BOX_CODER_CONFIG.use_corners: False
2026-10-03 21:16:17,671   INFO  cfg.MODEL.DENSE_HEAD.TARGET_ASSIGNER_CONFIG.BOX_CODER_CONFIG.use_tanh: False
2026-10-03 21:16:17,671   INFO  cfg.MODEL.DENSE_HEAD.TARGET_ASSIGNER_CONFIG.MATCH_HEIGHT: False
2026-10-03 21:16:17,671   INFO  cfg.MODEL.DENSE_HEAD.TARGET_ASSIGNER_CONFIG.NAME: AxisAlignedTargetAssigner
2026-10-03 21:16:17,671   INFO  cfg.MODEL.DENSE_HEAD.TARGET_ASSIGNER_CONFIG.NORM_BY_NUM_EXAMPLES: False
2026-10-03 21:16:17,672   INFO  cfg.MODEL.DENSE_HEAD.TARGET_ASSIGNER_CONFIG.POS_FRACTION: -1.0
2026-10-03 21:16:17,672   INFO  cfg.MODEL.DENSE_HEAD.TARGET_ASSIGNER_CONFIG.SAMPLE_SIZE: 512
2026-10-03 21:16:17,672   INFO  cfg.MODEL.DENSE_HEAD.USE_DIRECTION_CLASSIFIER: True
2026-10-03 21:16:17,673   INFO  cfg.MODEL.DENSE_HEAD.do_feature_imitation: True
2026-10-03 21:16:17,673   INFO  cfg.MODEL.DENSE_HEAD.hwl_for_angles: True
2026-10-03 21:16:17,675   INFO  cfg.MODEL.DENSE_HEAD.imitation_cfg: [{'channel': 64, 'ksize': 1, 'layer': 'conv2d', 'lidar_feature_layer': 'spatial_features_2d', 'mode': 'inbox', 'normalize': 'cw_scale', 'stereo_feature_layer': 'spatial_features_2d', 'use_relu': False}, {'channel': 32, 'ksize': 1, 'layer': 'conv3d', 'lidar_feature_layer': 'volume_features', 'mode': 'inbox', 'normalize': 'cw_scale', 'stereo_feature_layer': 'volume_features', 'use_relu': False}]
2026-10-03 21:16:17,675   INFO  cfg.MODEL.DENSE_HEAD.xyz_for_angles: True
2026-10-03 21:16:17,675   INFO  
cfg.MODEL.DENSE_HEAD_2D = edict()
2026-10-03 21:16:17,676   INFO  cfg.MODEL.DENSE_HEAD_2D.NAME: MMDet2DHead
2026-10-03 21:16:17,676   INFO  
cfg.MODEL.DENSE_HEAD_2D.cfg = edict()
2026-10-03 21:16:17,676   INFO  
cfg.MODEL.DENSE_HEAD_2D.cfg.anchor_generator = edict()
2026-10-03 21:16:17,677   INFO  cfg.MODEL.DENSE_HEAD_2D.cfg.anchor_generator.octave_base_scale: 16
2026-10-03 21:16:17,677   INFO  cfg.MODEL.DENSE_HEAD_2D.cfg.anchor_generator.ratios: [1.0]
2026-10-03 21:16:17,678   INFO  cfg.MODEL.DENSE_HEAD_2D.cfg.anchor_generator.scales_per_octave: 1
2026-10-03 21:16:17,678   INFO  cfg.MODEL.DENSE_HEAD_2D.cfg.anchor_generator.strides: [4, 8, 16, 32, 64]
2026-10-03 21:16:17,679   INFO  cfg.MODEL.DENSE_HEAD_2D.cfg.anchor_generator.type: AnchorGenerator
2026-10-03 21:16:17,679   INFO  
cfg.MODEL.DENSE_HEAD_2D.cfg.bbox_coder = edict()
2026-10-03 21:16:17,679   INFO  cfg.MODEL.DENSE_HEAD_2D.cfg.bbox_coder.target_means: [0.0, 0.0, 0.0, 0.0]
2026-10-03 21:16:17,680   INFO  cfg.MODEL.DENSE_HEAD_2D.cfg.bbox_coder.target_stds: [0.1, 0.1, 0.2, 0.2]
2026-10-03 21:16:17,680   INFO  cfg.MODEL.DENSE_HEAD_2D.cfg.bbox_coder.type: DeltaXYWHBBoxCoder
2026-10-03 21:16:17,680   INFO  cfg.MODEL.DENSE_HEAD_2D.cfg.feat_channels: 64
2026-10-03 21:16:17,680   INFO  cfg.MODEL.DENSE_HEAD_2D.cfg.in_channels: 64
2026-10-03 21:16:17,681   INFO  
cfg.MODEL.DENSE_HEAD_2D.cfg.loss_bbox = edict()
2026-10-03 21:16:17,681   INFO  cfg.MODEL.DENSE_HEAD_2D.cfg.loss_bbox.loss_weight: 2.0
2026-10-03 21:16:17,682   INFO  cfg.MODEL.DENSE_HEAD_2D.cfg.loss_bbox.type: GIoULoss
2026-10-03 21:16:17,682   INFO  
cfg.MODEL.DENSE_HEAD_2D.cfg.loss_centerness = edict()
2026-10-03 21:16:17,682   INFO  cfg.MODEL.DENSE_HEAD_2D.cfg.loss_centerness.loss_weight: 1.0
2026-10-03 21:16:17,683   INFO  cfg.MODEL.DENSE_HEAD_2D.cfg.loss_centerness.type: CrossEntropyLoss
2026-10-03 21:16:17,683   INFO  cfg.MODEL.DENSE_HEAD_2D.cfg.loss_centerness.use_sigmoid: True
2026-10-03 21:16:17,684   INFO  
cfg.MODEL.DENSE_HEAD_2D.cfg.loss_cls = edict()
2026-10-03 21:16:17,684   INFO  cfg.MODEL.DENSE_HEAD_2D.cfg.loss_cls.alpha: 0.25
2026-10-03 21:16:17,684   INFO  cfg.MODEL.DENSE_HEAD_2D.cfg.loss_cls.gamma: 2.0
2026-10-03 21:16:17,685   INFO  cfg.MODEL.DENSE_HEAD_2D.cfg.loss_cls.loss_weight: 1.0
2026-10-03 21:16:17,685   INFO  cfg.MODEL.DENSE_HEAD_2D.cfg.loss_cls.type: FocalLoss
2026-10-03 21:16:17,686   INFO  cfg.MODEL.DENSE_HEAD_2D.cfg.loss_cls.use_sigmoid: True
2026-10-03 21:16:17,686   INFO  cfg.MODEL.DENSE_HEAD_2D.cfg.num_classes: 3
2026-10-03 21:16:17,687   INFO  cfg.MODEL.DENSE_HEAD_2D.cfg.num_extra_reg_channel: 0
2026-10-03 21:16:17,687   INFO  cfg.MODEL.DENSE_HEAD_2D.cfg.reg_class_agnostic: False
2026-10-03 21:16:17,688   INFO  cfg.MODEL.DENSE_HEAD_2D.cfg.seperate_extra_reg_branch: False
2026-10-03 21:16:17,688   INFO  cfg.MODEL.DENSE_HEAD_2D.cfg.stacked_convs: 4
2026-10-03 21:16:17,689   INFO  
cfg.MODEL.DENSE_HEAD_2D.cfg.test_cfg = edict()
2026-10-03 21:16:17,689   INFO  cfg.MODEL.DENSE_HEAD_2D.cfg.test_cfg.max_per_img: 100
2026-10-03 21:16:17,689   INFO  cfg.MODEL.DENSE_HEAD_2D.cfg.test_cfg.min_bbox_size: 0
2026-10-03 21:16:17,690   INFO  
cfg.MODEL.DENSE_HEAD_2D.cfg.test_cfg.nms = edict()
2026-10-03 21:16:17,690   INFO  cfg.MODEL.DENSE_HEAD_2D.cfg.test_cfg.nms.iou_threshold: 0.6
2026-10-03 21:16:17,690   INFO  cfg.MODEL.DENSE_HEAD_2D.cfg.test_cfg.nms.type: nms
2026-10-03 21:16:17,691   INFO  cfg.MODEL.DENSE_HEAD_2D.cfg.test_cfg.nms_pre: 1000
2026-10-03 21:16:17,691   INFO  cfg.MODEL.DENSE_HEAD_2D.cfg.test_cfg.score_thr: 0.05
2026-10-03 21:16:17,691   INFO  
cfg.MODEL.DENSE_HEAD_2D.cfg.train_cfg = edict()
2026-10-03 21:16:17,692   INFO  cfg.MODEL.DENSE_HEAD_2D.cfg.train_cfg.allowed_border: -1
2026-10-03 21:16:17,692   INFO  cfg.MODEL.DENSE_HEAD_2D.cfg.train_cfg.append_3d_centers: True
2026-10-03 21:16:17,692   INFO  
cfg.MODEL.DENSE_HEAD_2D.cfg.train_cfg.assigner = edict()
2026-10-03 21:16:17,693   INFO  cfg.MODEL.DENSE_HEAD_2D.cfg.train_cfg.assigner.topk: 9
2026-10-03 21:16:17,693   INFO  cfg.MODEL.DENSE_HEAD_2D.cfg.train_cfg.assigner.type: ATSS3DCenterAssigner
2026-10-03 21:16:17,693   INFO  cfg.MODEL.DENSE_HEAD_2D.cfg.train_cfg.debug: False
2026-10-03 21:16:17,694   INFO  cfg.MODEL.DENSE_HEAD_2D.cfg.train_cfg.pos_weight: -1
2026-10-03 21:16:17,694   INFO  cfg.MODEL.DENSE_HEAD_2D.cfg.type: ATSSAdvHead
2026-10-03 21:16:17,694   INFO  cfg.MODEL.DENSE_HEAD_2D.use_3d_center: True
2026-10-03 21:16:17,695   INFO  
cfg.MODEL.DEPTH_LOSS_HEAD = edict()
2026-10-03 21:16:17,695   INFO  
cfg.MODEL.DEPTH_LOSS_HEAD.LOSS_TYPE = edict()
2026-10-03 21:16:17,695   INFO  cfg.MODEL.DEPTH_LOSS_HEAD.LOSS_TYPE.ce: 1.0
2026-10-03 21:16:17,696   INFO  cfg.MODEL.DEPTH_LOSS_HEAD.WEIGHTS: [1.0]
2026-10-03 21:16:17,696   INFO  
cfg.MODEL.LIDAR_MODEL = edict()
2026-10-03 21:16:17,696   INFO  
cfg.MODEL.LIDAR_MODEL.BACKBONE_2D = edict()
2026-10-03 21:16:17,697   INFO  cfg.MODEL.LIDAR_MODEL.BACKBONE_2D.GN: False
2026-10-03 21:16:17,697   INFO  cfg.MODEL.LIDAR_MODEL.BACKBONE_2D.NAME: HgBEVBackbone
2026-10-03 21:16:17,697   INFO  cfg.MODEL.LIDAR_MODEL.BACKBONE_2D.num_channels: 64
2026-10-03 21:16:17,698   INFO  
cfg.MODEL.LIDAR_MODEL.BACKBONE_3D = edict()
2026-10-03 21:16:17,698   INFO  cfg.MODEL.LIDAR_MODEL.BACKBONE_3D.NAME: VoxelBackBone4xNoFinalBnReLU
2026-10-03 21:16:17,698   INFO  
cfg.MODEL.LIDAR_MODEL.MAP_TO_BEV = edict()
2026-10-03 21:16:17,699   INFO  cfg.MODEL.LIDAR_MODEL.MAP_TO_BEV.NAME: HeightCompression
2026-10-03 21:16:17,699   INFO  cfg.MODEL.LIDAR_MODEL.MAP_TO_BEV.NUM_BEV_FEATURES: 160
2026-10-03 21:16:17,699   INFO  cfg.MODEL.LIDAR_MODEL.NAME: SECONDNet
2026-10-03 21:16:17,700   INFO  cfg.MODEL.LIDAR_MODEL.PRETRAINED_MODEL: ./ckpt/second_s4_hg.iouloss.ep78.backbone-no-final-bnrelu.input-only-xyz.default-lr-policy-with-wd-decay-78ep.pth
2026-10-03 21:16:17,700   INFO  cfg.MODEL.LIDAR_MODEL.RETURN_BATCH_DICT: True
2026-10-03 21:16:17,700   INFO  
cfg.MODEL.LIDAR_MODEL.VFE = edict()
2026-10-03 21:16:17,701   INFO  cfg.MODEL.LIDAR_MODEL.VFE.NAME: MeanVFE
2026-10-03 21:16:17,701   INFO  
cfg.MODEL.MAP_TO_BEV = edict()
2026-10-03 21:16:17,701   INFO  cfg.MODEL.MAP_TO_BEV.NAME: HeightCompression
2026-10-03 21:16:17,701   INFO  cfg.MODEL.MAP_TO_BEV.NUM_BEV_FEATURES: 160
2026-10-03 21:16:17,702   INFO  cfg.MODEL.MAP_TO_BEV.SPARSE_INPUT: False
2026-10-03 21:16:17,702   INFO  cfg.MODEL.NAME: stereo_LIGA
2026-10-03 21:16:17,702   INFO  
cfg.MODEL.POST_PROCESSING = edict()
2026-10-03 21:16:17,703   INFO  cfg.MODEL.POST_PROCESSING.EVAL_METRIC: kitti
2026-10-03 21:16:17,703   INFO  
cfg.MODEL.POST_PROCESSING.NMS_CONFIG = edict()
2026-10-03 21:16:17,703   INFO  cfg.MODEL.POST_PROCESSING.NMS_CONFIG.MULTI_CLASSES_NMS: True
2026-10-03 21:16:17,703   INFO  cfg.MODEL.POST_PROCESSING.NMS_CONFIG.NMS_POST_MAXSIZE: 500
2026-10-03 21:16:17,704   INFO  cfg.MODEL.POST_PROCESSING.NMS_CONFIG.NMS_PRE_MAXSIZE: 4096
2026-10-03 21:16:17,704   INFO  cfg.MODEL.POST_PROCESSING.NMS_CONFIG.NMS_THRESH: 0.25
2026-10-03 21:16:17,705   INFO  cfg.MODEL.POST_PROCESSING.NMS_CONFIG.NMS_TYPE: nms_gpu
2026-10-03 21:16:17,705   INFO  cfg.MODEL.POST_PROCESSING.OUTPUT_RAW_SCORE: False
2026-10-03 21:16:17,705   INFO  cfg.MODEL.POST_PROCESSING.RECALL_THRESH_LIST: [0.3, 0.5, 0.7]
2026-10-03 21:16:17,706   INFO  cfg.MODEL.POST_PROCESSING.SCORE_THRESH: 0.1
2026-10-03 21:16:17,706   INFO  
cfg.OPTIMIZATION = edict()
2026-10-03 21:16:17,706   INFO  cfg.OPTIMIZATION.BATCH_SIZE_PER_GPU: 1
2026-10-03 21:16:17,706   INFO  cfg.OPTIMIZATION.DECAY_STEP_LIST: []
2026-10-03 21:16:17,707   INFO  cfg.OPTIMIZATION.DIV_FACTOR: 10
2026-10-03 21:16:17,707   INFO  cfg.OPTIMIZATION.GRAD_NORM_CLIP: 10
2026-10-03 21:16:17,707   INFO  cfg.OPTIMIZATION.LR: 0.001
2026-10-03 21:16:17,707   INFO  cfg.OPTIMIZATION.LR_CLIP: 1e-07
2026-10-03 21:16:17,707   INFO  cfg.OPTIMIZATION.LR_DECAY: 0.1
2026-10-03 21:16:17,707   INFO  cfg.OPTIMIZATION.LR_WARMUP: False
2026-10-03 21:16:17,708   INFO  cfg.OPTIMIZATION.MOMENTUM: 0.9
2026-10-03 21:16:17,708   INFO  cfg.OPTIMIZATION.NUM_EPOCHS: 1
2026-10-03 21:16:17,708   INFO  cfg.OPTIMIZATION.OPTIMIZER: adamw
2026-10-03 21:16:17,708   INFO  cfg.OPTIMIZATION.WARMUP_EPOCH: 1
2026-10-03 21:16:17,709   INFO  cfg.OPTIMIZATION.WEIGHT_DECAY: 0.0001
2026-10-03 21:16:17,709   INFO  cfg.TAG: student_uncompressed_holdout
2026-10-03 21:16:17,709   INFO  cfg.EXP_GROUP_PATH: home_sheng_paper6_configs_diagnostic
2026-10-03 21:16:17,710   INFO  boxes_gt_in_cam2_view False
2026-10-03 21:16:17,712   INFO  Loading KITTI dataset
2026-10-03 21:16:17,724   INFO  Total samples for KITTI dataset: 372
2026-10-03 21:16:17,744   INFO  ==> Loading parameters from checkpoint ./ckpt/second_s4_hg.iouloss.ep78.backbone-no-final-bnrelu.input-only-xyz.default-lr-policy-with-wd-decay-78ep.pth to CPU
/home/sheng/paper6/third_party/LIGA-Stereo/liga/models/detectors_lidar/lidar_detector3d_template.py:297: FutureWarning: You are using `torch.load` with `weights_only=False` (the current default value), which uses the default pickle module implicitly. It is possible to construct malicious pickle data which will execute arbitrary code during unpickling (See https://github.com/pytorch/pytorch/blob/main/SECURITY.md#untrusted-models for more details). In a future release, the default value for `weights_only` will be flipped to `True`. This limits the functions that could be executed during unpickling. Arbitrary objects will no longer be allowed to be loaded via this mode unless they are explicitly allowlisted by the user via `torch.serialization.add_safe_globals`. We recommend you start setting `weights_only=True` for any use case where you don't have full control of the loaded file. Please open an issue on GitHub for any issues related to this experimental feature.
  checkpoint = torch.load(filename, map_location=loc_type)
2026-10-03 21:16:17,776   INFO  ==> Checkpoint trained from version: liga+0.1.0+7aa7b92+py60b444b
2026-10-03 21:16:17,813   INFO  Not Loaded weight dense_head.rpn3d_cls_convs.0.0.0.weight: torch.Size([64, 64, 3, 3])
2026-10-03 21:16:17,813   INFO  Not Loaded weight dense_head.rpn3d_cls_convs.0.0.1.weight: torch.Size([64])
2026-10-03 21:16:17,814   INFO  Not Loaded weight dense_head.rpn3d_cls_convs.0.0.1.bias: torch.Size([64])
2026-10-03 21:16:17,814   INFO  Not Loaded weight dense_head.rpn3d_cls_convs.0.0.1.running_mean: torch.Size([64])
2026-10-03 21:16:17,815   INFO  Not Loaded weight dense_head.rpn3d_cls_convs.0.0.1.running_var: torch.Size([64])
2026-10-03 21:16:17,815   INFO  Not Loaded weight dense_head.rpn3d_cls_convs.0.0.1.num_batches_tracked: torch.Size([])
2026-10-03 21:16:17,816   INFO  Not Loaded weight dense_head.rpn3d_cls_convs.1.0.0.weight: torch.Size([64, 64, 3, 3])
2026-10-03 21:16:17,816   INFO  Not Loaded weight dense_head.rpn3d_cls_convs.1.0.1.weight: torch.Size([64])
2026-10-03 21:16:17,817   INFO  Not Loaded weight dense_head.rpn3d_cls_convs.1.0.1.bias: torch.Size([64])
2026-10-03 21:16:17,817   INFO  Not Loaded weight dense_head.rpn3d_cls_convs.1.0.1.running_mean: torch.Size([64])
2026-10-03 21:16:17,817   INFO  Not Loaded weight dense_head.rpn3d_cls_convs.1.0.1.running_var: torch.Size([64])
2026-10-03 21:16:17,818   INFO  Not Loaded weight dense_head.rpn3d_cls_convs.1.0.1.num_batches_tracked: torch.Size([])
2026-10-03 21:16:17,818   INFO  Not Loaded weight dense_head.rpn3d_bbox_convs.0.0.0.weight: torch.Size([64, 64, 3, 3])
2026-10-03 21:16:17,819   INFO  Not Loaded weight dense_head.rpn3d_bbox_convs.0.0.1.weight: torch.Size([64])
2026-10-03 21:16:17,819   INFO  Not Loaded weight dense_head.rpn3d_bbox_convs.0.0.1.bias: torch.Size([64])
2026-10-03 21:16:17,819   INFO  Not Loaded weight dense_head.rpn3d_bbox_convs.0.0.1.running_mean: torch.Size([64])
2026-10-03 21:16:17,820   INFO  Not Loaded weight dense_head.rpn3d_bbox_convs.0.0.1.running_var: torch.Size([64])
2026-10-03 21:16:17,820   INFO  Not Loaded weight dense_head.rpn3d_bbox_convs.0.0.1.num_batches_tracked: torch.Size([])
2026-10-03 21:16:17,820   INFO  Not Loaded weight dense_head.rpn3d_bbox_convs.1.0.0.weight: torch.Size([64, 64, 3, 3])
2026-10-03 21:16:17,821   INFO  Not Loaded weight dense_head.rpn3d_bbox_convs.1.0.1.weight: torch.Size([64])
2026-10-03 21:16:17,821   INFO  Not Loaded weight dense_head.rpn3d_bbox_convs.1.0.1.bias: torch.Size([64])
2026-10-03 21:16:17,822   INFO  Not Loaded weight dense_head.rpn3d_bbox_convs.1.0.1.running_mean: torch.Size([64])
2026-10-03 21:16:17,822   INFO  Not Loaded weight dense_head.rpn3d_bbox_convs.1.0.1.running_var: torch.Size([64])
2026-10-03 21:16:17,823   INFO  Not Loaded weight dense_head.rpn3d_bbox_convs.1.0.1.num_batches_tracked: torch.Size([])
2026-10-03 21:16:17,823   INFO  Not Loaded weight dense_head.conv_cls.weight: torch.Size([18, 64, 3, 3])
2026-10-03 21:16:17,823   INFO  Not Loaded weight dense_head.conv_cls.bias: torch.Size([18])
2026-10-03 21:16:17,824   INFO  Not Loaded weight dense_head.conv_box.weight: torch.Size([42, 64, 3, 3])
2026-10-03 21:16:17,824   INFO  Not Loaded weight dense_head.conv_box.bias: torch.Size([42])
2026-10-03 21:16:17,824   INFO  Not Loaded weight dense_head.conv_dir_cls.weight: torch.Size([12, 64, 1, 1])
2026-10-03 21:16:17,824   INFO  Not Loaded weight dense_head.conv_dir_cls.bias: torch.Size([12])
2026-10-03 21:16:17,825   INFO  ==> Done (loaded 110/110)
stereo volume depth range: 2.0 -> 59.599998474121094, interval 0.19999999470180935
/home/sheng/anaconda3/envs/epiu-dsgn/lib/python3.10/site-packages/torch/functional.py:534: UserWarning: torch.meshgrid: in an upcoming release, it will be required to pass the indexing argument. (Triggered internally at ../aten/src/ATen/native/TensorShape.cpp:3595.)
  return _VF.meshgrid(tensors, **kwargs)  # type: ignore[attr-defined]
2026-10-03 21:16:17,870 - mmdet - INFO - load checkpoint from torchvision path: torchvision://resnet34
2026-10-03 21:16:17,954 - mmdet - WARNING - The model and loaded state dict do not match exactly

size mismatch for layer3.0.conv1.weight: copying a param with shape torch.Size([256, 128, 3, 3]) from checkpoint, the shape in current model is torch.Size([128, 128, 3, 3]).
size mismatch for layer3.0.bn1.weight: copying a param with shape torch.Size([256]) from checkpoint, the shape in current model is torch.Size([128]).
size mismatch for layer3.0.bn1.bias: copying a param with shape torch.Size([256]) from checkpoint, the shape in current model is torch.Size([128]).
size mismatch for layer3.0.bn1.running_mean: copying a param with shape torch.Size([256]) from checkpoint, the shape in current model is torch.Size([128]).
size mismatch for layer3.0.bn1.running_var: copying a param with shape torch.Size([256]) from checkpoint, the shape in current model is torch.Size([128]).
size mismatch for layer3.0.conv2.weight: copying a param with shape torch.Size([256, 256, 3, 3]) from checkpoint, the shape in current model is torch.Size([128, 128, 3, 3]).
size mismatch for layer3.0.bn2.weight: copying a param with shape torch.Size([256]) from checkpoint, the shape in current model is torch.Size([128]).
size mismatch for layer3.0.bn2.bias: copying a param with shape torch.Size([256]) from checkpoint, the shape in current model is torch.Size([128]).
size mismatch for layer3.0.bn2.running_mean: copying a param with shape torch.Size([256]) from checkpoint, the shape in current model is torch.Size([128]).
size mismatch for layer3.0.bn2.running_var: copying a param with shape torch.Size([256]) from checkpoint, the shape in current model is torch.Size([128]).
size mismatch for layer3.1.conv1.weight: copying a param with shape torch.Size([256, 256, 3, 3]) from checkpoint, the shape in current model is torch.Size([128, 128, 3, 3]).
size mismatch for layer3.1.bn1.weight: copying a param with shape torch.Size([256]) from checkpoint, the shape in current model is torch.Size([128]).
size mismatch for layer3.1.bn1.bias: copying a param with shape torch.Size([256]) from checkpoint, the shape in current model is torch.Size([128]).
size mismatch for layer3.1.bn1.running_mean: copying a param with shape torch.Size([256]) from checkpoint, the shape in current model is torch.Size([128]).
size mismatch for layer3.1.bn1.running_var: copying a param with shape torch.Size([256]) from checkpoint, the shape in current model is torch.Size([128]).
size mismatch for layer3.1.conv2.weight: copying a param with shape torch.Size([256, 256, 3, 3]) from checkpoint, the shape in current model is torch.Size([128, 128, 3, 3]).
size mismatch for layer3.1.bn2.weight: copying a param with shape torch.Size([256]) from checkpoint, the shape in current model is torch.Size([128]).
size mismatch for layer3.1.bn2.bias: copying a param with shape torch.Size([256]) from checkpoint, the shape in current model is torch.Size([128]).
size mismatch for layer3.1.bn2.running_mean: copying a param with shape torch.Size([256]) from checkpoint, the shape in current model is torch.Size([128]).
size mismatch for layer3.1.bn2.running_var: copying a param with shape torch.Size([256]) from checkpoint, the shape in current model is torch.Size([128]).
size mismatch for layer3.2.conv1.weight: copying a param with shape torch.Size([256, 256, 3, 3]) from checkpoint, the shape in current model is torch.Size([128, 128, 3, 3]).
size mismatch for layer3.2.bn1.weight: copying a param with shape torch.Size([256]) from checkpoint, the shape in current model is torch.Size([128]).
size mismatch for layer3.2.bn1.bias: copying a param with shape torch.Size([256]) from checkpoint, the shape in current model is torch.Size([128]).
size mismatch for layer3.2.bn1.running_mean: copying a param with shape torch.Size([256]) from checkpoint, the shape in current model is torch.Size([128]).
size mismatch for layer3.2.bn1.running_var: copying a param with shape torch.Size([256]) from checkpoint, the shape in current model is torch.Size([128]).
size mismatch for layer3.2.conv2.weight: copying a param with shape torch.Size([256, 256, 3, 3]) from checkpoint, the shape in current model is torch.Size([128, 128, 3, 3]).
size mismatch for layer3.2.bn2.weight: copying a param with shape torch.Size([256]) from checkpoint, the shape in current model is torch.Size([128]).
size mismatch for layer3.2.bn2.bias: copying a param with shape torch.Size([256]) from checkpoint, the shape in current model is torch.Size([128]).
size mismatch for layer3.2.bn2.running_mean: copying a param with shape torch.Size([256]) from checkpoint, the shape in current model is torch.Size([128]).
size mismatch for layer3.2.bn2.running_var: copying a param with shape torch.Size([256]) from checkpoint, the shape in current model is torch.Size([128]).
size mismatch for layer3.3.conv1.weight: copying a param with shape torch.Size([256, 256, 3, 3]) from checkpoint, the shape in current model is torch.Size([128, 128, 3, 3]).
size mismatch for layer3.3.bn1.weight: copying a param with shape torch.Size([256]) from checkpoint, the shape in current model is torch.Size([128]).
size mismatch for layer3.3.bn1.bias: copying a param with shape torch.Size([256]) from checkpoint, the shape in current model is torch.Size([128]).
size mismatch for layer3.3.bn1.running_mean: copying a param with shape torch.Size([256]) from checkpoint, the shape in current model is torch.Size([128]).
size mismatch for layer3.3.bn1.running_var: copying a param with shape torch.Size([256]) from checkpoint, the shape in current model is torch.Size([128]).
size mismatch for layer3.3.conv2.weight: copying a param with shape torch.Size([256, 256, 3, 3]) from checkpoint, the shape in current model is torch.Size([128, 128, 3, 3]).
size mismatch for layer3.3.bn2.weight: copying a param with shape torch.Size([256]) from checkpoint, the shape in current model is torch.Size([128]).
size mismatch for layer3.3.bn2.bias: copying a param with shape torch.Size([256]) from checkpoint, the shape in current model is torch.Size([128]).
size mismatch for layer3.3.bn2.running_mean: copying a param with shape torch.Size([256]) from checkpoint, the shape in current model is torch.Size([128]).
size mismatch for layer3.3.bn2.running_var: copying a param with shape torch.Size([256]) from checkpoint, the shape in current model is torch.Size([128]).
size mismatch for layer3.4.conv1.weight: copying a param with shape torch.Size([256, 256, 3, 3]) from checkpoint, the shape in current model is torch.Size([128, 128, 3, 3]).
size mismatch for layer3.4.bn1.weight: copying a param with shape torch.Size([256]) from checkpoint, the shape in current model is torch.Size([128]).
size mismatch for layer3.4.bn1.bias: copying a param with shape torch.Size([256]) from checkpoint, the shape in current model is torch.Size([128]).
size mismatch for layer3.4.bn1.running_mean: copying a param with shape torch.Size([256]) from checkpoint, the shape in current model is torch.Size([128]).
size mismatch for layer3.4.bn1.running_var: copying a param with shape torch.Size([256]) from checkpoint, the shape in current model is torch.Size([128]).
size mismatch for layer3.4.conv2.weight: copying a param with shape torch.Size([256, 256, 3, 3]) from checkpoint, the shape in current model is torch.Size([128, 128, 3, 3]).
size mismatch for layer3.4.bn2.weight: copying a param with shape torch.Size([256]) from checkpoint, the shape in current model is torch.Size([128]).
size mismatch for layer3.4.bn2.bias: copying a param with shape torch.Size([256]) from checkpoint, the shape in current model is torch.Size([128]).
size mismatch for layer3.4.bn2.running_mean: copying a param with shape torch.Size([256]) from checkpoint, the shape in current model is torch.Size([128]).
size mismatch for layer3.4.bn2.running_var: copying a param with shape torch.Size([256]) from checkpoint, the shape in current model is torch.Size([128]).
size mismatch for layer3.5.conv1.weight: copying a param with shape torch.Size([256, 256, 3, 3]) from checkpoint, the shape in current model is torch.Size([128, 128, 3, 3]).
size mismatch for layer3.5.bn1.weight: copying a param with shape torch.Size([256]) from checkpoint, the shape in current model is torch.Size([128]).
size mismatch for layer3.5.bn1.bias: copying a param with shape torch.Size([256]) from checkpoint, the shape in current model is torch.Size([128]).
size mismatch for layer3.5.bn1.running_mean: copying a param with shape torch.Size([256]) from checkpoint, the shape in current model is torch.Size([128]).
size mismatch for layer3.5.bn1.running_var: copying a param with shape torch.Size([256]) from checkpoint, the shape in current model is torch.Size([128]).
size mismatch for layer3.5.conv2.weight: copying a param with shape torch.Size([256, 256, 3, 3]) from checkpoint, the shape in current model is torch.Size([128, 128, 3, 3]).
size mismatch for layer3.5.bn2.weight: copying a param with shape torch.Size([256]) from checkpoint, the shape in current model is torch.Size([128]).
size mismatch for layer3.5.bn2.bias: copying a param with shape torch.Size([256]) from checkpoint, the shape in current model is torch.Size([128]).
size mismatch for layer3.5.bn2.running_mean: copying a param with shape torch.Size([256]) from checkpoint, the shape in current model is torch.Size([128]).
size mismatch for layer3.5.bn2.running_var: copying a param with shape torch.Size([256]) from checkpoint, the shape in current model is torch.Size([128]).
size mismatch for layer4.0.conv1.weight: copying a param with shape torch.Size([512, 256, 3, 3]) from checkpoint, the shape in current model is torch.Size([128, 128, 3, 3]).
size mismatch for layer4.0.bn1.weight: copying a param with shape torch.Size([512]) from checkpoint, the shape in current model is torch.Size([128]).
size mismatch for layer4.0.bn1.bias: copying a param with shape torch.Size([512]) from checkpoint, the shape in current model is torch.Size([128]).
size mismatch for layer4.0.bn1.running_mean: copying a param with shape torch.Size([512]) from checkpoint, the shape in current model is torch.Size([128]).
size mismatch for layer4.0.bn1.running_var: copying a param with shape torch.Size([512]) from checkpoint, the shape in current model is torch.Size([128]).
size mismatch for layer4.0.conv2.weight: copying a param with shape torch.Size([512, 512, 3, 3]) from checkpoint, the shape in current model is torch.Size([128, 128, 3, 3]).
size mismatch for layer4.0.bn2.weight: copying a param with shape torch.Size([512]) from checkpoint, the shape in current model is torch.Size([128]).
size mismatch for layer4.0.bn2.bias: copying a param with shape torch.Size([512]) from checkpoint, the shape in current model is torch.Size([128]).
size mismatch for layer4.0.bn2.running_mean: copying a param with shape torch.Size([512]) from checkpoint, the shape in current model is torch.Size([128]).
size mismatch for layer4.0.bn2.running_var: copying a param with shape torch.Size([512]) from checkpoint, the shape in current model is torch.Size([128]).
size mismatch for layer4.1.conv1.weight: copying a param with shape torch.Size([512, 512, 3, 3]) from checkpoint, the shape in current model is torch.Size([128, 128, 3, 3]).
size mismatch for layer4.1.bn1.weight: copying a param with shape torch.Size([512]) from checkpoint, the shape in current model is torch.Size([128]).
size mismatch for layer4.1.bn1.bias: copying a param with shape torch.Size([512]) from checkpoint, the shape in current model is torch.Size([128]).
size mismatch for layer4.1.bn1.running_mean: copying a param with shape torch.Size([512]) from checkpoint, the shape in current model is torch.Size([128]).
size mismatch for layer4.1.bn1.running_var: copying a param with shape torch.Size([512]) from checkpoint, the shape in current model is torch.Size([128]).
size mismatch for layer4.1.conv2.weight: copying a param with shape torch.Size([512, 512, 3, 3]) from checkpoint, the shape in current model is torch.Size([128, 128, 3, 3]).
size mismatch for layer4.1.bn2.weight: copying a param with shape torch.Size([512]) from checkpoint, the shape in current model is torch.Size([128]).
size mismatch for layer4.1.bn2.bias: copying a param with shape torch.Size([512]) from checkpoint, the shape in current model is torch.Size([128]).
size mismatch for layer4.1.bn2.running_mean: copying a param with shape torch.Size([512]) from checkpoint, the shape in current model is torch.Size([128]).
size mismatch for layer4.1.bn2.running_var: copying a param with shape torch.Size([512]) from checkpoint, the shape in current model is torch.Size([128]).
size mismatch for layer4.2.conv1.weight: copying a param with shape torch.Size([512, 512, 3, 3]) from checkpoint, the shape in current model is torch.Size([128, 128, 3, 3]).
size mismatch for layer4.2.bn1.weight: copying a param with shape torch.Size([512]) from checkpoint, the shape in current model is torch.Size([128]).
size mismatch for layer4.2.bn1.bias: copying a param with shape torch.Size([512]) from checkpoint, the shape in current model is torch.Size([128]).
size mismatch for layer4.2.bn1.running_mean: copying a param with shape torch.Size([512]) from checkpoint, the shape in current model is torch.Size([128]).
size mismatch for layer4.2.bn1.running_var: copying a param with shape torch.Size([512]) from checkpoint, the shape in current model is torch.Size([128]).
size mismatch for layer4.2.conv2.weight: copying a param with shape torch.Size([512, 512, 3, 3]) from checkpoint, the shape in current model is torch.Size([128, 128, 3, 3]).
size mismatch for layer4.2.bn2.weight: copying a param with shape torch.Size([512]) from checkpoint, the shape in current model is torch.Size([128]).
size mismatch for layer4.2.bn2.bias: copying a param with shape torch.Size([512]) from checkpoint, the shape in current model is torch.Size([128]).
size mismatch for layer4.2.bn2.running_mean: copying a param with shape torch.Size([512]) from checkpoint, the shape in current model is torch.Size([128]).
size mismatch for layer4.2.bn2.running_var: copying a param with shape torch.Size([512]) from checkpoint, the shape in current model is torch.Size([128]).
unexpected key in source state_dict: fc.weight, fc.bias, layer3.0.downsample.0.weight, layer3.0.downsample.1.running_mean, layer3.0.downsample.1.running_var, layer3.0.downsample.1.weight, layer3.0.downsample.1.bias, layer4.0.downsample.0.weight, layer4.0.downsample.1.running_mean, layer4.0.downsample.1.running_var, layer4.0.downsample.1.weight, layer4.0.downsample.1.bias

2026-10-03 21:16:18,307   INFO  ==> Loading parameters from checkpoint /mnt/d/paper6/runs/liga/home_sheng_paper6_configs_tuning/student_uniform_seed17_epoch1.tune_uniform_seed17_002/ckpt/checkpoint_epoch_1.pth to CPU
/home/sheng/paper6/third_party/LIGA-Stereo/liga/models/detectors_stereo/stereo_detector3d_template.py:342: FutureWarning: You are using `torch.load` with `weights_only=False` (the current default value), which uses the default pickle module implicitly. It is possible to construct malicious pickle data which will execute arbitrary code during unpickling (See https://github.com/pytorch/pytorch/blob/main/SECURITY.md#untrusted-models for more details). In a future release, the default value for `weights_only` will be flipped to `True`. This limits the functions that could be executed during unpickling. Arbitrary objects will no longer be allowed to be loaded via this mode unless they are explicitly allowlisted by the user via `torch.serialization.add_safe_globals`. We recommend you start setting `weights_only=True` for any use case where you don't have full control of the loaded file. Please open an issue on GitHub for any issues related to this experimental feature.
  checkpoint = torch.load(filename, map_location=loc_type)
2026-10-03 21:16:18,459   INFO  ==> Checkpoint trained from version: liga+0.1.0+0000000
2026-10-03 21:16:19,403   INFO  ==> Done (loaded 519/519)
2026-10-03 21:16:19,440   INFO  *************** EPOCH 1 EVALUATION *****************
eval:   0%|          | 0/372 [00:00<?, ?it/s]/home/sheng/paper6/.venv/lib/python3.10/site-packages/mmcv/__init__.py:20: UserWarning: On January 1, 2023, MMCV will release v2.0.0, in which it will remove components related to the training process and add a data transformation module. In addition, it will rename the package names mmcv to mmcv-lite and mmcv-full to mmcv. See https://github.com/open-mmlab/mmcv/blob/master/docs/en/compatibility.md for more details.
  warnings.warn(
/home/sheng/paper6/.venv/lib/python3.10/site-packages/mmcv/__init__.py:20: UserWarning: On January 1, 2023, MMCV will release v2.0.0, in which it will remove components related to the training process and add a data transformation module. In addition, it will rename the package names mmcv to mmcv-lite and mmcv-full to mmcv. See https://github.com/open-mmlab/mmcv/blob/master/docs/en/compatibility.md for more details.
  warnings.warn(
/home/sheng/paper6/.venv/lib/python3.10/site-packages/mmcv/__init__.py:20: UserWarning: On January 1, 2023, MMCV will release v2.0.0, in which it will remove components related to the training process and add a data transformation module. In addition, it will rename the package names mmcv to mmcv-lite and mmcv-full to mmcv. See https://github.com/open-mmlab/mmcv/blob/master/docs/en/compatibility.md for more details.
  warnings.warn(
/home/sheng/paper6/.venv/lib/python3.10/site-packages/mmcv/__init__.py:20: UserWarning: On January 1, 2023, MMCV will release v2.0.0, in which it will remove components related to the training process and add a data transformation module. In addition, it will rename the package names mmcv to mmcv-lite and mmcv-full to mmcv. See https://github.com/open-mmlab/mmcv/blob/master/docs/en/compatibility.md for more details.
  warnings.warn(
/home/sheng/paper6/third_party/LIGA-Stereo/liga/models/backbones_3d_stereo/liga_backbone.py:280: UserWarning: Creating a tensor from a list of numpy.ndarrays is extremely slow. Please consider converting the list to a single numpy.ndarray with numpy.array() before converting to a tensor. (Triggered internally at ../torch/csrc/utils/tensor_new.cpp:278.)
  calibs_Proj = torch.as_tensor(
/home/sheng/paper6/third_party/LIGA-Stereo/liga/ops/iou3d_nms/iou3d_nms_utils.py:70: UserWarning: The torch.cuda.*DtypeTensor constructors are no longer recommended. It's best to use methods such as torch.tensor(data, dtype=*, device='cuda') to create tensors. (Triggered internally at ../torch/csrc/tensor/python_tensor.cpp:78.)
  overlaps_bev = torch.cuda.FloatTensor(torch.Size((boxes_a.shape[0], boxes_b.shape[0]))).zero_()  # (N, M)
eval:   0%|          | 0/372 [00:22<?, ?it/s, recall_0.3=(0, 1) / 7]eval:   0%|          | 1/372 [00:22<2:16:45, 22.12s/it, recall_0.3=(0, 1) / 7]eval:   0%|          | 1/372 [00:22<2:16:45, 22.12s/it, recall_0.3=(0, 1) / 8]eval:   1%|          | 2/372 [00:22<56:41,  9.19s/it, recall_0.3=(0, 1) / 8]  eval:   1%|          | 2/372 [00:22<56:41,  9.19s/it, recall_0.3=(0, 1) / 9]eval:   1%|          | 3/372 [00:22<31:00,  5.04s/it, recall_0.3=(0, 1) / 9]eval:   1%|          | 3/372 [00:22<31:00,  5.04s/it, recall_0.3=(0, 1) / 10]eval:   1%|          | 4/372 [00:22<30:55,  5.04s/it, recall_0.3=(0, 1) / 20]eval:   1%|▏         | 5/372 [00:22<13:43,  2.24s/it, recall_0.3=(0, 1) / 20]eval:   1%|▏         | 5/372 [00:22<13:43,  2.24s/it, recall_0.3=(0, 1) / 21]eval:   2%|▏         | 6/372 [00:22<13:41,  2.24s/it, recall_0.3=(0, 1) / 29]eval:   2%|▏         | 7/372 [00:22<07:50,  1.29s/it, recall_0.3=(0, 1) / 29]eval:   2%|▏         | 7/372 [00:22<07:50,  1.29s/it, recall_0.3=(0, 1) / 33]eval:   2%|▏         | 8/372 [00:22<06:05,  1.01s/it, recall_0.3=(0, 1) / 33]eval:   2%|▏         | 8/372 [00:23<06:05,  1.01s/it, recall_0.3=(0, 1) / 42]eval:   2%|▏         | 9/372 [00:23<04:42,  1.28it/s, recall_0.3=(0, 1) / 42]eval:   2%|▏         | 9/372 [00:23<04:42,  1.28it/s, recall_0.3=(0, 1) / 43]eval:   3%|▎         | 10/372 [00:23<04:41,  1.28it/s, recall_0.3=(0, 1) / 45]eval:   3%|▎         | 11/372 [00:23<02:57,  2.03it/s, recall_0.3=(0, 1) / 45]eval:   3%|▎         | 11/372 [00:23<02:57,  2.03it/s, recall_0.3=(0, 1) / 46]eval:   3%|▎         | 12/372 [00:23<02:26,  2.45it/s, recall_0.3=(0, 1) / 46]eval:   3%|▎         | 12/372 [00:23<02:26,  2.45it/s, recall_0.3=(0, 1) / 47]eval:   3%|▎         | 13/372 [00:23<02:26,  2.45it/s, recall_0.3=(0, 1) / 53]eval:   4%|▍         | 14/372 [00:23<01:42,  3.49it/s, recall_0.3=(0, 1) / 53]eval:   4%|▍         | 14/372 [00:23<01:42,  3.49it/s, recall_0.3=(0, 1) / 54]eval:   4%|▍         | 15/372 [00:23<01:27,  4.07it/s, recall_0.3=(0, 1) / 54]eval:   4%|▍         | 15/372 [00:23<01:27,  4.07it/s, recall_0.3=(0, 1) / 62]eval:   4%|▍         | 16/372 [00:23<01:16,  4.68it/s, recall_0.3=(0, 1) / 62]eval:   4%|▍         | 16/372 [00:23<01:16,  4.68it/s, recall_0.3=(0, 1) / 63]eval:   5%|▍         | 17/372 [00:24<01:15,  4.68it/s, recall_0.3=(0, 1) / 65]eval:   5%|▍         | 18/372 [00:24<01:01,  5.76it/s, recall_0.3=(0, 1) / 65]eval:   5%|▍         | 18/372 [00:24<01:01,  5.76it/s, recall_0.3=(0, 1) / 72]eval:   5%|▌         | 19/372 [00:24<00:55,  6.33it/s, recall_0.3=(0, 1) / 72]eval:   5%|▌         | 19/372 [00:24<00:55,  6.33it/s, recall_0.3=(0, 1) / 77]eval:   5%|▌         | 20/372 [00:24<00:51,  6.81it/s, recall_0.3=(0, 1) / 77]eval:   5%|▌         | 20/372 [00:24<00:51,  6.81it/s, recall_0.3=(0, 1) / 87]eval:   6%|▌         | 21/372 [00:24<00:51,  6.81it/s, recall_0.3=(0, 1) / 93]eval:   6%|▌         | 22/372 [00:24<00:44,  7.94it/s, recall_0.3=(0, 1) / 93]eval:   6%|▌         | 22/372 [00:24<00:44,  7.94it/s, recall_0.3=(0, 1) / 94]eval:   6%|▌         | 23/372 [00:24<00:42,  8.28it/s, recall_0.3=(0, 1) / 94]eval:   6%|▌         | 23/372 [00:24<00:42,  8.28it/s, recall_0.3=(0, 1) / 95]eval:   6%|▋         | 24/372 [00:24<00:42,  8.28it/s, recall_0.3=(0, 1) / 100]eval:   7%|▋         | 25/372 [00:24<00:39,  8.85it/s, recall_0.3=(0, 1) / 100]eval:   7%|▋         | 25/372 [00:24<00:39,  8.85it/s, recall_0.3=(0, 1) / 106]eval:   7%|▋         | 26/372 [00:24<00:39,  8.71it/s, recall_0.3=(0, 1) / 106]eval:   7%|▋         | 26/372 [00:24<00:39,  8.71it/s, recall_0.3=(0, 1) / 107]eval:   7%|▋         | 27/372 [00:24<00:38,  8.93it/s, recall_0.3=(0, 1) / 107]eval:   7%|▋         | 27/372 [00:25<00:38,  8.93it/s, recall_0.3=(0, 1) / 110]eval:   8%|▊         | 28/372 [00:25<00:38,  8.93it/s, recall_0.3=(0, 1) / 111]eval:   8%|▊         | 29/372 [00:25<00:36,  9.47it/s, recall_0.3=(0, 1) / 111]eval:   8%|▊         | 29/372 [00:25<00:36,  9.47it/s, recall_0.3=(0, 1) / 112]eval:   8%|▊         | 30/372 [00:25<00:35,  9.55it/s, recall_0.3=(0, 1) / 112]eval:   8%|▊         | 30/372 [00:25<00:35,  9.55it/s, recall_0.3=(0, 1) / 114]eval:   8%|▊         | 31/372 [00:25<00:36,  9.33it/s, recall_0.3=(0, 1) / 114]eval:   8%|▊         | 31/372 [00:25<00:36,  9.33it/s, recall_0.3=(0, 1) / 116]eval:   9%|▊         | 32/372 [00:25<00:36,  9.33it/s, recall_0.3=(0, 1) / 118]eval:   9%|▉         | 33/372 [00:25<00:36,  9.34it/s, recall_0.3=(0, 1) / 118]eval:   9%|▉         | 33/372 [00:25<00:36,  9.34it/s, recall_0.3=(0, 1) / 119]eval:   9%|▉         | 34/372 [00:25<00:36,  9.39it/s, recall_0.3=(0, 1) / 119]eval:   9%|▉         | 34/372 [00:25<00:36,  9.39it/s, recall_0.3=(0, 1) / 120]eval:   9%|▉         | 35/372 [00:25<00:35,  9.42it/s, recall_0.3=(0, 1) / 120]eval:   9%|▉         | 35/372 [00:25<00:35,  9.42it/s, recall_0.3=(0, 2) / 126]eval:  10%|▉         | 36/372 [00:25<00:36,  9.27it/s, recall_0.3=(0, 2) / 126]eval:  10%|▉         | 36/372 [00:25<00:36,  9.27it/s, recall_0.3=(0, 2) / 139]eval:  10%|▉         | 37/372 [00:25<00:35,  9.34it/s, recall_0.3=(0, 2) / 139]eval:  10%|▉         | 37/372 [00:26<00:35,  9.34it/s, recall_0.3=(0, 2) / 148]eval:  10%|█         | 38/372 [00:26<00:35,  9.34it/s, recall_0.3=(0, 2) / 150]eval:  10%|█         | 39/372 [00:26<00:34,  9.77it/s, recall_0.3=(0, 2) / 150]eval:  10%|█         | 39/372 [00:26<00:34,  9.77it/s, recall_0.3=(0, 2) / 152]eval:  11%|█         | 40/372 [00:26<00:34,  9.71it/s, recall_0.3=(0, 2) / 152]eval:  11%|█         | 40/372 [00:26<00:34,  9.71it/s, recall_0.3=(0, 2) / 155]eval:  11%|█         | 41/372 [00:26<00:35,  9.40it/s, recall_0.3=(0, 2) / 155]eval:  11%|█         | 41/372 [00:26<00:35,  9.40it/s, recall_0.3=(0, 2) / 156]eval:  11%|█▏        | 42/372 [00:26<00:34,  9.55it/s, recall_0.3=(0, 2) / 156]eval:  11%|█▏        | 42/372 [00:26<00:34,  9.55it/s, recall_0.3=(0, 2) / 160]eval:  12%|█▏        | 43/372 [00:26<00:34,  9.43it/s, recall_0.3=(0, 2) / 160]eval:  12%|█▏        | 43/372 [00:26<00:34,  9.43it/s, recall_0.3=(0, 2) / 167]eval:  12%|█▏        | 44/372 [00:26<00:35,  9.35it/s, recall_0.3=(0, 2) / 167]eval:  12%|█▏        | 44/372 [00:26<00:35,  9.35it/s, recall_0.3=(0, 2) / 173]eval:  12%|█▏        | 45/372 [00:26<00:35,  9.19it/s, recall_0.3=(0, 2) / 173]eval:  12%|█▏        | 45/372 [00:26<00:35,  9.19it/s, recall_0.3=(0, 2) / 183]eval:  12%|█▏        | 46/372 [00:26<00:34,  9.41it/s, recall_0.3=(0, 2) / 183]eval:  12%|█▏        | 46/372 [00:27<00:34,  9.41it/s, recall_0.3=(0, 2) / 188]eval:  13%|█▎        | 47/372 [00:27<00:34,  9.41it/s, recall_0.3=(0, 2) / 193]eval:  13%|█▎        | 48/372 [00:27<00:32,  9.82it/s, recall_0.3=(0, 2) / 193]eval:  13%|█▎        | 48/372 [00:27<00:32,  9.82it/s, recall_0.3=(0, 2) / 198]eval:  13%|█▎        | 49/372 [00:27<00:34,  9.39it/s, recall_0.3=(0, 2) / 198]eval:  13%|█▎        | 49/372 [00:27<00:34,  9.39it/s, recall_0.3=(0, 2) / 200]eval:  13%|█▎        | 50/372 [00:27<00:34,  9.33it/s, recall_0.3=(0, 2) / 200]eval:  13%|█▎        | 50/372 [00:27<00:34,  9.33it/s, recall_0.3=(0, 2) / 201]eval:  14%|█▎        | 51/372 [00:27<00:34,  9.33it/s, recall_0.3=(0, 2) / 202]eval:  14%|█▍        | 52/372 [00:27<00:32,  9.86it/s, recall_0.3=(0, 2) / 202]eval:  14%|█▍        | 52/372 [00:27<00:32,  9.86it/s, recall_0.3=(0, 2) / 205]eval:  14%|█▍        | 53/372 [00:27<00:32,  9.86it/s, recall_0.3=(0, 2) / 217]eval:  15%|█▍        | 54/372 [00:27<00:32,  9.76it/s, recall_0.3=(0, 2) / 217]eval:  15%|█▍        | 54/372 [00:27<00:32,  9.76it/s, recall_0.3=(0, 2) / 221]eval:  15%|█▍        | 55/372 [00:27<00:32,  9.64it/s, recall_0.3=(0, 2) / 221]eval:  15%|█▍        | 55/372 [00:27<00:32,  9.64it/s, recall_0.3=(0, 2) / 225]eval:  15%|█▌        | 56/372 [00:28<00:32,  9.64it/s, recall_0.3=(0, 2) / 226]eval:  15%|█▌        | 57/372 [00:28<00:31,  9.95it/s, recall_0.3=(0, 2) / 226]eval:  15%|█▌        | 57/372 [00:28<00:31,  9.95it/s, recall_0.3=(0, 2) / 232]eval:  16%|█▌        | 58/372 [00:28<00:31,  9.88it/s, recall_0.3=(0, 2) / 232]eval:  16%|█▌        | 58/372 [00:28<00:31,  9.88it/s, recall_0.3=(0, 2) / 244]eval:  16%|█▌        | 59/372 [00:28<00:32,  9.78it/s, recall_0.3=(0, 2) / 244]eval:  16%|█▌        | 59/372 [00:28<00:32,  9.78it/s, recall_0.3=(0, 2) / 248]eval:  16%|█▌        | 60/372 [00:28<00:31,  9.78it/s, recall_0.3=(0, 2) / 257]eval:  16%|█▋        | 61/372 [00:28<00:32,  9.71it/s, recall_0.3=(0, 2) / 257]eval:  16%|█▋        | 61/372 [00:28<00:32,  9.71it/s, recall_0.3=(0, 2) / 262]eval:  17%|█▋        | 62/372 [00:28<00:32,  9.57it/s, recall_0.3=(0, 2) / 262]eval:  17%|█▋        | 62/372 [00:28<00:32,  9.57it/s, recall_0.3=(0, 2) / 268]eval:  17%|█▋        | 63/372 [00:28<00:32,  9.57it/s, recall_0.3=(0, 2) / 275]eval:  17%|█▋        | 64/372 [00:28<00:30, 10.04it/s, recall_0.3=(0, 2) / 275]eval:  17%|█▋        | 64/372 [00:28<00:30, 10.04it/s, recall_0.3=(0, 2) / 286]eval:  17%|█▋        | 65/372 [00:28<00:32,  9.49it/s, recall_0.3=(0, 2) / 286]eval:  17%|█▋        | 65/372 [00:28<00:32,  9.49it/s, recall_0.3=(0, 2) / 287]eval:  18%|█▊        | 66/372 [00:29<00:32,  9.49it/s, recall_0.3=(0, 2) / 288]eval:  18%|█▊        | 67/372 [00:29<00:30,  9.88it/s, recall_0.3=(0, 2) / 288]eval:  18%|█▊        | 67/372 [00:29<00:30,  9.88it/s, recall_0.3=(0, 2) / 290]eval:  18%|█▊        | 68/372 [00:29<00:31,  9.59it/s, recall_0.3=(0, 2) / 290]eval:  18%|█▊        | 68/372 [00:29<00:31,  9.59it/s, recall_0.3=(0, 2) / 297]eval:  19%|█▊        | 69/372 [00:29<00:31,  9.59it/s, recall_0.3=(0, 2) / 303]eval:  19%|█▉        | 70/372 [00:29<00:30,  9.94it/s, recall_0.3=(0, 2) / 303]eval:  19%|█▉        | 70/372 [00:29<00:30,  9.94it/s, recall_0.3=(0, 2) / 304]eval:  19%|█▉        | 71/372 [00:29<00:32,  9.34it/s, recall_0.3=(0, 2) / 304]eval:  19%|█▉        | 71/372 [00:29<00:32,  9.34it/s, recall_0.3=(0, 2) / 311]eval:  19%|█▉        | 72/372 [00:29<00:32,  9.37it/s, recall_0.3=(0, 2) / 311]eval:  19%|█▉        | 72/372 [00:29<00:32,  9.37it/s, recall_0.3=(0, 2) / 323]eval:  20%|█▉        | 73/372 [00:29<00:31,  9.37it/s, recall_0.3=(0, 2) / 328]eval:  20%|█▉        | 74/372 [00:29<00:30,  9.62it/s, recall_0.3=(0, 2) / 328]eval:  20%|█▉        | 74/372 [00:29<00:30,  9.62it/s, recall_0.3=(0, 2) / 342]eval:  20%|██        | 75/372 [00:29<00:32,  9.12it/s, recall_0.3=(0, 2) / 342]eval:  20%|██        | 75/372 [00:30<00:32,  9.12it/s, recall_0.3=(0, 2) / 347]eval:  20%|██        | 76/372 [00:30<00:32,  9.17it/s, recall_0.3=(0, 2) / 347]eval:  20%|██        | 76/372 [00:30<00:32,  9.17it/s, recall_0.3=(0, 2) / 348]eval:  21%|██        | 77/372 [00:30<00:32,  9.17it/s, recall_0.3=(0, 2) / 366]eval:  21%|██        | 78/372 [00:30<00:30,  9.51it/s, recall_0.3=(0, 2) / 366]eval:  21%|██        | 78/372 [00:30<00:30,  9.51it/s, recall_0.3=(0, 3) / 377]eval:  21%|██        | 79/372 [00:30<00:30,  9.60it/s, recall_0.3=(0, 3) / 377]eval:  21%|██        | 79/372 [00:30<00:30,  9.60it/s, recall_0.3=(0, 3) / 378]eval:  22%|██▏       | 80/372 [00:30<00:30,  9.53it/s, recall_0.3=(0, 3) / 378]eval:  22%|██▏       | 80/372 [00:30<00:30,  9.53it/s, recall_0.3=(0, 3) / 380]eval:  22%|██▏       | 81/372 [00:30<00:30,  9.54it/s, recall_0.3=(0, 3) / 380]eval:  22%|██▏       | 81/372 [00:30<00:30,  9.54it/s, recall_0.3=(0, 3) / 391]eval:  22%|██▏       | 82/372 [00:30<00:30,  9.54it/s, recall_0.3=(0, 3) / 401]eval:  22%|██▏       | 83/372 [00:30<00:30,  9.51it/s, recall_0.3=(0, 3) / 401]eval:  22%|██▏       | 83/372 [00:30<00:30,  9.51it/s, recall_0.3=(0, 3) / 402]eval:  23%|██▎       | 84/372 [00:30<00:30,  9.52it/s, recall_0.3=(0, 3) / 402]eval:  23%|██▎       | 84/372 [00:30<00:30,  9.52it/s, recall_0.3=(0, 3) / 406]eval:  23%|██▎       | 85/372 [00:31<00:30,  9.52it/s, recall_0.3=(0, 3) / 408]eval:  23%|██▎       | 86/372 [00:31<00:29,  9.71it/s, recall_0.3=(0, 3) / 408]eval:  23%|██▎       | 86/372 [00:31<00:29,  9.71it/s, recall_0.3=(0, 3) / 414]eval:  23%|██▎       | 87/372 [00:31<00:29,  9.64it/s, recall_0.3=(0, 3) / 414]eval:  23%|██▎       | 87/372 [00:31<00:29,  9.64it/s, recall_0.3=(0, 3) / 415]eval:  24%|██▎       | 88/372 [00:31<00:29,  9.64it/s, recall_0.3=(0, 3) / 416]eval:  24%|██▍       | 89/372 [00:31<00:29,  9.58it/s, recall_0.3=(0, 3) / 416]eval:  24%|██▍       | 89/372 [00:31<00:29,  9.58it/s, recall_0.3=(0, 3) / 420]eval:  24%|██▍       | 90/372 [00:31<00:29,  9.58it/s, recall_0.3=(0, 3) / 420]eval:  24%|██▍       | 90/372 [00:31<00:29,  9.58it/s, recall_0.3=(0, 4) / 429]eval:  24%|██▍       | 91/372 [00:31<00:29,  9.58it/s, recall_0.3=(0, 4) / 431]eval:  25%|██▍       | 92/372 [00:31<00:28,  9.96it/s, recall_0.3=(0, 4) / 431]eval:  25%|██▍       | 92/372 [00:31<00:28,  9.96it/s, recall_0.3=(0, 4) / 433]eval:  25%|██▌       | 93/372 [00:31<00:28,  9.87it/s, recall_0.3=(0, 4) / 433]eval:  25%|██▌       | 93/372 [00:31<00:28,  9.87it/s, recall_0.3=(0, 4) / 434]eval:  25%|██▌       | 94/372 [00:32<00:28,  9.87it/s, recall_0.3=(0, 4) / 439]eval:  26%|██▌       | 95/372 [00:32<00:27,  9.93it/s, recall_0.3=(0, 4) / 439]eval:  26%|██▌       | 95/372 [00:32<00:27,  9.93it/s, recall_0.3=(0, 4) / 448]eval:  26%|██▌       | 96/372 [00:32<00:27,  9.93it/s, recall_0.3=(0, 4) / 454]eval:  26%|██▌       | 97/372 [00:32<00:28,  9.69it/s, recall_0.3=(0, 4) / 454]eval:  26%|██▌       | 97/372 [00:32<00:28,  9.69it/s, recall_0.3=(0, 4) / 457]eval:  26%|██▋       | 98/372 [00:32<00:29,  9.42it/s, recall_0.3=(0, 4) / 457]eval:  26%|██▋       | 98/372 [00:32<00:29,  9.42it/s, recall_0.3=(0, 4) / 463]eval:  27%|██▋       | 99/372 [00:32<00:28,  9.42it/s, recall_0.3=(0, 5) / 470]eval:  27%|██▋       | 100/372 [00:32<00:28,  9.62it/s, recall_0.3=(0, 5) / 470]eval:  27%|██▋       | 100/372 [00:32<00:28,  9.62it/s, recall_0.3=(0, 5) / 475]eval:  27%|██▋       | 101/372 [00:32<00:28,  9.62it/s, recall_0.3=(0, 5) / 477]eval:  27%|██▋       | 102/372 [00:32<00:27,  9.67it/s, recall_0.3=(0, 5) / 477]eval:  27%|██▋       | 102/372 [00:32<00:27,  9.67it/s, recall_0.3=(0, 5) / 478]eval:  28%|██▊       | 103/372 [00:32<00:28,  9.61it/s, recall_0.3=(0, 5) / 478]eval:  28%|██▊       | 103/372 [00:32<00:28,  9.61it/s, recall_0.3=(0, 5) / 479]eval:  28%|██▊       | 104/372 [00:33<00:27,  9.61it/s, recall_0.3=(0, 5) / 491]eval:  28%|██▊       | 105/372 [00:33<00:27,  9.79it/s, recall_0.3=(0, 5) / 491]eval:  28%|██▊       | 105/372 [00:33<00:27,  9.79it/s, recall_0.3=(0, 5) / 496]eval:  28%|██▊       | 106/372 [00:33<00:27,  9.64it/s, recall_0.3=(0, 5) / 496]eval:  28%|██▊       | 106/372 [00:33<00:27,  9.64it/s, recall_0.3=(0, 5) / 497]eval:  29%|██▉       | 107/372 [00:33<00:27,  9.65it/s, recall_0.3=(0, 5) / 497]eval:  29%|██▉       | 107/372 [00:33<00:27,  9.65it/s, recall_0.3=(0, 5) / 498]eval:  29%|██▉       | 108/372 [00:33<00:28,  9.40it/s, recall_0.3=(0, 5) / 498]eval:  29%|██▉       | 108/372 [00:33<00:28,  9.40it/s, recall_0.3=(0, 5) / 503]eval:  29%|██▉       | 109/372 [00:33<00:27,  9.54it/s, recall_0.3=(0, 5) / 503]eval:  29%|██▉       | 109/372 [00:33<00:27,  9.54it/s, recall_0.3=(0, 5) / 504]eval:  30%|██▉       | 110/372 [00:33<00:27,  9.54it/s, recall_0.3=(0, 5) / 510]eval:  30%|██▉       | 111/372 [00:33<00:27,  9.61it/s, recall_0.3=(0, 5) / 510]eval:  30%|██▉       | 111/372 [00:33<00:27,  9.61it/s, recall_0.3=(0, 5) / 511]eval:  30%|███       | 112/372 [00:33<00:27,  9.52it/s, recall_0.3=(0, 5) / 511]eval:  30%|███       | 112/372 [00:33<00:27,  9.52it/s, recall_0.3=(0, 5) / 512]eval:  30%|███       | 113/372 [00:33<00:27,  9.57it/s, recall_0.3=(0, 5) / 512]eval:  30%|███       | 113/372 [00:34<00:27,  9.57it/s, recall_0.3=(0, 5) / 522]eval:  31%|███       | 114/372 [00:34<00:27,  9.22it/s, recall_0.3=(0, 5) / 522]eval:  31%|███       | 114/372 [00:34<00:27,  9.22it/s, recall_0.3=(0, 5) / 523]eval:  31%|███       | 115/372 [00:34<00:27,  9.22it/s, recall_0.3=(0, 5) / 527]eval:  31%|███       | 116/372 [00:34<00:26,  9.80it/s, recall_0.3=(0, 5) / 527]eval:  31%|███       | 116/372 [00:34<00:26,  9.80it/s, recall_0.3=(0, 5) / 531]eval:  31%|███▏      | 117/372 [00:34<00:26,  9.80it/s, recall_0.3=(0, 5) / 537]eval:  32%|███▏      | 118/372 [00:34<00:26,  9.44it/s, recall_0.3=(0, 5) / 537]eval:  32%|███▏      | 118/372 [00:34<00:26,  9.44it/s, recall_0.3=(0, 5) / 538]eval:  32%|███▏      | 119/372 [00:34<00:26,  9.41it/s, recall_0.3=(0, 5) / 538]eval:  32%|███▏      | 119/372 [00:34<00:26,  9.41it/s, recall_0.3=(0, 5) / 539]eval:  32%|███▏      | 120/372 [00:34<00:26,  9.48it/s, recall_0.3=(0, 5) / 539]eval:  32%|███▏      | 120/372 [00:34<00:26,  9.48it/s, recall_0.3=(0, 5) / 544]eval:  33%|███▎      | 121/372 [00:34<00:26,  9.36it/s, recall_0.3=(0, 5) / 544]eval:  33%|███▎      | 121/372 [00:34<00:26,  9.36it/s, recall_0.3=(0, 5) / 547]eval:  33%|███▎      | 122/372 [00:34<00:26,  9.46it/s, recall_0.3=(0, 5) / 547]eval:  33%|███▎      | 122/372 [00:34<00:26,  9.46it/s, recall_0.3=(0, 5) / 548]eval:  33%|███▎      | 123/372 [00:34<00:25,  9.58it/s, recall_0.3=(0, 5) / 548]eval:  33%|███▎      | 123/372 [00:35<00:25,  9.58it/s, recall_0.3=(0, 5) / 561]eval:  33%|███▎      | 124/372 [00:35<00:25,  9.62it/s, recall_0.3=(0, 5) / 561]eval:  33%|███▎      | 124/372 [00:35<00:25,  9.62it/s, recall_0.3=(0, 5) / 571]eval:  34%|███▎      | 125/372 [00:35<00:25,  9.62it/s, recall_0.3=(0, 6) / 574]eval:  34%|███▍      | 126/372 [00:35<00:25,  9.65it/s, recall_0.3=(0, 6) / 574]eval:  34%|███▍      | 126/372 [00:35<00:25,  9.65it/s, recall_0.3=(0, 6) / 579]eval:  34%|███▍      | 127/372 [00:35<00:25,  9.65it/s, recall_0.3=(0, 6) / 584]eval:  34%|███▍      | 128/372 [00:35<00:25,  9.73it/s, recall_0.3=(0, 6) / 584]eval:  34%|███▍      | 128/372 [00:35<00:25,  9.73it/s, recall_0.3=(0, 6) / 592]eval:  35%|███▍      | 129/372 [00:35<00:25,  9.66it/s, recall_0.3=(0, 6) / 592]eval:  35%|███▍      | 129/372 [00:35<00:25,  9.66it/s, recall_0.3=(0, 6) / 596]eval:  35%|███▍      | 130/372 [00:35<00:25,  9.66it/s, recall_0.3=(0, 6) / 597]eval:  35%|███▌      | 131/372 [00:35<00:25,  9.59it/s, recall_0.3=(0, 6) / 597]eval:  35%|███▌      | 131/372 [00:35<00:25,  9.59it/s, recall_0.3=(0, 6) / 600]eval:  35%|███▌      | 132/372 [00:35<00:25,  9.34it/s, recall_0.3=(0, 6) / 600]eval:  35%|███▌      | 132/372 [00:35<00:25,  9.34it/s, recall_0.3=(0, 6) / 615]eval:  36%|███▌      | 133/372 [00:36<00:25,  9.34it/s, recall_0.3=(0, 6) / 621]eval:  36%|███▌      | 134/372 [00:36<00:24,  9.53it/s, recall_0.3=(0, 6) / 621]eval:  36%|███▌      | 134/372 [00:36<00:24,  9.53it/s, recall_0.3=(0, 6) / 622]eval:  36%|███▋      | 135/372 [00:36<00:24,  9.49it/s, recall_0.3=(0, 6) / 622]eval:  36%|███▋      | 135/372 [00:36<00:24,  9.49it/s, recall_0.3=(0, 6) / 623]eval:  37%|███▋      | 136/372 [00:36<00:24,  9.53it/s, recall_0.3=(0, 6) / 623]eval:  37%|███▋      | 136/372 [00:36<00:24,  9.53it/s, recall_0.3=(0, 6) / 628]eval:  37%|███▋      | 137/372 [00:36<00:24,  9.58it/s, recall_0.3=(0, 6) / 628]eval:  37%|███▋      | 137/372 [00:36<00:24,  9.58it/s, recall_0.3=(0, 6) / 633]eval:  37%|███▋      | 138/372 [00:36<00:24,  9.37it/s, recall_0.3=(0, 6) / 633]eval:  37%|███▋      | 138/372 [00:36<00:24,  9.37it/s, recall_0.3=(0, 6) / 639]eval:  37%|███▋      | 139/372 [00:36<00:24,  9.42it/s, recall_0.3=(0, 6) / 639]eval:  37%|███▋      | 139/372 [00:36<00:24,  9.42it/s, recall_0.3=(0, 6) / 643]eval:  38%|███▊      | 140/372 [00:36<00:25,  9.25it/s, recall_0.3=(0, 6) / 643]eval:  38%|███▊      | 140/372 [00:36<00:25,  9.25it/s, recall_0.3=(0, 7) / 648]eval:  38%|███▊      | 141/372 [00:36<00:24,  9.25it/s, recall_0.3=(0, 7) / 649]eval:  38%|███▊      | 142/372 [00:36<00:23,  9.59it/s, recall_0.3=(0, 7) / 649]eval:  38%|███▊      | 142/372 [00:37<00:23,  9.59it/s, recall_0.3=(0, 7) / 651]eval:  38%|███▊      | 143/372 [00:37<00:24,  9.40it/s, recall_0.3=(0, 7) / 651]eval:  38%|███▊      | 143/372 [00:37<00:24,  9.40it/s, recall_0.3=(0, 7) / 655]eval:  39%|███▊      | 144/372 [00:37<00:24,  9.44it/s, recall_0.3=(0, 7) / 655]eval:  39%|███▊      | 144/372 [00:37<00:24,  9.44it/s, recall_0.3=(0, 7) / 660]eval:  39%|███▉      | 145/372 [00:37<00:24,  9.44it/s, recall_0.3=(0, 7) / 663]eval:  39%|███▉      | 146/372 [00:37<00:23,  9.81it/s, recall_0.3=(0, 7) / 663]eval:  39%|███▉      | 146/372 [00:37<00:23,  9.81it/s, recall_0.3=(0, 7) / 665]eval:  40%|███▉      | 147/372 [00:37<00:23,  9.44it/s, recall_0.3=(0, 7) / 665]eval:  40%|███▉      | 147/372 [00:37<00:23,  9.44it/s, recall_0.3=(0, 7) / 666]eval:  40%|███▉      | 148/372 [00:37<00:24,  9.25it/s, recall_0.3=(0, 7) / 666]eval:  40%|███▉      | 148/372 [00:37<00:24,  9.25it/s, recall_0.3=(0, 7) / 668]eval:  40%|████      | 149/372 [00:37<00:23,  9.33it/s, recall_0.3=(0, 7) / 668]eval:  40%|████      | 149/372 [00:37<00:23,  9.33it/s, recall_0.3=(0, 7) / 669]eval:  40%|████      | 150/372 [00:37<00:23,  9.33it/s, recall_0.3=(0, 7) / 676]eval:  41%|████      | 151/372 [00:37<00:23,  9.25it/s, recall_0.3=(0, 7) / 676]eval:  41%|████      | 151/372 [00:38<00:23,  9.25it/s, recall_0.3=(0, 8) / 683]eval:  41%|████      | 152/372 [00:38<00:24,  9.15it/s, recall_0.3=(0, 8) / 683]eval:  41%|████      | 152/372 [00:38<00:24,  9.15it/s, recall_0.3=(0, 8) / 694]eval:  41%|████      | 153/372 [00:38<00:23,  9.15it/s, recall_0.3=(0, 8) / 701]eval:  41%|████▏     | 154/372 [00:38<00:22,  9.66it/s, recall_0.3=(0, 8) / 701]eval:  41%|████▏     | 154/372 [00:38<00:22,  9.66it/s, recall_0.3=(0, 8) / 702]eval:  42%|████▏     | 155/372 [00:38<00:22,  9.61it/s, recall_0.3=(0, 8) / 702]eval:  42%|████▏     | 155/372 [00:38<00:22,  9.61it/s, recall_0.3=(0, 8) / 704]eval:  42%|████▏     | 156/372 [00:38<00:22,  9.50it/s, recall_0.3=(0, 8) / 704]eval:  42%|████▏     | 156/372 [00:38<00:22,  9.50it/s, recall_0.3=(0, 8) / 708]eval:  42%|████▏     | 157/372 [00:38<00:23,  9.08it/s, recall_0.3=(0, 8) / 708]eval:  42%|████▏     | 157/372 [00:38<00:23,  9.08it/s, recall_0.3=(0, 8) / 710]eval:  42%|████▏     | 158/372 [00:38<00:24,  8.84it/s, recall_0.3=(0, 8) / 710]eval:  42%|████▏     | 158/372 [00:38<00:24,  8.84it/s, recall_0.3=(0, 8) / 714]eval:  43%|████▎     | 159/372 [00:38<00:24,  8.60it/s, recall_0.3=(0, 8) / 714]eval:  43%|████▎     | 159/372 [00:38<00:24,  8.60it/s, recall_0.3=(0, 8) / 715]eval:  43%|████▎     | 160/372 [00:38<00:24,  8.68it/s, recall_0.3=(0, 8) / 715]eval:  43%|████▎     | 160/372 [00:39<00:24,  8.68it/s, recall_0.3=(0, 9) / 716]eval:  43%|████▎     | 161/372 [00:39<00:24,  8.68it/s, recall_0.3=(0, 9) / 718]eval:  44%|████▎     | 162/372 [00:39<00:22,  9.37it/s, recall_0.3=(0, 9) / 718]eval:  44%|████▎     | 162/372 [00:39<00:22,  9.37it/s, recall_0.3=(0, 9) / 720]eval:  44%|████▍     | 163/372 [00:39<00:22,  9.33it/s, recall_0.3=(0, 9) / 720]eval:  44%|████▍     | 163/372 [00:39<00:22,  9.33it/s, recall_0.3=(0, 9) / 722]eval:  44%|████▍     | 164/372 [00:39<00:22,  9.23it/s, recall_0.3=(0, 9) / 722]eval:  44%|████▍     | 164/372 [00:39<00:22,  9.23it/s, recall_0.3=(0, 9) / 727]eval:  44%|████▍     | 165/372 [00:39<00:22,  9.38it/s, recall_0.3=(0, 9) / 727]eval:  44%|████▍     | 165/372 [00:39<00:22,  9.38it/s, recall_0.3=(0, 9) / 731]eval:  45%|████▍     | 166/372 [00:39<00:22,  9.24it/s, recall_0.3=(0, 9) / 731]eval:  45%|████▍     | 166/372 [00:39<00:22,  9.24it/s, recall_0.3=(0, 9) / 734]eval:  45%|████▍     | 167/372 [00:39<00:22,  9.23it/s, recall_0.3=(0, 9) / 734]eval:  45%|████▍     | 167/372 [00:39<00:22,  9.23it/s, recall_0.3=(0, 9) / 744]eval:  45%|████▌     | 168/372 [00:39<00:22,  9.03it/s, recall_0.3=(0, 9) / 744]eval:  45%|████▌     | 168/372 [00:39<00:22,  9.03it/s, recall_0.3=(0, 9) / 747]eval:  45%|████▌     | 169/372 [00:39<00:22,  9.03it/s, recall_0.3=(0, 9) / 751]eval:  46%|████▌     | 170/372 [00:39<00:21,  9.28it/s, recall_0.3=(0, 9) / 751]eval:  46%|████▌     | 170/372 [00:40<00:21,  9.28it/s, recall_0.3=(0, 9) / 763]eval:  46%|████▌     | 171/372 [00:40<00:21,  9.37it/s, recall_0.3=(0, 9) / 763]eval:  46%|████▌     | 171/372 [00:40<00:21,  9.37it/s, recall_0.3=(0, 10) / 768]eval:  46%|████▌     | 172/372 [00:40<00:21,  9.40it/s, recall_0.3=(0, 10) / 768]eval:  46%|████▌     | 172/372 [00:40<00:21,  9.40it/s, recall_0.3=(0, 10) / 771]eval:  47%|████▋     | 173/372 [00:40<00:21,  9.26it/s, recall_0.3=(0, 10) / 771]eval:  47%|████▋     | 173/372 [00:40<00:21,  9.26it/s, recall_0.3=(0, 10) / 780]eval:  47%|████▋     | 174/372 [00:40<00:21,  9.35it/s, recall_0.3=(0, 10) / 780]eval:  47%|████▋     | 174/372 [00:40<00:21,  9.35it/s, recall_0.3=(0, 10) / 783]eval:  47%|████▋     | 175/372 [00:40<00:21,  9.13it/s, recall_0.3=(0, 10) / 783]eval:  47%|████▋     | 175/372 [00:40<00:21,  9.13it/s, recall_0.3=(0, 10) / 794]eval:  47%|████▋     | 176/372 [00:40<00:21,  9.20it/s, recall_0.3=(0, 10) / 794]eval:  47%|████▋     | 176/372 [00:40<00:21,  9.20it/s, recall_0.3=(0, 10) / 797]eval:  48%|████▊     | 177/372 [00:40<00:21,  9.08it/s, recall_0.3=(0, 10) / 797]eval:  48%|████▊     | 177/372 [00:40<00:21,  9.08it/s, recall_0.3=(0, 10) / 798]eval:  48%|████▊     | 178/372 [00:40<00:21,  9.02it/s, recall_0.3=(0, 10) / 798]eval:  48%|████▊     | 178/372 [00:40<00:21,  9.02it/s, recall_0.3=(0, 10) / 799]eval:  48%|████▊     | 179/372 [00:40<00:20,  9.27it/s, recall_0.3=(0, 10) / 799]eval:  48%|████▊     | 179/372 [00:41<00:20,  9.27it/s, recall_0.3=(0, 10) / 802]eval:  48%|████▊     | 180/372 [00:41<00:20,  9.42it/s, recall_0.3=(0, 10) / 802]eval:  48%|████▊     | 180/372 [00:41<00:20,  9.42it/s, recall_0.3=(0, 10) / 806]eval:  49%|████▊     | 181/372 [00:41<00:20,  9.35it/s, recall_0.3=(0, 10) / 806]eval:  49%|████▊     | 181/372 [00:41<00:20,  9.35it/s, recall_0.3=(0, 10) / 810]eval:  49%|████▉     | 182/372 [00:41<00:20,  9.35it/s, recall_0.3=(0, 10) / 812]eval:  49%|████▉     | 183/372 [00:41<00:19,  9.65it/s, recall_0.3=(0, 10) / 812]eval:  49%|████▉     | 183/372 [00:41<00:19,  9.65it/s, recall_0.3=(0, 10) / 819]eval:  49%|████▉     | 184/372 [00:41<00:19,  9.70it/s, recall_0.3=(0, 10) / 819]eval:  49%|████▉     | 184/372 [00:41<00:19,  9.70it/s, recall_0.3=(0, 10) / 824]eval:  50%|████▉     | 185/372 [00:41<00:19,  9.61it/s, recall_0.3=(0, 10) / 824]eval:  50%|████▉     | 185/372 [00:41<00:19,  9.61it/s, recall_0.3=(0, 10) / 829]eval:  50%|█████     | 186/372 [00:41<00:19,  9.61it/s, recall_0.3=(0, 10) / 831]eval:  50%|█████     | 187/372 [00:41<00:18, 10.04it/s, recall_0.3=(0, 10) / 831]eval:  50%|█████     | 187/372 [00:41<00:18, 10.04it/s, recall_0.3=(0, 10) / 832]eval:  51%|█████     | 188/372 [00:41<00:18, 10.04it/s, recall_0.3=(0, 10) / 833]eval:  51%|█████     | 189/372 [00:41<00:17, 10.20it/s, recall_0.3=(0, 10) / 833]eval:  51%|█████     | 189/372 [00:42<00:17, 10.20it/s, recall_0.3=(0, 10) / 834]eval:  51%|█████     | 190/372 [00:42<00:17, 10.20it/s, recall_0.3=(0, 10) / 835]eval:  51%|█████▏    | 191/372 [00:42<00:18, 10.04it/s, recall_0.3=(0, 10) / 835]eval:  51%|█████▏    | 191/372 [00:42<00:18, 10.04it/s, recall_0.3=(0, 10) / 836]eval:  52%|█████▏    | 192/372 [00:42<00:17, 10.04it/s, recall_0.3=(0, 10) / 843]eval:  52%|█████▏    | 193/372 [00:42<00:17, 10.07it/s, recall_0.3=(0, 10) / 843]eval:  52%|█████▏    | 193/372 [00:42<00:17, 10.07it/s, recall_0.3=(0, 10) / 847]eval:  52%|█████▏    | 194/372 [00:42<00:17, 10.07it/s, recall_0.3=(0, 10) / 848]eval:  52%|█████▏    | 195/372 [00:42<00:17,  9.88it/s, recall_0.3=(0, 10) / 848]eval:  52%|█████▏    | 195/372 [00:42<00:17,  9.88it/s, recall_0.3=(0, 10) / 852]eval:  53%|█████▎    | 196/372 [00:42<00:17,  9.84it/s, recall_0.3=(0, 10) / 852]eval:  53%|█████▎    | 196/372 [00:42<00:17,  9.84it/s, recall_0.3=(0, 10) / 857]eval:  53%|█████▎    | 197/372 [00:42<00:17,  9.84it/s, recall_0.3=(0, 10) / 863]eval:  53%|█████▎    | 198/372 [00:42<00:17,  9.67it/s, recall_0.3=(0, 10) / 863]eval:  53%|█████▎    | 198/372 [00:42<00:17,  9.67it/s, recall_0.3=(0, 10) / 865]eval:  53%|█████▎    | 199/372 [00:43<00:17,  9.67it/s, recall_0.3=(0, 10) / 872]eval:  54%|█████▍    | 200/372 [00:43<00:17,  9.86it/s, recall_0.3=(0, 10) / 872]eval:  54%|█████▍    | 200/372 [00:43<00:17,  9.86it/s, recall_0.3=(0, 10) / 874]eval:  54%|█████▍    | 201/372 [00:43<00:17,  9.86it/s, recall_0.3=(0, 10) / 875]eval:  54%|█████▍    | 202/372 [00:43<00:16, 10.01it/s, recall_0.3=(0, 10) / 875]eval:  54%|█████▍    | 202/372 [00:43<00:16, 10.01it/s, recall_0.3=(0, 10) / 881]eval:  55%|█████▍    | 203/372 [00:43<00:17,  9.64it/s, recall_0.3=(0, 10) / 881]eval:  55%|█████▍    | 203/372 [00:43<00:17,  9.64it/s, recall_0.3=(0, 10) / 886]eval:  55%|█████▍    | 204/372 [00:43<00:17,  9.64it/s, recall_0.3=(0, 10) / 886]eval:  55%|█████▍    | 204/372 [00:43<00:17,  9.64it/s, recall_0.3=(0, 10) / 892]eval:  55%|█████▌    | 205/372 [00:43<00:17,  9.50it/s, recall_0.3=(0, 10) / 892]eval:  55%|█████▌    | 205/372 [00:43<00:17,  9.50it/s, recall_0.3=(0, 10) / 896]eval:  55%|█████▌    | 206/372 [00:43<00:17,  9.40it/s, recall_0.3=(0, 10) / 896]eval:  55%|█████▌    | 206/372 [00:43<00:17,  9.40it/s, recall_0.3=(0, 10) / 901]eval:  56%|█████▌    | 207/372 [00:43<00:17,  9.55it/s, recall_0.3=(0, 10) / 901]eval:  56%|█████▌    | 207/372 [00:43<00:17,  9.55it/s, recall_0.3=(0, 10) / 902]eval:  56%|█████▌    | 208/372 [00:43<00:17,  9.42it/s, recall_0.3=(0, 10) / 902]eval:  56%|█████▌    | 208/372 [00:44<00:17,  9.42it/s, recall_0.3=(0, 10) / 919]eval:  56%|█████▌    | 209/372 [00:44<00:17,  9.42it/s, recall_0.3=(0, 10) / 920]eval:  56%|█████▋    | 210/372 [00:44<00:16,  9.84it/s, recall_0.3=(0, 10) / 920]eval:  56%|█████▋    | 210/372 [00:44<00:16,  9.84it/s, recall_0.3=(0, 10) / 929]eval:  57%|█████▋    | 211/372 [00:44<00:16,  9.74it/s, recall_0.3=(0, 10) / 929]eval:  57%|█████▋    | 211/372 [00:44<00:16,  9.74it/s, recall_0.3=(0, 10) / 930]eval:  57%|█████▋    | 212/372 [00:44<00:16,  9.51it/s, recall_0.3=(0, 10) / 930]eval:  57%|█████▋    | 212/372 [00:44<00:16,  9.51it/s, recall_0.3=(0, 10) / 932]eval:  57%|█████▋    | 213/372 [00:44<00:16,  9.51it/s, recall_0.3=(0, 10) / 938]eval:  58%|█████▊    | 214/372 [00:44<00:16,  9.67it/s, recall_0.3=(0, 10) / 938]eval:  58%|█████▊    | 214/372 [00:44<00:16,  9.67it/s, recall_0.3=(0, 10) / 942]eval:  58%|█████▊    | 215/372 [00:44<00:16,  9.46it/s, recall_0.3=(0, 10) / 942]eval:  58%|█████▊    | 215/372 [00:44<00:16,  9.46it/s, recall_0.3=(0, 10) / 949]eval:  58%|█████▊    | 216/372 [00:44<00:16,  9.46it/s, recall_0.3=(0, 10) / 950]eval:  58%|█████▊    | 217/372 [00:44<00:15,  9.79it/s, recall_0.3=(0, 10) / 950]eval:  58%|█████▊    | 217/372 [00:44<00:15,  9.79it/s, recall_0.3=(0, 10) / 965]eval:  59%|█████▊    | 218/372 [00:44<00:16,  9.55it/s, recall_0.3=(0, 10) / 965]eval:  59%|█████▊    | 218/372 [00:45<00:16,  9.55it/s, recall_0.3=(0, 10) / 970]eval:  59%|█████▉    | 219/372 [00:45<00:16,  9.55it/s, recall_0.3=(0, 10) / 974]eval:  59%|█████▉    | 220/372 [00:45<00:15,  9.65it/s, recall_0.3=(0, 10) / 974]eval:  59%|█████▉    | 220/372 [00:45<00:15,  9.65it/s, recall_0.3=(0, 10) / 979]eval:  59%|█████▉    | 221/372 [00:45<00:15,  9.71it/s, recall_0.3=(0, 10) / 979]eval:  59%|█████▉    | 221/372 [00:45<00:15,  9.71it/s, recall_0.3=(0, 10) / 980]eval:  60%|█████▉    | 222/372 [00:45<00:15,  9.57it/s, recall_0.3=(0, 10) / 980]eval:  60%|█████▉    | 222/372 [00:45<00:15,  9.57it/s, recall_0.3=(0, 10) / 981]eval:  60%|█████▉    | 223/372 [00:45<00:15,  9.60it/s, recall_0.3=(0, 10) / 981]eval:  60%|█████▉    | 223/372 [00:45<00:15,  9.60it/s, recall_0.3=(0, 10) / 983]eval:  60%|██████    | 224/372 [00:45<00:15,  9.60it/s, recall_0.3=(0, 10) / 983]eval:  60%|██████    | 224/372 [00:45<00:15,  9.60it/s, recall_0.3=(0, 10) / 992]eval:  60%|██████    | 225/372 [00:45<00:15,  9.60it/s, recall_0.3=(0, 10) / 993]eval:  61%|██████    | 226/372 [00:45<00:15,  9.72it/s, recall_0.3=(0, 10) / 993]eval:  61%|██████    | 226/372 [00:45<00:15,  9.72it/s, recall_0.3=(0, 10) / 1005]eval:  61%|██████    | 227/372 [00:45<00:14,  9.77it/s, recall_0.3=(0, 10) / 1005]eval:  61%|██████    | 227/372 [00:45<00:14,  9.77it/s, recall_0.3=(0, 10) / 1006]eval:  61%|██████▏   | 228/372 [00:45<00:15,  9.35it/s, recall_0.3=(0, 10) / 1006]eval:  61%|██████▏   | 228/372 [00:46<00:15,  9.35it/s, recall_0.3=(0, 10) / 1007]eval:  62%|██████▏   | 229/372 [00:46<00:15,  9.31it/s, recall_0.3=(0, 10) / 1007]eval:  62%|██████▏   | 229/372 [00:46<00:15,  9.31it/s, recall_0.3=(0, 10) / 1009]eval:  62%|██████▏   | 230/372 [00:46<00:14,  9.49it/s, recall_0.3=(0, 10) / 1009]eval:  62%|██████▏   | 230/372 [00:46<00:14,  9.49it/s, recall_0.3=(0, 10) / 1014]eval:  62%|██████▏   | 231/372 [00:46<00:15,  9.29it/s, recall_0.3=(0, 10) / 1014]eval:  62%|██████▏   | 231/372 [00:46<00:15,  9.29it/s, recall_0.3=(0, 10) / 1025]eval:  62%|██████▏   | 232/372 [00:46<00:15,  9.32it/s, recall_0.3=(0, 10) / 1025]eval:  62%|██████▏   | 232/372 [00:46<00:15,  9.32it/s, recall_0.3=(0, 10) / 1029]eval:  63%|██████▎   | 233/372 [00:46<00:14,  9.32it/s, recall_0.3=(0, 10) / 1029]eval:  63%|██████▎   | 233/372 [00:46<00:14,  9.32it/s, recall_0.3=(0, 10) / 1042]eval:  63%|██████▎   | 234/372 [00:46<00:14,  9.39it/s, recall_0.3=(0, 10) / 1042]eval:  63%|██████▎   | 234/372 [00:46<00:14,  9.39it/s, recall_0.3=(0, 10) / 1043]eval:  63%|██████▎   | 235/372 [00:46<00:14,  9.39it/s, recall_0.3=(0, 10) / 1045]eval:  63%|██████▎   | 236/372 [00:46<00:13,  9.79it/s, recall_0.3=(0, 10) / 1045]eval:  63%|██████▎   | 236/372 [00:46<00:13,  9.79it/s, recall_0.3=(0, 10) / 1046]eval:  64%|██████▎   | 237/372 [00:47<00:13,  9.79it/s, recall_0.3=(0, 10) / 1047]eval:  64%|██████▍   | 238/372 [00:47<00:13, 10.06it/s, recall_0.3=(0, 10) / 1047]eval:  64%|██████▍   | 238/372 [00:47<00:13, 10.06it/s, recall_0.3=(0, 10) / 1055]eval:  64%|██████▍   | 239/372 [00:47<00:13,  9.87it/s, recall_0.3=(0, 10) / 1055]eval:  64%|██████▍   | 239/372 [00:47<00:13,  9.87it/s, recall_0.3=(0, 10) / 1059]eval:  65%|██████▍   | 240/372 [00:47<00:13,  9.52it/s, recall_0.3=(0, 10) / 1059]eval:  65%|██████▍   | 240/372 [00:47<00:13,  9.52it/s, recall_0.3=(0, 11) / 1066]eval:  65%|██████▍   | 241/372 [00:47<00:13,  9.52it/s, recall_0.3=(0, 11) / 1067]eval:  65%|██████▌   | 242/372 [00:47<00:13,  9.80it/s, recall_0.3=(0, 11) / 1067]eval:  65%|██████▌   | 242/372 [00:47<00:13,  9.80it/s, recall_0.3=(0, 11) / 1068]eval:  65%|██████▌   | 243/372 [00:47<00:13,  9.72it/s, recall_0.3=(0, 11) / 1068]eval:  65%|██████▌   | 243/372 [00:47<00:13,  9.72it/s, recall_0.3=(0, 11) / 1074]eval:  66%|██████▌   | 244/372 [00:47<00:13,  9.60it/s, recall_0.3=(0, 11) / 1074]eval:  66%|██████▌   | 244/372 [00:47<00:13,  9.60it/s, recall_0.3=(0, 11) / 1084]eval:  66%|██████▌   | 245/372 [00:47<00:13,  9.07it/s, recall_0.3=(0, 11) / 1084]eval:  66%|██████▌   | 245/372 [00:47<00:13,  9.07it/s, recall_0.3=(0, 11) / 1085]eval:  66%|██████▌   | 246/372 [00:47<00:13,  9.20it/s, recall_0.3=(0, 11) / 1085]eval:  66%|██████▌   | 246/372 [00:47<00:13,  9.20it/s, recall_0.3=(0, 11) / 1087]eval:  66%|██████▋   | 247/372 [00:47<00:13,  9.07it/s, recall_0.3=(0, 11) / 1087]eval:  66%|██████▋   | 247/372 [00:48<00:13,  9.07it/s, recall_0.3=(0, 11) / 1089]eval:  67%|██████▋   | 248/372 [00:48<00:13,  9.27it/s, recall_0.3=(0, 11) / 1089]eval:  67%|██████▋   | 248/372 [00:48<00:13,  9.27it/s, recall_0.3=(0, 11) / 1103]eval:  67%|██████▋   | 249/372 [00:48<00:13,  9.27it/s, recall_0.3=(0, 11) / 1108]eval:  67%|██████▋   | 250/372 [00:48<00:12,  9.41it/s, recall_0.3=(0, 11) / 1108]eval:  67%|██████▋   | 250/372 [00:48<00:12,  9.41it/s, recall_0.3=(0, 11) / 1111]eval:  67%|██████▋   | 251/372 [00:48<00:13,  9.21it/s, recall_0.3=(0, 11) / 1111]eval:  67%|██████▋   | 251/372 [00:48<00:13,  9.21it/s, recall_0.3=(0, 11) / 1129]eval:  68%|██████▊   | 252/372 [00:48<00:13,  9.08it/s, recall_0.3=(0, 11) / 1129]eval:  68%|██████▊   | 252/372 [00:48<00:13,  9.08it/s, recall_0.3=(0, 11) / 1130]eval:  68%|██████▊   | 253/372 [00:48<00:13,  8.89it/s, recall_0.3=(0, 11) / 1130]eval:  68%|██████▊   | 253/372 [00:48<00:13,  8.89it/s, recall_0.3=(0, 11) / 1133]eval:  68%|██████▊   | 254/372 [00:48<00:13,  8.89it/s, recall_0.3=(0, 11) / 1138]eval:  69%|██████▊   | 255/372 [00:48<00:12,  9.41it/s, recall_0.3=(0, 11) / 1138]eval:  69%|██████▊   | 255/372 [00:48<00:12,  9.41it/s, recall_0.3=(0, 11) / 1140]eval:  69%|██████▉   | 256/372 [00:48<00:12,  9.27it/s, recall_0.3=(0, 11) / 1140]eval:  69%|██████▉   | 256/372 [00:49<00:12,  9.27it/s, recall_0.3=(0, 11) / 1145]eval:  69%|██████▉   | 257/372 [00:49<00:12,  9.30it/s, recall_0.3=(0, 11) / 1145]eval:  69%|██████▉   | 257/372 [00:49<00:12,  9.30it/s, recall_0.3=(0, 11) / 1146]eval:  69%|██████▉   | 258/372 [00:49<00:12,  9.20it/s, recall_0.3=(0, 11) / 1146]eval:  69%|██████▉   | 258/372 [00:49<00:12,  9.20it/s, recall_0.3=(0, 11) / 1151]eval:  70%|██████▉   | 259/372 [00:49<00:12,  9.14it/s, recall_0.3=(0, 11) / 1151]eval:  70%|██████▉   | 259/372 [00:49<00:12,  9.14it/s, recall_0.3=(0, 11) / 1152]eval:  70%|██████▉   | 260/372 [00:49<00:11,  9.35it/s, recall_0.3=(0, 11) / 1152]eval:  70%|██████▉   | 260/372 [00:49<00:11,  9.35it/s, recall_0.3=(0, 11) / 1153]eval:  70%|███████   | 261/372 [00:49<00:11,  9.49it/s, recall_0.3=(0, 11) / 1153]eval:  70%|███████   | 261/372 [00:49<00:11,  9.49it/s, recall_0.3=(0, 11) / 1160]eval:  70%|███████   | 262/372 [00:49<00:11,  9.36it/s, recall_0.3=(0, 11) / 1160]eval:  70%|███████   | 262/372 [00:49<00:11,  9.36it/s, recall_0.3=(0, 11) / 1162]eval:  71%|███████   | 263/372 [00:49<00:11,  9.28it/s, recall_0.3=(0, 11) / 1162]eval:  71%|███████   | 263/372 [00:49<00:11,  9.28it/s, recall_0.3=(0, 11) / 1165]eval:  71%|███████   | 264/372 [00:49<00:11,  9.28it/s, recall_0.3=(0, 11) / 1172]eval:  71%|███████   | 265/372 [00:49<00:11,  9.25it/s, recall_0.3=(0, 11) / 1172]eval:  71%|███████   | 265/372 [00:50<00:11,  9.25it/s, recall_0.3=(0, 11) / 1173]eval:  72%|███████▏  | 266/372 [00:50<00:11,  9.27it/s, recall_0.3=(0, 11) / 1173]eval:  72%|███████▏  | 266/372 [00:50<00:11,  9.27it/s, recall_0.3=(0, 11) / 1179]eval:  72%|███████▏  | 267/372 [00:50<00:11,  9.27it/s, recall_0.3=(0, 11) / 1182]eval:  72%|███████▏  | 268/372 [00:50<00:10,  9.58it/s, recall_0.3=(0, 11) / 1182]eval:  72%|███████▏  | 268/372 [00:50<00:10,  9.58it/s, recall_0.3=(0, 11) / 1184]eval:  72%|███████▏  | 269/372 [00:50<00:10,  9.66it/s, recall_0.3=(0, 11) / 1184]eval:  72%|███████▏  | 269/372 [00:50<00:10,  9.66it/s, recall_0.3=(0, 11) / 1188]eval:  73%|███████▎  | 270/372 [00:50<00:10,  9.66it/s, recall_0.3=(0, 11) / 1193]eval:  73%|███████▎  | 271/372 [00:50<00:10,  9.80it/s, recall_0.3=(0, 11) / 1193]eval:  73%|███████▎  | 271/372 [00:50<00:10,  9.80it/s, recall_0.3=(0, 11) / 1197]eval:  73%|███████▎  | 272/372 [00:50<00:10,  9.80it/s, recall_0.3=(0, 11) / 1202]eval:  73%|███████▎  | 273/372 [00:50<00:10,  9.57it/s, recall_0.3=(0, 11) / 1202]eval:  73%|███████▎  | 273/372 [00:50<00:10,  9.57it/s, recall_0.3=(0, 11) / 1203]eval:  74%|███████▎  | 274/372 [00:50<00:10,  9.39it/s, recall_0.3=(0, 11) / 1203]eval:  74%|███████▎  | 274/372 [00:50<00:10,  9.39it/s, recall_0.3=(0, 11) / 1205]eval:  74%|███████▍  | 275/372 [00:50<00:10,  9.37it/s, recall_0.3=(0, 11) / 1205]eval:  74%|███████▍  | 275/372 [00:51<00:10,  9.37it/s, recall_0.3=(0, 11) / 1207]eval:  74%|███████▍  | 276/372 [00:51<00:10,  9.37it/s, recall_0.3=(0, 11) / 1208]eval:  74%|███████▍  | 277/372 [00:51<00:09,  9.69it/s, recall_0.3=(0, 11) / 1208]eval:  74%|███████▍  | 277/372 [00:51<00:09,  9.69it/s, recall_0.3=(0, 11) / 1226]eval:  75%|███████▍  | 278/372 [00:51<00:09,  9.41it/s, recall_0.3=(0, 11) / 1226]eval:  75%|███████▍  | 278/372 [00:51<00:09,  9.41it/s, recall_0.3=(0, 11) / 1232]eval:  75%|███████▌  | 279/372 [00:51<00:09,  9.41it/s, recall_0.3=(0, 11) / 1233]eval:  75%|███████▌  | 280/372 [00:51<00:09,  9.50it/s, recall_0.3=(0, 11) / 1233]eval:  75%|███████▌  | 280/372 [00:51<00:09,  9.50it/s, recall_0.3=(0, 11) / 1240]eval:  76%|███████▌  | 281/372 [00:51<00:09,  9.38it/s, recall_0.3=(0, 11) / 1240]eval:  76%|███████▌  | 281/372 [00:51<00:09,  9.38it/s, recall_0.3=(0, 11) / 1242]eval:  76%|███████▌  | 282/372 [00:51<00:09,  9.49it/s, recall_0.3=(0, 11) / 1242]eval:  76%|███████▌  | 282/372 [00:51<00:09,  9.49it/s, recall_0.3=(0, 11) / 1247]eval:  76%|███████▌  | 283/372 [00:51<00:09,  9.49it/s, recall_0.3=(0, 11) / 1248]eval:  76%|███████▋  | 284/372 [00:51<00:08,  9.90it/s, recall_0.3=(0, 11) / 1248]eval:  76%|███████▋  | 284/372 [00:51<00:08,  9.90it/s, recall_0.3=(0, 11) / 1249]eval:  77%|███████▋  | 285/372 [00:52<00:08,  9.90it/s, recall_0.3=(0, 11) / 1255]eval:  77%|███████▋  | 286/372 [00:52<00:08, 10.01it/s, recall_0.3=(0, 11) / 1255]eval:  77%|███████▋  | 286/372 [00:52<00:08, 10.01it/s, recall_0.3=(0, 11) / 1260]eval:  77%|███████▋  | 287/372 [00:52<00:08,  9.93it/s, recall_0.3=(0, 11) / 1260]eval:  77%|███████▋  | 287/372 [00:52<00:08,  9.93it/s, recall_0.3=(0, 11) / 1261]eval:  77%|███████▋  | 288/372 [00:52<00:08,  9.93it/s, recall_0.3=(0, 11) / 1266]eval:  78%|███████▊  | 289/372 [00:52<00:08,  9.98it/s, recall_0.3=(0, 11) / 1266]eval:  78%|███████▊  | 289/372 [00:52<00:08,  9.98it/s, recall_0.3=(0, 11) / 1271]eval:  78%|███████▊  | 290/372 [00:52<00:08,  9.98it/s, recall_0.3=(0, 11) / 1277]eval:  78%|███████▊  | 291/372 [00:52<00:08,  9.90it/s, recall_0.3=(0, 11) / 1277]eval:  78%|███████▊  | 291/372 [00:52<00:08,  9.90it/s, recall_0.3=(0, 11) / 1285]eval:  78%|███████▊  | 292/372 [00:52<00:08,  9.71it/s, recall_0.3=(0, 11) / 1285]eval:  78%|███████▊  | 292/372 [00:52<00:08,  9.71it/s, recall_0.3=(0, 11) / 1287]eval:  79%|███████▉  | 293/372 [00:52<00:08,  9.71it/s, recall_0.3=(0, 11) / 1301]eval:  79%|███████▉  | 294/372 [00:52<00:07,  9.90it/s, recall_0.3=(0, 11) / 1301]eval:  79%|███████▉  | 294/372 [00:53<00:07,  9.90it/s, recall_0.3=(0, 11) / 1305]eval:  79%|███████▉  | 295/372 [00:53<00:07,  9.73it/s, recall_0.3=(0, 11) / 1305]eval:  79%|███████▉  | 295/372 [00:53<00:07,  9.73it/s, recall_0.3=(0, 11) / 1313]eval:  80%|███████▉  | 296/372 [00:53<00:07,  9.78it/s, recall_0.3=(0, 11) / 1313]eval:  80%|███████▉  | 296/372 [00:53<00:07,  9.78it/s, recall_0.3=(0, 11) / 1317]eval:  80%|███████▉  | 297/372 [00:53<00:08,  9.17it/s, recall_0.3=(0, 11) / 1317]eval:  80%|███████▉  | 297/372 [00:53<00:08,  9.17it/s, recall_0.3=(0, 11) / 1318]eval:  80%|████████  | 298/372 [00:53<00:08,  9.04it/s, recall_0.3=(0, 11) / 1318]eval:  80%|████████  | 298/372 [00:53<00:08,  9.04it/s, recall_0.3=(0, 11) / 1321]eval:  80%|████████  | 299/372 [00:53<00:08,  9.04it/s, recall_0.3=(0, 11) / 1334]eval:  81%|████████  | 300/372 [00:53<00:07,  9.66it/s, recall_0.3=(0, 11) / 1334]eval:  81%|████████  | 300/372 [00:53<00:07,  9.66it/s, recall_0.3=(0, 11) / 1335]eval:  81%|████████  | 301/372 [00:53<00:07,  9.66it/s, recall_0.3=(0, 11) / 1340]eval:  81%|████████  | 302/372 [00:53<00:07,  9.64it/s, recall_0.3=(0, 11) / 1340]eval:  81%|████████  | 302/372 [00:53<00:07,  9.64it/s, recall_0.3=(0, 11) / 1341]eval:  81%|████████▏ | 303/372 [00:53<00:07,  9.64it/s, recall_0.3=(0, 11) / 1346]eval:  82%|████████▏ | 304/372 [00:53<00:07,  9.62it/s, recall_0.3=(0, 11) / 1346]eval:  82%|████████▏ | 304/372 [00:54<00:07,  9.62it/s, recall_0.3=(0, 11) / 1349]eval:  82%|████████▏ | 305/372 [00:54<00:07,  9.44it/s, recall_0.3=(0, 11) / 1349]eval:  82%|████████▏ | 305/372 [00:54<00:07,  9.44it/s, recall_0.3=(0, 11) / 1353]eval:  82%|████████▏ | 306/372 [00:54<00:07,  9.36it/s, recall_0.3=(0, 11) / 1353]eval:  82%|████████▏ | 306/372 [00:54<00:07,  9.36it/s, recall_0.3=(0, 11) / 1358]eval:  83%|████████▎ | 307/372 [00:54<00:06,  9.44it/s, recall_0.3=(0, 11) / 1358]eval:  83%|████████▎ | 307/372 [00:54<00:06,  9.44it/s, recall_0.3=(0, 11) / 1359]eval:  83%|████████▎ | 308/372 [00:54<00:07,  9.06it/s, recall_0.3=(0, 11) / 1359]eval:  83%|████████▎ | 308/372 [00:54<00:07,  9.06it/s, recall_0.3=(0, 11) / 1371]eval:  83%|████████▎ | 309/372 [00:54<00:06,  9.06it/s, recall_0.3=(0, 11) / 1374]eval:  83%|████████▎ | 310/372 [00:54<00:06,  9.58it/s, recall_0.3=(0, 11) / 1374]eval:  83%|████████▎ | 310/372 [00:54<00:06,  9.58it/s, recall_0.3=(0, 11) / 1375]eval:  84%|████████▎ | 311/372 [00:54<00:06,  9.57it/s, recall_0.3=(0, 11) / 1375]eval:  84%|████████▎ | 311/372 [00:54<00:06,  9.57it/s, recall_0.3=(0, 11) / 1387]eval:  84%|████████▍ | 312/372 [00:54<00:06,  8.98it/s, recall_0.3=(0, 11) / 1387]eval:  84%|████████▍ | 312/372 [00:54<00:06,  8.98it/s, recall_0.3=(0, 11) / 1388]eval:  84%|████████▍ | 313/372 [00:54<00:06,  9.19it/s, recall_0.3=(0, 11) / 1388]eval:  84%|████████▍ | 313/372 [00:55<00:06,  9.19it/s, recall_0.3=(0, 11) / 1390]eval:  84%|████████▍ | 314/372 [00:55<00:06,  9.19it/s, recall_0.3=(0, 11) / 1392]eval:  85%|████████▍ | 315/372 [00:55<00:06,  9.35it/s, recall_0.3=(0, 11) / 1392]eval:  85%|████████▍ | 315/372 [00:55<00:06,  9.35it/s, recall_0.3=(0, 11) / 1400]eval:  85%|████████▍ | 316/372 [00:55<00:05,  9.41it/s, recall_0.3=(0, 11) / 1400]eval:  85%|████████▍ | 316/372 [00:55<00:05,  9.41it/s, recall_0.3=(0, 11) / 1404]eval:  85%|████████▌ | 317/372 [00:55<00:05,  9.38it/s, recall_0.3=(0, 11) / 1404]eval:  85%|████████▌ | 317/372 [00:55<00:05,  9.38it/s, recall_0.3=(0, 11) / 1416]eval:  85%|████████▌ | 318/372 [00:55<00:05,  9.35it/s, recall_0.3=(0, 11) / 1416]eval:  85%|████████▌ | 318/372 [00:55<00:05,  9.35it/s, recall_0.3=(0, 11) / 1423]eval:  86%|████████▌ | 319/372 [00:55<00:05,  9.36it/s, recall_0.3=(0, 11) / 1423]eval:  86%|████████▌ | 319/372 [00:55<00:05,  9.36it/s, recall_0.3=(0, 11) / 1426]eval:  86%|████████▌ | 320/372 [00:55<00:05,  9.36it/s, recall_0.3=(0, 11) / 1429]eval:  86%|████████▋ | 321/372 [00:55<00:05,  9.85it/s, recall_0.3=(0, 11) / 1429]eval:  86%|████████▋ | 321/372 [00:55<00:05,  9.85it/s, recall_0.3=(0, 11) / 1433]eval:  87%|████████▋ | 322/372 [00:55<00:05,  9.26it/s, recall_0.3=(0, 11) / 1433]eval:  87%|████████▋ | 322/372 [00:56<00:05,  9.26it/s, recall_0.3=(0, 11) / 1434]eval:  87%|████████▋ | 323/372 [00:56<00:05,  9.37it/s, recall_0.3=(0, 11) / 1434]eval:  87%|████████▋ | 323/372 [00:56<00:05,  9.37it/s, recall_0.3=(0, 11) / 1438]eval:  87%|████████▋ | 324/372 [00:56<00:05,  9.36it/s, recall_0.3=(0, 11) / 1438]eval:  87%|████████▋ | 324/372 [00:56<00:05,  9.36it/s, recall_0.3=(0, 11) / 1452]eval:  87%|████████▋ | 325/372 [00:56<00:05,  9.37it/s, recall_0.3=(0, 11) / 1452]eval:  87%|████████▋ | 325/372 [00:56<00:05,  9.37it/s, recall_0.3=(0, 12) / 1464]eval:  88%|████████▊ | 326/372 [00:56<00:04,  9.31it/s, recall_0.3=(0, 12) / 1464]eval:  88%|████████▊ | 326/372 [00:56<00:04,  9.31it/s, recall_0.3=(0, 12) / 1470]eval:  88%|████████▊ | 327/372 [00:56<00:04,  9.31it/s, recall_0.3=(0, 12) / 1474]eval:  88%|████████▊ | 328/372 [00:56<00:04,  9.66it/s, recall_0.3=(0, 12) / 1474]eval:  88%|████████▊ | 328/372 [00:56<00:04,  9.66it/s, recall_0.3=(0, 12) / 1475]eval:  88%|████████▊ | 329/372 [00:56<00:04,  9.66it/s, recall_0.3=(0, 13) / 1481]eval:  89%|████████▊ | 330/372 [00:56<00:04,  9.55it/s, recall_0.3=(0, 13) / 1481]eval:  89%|████████▊ | 330/372 [00:56<00:04,  9.55it/s, recall_0.3=(0, 13) / 1486]eval:  89%|████████▉ | 331/372 [00:56<00:04,  9.57it/s, recall_0.3=(0, 13) / 1486]eval:  89%|████████▉ | 331/372 [00:56<00:04,  9.57it/s, recall_0.3=(0, 13) / 1489]eval:  89%|████████▉ | 332/372 [00:57<00:04,  9.57it/s, recall_0.3=(0, 13) / 1490]eval:  90%|████████▉ | 333/372 [00:57<00:03,  9.90it/s, recall_0.3=(0, 13) / 1490]eval:  90%|████████▉ | 333/372 [00:57<00:03,  9.90it/s, recall_0.3=(0, 13) / 1491]eval:  90%|████████▉ | 334/372 [00:57<00:03,  9.86it/s, recall_0.3=(0, 13) / 1491]eval:  90%|████████▉ | 334/372 [00:57<00:03,  9.86it/s, recall_0.3=(0, 13) / 1497]eval:  90%|█████████ | 335/372 [00:57<00:03,  9.88it/s, recall_0.3=(0, 13) / 1497]eval:  90%|█████████ | 335/372 [00:57<00:03,  9.88it/s, recall_0.3=(0, 13) / 1503]eval:  90%|█████████ | 336/372 [00:57<00:03,  9.88it/s, recall_0.3=(0, 13) / 1507]eval:  91%|█████████ | 337/372 [00:57<00:03,  9.84it/s, recall_0.3=(0, 13) / 1507]eval:  91%|█████████ | 337/372 [00:57<00:03,  9.84it/s, recall_0.3=(0, 13) / 1509]eval:  91%|█████████ | 338/372 [00:57<00:03,  9.57it/s, recall_0.3=(0, 13) / 1509]eval:  91%|█████████ | 338/372 [00:57<00:03,  9.57it/s, recall_0.3=(0, 13) / 1519]eval:  91%|█████████ | 339/372 [00:57<00:03,  9.33it/s, recall_0.3=(0, 13) / 1519]eval:  91%|█████████ | 339/372 [00:57<00:03,  9.33it/s, recall_0.3=(0, 13) / 1520]eval:  91%|█████████▏| 340/372 [00:57<00:03,  9.33it/s, recall_0.3=(0, 13) / 1525]eval:  92%|█████████▏| 341/372 [00:57<00:03,  9.60it/s, recall_0.3=(0, 13) / 1525]eval:  92%|█████████▏| 341/372 [00:57<00:03,  9.60it/s, recall_0.3=(0, 13) / 1526]eval:  92%|█████████▏| 342/372 [00:57<00:03,  9.57it/s, recall_0.3=(0, 13) / 1526]eval:  92%|█████████▏| 342/372 [00:58<00:03,  9.57it/s, recall_0.3=(0, 13) / 1531]eval:  92%|█████████▏| 343/372 [00:58<00:03,  9.43it/s, recall_0.3=(0, 13) / 1531]eval:  92%|█████████▏| 343/372 [00:58<00:03,  9.43it/s, recall_0.3=(0, 13) / 1532]eval:  92%|█████████▏| 344/372 [00:58<00:03,  9.23it/s, recall_0.3=(0, 13) / 1532]eval:  92%|█████████▏| 344/372 [00:58<00:03,  9.23it/s, recall_0.3=(0, 13) / 1533]eval:  93%|█████████▎| 345/372 [00:58<00:02,  9.23it/s, recall_0.3=(0, 13) / 1538]eval:  93%|█████████▎| 346/372 [00:58<00:02,  9.77it/s, recall_0.3=(0, 13) / 1538]eval:  93%|█████████▎| 346/372 [00:58<00:02,  9.77it/s, recall_0.3=(0, 13) / 1540]eval:  93%|█████████▎| 347/372 [00:58<00:02,  9.59it/s, recall_0.3=(0, 13) / 1540]eval:  93%|█████████▎| 347/372 [00:58<00:02,  9.59it/s, recall_0.3=(0, 13) / 1551]eval:  94%|█████████▎| 348/372 [00:58<00:02,  9.53it/s, recall_0.3=(0, 13) / 1551]eval:  94%|█████████▎| 348/372 [00:58<00:02,  9.53it/s, recall_0.3=(0, 13) / 1552]eval:  94%|█████████▍| 349/372 [00:58<00:02,  9.53it/s, recall_0.3=(0, 13) / 1556]eval:  94%|█████████▍| 350/372 [00:58<00:02,  9.59it/s, recall_0.3=(0, 13) / 1556]eval:  94%|█████████▍| 350/372 [00:58<00:02,  9.59it/s, recall_0.3=(0, 13) / 1560]eval:  94%|█████████▍| 351/372 [00:59<00:02,  9.59it/s, recall_0.3=(0, 13) / 1566]eval:  95%|█████████▍| 352/372 [00:59<00:02,  9.77it/s, recall_0.3=(0, 13) / 1566]eval:  95%|█████████▍| 352/372 [00:59<00:02,  9.77it/s, recall_0.3=(0, 13) / 1568]eval:  95%|█████████▍| 353/372 [00:59<00:01,  9.77it/s, recall_0.3=(0, 13) / 1569]eval:  95%|█████████▌| 354/372 [00:59<00:01,  9.85it/s, recall_0.3=(0, 13) / 1569]eval:  95%|█████████▌| 354/372 [00:59<00:01,  9.85it/s, recall_0.3=(0, 13) / 1577]eval:  95%|█████████▌| 355/372 [00:59<00:01,  9.63it/s, recall_0.3=(0, 13) / 1577]eval:  95%|█████████▌| 355/372 [00:59<00:01,  9.63it/s, recall_0.3=(0, 14) / 1578]eval:  96%|█████████▌| 356/372 [00:59<00:01,  9.63it/s, recall_0.3=(0, 14) / 1586]eval:  96%|█████████▌| 357/372 [00:59<00:01,  9.41it/s, recall_0.3=(0, 14) / 1586]eval:  96%|█████████▌| 357/372 [00:59<00:01,  9.41it/s, recall_0.3=(0, 14) / 1591]eval:  96%|█████████▌| 358/372 [00:59<00:01,  9.17it/s, recall_0.3=(0, 14) / 1591]eval:  96%|█████████▌| 358/372 [00:59<00:01,  9.17it/s, recall_0.3=(0, 14) / 1595]eval:  97%|█████████▋| 359/372 [00:59<00:01,  9.17it/s, recall_0.3=(0, 14) / 1596]eval:  97%|█████████▋| 360/372 [00:59<00:01,  9.40it/s, recall_0.3=(0, 14) / 1596]eval:  97%|█████████▋| 360/372 [00:59<00:01,  9.40it/s, recall_0.3=(0, 14) / 1600]eval:  97%|█████████▋| 361/372 [00:59<00:01,  9.48it/s, recall_0.3=(0, 14) / 1600]eval:  97%|█████████▋| 361/372 [01:00<00:01,  9.48it/s, recall_0.3=(0, 14) / 1605]eval:  97%|█████████▋| 362/372 [01:00<00:01,  9.25it/s, recall_0.3=(0, 14) / 1605]eval:  97%|█████████▋| 362/372 [01:00<00:01,  9.25it/s, recall_0.3=(0, 14) / 1606]eval:  98%|█████████▊| 363/372 [01:00<00:00,  9.36it/s, recall_0.3=(0, 14) / 1606]eval:  98%|█████████▊| 363/372 [01:00<00:00,  9.36it/s, recall_0.3=(0, 14) / 1608]eval:  98%|█████████▊| 364/372 [01:00<00:00,  9.13it/s, recall_0.3=(0, 14) / 1608]eval:  98%|█████████▊| 364/372 [01:00<00:00,  9.13it/s, recall_0.3=(0, 14) / 1610]eval:  98%|█████████▊| 365/372 [01:00<00:00,  9.13it/s, recall_0.3=(0, 14) / 1622]eval:  98%|█████████▊| 366/372 [01:00<00:00, 10.08it/s, recall_0.3=(0, 14) / 1622]eval:  98%|█████████▊| 366/372 [01:00<00:00, 10.08it/s, recall_0.3=(0, 14) / 1632]eval:  99%|█████████▊| 367/372 [01:00<00:00, 10.08it/s, recall_0.3=(0, 14) / 1635]eval:  99%|█████████▉| 368/372 [01:00<00:00, 10.90it/s, recall_0.3=(0, 14) / 1635]eval:  99%|█████████▉| 368/372 [01:00<00:00, 10.90it/s, recall_0.3=(0, 14) / 1641]eval:  99%|█████████▉| 369/372 [01:00<00:00, 10.90it/s, recall_0.3=(0, 14) / 1642]eval:  99%|█████████▉| 370/372 [01:00<00:00, 11.48it/s, recall_0.3=(0, 14) / 1642]eval:  99%|█████████▉| 370/372 [01:00<00:00, 11.48it/s, recall_0.3=(0, 14) / 1643]eval: 100%|█████████▉| 371/372 [01:00<00:00, 11.48it/s, recall_0.3=(0, 14) / 1649]eval: 100%|██████████| 372/372 [01:00<00:00, 11.95it/s, recall_0.3=(0, 14) / 1649]eval: 100%|██████████| 372/372 [01:01<00:00,  6.04it/s, recall_0.3=(0, 14) / 1649]
2026-10-03 21:17:21,355   INFO  *************** Performance of EPOCH 1 *****************
2026-10-03 21:17:21,355   INFO  Generate label finished(sec_per_example: 0.1661 second).
2026-10-03 21:17:21,356   INFO  recall_roi_0.3: 0.000000
2026-10-03 21:17:21,356   INFO  recall_rcnn_0.3: 0.008490
2026-10-03 21:17:21,356   INFO  recall_roi_0.5: 0.000000
2026-10-03 21:17:21,356   INFO  recall_rcnn_0.5: 0.006671
2026-10-03 21:17:21,357   INFO  recall_roi_0.7: 0.000000
2026-10-03 21:17:21,357   INFO  recall_rcnn_0.7: 0.001213
2026-10-03 21:17:21,357   INFO  Average predicted number of objects(372 samples): 2.519
2026-10-03 21:17:21,369   INFO  ---- 3d box evaluation ---- 
/home/sheng/paper6/.venv/lib/python3.10/site-packages/numba/cuda/dispatcher.py:536: NumbaPerformanceWarning: [1mGrid size 1 will likely result in GPU under-utilization due to low occupancy.[0m
  warn(NumbaPerformanceWarning(msg))
/home/sheng/paper6/.venv/lib/python3.10/site-packages/numba/cuda/dispatcher.py:536: NumbaPerformanceWarning: [1mGrid size 2 will likely result in GPU under-utilization due to low occupancy.[0m
  warn(NumbaPerformanceWarning(msg))
/home/sheng/paper6/.venv/lib/python3.10/site-packages/numba/cuda/dispatcher.py:536: NumbaPerformanceWarning: [1mGrid size 21 will likely result in GPU under-utilization due to low occupancy.[0m
  warn(NumbaPerformanceWarning(msg))
/home/sheng/paper6/.venv/lib/python3.10/site-packages/numba/cuda/dispatcher.py:536: NumbaPerformanceWarning: [1mGrid size 1 will likely result in GPU under-utilization due to low occupancy.[0m
  warn(NumbaPerformanceWarning(msg))
/home/sheng/paper6/.venv/lib/python3.10/site-packages/numba/core/typed_passes.py:336: NumbaPerformanceWarning: [1m
The keyword argument 'parallel=True' was specified but no transformation for parallel execution was possible.

To find out why, try turning on parallel diagnostics, see https://numba.readthedocs.io/en/stable/user/parallel.html#diagnostics for help.
[1m
File "liga/datasets/kitti/kitti_object_eval_python/eval.py", line 121:[0m
[1m@numba.jit(nopython=True, parallel=True)
[1mdef d3_box_overlap_kernel(boxes, qboxes, rinc, criterion=-1):
[0m[1m^[0m[0m
[0m
  warnings.warn(errors.NumbaPerformanceWarning(msg,
/home/sheng/paper6/.venv/lib/python3.10/site-packages/numba/cuda/dispatcher.py:536: NumbaPerformanceWarning: [1mGrid size 1 will likely result in GPU under-utilization due to low occupancy.[0m
  warn(NumbaPerformanceWarning(msg))
/home/sheng/paper6/.venv/lib/python3.10/site-packages/numba/core/typed_passes.py:336: NumbaPerformanceWarning: [1m
The keyword argument 'parallel=True' was specified but no transformation for parallel execution was possible.

To find out why, try turning on parallel diagnostics, see https://numba.readthedocs.io/en/stable/user/parallel.html#diagnostics for help.
[1m
File "liga/datasets/kitti/kitti_object_eval_python/eval.py", line 121:[0m
[1m@numba.jit(nopython=True, parallel=True)
[1mdef d3_box_overlap_kernel(boxes, qboxes, rinc, criterion=-1):
[0m[1m^[0m[0m
[0m
  warnings.warn(errors.NumbaPerformanceWarning(msg,
/home/sheng/paper6/.venv/lib/python3.10/site-packages/numba/cuda/dispatcher.py:536: NumbaPerformanceWarning: [1mGrid size 1 will likely result in GPU under-utilization due to low occupancy.[0m
  warn(NumbaPerformanceWarning(msg))
/home/sheng/paper6/.venv/lib/python3.10/site-packages/numba/cuda/dispatcher.py:536: NumbaPerformanceWarning: [1mGrid size 2 will likely result in GPU under-utilization due to low occupancy.[0m
  warn(NumbaPerformanceWarning(msg))
/home/sheng/paper6/.venv/lib/python3.10/site-packages/numba/cuda/dispatcher.py:536: NumbaPerformanceWarning: [1mGrid size 21 will likely result in GPU under-utilization due to low occupancy.[0m
  warn(NumbaPerformanceWarning(msg))
2026-10-03 21:17:29,662   INFO  Car AP@0.70, 0.70, 0.70:
bbox AP:0.3190, 0.2720, 0.2797
bev  AP:0.1204, 0.2217, 0.2217
3d   AP:0.0627, 0.0469, 0.0469
aos  AP:0.18, 0.23, 0.23
Car AP_R40@0.70, 0.70, 0.70:
bbox AP:0.0877, 0.0748, 0.0769
bev  AP:0.0331, 0.0362, 0.0362
3d   AP:0.0000, 0.0000, 0.0000
aos  AP:0.04, 0.04, 0.05
Car AP@0.70, 0.50, 0.50:
bbox AP:0.3190, 0.2720, 0.2797
bev  AP:1.5152, 1.5152, 1.5152
3d   AP:0.2612, 0.2282, 0.2401
aos  AP:0.18, 0.23, 0.23
Car AP_R40@0.70, 0.50, 0.50:
bbox AP:0.0877, 0.0748, 0.0769
bev  AP:0.0877, 0.0742, 0.0766
3d   AP:0.0718, 0.0628, 0.0660
aos  AP:0.04, 0.04, 0.05
Pedestrian AP@0.50, 0.50, 0.50:
bbox AP:0.0000, 0.1567, 0.1567
bev  AP:0.0000, 0.0000, 0.0000
3d   AP:0.0000, 0.0000, 0.0000
aos  AP:0.00, 0.04, 0.04
Pedestrian AP_R40@0.50, 0.50, 0.50:
bbox AP:0.0000, 0.0000, 0.0000
bev  AP:0.0000, 0.0000, 0.0000
3d   AP:0.0000, 0.0000, 0.0000
aos  AP:0.00, 0.00, 0.00
Pedestrian AP@0.50, 0.25, 0.25:
bbox AP:0.0000, 0.1567, 0.1567
bev  AP:0.0000, 0.1567, 0.1567
3d   AP:0.0000, 0.1567, 0.1567
aos  AP:0.00, 0.04, 0.04
Pedestrian AP_R40@0.50, 0.25, 0.25:
bbox AP:0.0000, 0.0000, 0.0000
bev  AP:0.0000, 0.0000, 0.0000
3d   AP:0.0000, 0.0000, 0.0000
aos  AP:0.00, 0.00, 0.00
Cyclist AP@0.50, 0.50, 0.50:
bbox AP:0.0000, 0.0000, 0.0000
bev  AP:0.0000, 0.0000, 0.0000
3d   AP:0.0000, 0.0000, 0.0000
aos  AP:0.00, 0.00, 0.00
Cyclist AP_R40@0.50, 0.50, 0.50:
bbox AP:0.0000, 0.0000, 0.0000
bev  AP:0.0000, 0.0000, 0.0000
3d   AP:0.0000, 0.0000, 0.0000
aos  AP:0.00, 0.00, 0.00
Cyclist AP@0.50, 0.25, 0.25:
bbox AP:0.0000, 0.0000, 0.0000
bev  AP:0.0000, 0.0000, 0.0000
3d   AP:0.0000, 0.0000, 0.0000
aos  AP:0.00, 0.00, 0.00
Cyclist AP_R40@0.50, 0.25, 0.25:
bbox AP:0.0000, 0.0000, 0.0000
bev  AP:0.0000, 0.0000, 0.0000
3d   AP:0.0000, 0.0000, 0.0000
aos  AP:0.00, 0.00, 0.00

2026-10-03 21:17:29,663   INFO  ---- 2d box evaluation ---- 
/home/sheng/paper6/.venv/lib/python3.10/site-packages/numba/cuda/dispatcher.py:536: NumbaPerformanceWarning: [1mGrid size 4 will likely result in GPU under-utilization due to low occupancy.[0m
  warn(NumbaPerformanceWarning(msg))
/home/sheng/paper6/.venv/lib/python3.10/site-packages/numba/cuda/dispatcher.py:536: NumbaPerformanceWarning: [1mGrid size 5 will likely result in GPU under-utilization due to low occupancy.[0m
  warn(NumbaPerformanceWarning(msg))
/home/sheng/paper6/.venv/lib/python3.10/site-packages/numba/cuda/dispatcher.py:536: NumbaPerformanceWarning: [1mGrid size 3 will likely result in GPU under-utilization due to low occupancy.[0m
  warn(NumbaPerformanceWarning(msg))
/home/sheng/paper6/.venv/lib/python3.10/site-packages/numba/cuda/dispatcher.py:536: NumbaPerformanceWarning: [1mGrid size 2 will likely result in GPU under-utilization due to low occupancy.[0m
  warn(NumbaPerformanceWarning(msg))
/home/sheng/paper6/.venv/lib/python3.10/site-packages/numba/cuda/dispatcher.py:536: NumbaPerformanceWarning: [1mGrid size 4 will likely result in GPU under-utilization due to low occupancy.[0m
  warn(NumbaPerformanceWarning(msg))
/home/sheng/paper6/.venv/lib/python3.10/site-packages/numba/cuda/dispatcher.py:536: NumbaPerformanceWarning: [1mGrid size 5 will likely result in GPU under-utilization due to low occupancy.[0m
  warn(NumbaPerformanceWarning(msg))
/home/sheng/paper6/.venv/lib/python3.10/site-packages/numba/cuda/dispatcher.py:536: NumbaPerformanceWarning: [1mGrid size 3 will likely result in GPU under-utilization due to low occupancy.[0m
  warn(NumbaPerformanceWarning(msg))
/home/sheng/paper6/.venv/lib/python3.10/site-packages/numba/cuda/dispatcher.py:536: NumbaPerformanceWarning: [1mGrid size 2 will likely result in GPU under-utilization due to low occupancy.[0m
  warn(NumbaPerformanceWarning(msg))
2026-10-03 21:17:32,789   INFO  Car AP_R40@0.70, 0.70, 0.70:
bbox AP:0.0093, 0.0083, 0.0123
Car AP_R40@0.70, 0.50, 0.50:
bbox AP:0.0093, 0.0083, 0.0123
Pedestrian AP_R40@0.50, 0.50, 0.50:
bbox AP:0.0352, 0.0463, 0.0470
Pedestrian AP_R40@0.50, 0.25, 0.25:
bbox AP:0.0352, 0.0463, 0.0470
Cyclist AP_R40@0.50, 0.50, 0.50:
bbox AP:0.0000, 0.0035, 0.0035
Cyclist AP_R40@0.50, 0.25, 0.25:
bbox AP:0.0000, 0.0035, 0.0035

2026-10-03 21:17:32,790   INFO  Result is save to /mnt/d/paper6/runs/liga/home_sheng_paper6_configs_tuning/student_uniform_seed17_epoch1.tune_uniform_seed17_002/ckpt/checkpoint_epoch_1.pth.eval/eval/epoch_1/geocomm_tune_holdout/diagnostic_student_uncompressed_seed17_002
2026-10-03 21:17:32,790   INFO  ****************Evaluation done.*****************
[rank0]:[W1003 21:17:33.010970858 ProcessGroupNCCL.cpp:1250] Warning: WARNING: process group has NOT been destroyed before we destruct ProcessGroupNCCL. On normal program exit, the application should call destroy_process_group to ensure that any pending NCCL operations have finished in this process. In rare cases this process can exit before this point and block the progress of another member of the process group. This constraint has always been present,  but this warning has only been added since PyTorch 2.4 (function operator())
