/home/sheng/anaconda3/envs/epiu-dsgn/lib/python3.10/site-packages/torch/distributed/launch.py:208: FutureWarning: The module torch.distributed.launch is deprecated
and will be removed in future. Use torchrun.
Note that --use-env is set by default in torchrun.
If your script expects `--local-rank` argument to be set, please
change it to read from `os.environ['LOCAL_RANK']` instead. See 
https://pytorch.org/docs/stable/distributed.html#launch-utility for 
further instructions

  main()
/home/sheng/paper6/.venv/lib/python3.10/site-packages/mmcv/__init__.py:20: UserWarning: On January 1, 2023, MMCV will release v2.0.0, in which it will remove components related to the training process and add a data transformation module. In addition, it will rename the package names mmcv to mmcv-lite and mmcv-full to mmcv. See https://github.com/open-mmlab/mmcv/blob/master/docs/en/compatibility.md for more details.
  warnings.warn(
2026-10-03 20:08:08,568   INFO  **********************Start logging**********************
2026-10-03 20:08:08,569   INFO  CUDA_VISIBLE_DEVICES=0
2026-10-03 20:08:08,569   INFO  eval output dir: /mnt/d/paper6/checkpoints/liga-author-download.eval/eval/epoch_6/val/clean_seed17_003
2026-10-03 20:08:08,570   INFO  total_batch_size: 1
2026-10-03 20:08:08,570   INFO  cfg_file         /home/sheng/paper6/third_party/LIGA-Stereo/configs/stereo/kitti_models/liga.3d-and-bev.yaml
2026-10-03 20:08:08,570   INFO  batch_size       1
2026-10-03 20:08:08,571   INFO  workers          4
2026-10-03 20:08:08,571   INFO  exp_name         None
2026-10-03 20:08:08,571   INFO  eval_tag         clean_seed17_003
2026-10-03 20:08:08,571   INFO  max_waiting_mins 30
2026-10-03 20:08:08,572   INFO  save_to_file     True
2026-10-03 20:08:08,572   INFO  ckpt             /mnt/d/paper6/checkpoints/liga-author-download
2026-10-03 20:08:08,573   INFO  ckpt_id          None
2026-10-03 20:08:08,573   INFO  start_epoch      0
2026-10-03 20:08:08,573   INFO  launcher         pytorch
2026-10-03 20:08:08,574   INFO  tcp_port         18888
2026-10-03 20:08:08,574   INFO  local_rank       0
2026-10-03 20:08:08,574   INFO  set_cfgs         None
2026-10-03 20:08:08,574   INFO  trainval         False
2026-10-03 20:08:08,575   INFO  imitation        2d
2026-10-03 20:08:08,575   INFO  cfg.ROOT_DIR: /home/sheng/paper6/third_party/LIGA-Stereo
2026-10-03 20:08:08,575   INFO  cfg.LOCAL_RANK: 0
2026-10-03 20:08:08,576   INFO  cfg.CLASS_NAMES: ['Car', 'Pedestrian', 'Cyclist']
2026-10-03 20:08:08,576   INFO  
cfg.DATA_CONFIG = edict()
2026-10-03 20:08:08,576   INFO  cfg.DATA_CONFIG.DATASET: StereoKittiDataset
2026-10-03 20:08:08,577   INFO  cfg.DATA_CONFIG.DATA_PATH: ./data/kitti
2026-10-03 20:08:08,577   INFO  cfg.DATA_CONFIG.FLIP: True
2026-10-03 20:08:08,577   INFO  cfg.DATA_CONFIG.FORCE_FLIP: False
2026-10-03 20:08:08,578   INFO  cfg.DATA_CONFIG.POINT_CLOUD_RANGE: [2, -30.4, -3, 59.6, 30.4, 1]
2026-10-03 20:08:08,578   INFO  cfg.DATA_CONFIG.VOXEL_SIZE: [0.05, 0.05, 0.1]
2026-10-03 20:08:08,578   INFO  cfg.DATA_CONFIG.STEREO_VOXEL_SIZE: [0.2, 0.2, 0.2]
2026-10-03 20:08:08,579   INFO  
cfg.DATA_CONFIG.DATA_SPLIT = edict()
2026-10-03 20:08:08,579   INFO  cfg.DATA_CONFIG.DATA_SPLIT.train: train
2026-10-03 20:08:08,579   INFO  cfg.DATA_CONFIG.DATA_SPLIT.test: val
2026-10-03 20:08:08,580   INFO  
cfg.DATA_CONFIG.INFO_PATH = edict()
2026-10-03 20:08:08,580   INFO  cfg.DATA_CONFIG.INFO_PATH.train: ['kitti_infos_train.pkl']
2026-10-03 20:08:08,580   INFO  cfg.DATA_CONFIG.INFO_PATH.test: ['kitti_infos_val.pkl']
2026-10-03 20:08:08,580   INFO  cfg.DATA_CONFIG.USE_VAN: True
2026-10-03 20:08:08,581   INFO  cfg.DATA_CONFIG.USE_PERSON_SITTING: True
2026-10-03 20:08:08,581   INFO  cfg.DATA_CONFIG.FOV_POINTS_ONLY: True
2026-10-03 20:08:08,581   INFO  cfg.DATA_CONFIG.BOXES_GT_IN_CAM2_VIEW: False
2026-10-03 20:08:08,582   INFO  cfg.DATA_CONFIG.GENERATE_CORNER_HEATMAP: False
2026-10-03 20:08:08,582   INFO  cfg.DATA_CONFIG.CAT_REFLECT_DIM: False
2026-10-03 20:08:08,582   INFO  cfg.DATA_CONFIG.TRAIN_DATA_AUGMENTOR: [{'NAME': 'random_crop', 'MIN_REL_X': 0, 'MAX_REL_X': 0, 'MIN_REL_Y': 1.0, 'MAX_REL_Y': 1.0, 'MAX_CROP_H': 320, 'MAX_CROP_W': 1280}, {'NAME': 'filter_truncated', 'AREA_RATIO_THRESH': None, 'AREA_2D_RATIO_THRESH': None, 'GT_TRUNCATED_THRESH': 0.98}]
2026-10-03 20:08:08,583   INFO  cfg.DATA_CONFIG.TEST_DATA_AUGMENTOR: [{'NAME': 'random_crop', 'MIN_REL_X': 0, 'MAX_REL_X': 0, 'MIN_REL_Y': 1.0, 'MAX_REL_Y': 1.0, 'MAX_CROP_H': 320, 'MAX_CROP_W': 1280}]
2026-10-03 20:08:08,583   INFO  
cfg.DATA_CONFIG.POINT_FEATURE_ENCODING = edict()
2026-10-03 20:08:08,584   INFO  cfg.DATA_CONFIG.POINT_FEATURE_ENCODING.encoding_type: absolute_coordinates_encoding
2026-10-03 20:08:08,584   INFO  cfg.DATA_CONFIG.POINT_FEATURE_ENCODING.used_feature_list: ['x', 'y', 'z']
2026-10-03 20:08:08,584   INFO  cfg.DATA_CONFIG.POINT_FEATURE_ENCODING.src_feature_list: ['x', 'y', 'z']
2026-10-03 20:08:08,585   INFO  cfg.DATA_CONFIG.DATA_PROCESSOR: [{'NAME': 'mask_points_and_boxes_outside_range', 'REMOVE_OUTSIDE_BOXES': True}, {'NAME': 'transform_points_to_voxels', 'VOXEL_SIZE': [0.05, 0.05, 0.1], 'MAX_POINTS_PER_VOXEL': 5, 'MAX_NUMBER_OF_VOXELS': {'train': 40000, 'test': 40000}}]
2026-10-03 20:08:08,585   INFO  cfg.DATA_CONFIG._BASE_CONFIG_: ./configs/stereo/dataset_configs/kitti_dataset_fused.yaml
2026-10-03 20:08:08,585   INFO  
cfg.MODEL = edict()
2026-10-03 20:08:08,586   INFO  cfg.MODEL.NAME: stereo_LIGA
2026-10-03 20:08:08,586   INFO  
cfg.MODEL.LIDAR_MODEL = edict()
2026-10-03 20:08:08,586   INFO  cfg.MODEL.LIDAR_MODEL.NAME: SECONDNet
2026-10-03 20:08:08,587   INFO  cfg.MODEL.LIDAR_MODEL.RETURN_BATCH_DICT: True
2026-10-03 20:08:08,587   INFO  cfg.MODEL.LIDAR_MODEL.PRETRAINED_MODEL: ./ckpt/second_s4_hg.iouloss.ep78.backbone-no-final-bnrelu.input-only-xyz.default-lr-policy-with-wd-decay-78ep.pth
2026-10-03 20:08:08,587   INFO  
cfg.MODEL.LIDAR_MODEL.VFE = edict()
2026-10-03 20:08:08,587   INFO  cfg.MODEL.LIDAR_MODEL.VFE.NAME: MeanVFE
2026-10-03 20:08:08,588   INFO  
cfg.MODEL.LIDAR_MODEL.BACKBONE_3D = edict()
2026-10-03 20:08:08,588   INFO  cfg.MODEL.LIDAR_MODEL.BACKBONE_3D.NAME: VoxelBackBone4xNoFinalBnReLU
2026-10-03 20:08:08,588   INFO  
cfg.MODEL.LIDAR_MODEL.MAP_TO_BEV = edict()
2026-10-03 20:08:08,588   INFO  cfg.MODEL.LIDAR_MODEL.MAP_TO_BEV.NAME: HeightCompression
2026-10-03 20:08:08,588   INFO  cfg.MODEL.LIDAR_MODEL.MAP_TO_BEV.NUM_BEV_FEATURES: 160
2026-10-03 20:08:08,589   INFO  
cfg.MODEL.LIDAR_MODEL.BACKBONE_2D = edict()
2026-10-03 20:08:08,589   INFO  cfg.MODEL.LIDAR_MODEL.BACKBONE_2D.NAME: HgBEVBackbone
2026-10-03 20:08:08,589   INFO  cfg.MODEL.LIDAR_MODEL.BACKBONE_2D.num_channels: 64
2026-10-03 20:08:08,590   INFO  cfg.MODEL.LIDAR_MODEL.BACKBONE_2D.GN: False
2026-10-03 20:08:08,590   INFO  
cfg.MODEL.BACKBONE_3D = edict()
2026-10-03 20:08:08,590   INFO  cfg.MODEL.BACKBONE_3D.NAME: LigaBackbone
2026-10-03 20:08:08,591   INFO  cfg.MODEL.BACKBONE_3D.maxdisp: 288
2026-10-03 20:08:08,591   INFO  cfg.MODEL.BACKBONE_3D.downsample_disp: 4
2026-10-03 20:08:08,591   INFO  cfg.MODEL.BACKBONE_3D.GN: True
2026-10-03 20:08:08,591   INFO  cfg.MODEL.BACKBONE_3D.img_feature_attentionbydisp: True
2026-10-03 20:08:08,592   INFO  cfg.MODEL.BACKBONE_3D.voxel_attentionbydisp: False
2026-10-03 20:08:08,592   INFO  cfg.MODEL.BACKBONE_3D.cat_img_feature: True
2026-10-03 20:08:08,592   INFO  cfg.MODEL.BACKBONE_3D.num_3dconvs: 1
2026-10-03 20:08:08,592   INFO  
cfg.MODEL.BACKBONE_3D.feature_backbone = edict()
2026-10-03 20:08:08,593   INFO  cfg.MODEL.BACKBONE_3D.feature_backbone.type: ResNet
2026-10-03 20:08:08,593   INFO  cfg.MODEL.BACKBONE_3D.feature_backbone.depth: 34
2026-10-03 20:08:08,593   INFO  cfg.MODEL.BACKBONE_3D.feature_backbone.num_stages: 4
2026-10-03 20:08:08,594   INFO  cfg.MODEL.BACKBONE_3D.feature_backbone.out_indices: [0, 1, 2, 3]
2026-10-03 20:08:08,594   INFO  cfg.MODEL.BACKBONE_3D.feature_backbone.frozen_stages: -1
2026-10-03 20:08:08,594   INFO  
cfg.MODEL.BACKBONE_3D.feature_backbone.norm_cfg = edict()
2026-10-03 20:08:08,594   INFO  cfg.MODEL.BACKBONE_3D.feature_backbone.norm_cfg.type: BN
2026-10-03 20:08:08,595   INFO  cfg.MODEL.BACKBONE_3D.feature_backbone.norm_cfg.requires_grad: True
2026-10-03 20:08:08,595   INFO  cfg.MODEL.BACKBONE_3D.feature_backbone.norm_eval: False
2026-10-03 20:08:08,595   INFO  cfg.MODEL.BACKBONE_3D.feature_backbone.style: pytorch
2026-10-03 20:08:08,595   INFO  cfg.MODEL.BACKBONE_3D.feature_backbone.with_max_pool: False
2026-10-03 20:08:08,596   INFO  cfg.MODEL.BACKBONE_3D.feature_backbone.deep_stem: False
2026-10-03 20:08:08,596   INFO  cfg.MODEL.BACKBONE_3D.feature_backbone.block_with_final_relu: False
2026-10-03 20:08:08,596   INFO  cfg.MODEL.BACKBONE_3D.feature_backbone.base_channels: 64
2026-10-03 20:08:08,596   INFO  cfg.MODEL.BACKBONE_3D.feature_backbone.strides: [1, 2, 1, 1]
2026-10-03 20:08:08,597   INFO  cfg.MODEL.BACKBONE_3D.feature_backbone.dilations: [1, 1, 2, 4]
2026-10-03 20:08:08,597   INFO  cfg.MODEL.BACKBONE_3D.feature_backbone.num_channels_factor: [1, 2, 2, 2]
2026-10-03 20:08:08,597   INFO  cfg.MODEL.BACKBONE_3D.feature_backbone_pretrained: torchvision://resnet34
2026-10-03 20:08:08,597   INFO  
cfg.MODEL.BACKBONE_3D.feature_neck = edict()
2026-10-03 20:08:08,598   INFO  cfg.MODEL.BACKBONE_3D.feature_neck.GN: True
2026-10-03 20:08:08,598   INFO  cfg.MODEL.BACKBONE_3D.feature_neck.in_dims: [3, 64, 128, 128, 128]
2026-10-03 20:08:08,598   INFO  cfg.MODEL.BACKBONE_3D.feature_neck.start_level: 2
2026-10-03 20:08:08,599   INFO  cfg.MODEL.BACKBONE_3D.feature_neck.stereo_dim: [32, 32]
2026-10-03 20:08:08,599   INFO  cfg.MODEL.BACKBONE_3D.feature_neck.with_upconv: True
2026-10-03 20:08:08,599   INFO  cfg.MODEL.BACKBONE_3D.feature_neck.cat_img_feature: True
2026-10-03 20:08:08,600   INFO  cfg.MODEL.BACKBONE_3D.feature_neck.sem_dim: [128, 32]
2026-10-03 20:08:08,600   INFO  
cfg.MODEL.BACKBONE_3D.sem_neck = edict()
2026-10-03 20:08:08,600   INFO  cfg.MODEL.BACKBONE_3D.sem_neck.type: FPN
2026-10-03 20:08:08,600   INFO  cfg.MODEL.BACKBONE_3D.sem_neck.in_channels: [32]
2026-10-03 20:08:08,601   INFO  cfg.MODEL.BACKBONE_3D.sem_neck.out_channels: 64
2026-10-03 20:08:08,601   INFO  cfg.MODEL.BACKBONE_3D.sem_neck.start_level: 0
2026-10-03 20:08:08,601   INFO  cfg.MODEL.BACKBONE_3D.sem_neck.add_extra_convs: on_output
2026-10-03 20:08:08,602   INFO  cfg.MODEL.BACKBONE_3D.sem_neck.num_outs: 5
2026-10-03 20:08:08,602   INFO  cfg.MODEL.BACKBONE_3D.cost_volume: [{'type': 'concat', 'downsample': 4}]
2026-10-03 20:08:08,603   INFO  cfg.MODEL.BACKBONE_3D.cv_dim: 32
2026-10-03 20:08:08,603   INFO  cfg.MODEL.BACKBONE_3D.rpn3d_dim: 32
2026-10-03 20:08:08,603   INFO  cfg.MODEL.BACKBONE_3D.downsampled_depth_offset: 0.5
2026-10-03 20:08:08,604   INFO  cfg.MODEL.BACKBONE_3D.use_stereo_out_type: feature
2026-10-03 20:08:08,604   INFO  cfg.MODEL.BACKBONE_3D.num_hg: 1
2026-10-03 20:08:08,604   INFO  
cfg.MODEL.DENSE_HEAD_2D = edict()
2026-10-03 20:08:08,604   INFO  cfg.MODEL.DENSE_HEAD_2D.NAME: MMDet2DHead
2026-10-03 20:08:08,605   INFO  cfg.MODEL.DENSE_HEAD_2D.use_3d_center: True
2026-10-03 20:08:08,605   INFO  
cfg.MODEL.DENSE_HEAD_2D.cfg = edict()
2026-10-03 20:08:08,605   INFO  cfg.MODEL.DENSE_HEAD_2D.cfg.type: ATSSAdvHead
2026-10-03 20:08:08,606   INFO  cfg.MODEL.DENSE_HEAD_2D.cfg.reg_class_agnostic: False
2026-10-03 20:08:08,606   INFO  cfg.MODEL.DENSE_HEAD_2D.cfg.seperate_extra_reg_branch: False
2026-10-03 20:08:08,606   INFO  cfg.MODEL.DENSE_HEAD_2D.cfg.num_classes: 3
2026-10-03 20:08:08,607   INFO  cfg.MODEL.DENSE_HEAD_2D.cfg.in_channels: 64
2026-10-03 20:08:08,607   INFO  cfg.MODEL.DENSE_HEAD_2D.cfg.stacked_convs: 4
2026-10-03 20:08:08,607   INFO  cfg.MODEL.DENSE_HEAD_2D.cfg.feat_channels: 64
2026-10-03 20:08:08,607   INFO  
cfg.MODEL.DENSE_HEAD_2D.cfg.anchor_generator = edict()
2026-10-03 20:08:08,608   INFO  cfg.MODEL.DENSE_HEAD_2D.cfg.anchor_generator.type: AnchorGenerator
2026-10-03 20:08:08,608   INFO  cfg.MODEL.DENSE_HEAD_2D.cfg.anchor_generator.ratios: [1.0]
2026-10-03 20:08:08,608   INFO  cfg.MODEL.DENSE_HEAD_2D.cfg.anchor_generator.octave_base_scale: 16
2026-10-03 20:08:08,608   INFO  cfg.MODEL.DENSE_HEAD_2D.cfg.anchor_generator.scales_per_octave: 1
2026-10-03 20:08:08,609   INFO  cfg.MODEL.DENSE_HEAD_2D.cfg.anchor_generator.strides: [4, 8, 16, 32, 64]
2026-10-03 20:08:08,609   INFO  cfg.MODEL.DENSE_HEAD_2D.cfg.num_extra_reg_channel: 0
2026-10-03 20:08:08,609   INFO  
cfg.MODEL.DENSE_HEAD_2D.cfg.bbox_coder = edict()
2026-10-03 20:08:08,609   INFO  cfg.MODEL.DENSE_HEAD_2D.cfg.bbox_coder.type: DeltaXYWHBBoxCoder
2026-10-03 20:08:08,609   INFO  cfg.MODEL.DENSE_HEAD_2D.cfg.bbox_coder.target_means: [0.0, 0.0, 0.0, 0.0]
2026-10-03 20:08:08,610   INFO  cfg.MODEL.DENSE_HEAD_2D.cfg.bbox_coder.target_stds: [0.1, 0.1, 0.2, 0.2]
2026-10-03 20:08:08,610   INFO  
cfg.MODEL.DENSE_HEAD_2D.cfg.loss_cls = edict()
2026-10-03 20:08:08,610   INFO  cfg.MODEL.DENSE_HEAD_2D.cfg.loss_cls.type: FocalLoss
2026-10-03 20:08:08,610   INFO  cfg.MODEL.DENSE_HEAD_2D.cfg.loss_cls.use_sigmoid: True
2026-10-03 20:08:08,610   INFO  cfg.MODEL.DENSE_HEAD_2D.cfg.loss_cls.gamma: 2.0
2026-10-03 20:08:08,611   INFO  cfg.MODEL.DENSE_HEAD_2D.cfg.loss_cls.alpha: 0.25
2026-10-03 20:08:08,611   INFO  cfg.MODEL.DENSE_HEAD_2D.cfg.loss_cls.loss_weight: 1.0
2026-10-03 20:08:08,611   INFO  
cfg.MODEL.DENSE_HEAD_2D.cfg.loss_bbox = edict()
2026-10-03 20:08:08,611   INFO  cfg.MODEL.DENSE_HEAD_2D.cfg.loss_bbox.type: GIoULoss
2026-10-03 20:08:08,611   INFO  cfg.MODEL.DENSE_HEAD_2D.cfg.loss_bbox.loss_weight: 2.0
2026-10-03 20:08:08,612   INFO  
cfg.MODEL.DENSE_HEAD_2D.cfg.loss_centerness = edict()
2026-10-03 20:08:08,612   INFO  cfg.MODEL.DENSE_HEAD_2D.cfg.loss_centerness.type: CrossEntropyLoss
2026-10-03 20:08:08,612   INFO  cfg.MODEL.DENSE_HEAD_2D.cfg.loss_centerness.use_sigmoid: True
2026-10-03 20:08:08,612   INFO  cfg.MODEL.DENSE_HEAD_2D.cfg.loss_centerness.loss_weight: 1.0
2026-10-03 20:08:08,612   INFO  
cfg.MODEL.DENSE_HEAD_2D.cfg.train_cfg = edict()
2026-10-03 20:08:08,612   INFO  
cfg.MODEL.DENSE_HEAD_2D.cfg.train_cfg.assigner = edict()
2026-10-03 20:08:08,613   INFO  cfg.MODEL.DENSE_HEAD_2D.cfg.train_cfg.assigner.type: ATSS3DCenterAssigner
2026-10-03 20:08:08,613   INFO  cfg.MODEL.DENSE_HEAD_2D.cfg.train_cfg.assigner.topk: 9
2026-10-03 20:08:08,613   INFO  cfg.MODEL.DENSE_HEAD_2D.cfg.train_cfg.allowed_border: -1
2026-10-03 20:08:08,613   INFO  cfg.MODEL.DENSE_HEAD_2D.cfg.train_cfg.pos_weight: -1
2026-10-03 20:08:08,613   INFO  cfg.MODEL.DENSE_HEAD_2D.cfg.train_cfg.append_3d_centers: True
2026-10-03 20:08:08,614   INFO  cfg.MODEL.DENSE_HEAD_2D.cfg.train_cfg.debug: False
2026-10-03 20:08:08,614   INFO  
cfg.MODEL.DENSE_HEAD_2D.cfg.test_cfg = edict()
2026-10-03 20:08:08,614   INFO  cfg.MODEL.DENSE_HEAD_2D.cfg.test_cfg.nms_pre: 1000
2026-10-03 20:08:08,614   INFO  cfg.MODEL.DENSE_HEAD_2D.cfg.test_cfg.min_bbox_size: 0
2026-10-03 20:08:08,614   INFO  cfg.MODEL.DENSE_HEAD_2D.cfg.test_cfg.score_thr: 0.05
2026-10-03 20:08:08,615   INFO  
cfg.MODEL.DENSE_HEAD_2D.cfg.test_cfg.nms = edict()
2026-10-03 20:08:08,615   INFO  cfg.MODEL.DENSE_HEAD_2D.cfg.test_cfg.nms.type: nms
2026-10-03 20:08:08,615   INFO  cfg.MODEL.DENSE_HEAD_2D.cfg.test_cfg.nms.iou_threshold: 0.6
2026-10-03 20:08:08,615   INFO  cfg.MODEL.DENSE_HEAD_2D.cfg.test_cfg.max_per_img: 100
2026-10-03 20:08:08,616   INFO  
cfg.MODEL.MAP_TO_BEV = edict()
2026-10-03 20:08:08,616   INFO  cfg.MODEL.MAP_TO_BEV.NAME: HeightCompression
2026-10-03 20:08:08,616   INFO  cfg.MODEL.MAP_TO_BEV.NUM_BEV_FEATURES: 160
2026-10-03 20:08:08,616   INFO  cfg.MODEL.MAP_TO_BEV.SPARSE_INPUT: False
2026-10-03 20:08:08,616   INFO  
cfg.MODEL.BACKBONE_2D = edict()
2026-10-03 20:08:08,617   INFO  cfg.MODEL.BACKBONE_2D.NAME: HgBEVBackbone
2026-10-03 20:08:08,617   INFO  cfg.MODEL.BACKBONE_2D.num_channels: 64
2026-10-03 20:08:08,617   INFO  cfg.MODEL.BACKBONE_2D.GN: True
2026-10-03 20:08:08,617   INFO  
cfg.MODEL.DENSE_HEAD = edict()
2026-10-03 20:08:08,617   INFO  cfg.MODEL.DENSE_HEAD.NAME: DetHead
2026-10-03 20:08:08,618   INFO  cfg.MODEL.DENSE_HEAD.NUM_CONVS: 2
2026-10-03 20:08:08,618   INFO  cfg.MODEL.DENSE_HEAD.GN: True
2026-10-03 20:08:08,618   INFO  cfg.MODEL.DENSE_HEAD.CLASS_AGNOSTIC: False
2026-10-03 20:08:08,618   INFO  cfg.MODEL.DENSE_HEAD.USE_DIRECTION_CLASSIFIER: True
2026-10-03 20:08:08,618   INFO  cfg.MODEL.DENSE_HEAD.DIR_OFFSET: 0.78539
2026-10-03 20:08:08,619   INFO  cfg.MODEL.DENSE_HEAD.DIR_LIMIT_OFFSET: 0.0
2026-10-03 20:08:08,619   INFO  cfg.MODEL.DENSE_HEAD.NUM_DIR_BINS: 2
2026-10-03 20:08:08,619   INFO  cfg.MODEL.DENSE_HEAD.CLAMP_VALUE: 10.0
2026-10-03 20:08:08,619   INFO  cfg.MODEL.DENSE_HEAD.xyz_for_angles: True
2026-10-03 20:08:08,620   INFO  cfg.MODEL.DENSE_HEAD.hwl_for_angles: True
2026-10-03 20:08:08,620   INFO  cfg.MODEL.DENSE_HEAD.do_feature_imitation: True
2026-10-03 20:08:08,620   INFO  cfg.MODEL.DENSE_HEAD.imitation_cfg: [{'lidar_feature_layer': 'spatial_features_2d', 'stereo_feature_layer': 'spatial_features_2d', 'normalize': 'cw_scale', 'layer': 'conv2d', 'channel': 64, 'ksize': 1, 'use_relu': False, 'mode': 'inbox'}, {'lidar_feature_layer': 'volume_features', 'stereo_feature_layer': 'volume_features', 'normalize': 'cw_scale', 'layer': 'conv3d', 'channel': 32, 'ksize': 1, 'use_relu': False, 'mode': 'inbox'}]
2026-10-03 20:08:08,620   INFO  cfg.MODEL.DENSE_HEAD.ANCHOR_GENERATOR_CONFIG: [{'class_name': 'Car', 'anchor_sizes': [[3.9, 1.6, 1.56]], 'anchor_rotations': [0, 1.57], 'anchor_bottom_heights': [-1.78], 'align_center': False, 'feature_map_stride': 1, 'matched_threshold': 0.6, 'unmatched_threshold': 0.45}, {'class_name': 'Pedestrian', 'anchor_sizes': [[0.8, 0.6, 1.73]], 'anchor_rotations': [0, 1.57], 'anchor_bottom_heights': [-0.6], 'align_center': False, 'feature_map_stride': 1, 'matched_threshold': 0.5, 'unmatched_threshold': 0.35}, {'class_name': 'Cyclist', 'anchor_sizes': [[1.76, 0.6, 1.73]], 'anchor_rotations': [0, 1.57], 'anchor_bottom_heights': [-0.6], 'align_center': False, 'feature_map_stride': 1, 'matched_threshold': 0.5, 'unmatched_threshold': 0.35}]
2026-10-03 20:08:08,620   INFO  
cfg.MODEL.DENSE_HEAD.TARGET_ASSIGNER_CONFIG = edict()
2026-10-03 20:08:08,621   INFO  cfg.MODEL.DENSE_HEAD.TARGET_ASSIGNER_CONFIG.NAME: AxisAlignedTargetAssigner
2026-10-03 20:08:08,621   INFO  cfg.MODEL.DENSE_HEAD.TARGET_ASSIGNER_CONFIG.POS_FRACTION: -1.0
2026-10-03 20:08:08,621   INFO  cfg.MODEL.DENSE_HEAD.TARGET_ASSIGNER_CONFIG.SAMPLE_SIZE: 512
2026-10-03 20:08:08,622   INFO  cfg.MODEL.DENSE_HEAD.TARGET_ASSIGNER_CONFIG.NORM_BY_NUM_EXAMPLES: False
2026-10-03 20:08:08,622   INFO  cfg.MODEL.DENSE_HEAD.TARGET_ASSIGNER_CONFIG.MATCH_HEIGHT: False
2026-10-03 20:08:08,623   INFO  cfg.MODEL.DENSE_HEAD.TARGET_ASSIGNER_CONFIG.BOX_CODER: ResidualCoder
2026-10-03 20:08:08,623   INFO  
cfg.MODEL.DENSE_HEAD.TARGET_ASSIGNER_CONFIG.BOX_CODER_CONFIG = edict()
2026-10-03 20:08:08,623   INFO  cfg.MODEL.DENSE_HEAD.TARGET_ASSIGNER_CONFIG.BOX_CODER_CONFIG.div_by_diagonal: True
2026-10-03 20:08:08,623   INFO  cfg.MODEL.DENSE_HEAD.TARGET_ASSIGNER_CONFIG.BOX_CODER_CONFIG.use_corners: False
2026-10-03 20:08:08,624   INFO  cfg.MODEL.DENSE_HEAD.TARGET_ASSIGNER_CONFIG.BOX_CODER_CONFIG.use_tanh: False
2026-10-03 20:08:08,624   INFO  
cfg.MODEL.DENSE_HEAD.LOSS_CONFIG = edict()
2026-10-03 20:08:08,624   INFO  cfg.MODEL.DENSE_HEAD.LOSS_CONFIG.REG_LOSS_TYPE: WeightedSmoothL1Loss
2026-10-03 20:08:08,624   INFO  cfg.MODEL.DENSE_HEAD.LOSS_CONFIG.IOU_LOSS_TYPE: IOU3dLoss
2026-10-03 20:08:08,625   INFO  cfg.MODEL.DENSE_HEAD.LOSS_CONFIG.IMITATION_LOSS_TYPE: WeightedL2WithSigmaLoss
2026-10-03 20:08:08,625   INFO  
cfg.MODEL.DENSE_HEAD.LOSS_CONFIG.LOSS_WEIGHTS = edict()
2026-10-03 20:08:08,625   INFO  cfg.MODEL.DENSE_HEAD.LOSS_CONFIG.LOSS_WEIGHTS.cls_weight: 1.0
2026-10-03 20:08:08,625   INFO  cfg.MODEL.DENSE_HEAD.LOSS_CONFIG.LOSS_WEIGHTS.loc_weight: 0.5
2026-10-03 20:08:08,626   INFO  cfg.MODEL.DENSE_HEAD.LOSS_CONFIG.LOSS_WEIGHTS.dir_weight: 0.2
2026-10-03 20:08:08,626   INFO  cfg.MODEL.DENSE_HEAD.LOSS_CONFIG.LOSS_WEIGHTS.iou_weight: 1.0
2026-10-03 20:08:08,626   INFO  cfg.MODEL.DENSE_HEAD.LOSS_CONFIG.LOSS_WEIGHTS.imitation_weight: 1.0
2026-10-03 20:08:08,626   INFO  cfg.MODEL.DENSE_HEAD.LOSS_CONFIG.LOSS_WEIGHTS.code_weights: [1.0, 1.0, 1.0, 1.0, 1.0, 1.0, 1.0]
2026-10-03 20:08:08,626   INFO  
cfg.MODEL.DEPTH_LOSS_HEAD = edict()
2026-10-03 20:08:08,627   INFO  
cfg.MODEL.DEPTH_LOSS_HEAD.LOSS_TYPE = edict()
2026-10-03 20:08:08,627   INFO  cfg.MODEL.DEPTH_LOSS_HEAD.LOSS_TYPE.ce: 1.0
2026-10-03 20:08:08,627   INFO  cfg.MODEL.DEPTH_LOSS_HEAD.WEIGHTS: [1.0]
2026-10-03 20:08:08,627   INFO  
cfg.MODEL.POST_PROCESSING = edict()
2026-10-03 20:08:08,628   INFO  cfg.MODEL.POST_PROCESSING.RECALL_THRESH_LIST: [0.3, 0.5, 0.7]
2026-10-03 20:08:08,628   INFO  cfg.MODEL.POST_PROCESSING.SCORE_THRESH: 0.1
2026-10-03 20:08:08,628   INFO  cfg.MODEL.POST_PROCESSING.OUTPUT_RAW_SCORE: False
2026-10-03 20:08:08,628   INFO  cfg.MODEL.POST_PROCESSING.EVAL_METRIC: kitti
2026-10-03 20:08:08,628   INFO  
cfg.MODEL.POST_PROCESSING.NMS_CONFIG = edict()
2026-10-03 20:08:08,629   INFO  cfg.MODEL.POST_PROCESSING.NMS_CONFIG.MULTI_CLASSES_NMS: True
2026-10-03 20:08:08,629   INFO  cfg.MODEL.POST_PROCESSING.NMS_CONFIG.NMS_TYPE: nms_gpu
2026-10-03 20:08:08,629   INFO  cfg.MODEL.POST_PROCESSING.NMS_CONFIG.NMS_THRESH: 0.25
2026-10-03 20:08:08,629   INFO  cfg.MODEL.POST_PROCESSING.NMS_CONFIG.NMS_PRE_MAXSIZE: 4096
2026-10-03 20:08:08,629   INFO  cfg.MODEL.POST_PROCESSING.NMS_CONFIG.NMS_POST_MAXSIZE: 500
2026-10-03 20:08:08,630   INFO  
cfg.OPTIMIZATION = edict()
2026-10-03 20:08:08,630   INFO  cfg.OPTIMIZATION.BATCH_SIZE_PER_GPU: 1
2026-10-03 20:08:08,630   INFO  cfg.OPTIMIZATION.NUM_EPOCHS: 60
2026-10-03 20:08:08,630   INFO  cfg.OPTIMIZATION.OPTIMIZER: adamw
2026-10-03 20:08:08,631   INFO  cfg.OPTIMIZATION.LR: 0.001
2026-10-03 20:08:08,631   INFO  cfg.OPTIMIZATION.WEIGHT_DECAY: 0.0001
2026-10-03 20:08:08,631   INFO  cfg.OPTIMIZATION.MOMENTUM: 0.9
2026-10-03 20:08:08,631   INFO  cfg.OPTIMIZATION.DIV_FACTOR: 10
2026-10-03 20:08:08,631   INFO  cfg.OPTIMIZATION.DECAY_STEP_LIST: [50]
2026-10-03 20:08:08,632   INFO  cfg.OPTIMIZATION.LR_DECAY: 0.1
2026-10-03 20:08:08,632   INFO  cfg.OPTIMIZATION.LR_CLIP: 1e-07
2026-10-03 20:08:08,632   INFO  cfg.OPTIMIZATION.LR_WARMUP: True
2026-10-03 20:08:08,632   INFO  cfg.OPTIMIZATION.WARMUP_EPOCH: 1
2026-10-03 20:08:08,632   INFO  cfg.OPTIMIZATION.GRAD_NORM_CLIP: 10
2026-10-03 20:08:08,633   INFO  cfg.TAG: liga.3d-and-bev
2026-10-03 20:08:08,633   INFO  cfg.EXP_GROUP_PATH: home_sheng_paper6_third_party_LIGA-Stereo_configs_stereo_kitti_models
2026-10-03 20:08:08,634   INFO  boxes_gt_in_cam2_view False
2026-10-03 20:08:08,638   INFO  Loading KITTI dataset
2026-10-03 20:08:08,748   INFO  Total samples for KITTI dataset: 3769
2026-10-03 20:08:08,770   INFO  ==> Loading parameters from checkpoint ./ckpt/second_s4_hg.iouloss.ep78.backbone-no-final-bnrelu.input-only-xyz.default-lr-policy-with-wd-decay-78ep.pth to CPU
/home/sheng/paper6/third_party/LIGA-Stereo/liga/models/detectors_lidar/lidar_detector3d_template.py:297: FutureWarning: You are using `torch.load` with `weights_only=False` (the current default value), which uses the default pickle module implicitly. It is possible to construct malicious pickle data which will execute arbitrary code during unpickling (See https://github.com/pytorch/pytorch/blob/main/SECURITY.md#untrusted-models for more details). In a future release, the default value for `weights_only` will be flipped to `True`. This limits the functions that could be executed during unpickling. Arbitrary objects will no longer be allowed to be loaded via this mode unless they are explicitly allowlisted by the user via `torch.serialization.add_safe_globals`. We recommend you start setting `weights_only=True` for any use case where you don't have full control of the loaded file. Please open an issue on GitHub for any issues related to this experimental feature.
  checkpoint = torch.load(filename, map_location=loc_type)
2026-10-03 20:08:08,804   INFO  ==> Checkpoint trained from version: liga+0.1.0+7aa7b92+py60b444b
2026-10-03 20:08:08,847   INFO  Not Loaded weight dense_head.rpn3d_cls_convs.0.0.0.weight: torch.Size([64, 64, 3, 3])
2026-10-03 20:08:08,848   INFO  Not Loaded weight dense_head.rpn3d_cls_convs.0.0.1.weight: torch.Size([64])
2026-10-03 20:08:08,848   INFO  Not Loaded weight dense_head.rpn3d_cls_convs.0.0.1.bias: torch.Size([64])
2026-10-03 20:08:08,848   INFO  Not Loaded weight dense_head.rpn3d_cls_convs.0.0.1.running_mean: torch.Size([64])
2026-10-03 20:08:08,849   INFO  Not Loaded weight dense_head.rpn3d_cls_convs.0.0.1.running_var: torch.Size([64])
2026-10-03 20:08:08,849   INFO  Not Loaded weight dense_head.rpn3d_cls_convs.0.0.1.num_batches_tracked: torch.Size([])
2026-10-03 20:08:08,849   INFO  Not Loaded weight dense_head.rpn3d_cls_convs.1.0.0.weight: torch.Size([64, 64, 3, 3])
2026-10-03 20:08:08,850   INFO  Not Loaded weight dense_head.rpn3d_cls_convs.1.0.1.weight: torch.Size([64])
2026-10-03 20:08:08,850   INFO  Not Loaded weight dense_head.rpn3d_cls_convs.1.0.1.bias: torch.Size([64])
2026-10-03 20:08:08,851   INFO  Not Loaded weight dense_head.rpn3d_cls_convs.1.0.1.running_mean: torch.Size([64])
2026-10-03 20:08:08,851   INFO  Not Loaded weight dense_head.rpn3d_cls_convs.1.0.1.running_var: torch.Size([64])
2026-10-03 20:08:08,852   INFO  Not Loaded weight dense_head.rpn3d_cls_convs.1.0.1.num_batches_tracked: torch.Size([])
2026-10-03 20:08:08,852   INFO  Not Loaded weight dense_head.rpn3d_bbox_convs.0.0.0.weight: torch.Size([64, 64, 3, 3])
2026-10-03 20:08:08,852   INFO  Not Loaded weight dense_head.rpn3d_bbox_convs.0.0.1.weight: torch.Size([64])
2026-10-03 20:08:08,853   INFO  Not Loaded weight dense_head.rpn3d_bbox_convs.0.0.1.bias: torch.Size([64])
2026-10-03 20:08:08,853   INFO  Not Loaded weight dense_head.rpn3d_bbox_convs.0.0.1.running_mean: torch.Size([64])
2026-10-03 20:08:08,854   INFO  Not Loaded weight dense_head.rpn3d_bbox_convs.0.0.1.running_var: torch.Size([64])
2026-10-03 20:08:08,854   INFO  Not Loaded weight dense_head.rpn3d_bbox_convs.0.0.1.num_batches_tracked: torch.Size([])
2026-10-03 20:08:08,855   INFO  Not Loaded weight dense_head.rpn3d_bbox_convs.1.0.0.weight: torch.Size([64, 64, 3, 3])
2026-10-03 20:08:08,855   INFO  Not Loaded weight dense_head.rpn3d_bbox_convs.1.0.1.weight: torch.Size([64])
2026-10-03 20:08:08,856   INFO  Not Loaded weight dense_head.rpn3d_bbox_convs.1.0.1.bias: torch.Size([64])
2026-10-03 20:08:08,856   INFO  Not Loaded weight dense_head.rpn3d_bbox_convs.1.0.1.running_mean: torch.Size([64])
2026-10-03 20:08:08,857   INFO  Not Loaded weight dense_head.rpn3d_bbox_convs.1.0.1.running_var: torch.Size([64])
2026-10-03 20:08:08,857   INFO  Not Loaded weight dense_head.rpn3d_bbox_convs.1.0.1.num_batches_tracked: torch.Size([])
2026-10-03 20:08:08,858   INFO  Not Loaded weight dense_head.conv_cls.weight: torch.Size([18, 64, 3, 3])
2026-10-03 20:08:08,858   INFO  Not Loaded weight dense_head.conv_cls.bias: torch.Size([18])
2026-10-03 20:08:08,859   INFO  Not Loaded weight dense_head.conv_box.weight: torch.Size([42, 64, 3, 3])
2026-10-03 20:08:08,859   INFO  Not Loaded weight dense_head.conv_box.bias: torch.Size([42])
2026-10-03 20:08:08,860   INFO  Not Loaded weight dense_head.conv_dir_cls.weight: torch.Size([12, 64, 1, 1])
2026-10-03 20:08:08,860   INFO  Not Loaded weight dense_head.conv_dir_cls.bias: torch.Size([12])
2026-10-03 20:08:08,860   INFO  ==> Done (loaded 110/110)
stereo volume depth range: 2.0 -> 59.599998474121094, interval 0.19999999470180935
/home/sheng/anaconda3/envs/epiu-dsgn/lib/python3.10/site-packages/torch/functional.py:534: UserWarning: torch.meshgrid: in an upcoming release, it will be required to pass the indexing argument. (Triggered internally at ../aten/src/ATen/native/TensorShape.cpp:3595.)
  return _VF.meshgrid(tensors, **kwargs)  # type: ignore[attr-defined]
2026-10-03 20:08:08,906 - mmdet - INFO - load checkpoint from torchvision path: torchvision://resnet34
2026-10-03 20:08:08,998 - mmdet - WARNING - The model and loaded state dict do not match exactly

size mismatch for layer3.0.conv1.weight: copying a param with shape torch.Size([256, 128, 3, 3]) from checkpoint, the shape in current model is torch.Size([128, 128, 3, 3]).
size mismatch for layer3.0.bn1.weight: copying a param with shape torch.Size([256]) from checkpoint, the shape in current model is torch.Size([128]).
size mismatch for layer3.0.bn1.bias: copying a param with shape torch.Size([256]) from checkpoint, the shape in current model is torch.Size([128]).
size mismatch for layer3.0.bn1.running_mean: copying a param with shape torch.Size([256]) from checkpoint, the shape in current model is torch.Size([128]).
size mismatch for layer3.0.bn1.running_var: copying a param with shape torch.Size([256]) from checkpoint, the shape in current model is torch.Size([128]).
size mismatch for layer3.0.conv2.weight: copying a param with shape torch.Size([256, 256, 3, 3]) from checkpoint, the shape in current model is torch.Size([128, 128, 3, 3]).
size mismatch for layer3.0.bn2.weight: copying a param with shape torch.Size([256]) from checkpoint, the shape in current model is torch.Size([128]).
size mismatch for layer3.0.bn2.bias: copying a param with shape torch.Size([256]) from checkpoint, the shape in current model is torch.Size([128]).
size mismatch for layer3.0.bn2.running_mean: copying a param with shape torch.Size([256]) from checkpoint, the shape in current model is torch.Size([128]).
size mismatch for layer3.0.bn2.running_var: copying a param with shape torch.Size([256]) from checkpoint, the shape in current model is torch.Size([128]).
size mismatch for layer3.1.conv1.weight: copying a param with shape torch.Size([256, 256, 3, 3]) from checkpoint, the shape in current model is torch.Size([128, 128, 3, 3]).
size mismatch for layer3.1.bn1.weight: copying a param with shape torch.Size([256]) from checkpoint, the shape in current model is torch.Size([128]).
size mismatch for layer3.1.bn1.bias: copying a param with shape torch.Size([256]) from checkpoint, the shape in current model is torch.Size([128]).
size mismatch for layer3.1.bn1.running_mean: copying a param with shape torch.Size([256]) from checkpoint, the shape in current model is torch.Size([128]).
size mismatch for layer3.1.bn1.running_var: copying a param with shape torch.Size([256]) from checkpoint, the shape in current model is torch.Size([128]).
size mismatch for layer3.1.conv2.weight: copying a param with shape torch.Size([256, 256, 3, 3]) from checkpoint, the shape in current model is torch.Size([128, 128, 3, 3]).
size mismatch for layer3.1.bn2.weight: copying a param with shape torch.Size([256]) from checkpoint, the shape in current model is torch.Size([128]).
size mismatch for layer3.1.bn2.bias: copying a param with shape torch.Size([256]) from checkpoint, the shape in current model is torch.Size([128]).
size mismatch for layer3.1.bn2.running_mean: copying a param with shape torch.Size([256]) from checkpoint, the shape in current model is torch.Size([128]).
size mismatch for layer3.1.bn2.running_var: copying a param with shape torch.Size([256]) from checkpoint, the shape in current model is torch.Size([128]).
size mismatch for layer3.2.conv1.weight: copying a param with shape torch.Size([256, 256, 3, 3]) from checkpoint, the shape in current model is torch.Size([128, 128, 3, 3]).
size mismatch for layer3.2.bn1.weight: copying a param with shape torch.Size([256]) from checkpoint, the shape in current model is torch.Size([128]).
size mismatch for layer3.2.bn1.bias: copying a param with shape torch.Size([256]) from checkpoint, the shape in current model is torch.Size([128]).
size mismatch for layer3.2.bn1.running_mean: copying a param with shape torch.Size([256]) from checkpoint, the shape in current model is torch.Size([128]).
size mismatch for layer3.2.bn1.running_var: copying a param with shape torch.Size([256]) from checkpoint, the shape in current model is torch.Size([128]).
size mismatch for layer3.2.conv2.weight: copying a param with shape torch.Size([256, 256, 3, 3]) from checkpoint, the shape in current model is torch.Size([128, 128, 3, 3]).
size mismatch for layer3.2.bn2.weight: copying a param with shape torch.Size([256]) from checkpoint, the shape in current model is torch.Size([128]).
size mismatch for layer3.2.bn2.bias: copying a param with shape torch.Size([256]) from checkpoint, the shape in current model is torch.Size([128]).
size mismatch for layer3.2.bn2.running_mean: copying a param with shape torch.Size([256]) from checkpoint, the shape in current model is torch.Size([128]).
size mismatch for layer3.2.bn2.running_var: copying a param with shape torch.Size([256]) from checkpoint, the shape in current model is torch.Size([128]).
size mismatch for layer3.3.conv1.weight: copying a param with shape torch.Size([256, 256, 3, 3]) from checkpoint, the shape in current model is torch.Size([128, 128, 3, 3]).
size mismatch for layer3.3.bn1.weight: copying a param with shape torch.Size([256]) from checkpoint, the shape in current model is torch.Size([128]).
size mismatch for layer3.3.bn1.bias: copying a param with shape torch.Size([256]) from checkpoint, the shape in current model is torch.Size([128]).
size mismatch for layer3.3.bn1.running_mean: copying a param with shape torch.Size([256]) from checkpoint, the shape in current model is torch.Size([128]).
size mismatch for layer3.3.bn1.running_var: copying a param with shape torch.Size([256]) from checkpoint, the shape in current model is torch.Size([128]).
size mismatch for layer3.3.conv2.weight: copying a param with shape torch.Size([256, 256, 3, 3]) from checkpoint, the shape in current model is torch.Size([128, 128, 3, 3]).
size mismatch for layer3.3.bn2.weight: copying a param with shape torch.Size([256]) from checkpoint, the shape in current model is torch.Size([128]).
size mismatch for layer3.3.bn2.bias: copying a param with shape torch.Size([256]) from checkpoint, the shape in current model is torch.Size([128]).
size mismatch for layer3.3.bn2.running_mean: copying a param with shape torch.Size([256]) from checkpoint, the shape in current model is torch.Size([128]).
size mismatch for layer3.3.bn2.running_var: copying a param with shape torch.Size([256]) from checkpoint, the shape in current model is torch.Size([128]).
size mismatch for layer3.4.conv1.weight: copying a param with shape torch.Size([256, 256, 3, 3]) from checkpoint, the shape in current model is torch.Size([128, 128, 3, 3]).
size mismatch for layer3.4.bn1.weight: copying a param with shape torch.Size([256]) from checkpoint, the shape in current model is torch.Size([128]).
size mismatch for layer3.4.bn1.bias: copying a param with shape torch.Size([256]) from checkpoint, the shape in current model is torch.Size([128]).
size mismatch for layer3.4.bn1.running_mean: copying a param with shape torch.Size([256]) from checkpoint, the shape in current model is torch.Size([128]).
size mismatch for layer3.4.bn1.running_var: copying a param with shape torch.Size([256]) from checkpoint, the shape in current model is torch.Size([128]).
size mismatch for layer3.4.conv2.weight: copying a param with shape torch.Size([256, 256, 3, 3]) from checkpoint, the shape in current model is torch.Size([128, 128, 3, 3]).
size mismatch for layer3.4.bn2.weight: copying a param with shape torch.Size([256]) from checkpoint, the shape in current model is torch.Size([128]).
size mismatch for layer3.4.bn2.bias: copying a param with shape torch.Size([256]) from checkpoint, the shape in current model is torch.Size([128]).
size mismatch for layer3.4.bn2.running_mean: copying a param with shape torch.Size([256]) from checkpoint, the shape in current model is torch.Size([128]).
size mismatch for layer3.4.bn2.running_var: copying a param with shape torch.Size([256]) from checkpoint, the shape in current model is torch.Size([128]).
size mismatch for layer3.5.conv1.weight: copying a param with shape torch.Size([256, 256, 3, 3]) from checkpoint, the shape in current model is torch.Size([128, 128, 3, 3]).
size mismatch for layer3.5.bn1.weight: copying a param with shape torch.Size([256]) from checkpoint, the shape in current model is torch.Size([128]).
size mismatch for layer3.5.bn1.bias: copying a param with shape torch.Size([256]) from checkpoint, the shape in current model is torch.Size([128]).
size mismatch for layer3.5.bn1.running_mean: copying a param with shape torch.Size([256]) from checkpoint, the shape in current model is torch.Size([128]).
size mismatch for layer3.5.bn1.running_var: copying a param with shape torch.Size([256]) from checkpoint, the shape in current model is torch.Size([128]).
size mismatch for layer3.5.conv2.weight: copying a param with shape torch.Size([256, 256, 3, 3]) from checkpoint, the shape in current model is torch.Size([128, 128, 3, 3]).
size mismatch for layer3.5.bn2.weight: copying a param with shape torch.Size([256]) from checkpoint, the shape in current model is torch.Size([128]).
size mismatch for layer3.5.bn2.bias: copying a param with shape torch.Size([256]) from checkpoint, the shape in current model is torch.Size([128]).
size mismatch for layer3.5.bn2.running_mean: copying a param with shape torch.Size([256]) from checkpoint, the shape in current model is torch.Size([128]).
size mismatch for layer3.5.bn2.running_var: copying a param with shape torch.Size([256]) from checkpoint, the shape in current model is torch.Size([128]).
size mismatch for layer4.0.conv1.weight: copying a param with shape torch.Size([512, 256, 3, 3]) from checkpoint, the shape in current model is torch.Size([128, 128, 3, 3]).
size mismatch for layer4.0.bn1.weight: copying a param with shape torch.Size([512]) from checkpoint, the shape in current model is torch.Size([128]).
size mismatch for layer4.0.bn1.bias: copying a param with shape torch.Size([512]) from checkpoint, the shape in current model is torch.Size([128]).
size mismatch for layer4.0.bn1.running_mean: copying a param with shape torch.Size([512]) from checkpoint, the shape in current model is torch.Size([128]).
size mismatch for layer4.0.bn1.running_var: copying a param with shape torch.Size([512]) from checkpoint, the shape in current model is torch.Size([128]).
size mismatch for layer4.0.conv2.weight: copying a param with shape torch.Size([512, 512, 3, 3]) from checkpoint, the shape in current model is torch.Size([128, 128, 3, 3]).
size mismatch for layer4.0.bn2.weight: copying a param with shape torch.Size([512]) from checkpoint, the shape in current model is torch.Size([128]).
size mismatch for layer4.0.bn2.bias: copying a param with shape torch.Size([512]) from checkpoint, the shape in current model is torch.Size([128]).
size mismatch for layer4.0.bn2.running_mean: copying a param with shape torch.Size([512]) from checkpoint, the shape in current model is torch.Size([128]).
size mismatch for layer4.0.bn2.running_var: copying a param with shape torch.Size([512]) from checkpoint, the shape in current model is torch.Size([128]).
size mismatch for layer4.1.conv1.weight: copying a param with shape torch.Size([512, 512, 3, 3]) from checkpoint, the shape in current model is torch.Size([128, 128, 3, 3]).
size mismatch for layer4.1.bn1.weight: copying a param with shape torch.Size([512]) from checkpoint, the shape in current model is torch.Size([128]).
size mismatch for layer4.1.bn1.bias: copying a param with shape torch.Size([512]) from checkpoint, the shape in current model is torch.Size([128]).
size mismatch for layer4.1.bn1.running_mean: copying a param with shape torch.Size([512]) from checkpoint, the shape in current model is torch.Size([128]).
size mismatch for layer4.1.bn1.running_var: copying a param with shape torch.Size([512]) from checkpoint, the shape in current model is torch.Size([128]).
size mismatch for layer4.1.conv2.weight: copying a param with shape torch.Size([512, 512, 3, 3]) from checkpoint, the shape in current model is torch.Size([128, 128, 3, 3]).
size mismatch for layer4.1.bn2.weight: copying a param with shape torch.Size([512]) from checkpoint, the shape in current model is torch.Size([128]).
size mismatch for layer4.1.bn2.bias: copying a param with shape torch.Size([512]) from checkpoint, the shape in current model is torch.Size([128]).
size mismatch for layer4.1.bn2.running_mean: copying a param with shape torch.Size([512]) from checkpoint, the shape in current model is torch.Size([128]).
size mismatch for layer4.1.bn2.running_var: copying a param with shape torch.Size([512]) from checkpoint, the shape in current model is torch.Size([128]).
size mismatch for layer4.2.conv1.weight: copying a param with shape torch.Size([512, 512, 3, 3]) from checkpoint, the shape in current model is torch.Size([128, 128, 3, 3]).
size mismatch for layer4.2.bn1.weight: copying a param with shape torch.Size([512]) from checkpoint, the shape in current model is torch.Size([128]).
size mismatch for layer4.2.bn1.bias: copying a param with shape torch.Size([512]) from checkpoint, the shape in current model is torch.Size([128]).
size mismatch for layer4.2.bn1.running_mean: copying a param with shape torch.Size([512]) from checkpoint, the shape in current model is torch.Size([128]).
size mismatch for layer4.2.bn1.running_var: copying a param with shape torch.Size([512]) from checkpoint, the shape in current model is torch.Size([128]).
size mismatch for layer4.2.conv2.weight: copying a param with shape torch.Size([512, 512, 3, 3]) from checkpoint, the shape in current model is torch.Size([128, 128, 3, 3]).
size mismatch for layer4.2.bn2.weight: copying a param with shape torch.Size([512]) from checkpoint, the shape in current model is torch.Size([128]).
size mismatch for layer4.2.bn2.bias: copying a param with shape torch.Size([512]) from checkpoint, the shape in current model is torch.Size([128]).
size mismatch for layer4.2.bn2.running_mean: copying a param with shape torch.Size([512]) from checkpoint, the shape in current model is torch.Size([128]).
size mismatch for layer4.2.bn2.running_var: copying a param with shape torch.Size([512]) from checkpoint, the shape in current model is torch.Size([128]).
unexpected key in source state_dict: fc.weight, fc.bias, layer3.0.downsample.0.weight, layer3.0.downsample.1.running_mean, layer3.0.downsample.1.running_var, layer3.0.downsample.1.weight, layer3.0.downsample.1.bias, layer4.0.downsample.0.weight, layer4.0.downsample.1.running_mean, layer4.0.downsample.1.running_var, layer4.0.downsample.1.weight, layer4.0.downsample.1.bias

/home/sheng/paper6/scripts/run_liga.py:117: FutureWarning: You are using `torch.load` with `weights_only=False` (the current default value), which uses the default pickle module implicitly. It is possible to construct malicious pickle data which will execute arbitrary code during unpickling (See https://github.com/pytorch/pytorch/blob/main/SECURITY.md#untrusted-models for more details). In a future release, the default value for `weights_only` will be flipped to `True`. This limits the functions that could be executed during unpickling. Arbitrary objects will no longer be allowed to be loaded via this mode unless they are explicitly allowlisted by the user via `torch.serialization.add_safe_globals`. We recommend you start setting `weights_only=True` for any use case where you don't have full control of the loaded file. Please open an issue on GitHub for any issues related to this experimental feature.
  checkpoint = torch.load(filename, map_location="cpu")
2026-10-03 20:08:09,678   INFO  ==> Loading parameters from checkpoint /mnt/d/paper6/checkpoints/liga-author-download to CPU
/home/sheng/paper6/third_party/LIGA-Stereo/liga/models/detectors_stereo/stereo_detector3d_template.py:342: FutureWarning: You are using `torch.load` with `weights_only=False` (the current default value), which uses the default pickle module implicitly. It is possible to construct malicious pickle data which will execute arbitrary code during unpickling (See https://github.com/pytorch/pytorch/blob/main/SECURITY.md#untrusted-models for more details). In a future release, the default value for `weights_only` will be flipped to `True`. This limits the functions that could be executed during unpickling. Arbitrary objects will no longer be allowed to be loaded via this mode unless they are explicitly allowlisted by the user via `torch.serialization.add_safe_globals`. We recommend you start setting `weights_only=True` for any use case where you don't have full control of the loaded file. Please open an issue on GitHub for any issues related to this experimental feature.
  checkpoint = torch.load(filename, map_location=loc_type)
2026-10-03 20:08:10,100   INFO  ==> Checkpoint trained from version: liga+0.1.0+7aa7b92+py72af526
2026-10-03 20:08:10,907   INFO  ==> Done (loaded 484/484)
2026-10-03 20:08:10,942   INFO  *************** EPOCH 6 EVALUATION *****************
eval:   0%|          | 0/3769 [00:00<?, ?it/s]/home/sheng/paper6/.venv/lib/python3.10/site-packages/mmcv/__init__.py:20: UserWarning: On January 1, 2023, MMCV will release v2.0.0, in which it will remove components related to the training process and add a data transformation module. In addition, it will rename the package names mmcv to mmcv-lite and mmcv-full to mmcv. See https://github.com/open-mmlab/mmcv/blob/master/docs/en/compatibility.md for more details.
  warnings.warn(
/home/sheng/paper6/.venv/lib/python3.10/site-packages/mmcv/__init__.py:20: UserWarning: On January 1, 2023, MMCV will release v2.0.0, in which it will remove components related to the training process and add a data transformation module. In addition, it will rename the package names mmcv to mmcv-lite and mmcv-full to mmcv. See https://github.com/open-mmlab/mmcv/blob/master/docs/en/compatibility.md for more details.
  warnings.warn(
/home/sheng/paper6/.venv/lib/python3.10/site-packages/mmcv/__init__.py:20: UserWarning: On January 1, 2023, MMCV will release v2.0.0, in which it will remove components related to the training process and add a data transformation module. In addition, it will rename the package names mmcv to mmcv-lite and mmcv-full to mmcv. See https://github.com/open-mmlab/mmcv/blob/master/docs/en/compatibility.md for more details.
  warnings.warn(
/home/sheng/paper6/.venv/lib/python3.10/site-packages/mmcv/__init__.py:20: UserWarning: On January 1, 2023, MMCV will release v2.0.0, in which it will remove components related to the training process and add a data transformation module. In addition, it will rename the package names mmcv to mmcv-lite and mmcv-full to mmcv. See https://github.com/open-mmlab/mmcv/blob/master/docs/en/compatibility.md for more details.
  warnings.warn(
/home/sheng/paper6/third_party/LIGA-Stereo/liga/models/backbones_3d_stereo/liga_backbone.py:276: UserWarning: Creating a tensor from a list of numpy.ndarrays is extremely slow. Please consider converting the list to a single numpy.ndarray with numpy.array() before converting to a tensor. (Triggered internally at ../torch/csrc/utils/tensor_new.cpp:278.)
  calibs_Proj = torch.as_tensor(
/home/sheng/paper6/third_party/LIGA-Stereo/liga/ops/iou3d_nms/iou3d_nms_utils.py:70: UserWarning: The torch.cuda.*DtypeTensor constructors are no longer recommended. It's best to use methods such as torch.tensor(data, dtype=*, device='cuda') to create tensors. (Triggered internally at ../torch/csrc/tensor/python_tensor.cpp:78.)
  overlaps_bev = torch.cuda.FloatTensor(torch.Size((boxes_a.shape[0], boxes_b.shape[0]))).zero_()  # (N, M)
eval:   0%|          | 0/3769 [00:23<?, ?it/s, recall_0.3=(0, 1) / 2]eval:   0%|          | 1/3769 [00:23<24:17:53, 23.21s/it, recall_0.3=(0, 1) / 2]eval:   0%|          | 1/3769 [00:23<24:17:53, 23.21s/it, recall_0.3=(0, 2) / 3]eval:   0%|          | 2/3769 [00:23<10:06:38,  9.66s/it, recall_0.3=(0, 2) / 3]eval:   0%|          | 2/3769 [00:23<10:06:38,  9.66s/it, recall_0.3=(0, 4) / 5]eval:   0%|          | 3/3769 [00:23<5:33:06,  5.31s/it, recall_0.3=(0, 4) / 5] eval:   0%|          | 3/3769 [00:23<5:33:06,  5.31s/it, recall_0.3=(0, 5) / 6]eval:   0%|          | 4/3769 [00:23<3:24:12,  3.25s/it, recall_0.3=(0, 5) / 6]eval:   0%|          | 4/3769 [00:23<3:24:12,  3.25s/it, recall_0.3=(0, 8) / 10]eval:   0%|          | 5/3769 [00:23<2:13:00,  2.12s/it, recall_0.3=(0, 8) / 10]eval:   0%|          | 5/3769 [00:23<2:13:00,  2.12s/it, recall_0.3=(0, 14) / 16]eval:   0%|          | 6/3769 [00:23<1:30:26,  1.44s/it, recall_0.3=(0, 14) / 16]eval:   0%|          | 6/3769 [00:23<1:30:26,  1.44s/it, recall_0.3=(0, 18) / 21]eval:   0%|          | 7/3769 [00:23<1:03:37,  1.01s/it, recall_0.3=(0, 18) / 21]eval:   0%|          | 7/3769 [00:24<1:03:37,  1.01s/it, recall_0.3=(0, 20) / 23]eval:   0%|          | 8/3769 [00:24<45:42,  1.37it/s, recall_0.3=(0, 20) / 23]  eval:   0%|          | 8/3769 [00:24<45:42,  1.37it/s, recall_0.3=(0, 21) / 24]eval:   0%|          | 9/3769 [00:24<33:36,  1.87it/s, recall_0.3=(0, 21) / 24]eval:   0%|          | 9/3769 [00:24<33:36,  1.87it/s, recall_0.3=(0, 28) / 31]eval:   0%|          | 10/3769 [00:24<25:16,  2.48it/s, recall_0.3=(0, 28) / 31]eval:   0%|          | 10/3769 [00:24<25:16,  2.48it/s, recall_0.3=(0, 29) / 33]eval:   0%|          | 11/3769 [00:24<19:59,  3.13it/s, recall_0.3=(0, 29) / 33]eval:   0%|          | 11/3769 [00:24<19:59,  3.13it/s, recall_0.3=(0, 32) / 36]eval:   0%|          | 12/3769 [00:24<16:14,  3.86it/s, recall_0.3=(0, 32) / 36]eval:   0%|          | 12/3769 [00:24<16:14,  3.86it/s, recall_0.3=(0, 37) / 42]eval:   0%|          | 13/3769 [00:24<13:30,  4.63it/s, recall_0.3=(0, 37) / 42]eval:   0%|          | 13/3769 [00:24<13:30,  4.63it/s, recall_0.3=(0, 37) / 43]eval:   0%|          | 14/3769 [00:24<11:40,  5.36it/s, recall_0.3=(0, 37) / 43]eval:   0%|          | 14/3769 [00:24<11:40,  5.36it/s, recall_0.3=(0, 38) / 44]eval:   0%|          | 15/3769 [00:24<10:26,  5.99it/s, recall_0.3=(0, 38) / 44]eval:   0%|          | 15/3769 [00:25<10:26,  5.99it/s, recall_0.3=(0, 42) / 48]eval:   0%|          | 16/3769 [00:25<09:30,  6.57it/s, recall_0.3=(0, 42) / 48]eval:   0%|          | 16/3769 [00:25<09:30,  6.57it/s, recall_0.3=(0, 43) / 50]eval:   0%|          | 17/3769 [00:25<08:47,  7.11it/s, recall_0.3=(0, 43) / 50]eval:   0%|          | 17/3769 [00:25<08:47,  7.11it/s, recall_0.3=(0, 47) / 55]eval:   0%|          | 18/3769 [00:25<08:36,  7.26it/s, recall_0.3=(0, 47) / 55]eval:   0%|          | 18/3769 [00:25<08:36,  7.26it/s, recall_0.3=(0, 49) / 57]eval:   1%|          | 19/3769 [00:25<08:17,  7.54it/s, recall_0.3=(0, 49) / 57]eval:   1%|          | 19/3769 [00:25<08:17,  7.54it/s, recall_0.3=(0, 55) / 63]eval:   1%|          | 20/3769 [00:25<08:01,  7.79it/s, recall_0.3=(0, 55) / 63]eval:   1%|          | 20/3769 [00:25<08:01,  7.79it/s, recall_0.3=(0, 56) / 65]eval:   1%|          | 21/3769 [00:25<07:57,  7.85it/s, recall_0.3=(0, 56) / 65]eval:   1%|          | 21/3769 [00:25<07:57,  7.85it/s, recall_0.3=(0, 57) / 66]eval:   1%|          | 22/3769 [00:25<07:51,  7.95it/s, recall_0.3=(0, 57) / 66]eval:   1%|          | 22/3769 [00:25<07:51,  7.95it/s, recall_0.3=(0, 64) / 74]eval:   1%|          | 23/3769 [00:25<07:41,  8.11it/s, recall_0.3=(0, 64) / 74]eval:   1%|          | 23/3769 [00:26<07:41,  8.11it/s, recall_0.3=(0, 68) / 78]eval:   1%|          | 24/3769 [00:26<07:37,  8.19it/s, recall_0.3=(0, 68) / 78]eval:   1%|          | 24/3769 [00:26<07:37,  8.19it/s, recall_0.3=(0, 72) / 82]eval:   1%|          | 25/3769 [00:26<07:28,  8.35it/s, recall_0.3=(0, 72) / 82]eval:   1%|          | 25/3769 [00:26<07:28,  8.35it/s, recall_0.3=(0, 76) / 87]eval:   1%|          | 26/3769 [00:26<07:20,  8.49it/s, recall_0.3=(0, 76) / 87]eval:   1%|          | 26/3769 [00:26<07:20,  8.49it/s, recall_0.3=(0, 82) / 93]eval:   1%|          | 27/3769 [00:26<07:25,  8.40it/s, recall_0.3=(0, 82) / 93]eval:   1%|          | 27/3769 [00:26<07:25,  8.40it/s, recall_0.3=(0, 83) / 94]eval:   1%|          | 28/3769 [00:26<07:19,  8.51it/s, recall_0.3=(0, 83) / 94]eval:   1%|          | 28/3769 [00:26<07:19,  8.51it/s, recall_0.3=(0, 87) / 98]eval:   1%|          | 29/3769 [00:26<07:27,  8.35it/s, recall_0.3=(0, 87) / 98]eval:   1%|          | 29/3769 [00:26<07:27,  8.35it/s, recall_0.3=(0, 88) / 101]eval:   1%|          | 30/3769 [00:26<07:26,  8.38it/s, recall_0.3=(0, 88) / 101]eval:   1%|          | 30/3769 [00:26<07:26,  8.38it/s, recall_0.3=(0, 92) / 106]eval:   1%|          | 31/3769 [00:26<07:29,  8.32it/s, recall_0.3=(0, 92) / 106]eval:   1%|          | 31/3769 [00:26<07:29,  8.32it/s, recall_0.3=(0, 94) / 109]eval:   1%|          | 32/3769 [00:26<07:25,  8.39it/s, recall_0.3=(0, 94) / 109]eval:   1%|          | 32/3769 [00:27<07:25,  8.39it/s, recall_0.3=(0, 94) / 110]eval:   1%|          | 33/3769 [00:27<07:27,  8.35it/s, recall_0.3=(0, 94) / 110]eval:   1%|          | 33/3769 [00:27<07:27,  8.35it/s, recall_0.3=(0, 96) / 112]eval:   1%|          | 34/3769 [00:27<07:27,  8.35it/s, recall_0.3=(0, 96) / 112]eval:   1%|          | 34/3769 [00:27<07:27,  8.35it/s, recall_0.3=(0, 104) / 121]eval:   1%|          | 35/3769 [00:27<07:29,  8.30it/s, recall_0.3=(0, 104) / 121]eval:   1%|          | 35/3769 [00:27<07:29,  8.30it/s, recall_0.3=(0, 105) / 122]eval:   1%|          | 36/3769 [00:27<07:22,  8.43it/s, recall_0.3=(0, 105) / 122]eval:   1%|          | 36/3769 [00:27<07:22,  8.43it/s, recall_0.3=(0, 108) / 125]eval:   1%|          | 37/3769 [00:27<07:15,  8.57it/s, recall_0.3=(0, 108) / 125]eval:   1%|          | 37/3769 [00:27<07:15,  8.57it/s, recall_0.3=(0, 108) / 126]eval:   1%|          | 38/3769 [00:27<07:00,  8.88it/s, recall_0.3=(0, 108) / 126]eval:   1%|          | 38/3769 [00:27<07:00,  8.88it/s, recall_0.3=(0, 113) / 131]eval:   1%|          | 39/3769 [00:27<07:14,  8.58it/s, recall_0.3=(0, 113) / 131]eval:   1%|          | 39/3769 [00:27<07:14,  8.58it/s, recall_0.3=(0, 114) / 132]eval:   1%|          | 40/3769 [00:27<07:19,  8.48it/s, recall_0.3=(0, 114) / 132]eval:   1%|          | 40/3769 [00:28<07:19,  8.48it/s, recall_0.3=(0, 119) / 138]eval:   1%|          | 41/3769 [00:28<07:12,  8.61it/s, recall_0.3=(0, 119) / 138]eval:   1%|          | 41/3769 [00:28<07:12,  8.61it/s, recall_0.3=(0, 120) / 139]eval:   1%|          | 42/3769 [00:28<07:18,  8.51it/s, recall_0.3=(0, 120) / 139]eval:   1%|          | 42/3769 [00:28<07:18,  8.51it/s, recall_0.3=(0, 123) / 144]eval:   1%|          | 43/3769 [00:28<07:11,  8.64it/s, recall_0.3=(0, 123) / 144]eval:   1%|          | 43/3769 [00:28<07:11,  8.64it/s, recall_0.3=(0, 124) / 146]eval:   1%|          | 44/3769 [00:28<07:38,  8.13it/s, recall_0.3=(0, 124) / 146]eval:   1%|          | 44/3769 [00:28<07:38,  8.13it/s, recall_0.3=(0, 130) / 153]eval:   1%|          | 45/3769 [00:28<07:34,  8.19it/s, recall_0.3=(0, 130) / 153]eval:   1%|          | 45/3769 [00:28<07:34,  8.19it/s, recall_0.3=(0, 133) / 157]eval:   1%|          | 46/3769 [00:28<07:24,  8.38it/s, recall_0.3=(0, 133) / 157]eval:   1%|          | 46/3769 [00:28<07:24,  8.38it/s, recall_0.3=(0, 139) / 164]eval:   1%|          | 47/3769 [00:28<07:23,  8.40it/s, recall_0.3=(0, 139) / 164]eval:   1%|          | 47/3769 [00:28<07:23,  8.40it/s, recall_0.3=(0, 141) / 166]eval:   1%|▏         | 48/3769 [00:28<07:31,  8.25it/s, recall_0.3=(0, 141) / 166]eval:   1%|▏         | 48/3769 [00:28<07:31,  8.25it/s, recall_0.3=(0, 145) / 170]eval:   1%|▏         | 49/3769 [00:28<07:30,  8.26it/s, recall_0.3=(0, 145) / 170]eval:   1%|▏         | 49/3769 [00:29<07:30,  8.26it/s, recall_0.3=(0, 153) / 178]eval:   1%|▏         | 50/3769 [00:29<07:34,  8.18it/s, recall_0.3=(0, 153) / 178]eval:   1%|▏         | 50/3769 [00:29<07:34,  8.18it/s, recall_0.3=(0, 154) / 179]eval:   1%|▏         | 51/3769 [00:29<07:30,  8.26it/s, recall_0.3=(0, 154) / 179]eval:   1%|▏         | 51/3769 [00:29<07:30,  8.26it/s, recall_0.3=(0, 156) / 181]eval:   1%|▏         | 52/3769 [00:29<07:20,  8.43it/s, recall_0.3=(0, 156) / 181]eval:   1%|▏         | 52/3769 [00:29<07:20,  8.43it/s, recall_0.3=(0, 157) / 186]eval:   1%|▏         | 53/3769 [00:29<07:49,  7.92it/s, recall_0.3=(0, 157) / 186]eval:   1%|▏         | 53/3769 [00:29<07:49,  7.92it/s, recall_0.3=(0, 158) / 187]eval:   1%|▏         | 54/3769 [00:29<07:46,  7.97it/s, recall_0.3=(0, 158) / 187]eval:   1%|▏         | 54/3769 [00:29<07:46,  7.97it/s, recall_0.3=(0, 159) / 188]eval:   1%|▏         | 55/3769 [00:29<07:29,  8.25it/s, recall_0.3=(0, 159) / 188]eval:   1%|▏         | 55/3769 [00:29<07:29,  8.25it/s, recall_0.3=(0, 160) / 191]eval:   1%|▏         | 56/3769 [00:29<07:27,  8.29it/s, recall_0.3=(0, 160) / 191]eval:   1%|▏         | 56/3769 [00:29<07:27,  8.29it/s, recall_0.3=(0, 168) / 206]eval:   2%|▏         | 57/3769 [00:29<07:25,  8.33it/s, recall_0.3=(0, 168) / 206]eval:   2%|▏         | 57/3769 [00:30<07:25,  8.33it/s, recall_0.3=(0, 172) / 213]eval:   2%|▏         | 58/3769 [00:30<07:31,  8.22it/s, recall_0.3=(0, 172) / 213]eval:   2%|▏         | 58/3769 [00:30<07:31,  8.22it/s, recall_0.3=(0, 175) / 216]eval:   2%|▏         | 59/3769 [00:30<08:01,  7.70it/s, recall_0.3=(0, 175) / 216]eval:   2%|▏         | 59/3769 [00:30<08:01,  7.70it/s, recall_0.3=(0, 176) / 217]eval:   2%|▏         | 60/3769 [00:30<07:42,  8.01it/s, recall_0.3=(0, 176) / 217]eval:   2%|▏         | 60/3769 [00:30<07:42,  8.01it/s, recall_0.3=(0, 180) / 221]eval:   2%|▏         | 61/3769 [00:30<07:24,  8.35it/s, recall_0.3=(0, 180) / 221]eval:   2%|▏         | 61/3769 [00:30<07:24,  8.35it/s, recall_0.3=(0, 182) / 224]eval:   2%|▏         | 62/3769 [00:30<07:18,  8.46it/s, recall_0.3=(0, 182) / 224]eval:   2%|▏         | 62/3769 [00:30<07:18,  8.46it/s, recall_0.3=(0, 183) / 225]eval:   2%|▏         | 63/3769 [00:30<07:20,  8.41it/s, recall_0.3=(0, 183) / 225]eval:   2%|▏         | 63/3769 [00:30<07:20,  8.41it/s, recall_0.3=(0, 185) / 229]eval:   2%|▏         | 64/3769 [00:30<07:12,  8.57it/s, recall_0.3=(0, 185) / 229]eval:   2%|▏         | 64/3769 [00:30<07:12,  8.57it/s, recall_0.3=(0, 192) / 236]eval:   2%|▏         | 65/3769 [00:30<07:17,  8.46it/s, recall_0.3=(0, 192) / 236]eval:   2%|▏         | 65/3769 [00:31<07:17,  8.46it/s, recall_0.3=(0, 196) / 240]eval:   2%|▏         | 66/3769 [00:31<07:16,  8.47it/s, recall_0.3=(0, 196) / 240]eval:   2%|▏         | 66/3769 [00:31<07:16,  8.47it/s, recall_0.3=(0, 197) / 241]eval:   2%|▏         | 67/3769 [00:31<07:36,  8.11it/s, recall_0.3=(0, 197) / 241]eval:   2%|▏         | 67/3769 [00:31<07:36,  8.11it/s, recall_0.3=(0, 203) / 249]eval:   2%|▏         | 68/3769 [00:31<07:27,  8.26it/s, recall_0.3=(0, 203) / 249]eval:   2%|▏         | 68/3769 [00:31<07:27,  8.26it/s, recall_0.3=(0, 212) / 262]eval:   2%|▏         | 69/3769 [00:31<07:22,  8.35it/s, recall_0.3=(0, 212) / 262]eval:   2%|▏         | 69/3769 [00:31<07:22,  8.35it/s, recall_0.3=(0, 214) / 265]eval:   2%|▏         | 70/3769 [00:31<07:27,  8.27it/s, recall_0.3=(0, 214) / 265]eval:   2%|▏         | 70/3769 [00:31<07:27,  8.27it/s, recall_0.3=(0, 218) / 269]eval:   2%|▏         | 71/3769 [00:31<07:33,  8.16it/s, recall_0.3=(0, 218) / 269]eval:   2%|▏         | 71/3769 [00:31<07:33,  8.16it/s, recall_0.3=(0, 229) / 285]eval:   2%|▏         | 72/3769 [00:31<07:35,  8.11it/s, recall_0.3=(0, 229) / 285]eval:   2%|▏         | 72/3769 [00:31<07:35,  8.11it/s, recall_0.3=(0, 231) / 288]eval:   2%|▏         | 73/3769 [00:31<07:30,  8.21it/s, recall_0.3=(0, 231) / 288]eval:   2%|▏         | 73/3769 [00:32<07:30,  8.21it/s, recall_0.3=(0, 237) / 295]eval:   2%|▏         | 74/3769 [00:32<07:23,  8.33it/s, recall_0.3=(0, 237) / 295]eval:   2%|▏         | 74/3769 [00:32<07:23,  8.33it/s, recall_0.3=(0, 239) / 297]eval:   2%|▏         | 75/3769 [00:32<07:15,  8.48it/s, recall_0.3=(0, 239) / 297]eval:   2%|▏         | 75/3769 [00:32<07:15,  8.48it/s, recall_0.3=(0, 242) / 300]eval:   2%|▏         | 76/3769 [00:32<07:06,  8.66it/s, recall_0.3=(0, 242) / 300]eval:   2%|▏         | 76/3769 [00:32<07:06,  8.66it/s, recall_0.3=(0, 250) / 310]eval:   2%|▏         | 77/3769 [00:32<07:31,  8.18it/s, recall_0.3=(0, 250) / 310]eval:   2%|▏         | 77/3769 [00:32<07:31,  8.18it/s, recall_0.3=(0, 252) / 312]eval:   2%|▏         | 78/3769 [00:32<07:22,  8.35it/s, recall_0.3=(0, 252) / 312]eval:   2%|▏         | 78/3769 [00:32<07:22,  8.35it/s, recall_0.3=(0, 258) / 318]eval:   2%|▏         | 79/3769 [00:32<07:22,  8.34it/s, recall_0.3=(0, 258) / 318]eval:   2%|▏         | 79/3769 [00:32<07:22,  8.34it/s, recall_0.3=(0, 265) / 326]eval:   2%|▏         | 80/3769 [00:32<07:25,  8.27it/s, recall_0.3=(0, 265) / 326]eval:   2%|▏         | 80/3769 [00:32<07:25,  8.27it/s, recall_0.3=(0, 266) / 327]eval:   2%|▏         | 81/3769 [00:32<07:27,  8.25it/s, recall_0.3=(0, 266) / 327]eval:   2%|▏         | 81/3769 [00:32<07:27,  8.25it/s, recall_0.3=(0, 270) / 331]eval:   2%|▏         | 82/3769 [00:32<07:27,  8.24it/s, recall_0.3=(0, 270) / 331]eval:   2%|▏         | 82/3769 [00:33<07:27,  8.24it/s, recall_0.3=(0, 272) / 334]eval:   2%|▏         | 83/3769 [00:33<07:37,  8.07it/s, recall_0.3=(0, 272) / 334]eval:   2%|▏         | 83/3769 [00:33<07:37,  8.07it/s, recall_0.3=(0, 280) / 343]eval:   2%|▏         | 84/3769 [00:33<07:30,  8.17it/s, recall_0.3=(0, 280) / 343]eval:   2%|▏         | 84/3769 [00:33<07:30,  8.17it/s, recall_0.3=(0, 285) / 349]eval:   2%|▏         | 85/3769 [00:33<07:10,  8.55it/s, recall_0.3=(0, 285) / 349]eval:   2%|▏         | 85/3769 [00:33<07:10,  8.55it/s, recall_0.3=(0, 287) / 352]eval:   2%|▏         | 86/3769 [00:33<07:26,  8.26it/s, recall_0.3=(0, 287) / 352]eval:   2%|▏         | 86/3769 [00:33<07:26,  8.26it/s, recall_0.3=(0, 288) / 354]eval:   2%|▏         | 87/3769 [00:33<07:26,  8.25it/s, recall_0.3=(0, 288) / 354]eval:   2%|▏         | 87/3769 [00:33<07:26,  8.25it/s, recall_0.3=(0, 289) / 355]eval:   2%|▏         | 88/3769 [00:33<07:28,  8.21it/s, recall_0.3=(0, 289) / 355]eval:   2%|▏         | 88/3769 [00:33<07:28,  8.21it/s, recall_0.3=(0, 294) / 361]eval:   2%|▏         | 89/3769 [00:33<07:17,  8.41it/s, recall_0.3=(0, 294) / 361]eval:   2%|▏         | 89/3769 [00:33<07:17,  8.41it/s, recall_0.3=(0, 295) / 362]eval:   2%|▏         | 90/3769 [00:33<07:22,  8.32it/s, recall_0.3=(0, 295) / 362]eval:   2%|▏         | 90/3769 [00:34<07:22,  8.32it/s, recall_0.3=(0, 303) / 374]eval:   2%|▏         | 91/3769 [00:34<07:16,  8.43it/s, recall_0.3=(0, 303) / 374]eval:   2%|▏         | 91/3769 [00:34<07:16,  8.43it/s, recall_0.3=(0, 304) / 376]eval:   2%|▏         | 92/3769 [00:34<07:40,  7.99it/s, recall_0.3=(0, 304) / 376]eval:   2%|▏         | 92/3769 [00:34<07:40,  7.99it/s, recall_0.3=(0, 306) / 378]eval:   2%|▏         | 93/3769 [00:34<07:32,  8.13it/s, recall_0.3=(0, 306) / 378]eval:   2%|▏         | 93/3769 [00:34<07:32,  8.13it/s, recall_0.3=(0, 309) / 382]eval:   2%|▏         | 94/3769 [00:34<07:24,  8.27it/s, recall_0.3=(0, 309) / 382]eval:   2%|▏         | 94/3769 [00:34<07:24,  8.27it/s, recall_0.3=(0, 317) / 390]eval:   3%|▎         | 95/3769 [00:34<07:30,  8.16it/s, recall_0.3=(0, 317) / 390]eval:   3%|▎         | 95/3769 [00:34<07:30,  8.16it/s, recall_0.3=(0, 320) / 393]eval:   3%|▎         | 96/3769 [00:34<07:52,  7.77it/s, recall_0.3=(0, 320) / 393]eval:   3%|▎         | 96/3769 [00:34<07:52,  7.77it/s, recall_0.3=(0, 330) / 403]eval:   3%|▎         | 97/3769 [00:34<07:46,  7.88it/s, recall_0.3=(0, 330) / 403]eval:   3%|▎         | 97/3769 [00:34<07:46,  7.88it/s, recall_0.3=(0, 335) / 408]eval:   3%|▎         | 98/3769 [00:34<07:46,  7.86it/s, recall_0.3=(0, 335) / 408]eval:   3%|▎         | 98/3769 [00:35<07:46,  7.86it/s, recall_0.3=(0, 340) / 415]eval:   3%|▎         | 99/3769 [00:35<07:46,  7.86it/s, recall_0.3=(0, 340) / 415]eval:   3%|▎         | 99/3769 [00:35<07:46,  7.86it/s, recall_0.3=(0, 342) / 417]eval:   3%|▎         | 100/3769 [00:35<07:43,  7.92it/s, recall_0.3=(0, 342) / 417]eval:   3%|▎         | 100/3769 [00:35<07:43,  7.92it/s, recall_0.3=(0, 343) / 418]eval:   3%|▎         | 101/3769 [00:35<07:22,  8.29it/s, recall_0.3=(0, 343) / 418]eval:   3%|▎         | 101/3769 [00:35<07:22,  8.29it/s, recall_0.3=(0, 349) / 425]eval:   3%|▎         | 102/3769 [00:35<07:10,  8.52it/s, recall_0.3=(0, 349) / 425]eval:   3%|▎         | 102/3769 [00:35<07:10,  8.52it/s, recall_0.3=(0, 350) / 426]eval:   3%|▎         | 103/3769 [00:35<07:19,  8.34it/s, recall_0.3=(0, 350) / 426]eval:   3%|▎         | 103/3769 [00:35<07:19,  8.34it/s, recall_0.3=(0, 351) / 427]eval:   3%|▎         | 104/3769 [00:35<07:15,  8.42it/s, recall_0.3=(0, 351) / 427]eval:   3%|▎         | 104/3769 [00:35<07:15,  8.42it/s, recall_0.3=(0, 355) / 431]eval:   3%|▎         | 105/3769 [00:35<07:23,  8.26it/s, recall_0.3=(0, 355) / 431]eval:   3%|▎         | 105/3769 [00:35<07:23,  8.26it/s, recall_0.3=(0, 360) / 437]eval:   3%|▎         | 106/3769 [00:35<07:08,  8.55it/s, recall_0.3=(0, 360) / 437]eval:   3%|▎         | 106/3769 [00:36<07:08,  8.55it/s, recall_0.3=(0, 364) / 441]eval:   3%|▎         | 107/3769 [00:36<07:16,  8.38it/s, recall_0.3=(0, 364) / 441]eval:   3%|▎         | 107/3769 [00:36<07:16,  8.38it/s, recall_0.3=(0, 372) / 449]eval:   3%|▎         | 108/3769 [00:36<07:16,  8.39it/s, recall_0.3=(0, 372) / 449]eval:   3%|▎         | 108/3769 [00:36<07:16,  8.39it/s, recall_0.3=(0, 374) / 451]eval:   3%|▎         | 109/3769 [00:36<07:23,  8.25it/s, recall_0.3=(0, 374) / 451]eval:   3%|▎         | 109/3769 [00:36<07:23,  8.25it/s, recall_0.3=(0, 376) / 453]eval:   3%|▎         | 110/3769 [00:36<07:18,  8.35it/s, recall_0.3=(0, 376) / 453]eval:   3%|▎         | 110/3769 [00:36<07:18,  8.35it/s, recall_0.3=(0, 379) / 456]eval:   3%|▎         | 111/3769 [00:36<07:21,  8.28it/s, recall_0.3=(0, 379) / 456]eval:   3%|▎         | 111/3769 [00:36<07:21,  8.28it/s, recall_0.3=(0, 382) / 461]eval:   3%|▎         | 112/3769 [00:36<07:18,  8.33it/s, recall_0.3=(0, 382) / 461]eval:   3%|▎         | 112/3769 [00:36<07:18,  8.33it/s, recall_0.3=(0, 383) / 462]eval:   3%|▎         | 113/3769 [00:36<07:22,  8.26it/s, recall_0.3=(0, 383) / 462]eval:   3%|▎         | 113/3769 [00:36<07:22,  8.26it/s, recall_0.3=(0, 390) / 470]eval:   3%|▎         | 114/3769 [00:36<07:25,  8.21it/s, recall_0.3=(0, 390) / 470]eval:   3%|▎         | 114/3769 [00:36<07:25,  8.21it/s, recall_0.3=(0, 395) / 476]eval:   3%|▎         | 115/3769 [00:36<07:29,  8.14it/s, recall_0.3=(0, 395) / 476]eval:   3%|▎         | 115/3769 [00:37<07:29,  8.14it/s, recall_0.3=(0, 398) / 479]eval:   3%|▎         | 116/3769 [00:37<07:26,  8.18it/s, recall_0.3=(0, 398) / 479]eval:   3%|▎         | 116/3769 [00:37<07:26,  8.18it/s, recall_0.3=(0, 400) / 481]eval:   3%|▎         | 117/3769 [00:37<07:25,  8.20it/s, recall_0.3=(0, 400) / 481]eval:   3%|▎         | 117/3769 [00:37<07:25,  8.20it/s, recall_0.3=(0, 403) / 484]eval:   3%|▎         | 118/3769 [00:37<07:19,  8.30it/s, recall_0.3=(0, 403) / 484]eval:   3%|▎         | 118/3769 [00:37<07:19,  8.30it/s, recall_0.3=(0, 404) / 486]eval:   3%|▎         | 119/3769 [00:37<07:27,  8.15it/s, recall_0.3=(0, 404) / 486]eval:   3%|▎         | 119/3769 [00:37<07:27,  8.15it/s, recall_0.3=(0, 411) / 493]eval:   3%|▎         | 120/3769 [00:37<07:23,  8.23it/s, recall_0.3=(0, 411) / 493]eval:   3%|▎         | 120/3769 [00:37<07:23,  8.23it/s, recall_0.3=(0, 412) / 494]eval:   3%|▎         | 121/3769 [00:37<07:16,  8.35it/s, recall_0.3=(0, 412) / 494]eval:   3%|▎         | 121/3769 [00:37<07:16,  8.35it/s, recall_0.3=(0, 416) / 499]eval:   3%|▎         | 122/3769 [00:37<07:33,  8.04it/s, recall_0.3=(0, 416) / 499]eval:   3%|▎         | 122/3769 [00:37<07:33,  8.04it/s, recall_0.3=(0, 425) / 510]eval:   3%|▎         | 123/3769 [00:37<07:38,  7.96it/s, recall_0.3=(0, 425) / 510]eval:   3%|▎         | 123/3769 [00:38<07:38,  7.96it/s, recall_0.3=(0, 428) / 513]eval:   3%|▎         | 124/3769 [00:38<07:32,  8.06it/s, recall_0.3=(0, 428) / 513]eval:   3%|▎         | 124/3769 [00:38<07:32,  8.06it/s, recall_0.3=(0, 434) / 519]eval:   3%|▎         | 125/3769 [00:38<07:16,  8.36it/s, recall_0.3=(0, 434) / 519]eval:   3%|▎         | 125/3769 [00:38<07:16,  8.36it/s, recall_0.3=(0, 437) / 522]eval:   3%|▎         | 126/3769 [00:38<07:27,  8.13it/s, recall_0.3=(0, 437) / 522]eval:   3%|▎         | 126/3769 [00:38<07:27,  8.13it/s, recall_0.3=(0, 438) / 523]eval:   3%|▎         | 127/3769 [00:38<07:25,  8.17it/s, recall_0.3=(0, 438) / 523]eval:   3%|▎         | 127/3769 [00:38<07:25,  8.17it/s, recall_0.3=(0, 441) / 535]eval:   3%|▎         | 128/3769 [00:38<07:16,  8.34it/s, recall_0.3=(0, 441) / 535]eval:   3%|▎         | 128/3769 [00:38<07:16,  8.34it/s, recall_0.3=(0, 442) / 536]eval:   3%|▎         | 129/3769 [00:38<07:31,  8.06it/s, recall_0.3=(0, 442) / 536]eval:   3%|▎         | 129/3769 [00:38<07:31,  8.06it/s, recall_0.3=(0, 446) / 540]eval:   3%|▎         | 130/3769 [00:38<07:24,  8.18it/s, recall_0.3=(0, 446) / 540]eval:   3%|▎         | 130/3769 [00:38<07:24,  8.18it/s, recall_0.3=(0, 447) / 541]eval:   3%|▎         | 131/3769 [00:38<07:23,  8.20it/s, recall_0.3=(0, 447) / 541]eval:   3%|▎         | 131/3769 [00:39<07:23,  8.20it/s, recall_0.3=(0, 449) / 543]eval:   4%|▎         | 132/3769 [00:39<07:26,  8.15it/s, recall_0.3=(0, 449) / 543]eval:   4%|▎         | 132/3769 [00:39<07:26,  8.15it/s, recall_0.3=(0, 457) / 552]eval:   4%|▎         | 133/3769 [00:39<07:12,  8.42it/s, recall_0.3=(0, 457) / 552]eval:   4%|▎         | 133/3769 [00:39<07:12,  8.42it/s, recall_0.3=(0, 459) / 555]eval:   4%|▎         | 134/3769 [00:39<07:15,  8.35it/s, recall_0.3=(0, 459) / 555]eval:   4%|▎         | 134/3769 [00:39<07:15,  8.35it/s, recall_0.3=(0, 460) / 556]eval:   4%|▎         | 135/3769 [00:39<07:06,  8.52it/s, recall_0.3=(0, 460) / 556]eval:   4%|▎         | 135/3769 [00:39<07:06,  8.52it/s, recall_0.3=(0, 464) / 560]eval:   4%|▎         | 136/3769 [00:39<07:07,  8.50it/s, recall_0.3=(0, 464) / 560]eval:   4%|▎         | 136/3769 [00:39<07:07,  8.50it/s, recall_0.3=(0, 467) / 563]eval:   4%|▎         | 137/3769 [00:39<07:04,  8.56it/s, recall_0.3=(0, 467) / 563]eval:   4%|▎         | 137/3769 [00:39<07:04,  8.56it/s, recall_0.3=(0, 469) / 566]eval:   4%|▎         | 138/3769 [00:39<06:58,  8.68it/s, recall_0.3=(0, 469) / 566]eval:   4%|▎         | 138/3769 [00:39<06:58,  8.68it/s, recall_0.3=(0, 474) / 572]eval:   4%|▎         | 139/3769 [00:39<07:12,  8.40it/s, recall_0.3=(0, 474) / 572]eval:   4%|▎         | 139/3769 [00:40<07:12,  8.40it/s, recall_0.3=(0, 477) / 575]eval:   4%|▎         | 140/3769 [00:40<07:19,  8.26it/s, recall_0.3=(0, 477) / 575]eval:   4%|▎         | 140/3769 [00:40<07:19,  8.26it/s, recall_0.3=(0, 481) / 580]eval:   4%|▎         | 141/3769 [00:40<07:09,  8.44it/s, recall_0.3=(0, 481) / 580]eval:   4%|▎         | 141/3769 [00:40<07:09,  8.44it/s, recall_0.3=(0, 482) / 583]eval:   4%|▍         | 142/3769 [00:40<07:16,  8.31it/s, recall_0.3=(0, 482) / 583]eval:   4%|▍         | 142/3769 [00:40<07:16,  8.31it/s, recall_0.3=(0, 484) / 588]eval:   4%|▍         | 143/3769 [00:40<07:13,  8.36it/s, recall_0.3=(0, 484) / 588]eval:   4%|▍         | 143/3769 [00:40<07:13,  8.36it/s, recall_0.3=(0, 487) / 591]eval:   4%|▍         | 144/3769 [00:40<07:18,  8.27it/s, recall_0.3=(0, 487) / 591]eval:   4%|▍         | 144/3769 [00:40<07:18,  8.27it/s, recall_0.3=(0, 495) / 601]eval:   4%|▍         | 145/3769 [00:40<07:16,  8.30it/s, recall_0.3=(0, 495) / 601]eval:   4%|▍         | 145/3769 [00:40<07:16,  8.30it/s, recall_0.3=(0, 498) / 605]eval:   4%|▍         | 146/3769 [00:40<06:59,  8.63it/s, recall_0.3=(0, 498) / 605]eval:   4%|▍         | 146/3769 [00:40<06:59,  8.63it/s, recall_0.3=(0, 501) / 608]eval:   4%|▍         | 147/3769 [00:40<06:49,  8.84it/s, recall_0.3=(0, 501) / 608]eval:   4%|▍         | 147/3769 [00:40<06:49,  8.84it/s, recall_0.3=(0, 504) / 611]eval:   4%|▍         | 148/3769 [00:40<06:54,  8.73it/s, recall_0.3=(0, 504) / 611]eval:   4%|▍         | 148/3769 [00:41<06:54,  8.73it/s, recall_0.3=(0, 508) / 615]eval:   4%|▍         | 149/3769 [00:41<07:18,  8.26it/s, recall_0.3=(0, 508) / 615]eval:   4%|▍         | 149/3769 [00:41<07:18,  8.26it/s, recall_0.3=(0, 513) / 620]eval:   4%|▍         | 150/3769 [00:41<07:18,  8.25it/s, recall_0.3=(0, 513) / 620]eval:   4%|▍         | 150/3769 [00:41<07:18,  8.25it/s, recall_0.3=(0, 516) / 623]eval:   4%|▍         | 151/3769 [00:41<07:15,  8.31it/s, recall_0.3=(0, 516) / 623]eval:   4%|▍         | 151/3769 [00:41<07:15,  8.31it/s, recall_0.3=(0, 522) / 629]eval:   4%|▍         | 152/3769 [00:41<07:14,  8.32it/s, recall_0.3=(0, 522) / 629]eval:   4%|▍         | 152/3769 [00:41<07:14,  8.32it/s, recall_0.3=(0, 523) / 630]eval:   4%|▍         | 153/3769 [00:41<07:00,  8.60it/s, recall_0.3=(0, 523) / 630]eval:   4%|▍         | 153/3769 [00:41<07:00,  8.60it/s, recall_0.3=(0, 524) / 631]eval:   4%|▍         | 154/3769 [00:41<07:11,  8.38it/s, recall_0.3=(0, 524) / 631]eval:   4%|▍         | 154/3769 [00:41<07:11,  8.38it/s, recall_0.3=(0, 531) / 642]eval:   4%|▍         | 155/3769 [00:41<07:13,  8.34it/s, recall_0.3=(0, 531) / 642]eval:   4%|▍         | 155/3769 [00:41<07:13,  8.34it/s, recall_0.3=(0, 533) / 645]eval:   4%|▍         | 156/3769 [00:41<07:19,  8.22it/s, recall_0.3=(0, 533) / 645]eval:   4%|▍         | 156/3769 [00:42<07:19,  8.22it/s, recall_0.3=(0, 544) / 657]eval:   4%|▍         | 157/3769 [00:42<07:17,  8.26it/s, recall_0.3=(0, 544) / 657]eval:   4%|▍         | 157/3769 [00:42<07:17,  8.26it/s, recall_0.3=(0, 547) / 661]eval:   4%|▍         | 158/3769 [00:42<07:16,  8.27it/s, recall_0.3=(0, 547) / 661]eval:   4%|▍         | 158/3769 [00:42<07:16,  8.27it/s, recall_0.3=(0, 554) / 668]eval:   4%|▍         | 159/3769 [00:42<07:04,  8.51it/s, recall_0.3=(0, 554) / 668]eval:   4%|▍         | 159/3769 [00:42<07:04,  8.51it/s, recall_0.3=(0, 565) / 680]eval:   4%|▍         | 160/3769 [00:42<07:03,  8.52it/s, recall_0.3=(0, 565) / 680]eval:   4%|▍         | 160/3769 [00:42<07:03,  8.52it/s, recall_0.3=(0, 568) / 683]eval:   4%|▍         | 161/3769 [00:42<07:13,  8.33it/s, recall_0.3=(0, 568) / 683]eval:   4%|▍         | 161/3769 [00:42<07:13,  8.33it/s, recall_0.3=(0, 569) / 685]eval:   4%|▍         | 162/3769 [00:42<07:06,  8.45it/s, recall_0.3=(0, 569) / 685]eval:   4%|▍         | 162/3769 [00:42<07:06,  8.45it/s, recall_0.3=(0, 573) / 689]eval:   4%|▍         | 163/3769 [00:42<07:07,  8.44it/s, recall_0.3=(0, 573) / 689]eval:   4%|▍         | 163/3769 [00:42<07:07,  8.44it/s, recall_0.3=(0, 576) / 694]eval:   4%|▍         | 164/3769 [00:42<07:07,  8.43it/s, recall_0.3=(0, 576) / 694]eval:   4%|▍         | 164/3769 [00:43<07:07,  8.43it/s, recall_0.3=(0, 583) / 702]eval:   4%|▍         | 165/3769 [00:43<07:22,  8.14it/s, recall_0.3=(0, 583) / 702]eval:   4%|▍         | 165/3769 [00:43<07:22,  8.14it/s, recall_0.3=(0, 584) / 705]eval:   4%|▍         | 166/3769 [00:43<07:11,  8.35it/s, recall_0.3=(0, 584) / 705]eval:   4%|▍         | 166/3769 [00:43<07:11,  8.35it/s, recall_0.3=(0, 591) / 714]eval:   4%|▍         | 167/3769 [00:43<07:16,  8.26it/s, recall_0.3=(0, 591) / 714]eval:   4%|▍         | 167/3769 [00:43<07:16,  8.26it/s, recall_0.3=(0, 597) / 721]eval:   4%|▍         | 168/3769 [00:43<07:21,  8.16it/s, recall_0.3=(0, 597) / 721]eval:   4%|▍         | 168/3769 [00:43<07:21,  8.16it/s, recall_0.3=(0, 605) / 731]eval:   4%|▍         | 169/3769 [00:43<07:08,  8.40it/s, recall_0.3=(0, 605) / 731]eval:   4%|▍         | 169/3769 [00:43<07:08,  8.40it/s, recall_0.3=(0, 610) / 737]eval:   5%|▍         | 170/3769 [00:43<07:17,  8.23it/s, recall_0.3=(0, 610) / 737]eval:   5%|▍         | 170/3769 [00:43<07:17,  8.23it/s, recall_0.3=(0, 611) / 738]eval:   5%|▍         | 171/3769 [00:43<07:10,  8.37it/s, recall_0.3=(0, 611) / 738]eval:   5%|▍         | 171/3769 [00:43<07:10,  8.37it/s, recall_0.3=(0, 617) / 744]eval:   5%|▍         | 172/3769 [00:43<07:10,  8.36it/s, recall_0.3=(0, 617) / 744]eval:   5%|▍         | 172/3769 [00:43<07:10,  8.36it/s, recall_0.3=(0, 624) / 752]eval:   5%|▍         | 173/3769 [00:43<07:12,  8.31it/s, recall_0.3=(0, 624) / 752]eval:   5%|▍         | 173/3769 [00:44<07:12,  8.31it/s, recall_0.3=(0, 625) / 753]eval:   5%|▍         | 174/3769 [00:44<07:17,  8.21it/s, recall_0.3=(0, 625) / 753]eval:   5%|▍         | 174/3769 [00:44<07:17,  8.21it/s, recall_0.3=(0, 627) / 756]eval:   5%|▍         | 175/3769 [00:44<07:22,  8.12it/s, recall_0.3=(0, 627) / 756]eval:   5%|▍         | 175/3769 [00:44<07:22,  8.12it/s, recall_0.3=(0, 632) / 762]eval:   5%|▍         | 176/3769 [00:44<07:26,  8.04it/s, recall_0.3=(0, 632) / 762]eval:   5%|▍         | 176/3769 [00:44<07:26,  8.04it/s, recall_0.3=(0, 638) / 772]eval:   5%|▍         | 177/3769 [00:44<07:20,  8.16it/s, recall_0.3=(0, 638) / 772]eval:   5%|▍         | 177/3769 [00:44<07:20,  8.16it/s, recall_0.3=(0, 639) / 773]eval:   5%|▍         | 178/3769 [00:44<07:11,  8.31it/s, recall_0.3=(0, 639) / 773]eval:   5%|▍         | 178/3769 [00:44<07:11,  8.31it/s, recall_0.3=(0, 641) / 779]eval:   5%|▍         | 179/3769 [00:44<07:11,  8.31it/s, recall_0.3=(0, 641) / 779]eval:   5%|▍         | 179/3769 [00:44<07:11,  8.31it/s, recall_0.3=(0, 650) / 790]eval:   5%|▍         | 180/3769 [00:44<07:22,  8.11it/s, recall_0.3=(0, 650) / 790]eval:   5%|▍         | 180/3769 [00:44<07:22,  8.11it/s, recall_0.3=(0, 657) / 799]eval:   5%|▍         | 181/3769 [00:44<07:16,  8.21it/s, recall_0.3=(0, 657) / 799]eval:   5%|▍         | 181/3769 [00:45<07:16,  8.21it/s, recall_0.3=(0, 659) / 801]eval:   5%|▍         | 182/3769 [00:45<07:11,  8.31it/s, recall_0.3=(0, 659) / 801]eval:   5%|▍         | 182/3769 [00:45<07:11,  8.31it/s, recall_0.3=(0, 664) / 806]eval:   5%|▍         | 183/3769 [00:45<07:11,  8.31it/s, recall_0.3=(0, 664) / 806]eval:   5%|▍         | 183/3769 [00:45<07:11,  8.31it/s, recall_0.3=(0, 668) / 810]eval:   5%|▍         | 184/3769 [00:45<07:11,  8.30it/s, recall_0.3=(0, 668) / 810]eval:   5%|▍         | 184/3769 [00:45<07:11,  8.30it/s, recall_0.3=(0, 672) / 814]eval:   5%|▍         | 185/3769 [00:45<07:09,  8.34it/s, recall_0.3=(0, 672) / 814]eval:   5%|▍         | 185/3769 [00:45<07:09,  8.34it/s, recall_0.3=(0, 675) / 817]eval:   5%|▍         | 186/3769 [00:45<07:07,  8.38it/s, recall_0.3=(0, 675) / 817]eval:   5%|▍         | 186/3769 [00:45<07:07,  8.38it/s, recall_0.3=(0, 677) / 821]eval:   5%|▍         | 187/3769 [00:45<07:10,  8.32it/s, recall_0.3=(0, 677) / 821]eval:   5%|▍         | 187/3769 [00:45<07:10,  8.32it/s, recall_0.3=(0, 678) / 822]eval:   5%|▍         | 188/3769 [00:45<07:08,  8.36it/s, recall_0.3=(0, 678) / 822]eval:   5%|▍         | 188/3769 [00:45<07:08,  8.36it/s, recall_0.3=(0, 684) / 830]eval:   5%|▌         | 189/3769 [00:45<07:05,  8.41it/s, recall_0.3=(0, 684) / 830]eval:   5%|▌         | 189/3769 [00:46<07:05,  8.41it/s, recall_0.3=(0, 690) / 842]eval:   5%|▌         | 190/3769 [00:46<07:10,  8.32it/s, recall_0.3=(0, 690) / 842]eval:   5%|▌         | 190/3769 [00:46<07:10,  8.32it/s, recall_0.3=(0, 695) / 847]eval:   5%|▌         | 191/3769 [00:46<07:08,  8.34it/s, recall_0.3=(0, 695) / 847]eval:   5%|▌         | 191/3769 [00:46<07:08,  8.34it/s, recall_0.3=(0, 701) / 855]eval:   5%|▌         | 192/3769 [00:46<07:03,  8.45it/s, recall_0.3=(0, 701) / 855]eval:   5%|▌         | 192/3769 [00:46<07:03,  8.45it/s, recall_0.3=(0, 701) / 856]eval:   5%|▌         | 193/3769 [00:46<07:03,  8.45it/s, recall_0.3=(0, 701) / 856]eval:   5%|▌         | 193/3769 [00:46<07:03,  8.45it/s, recall_0.3=(0, 703) / 858]eval:   5%|▌         | 194/3769 [00:46<07:11,  8.28it/s, recall_0.3=(0, 703) / 858]eval:   5%|▌         | 194/3769 [00:46<07:11,  8.28it/s, recall_0.3=(0, 711) / 867]eval:   5%|▌         | 195/3769 [00:46<07:20,  8.10it/s, recall_0.3=(0, 711) / 867]eval:   5%|▌         | 195/3769 [00:46<07:20,  8.10it/s, recall_0.3=(0, 718) / 875]eval:   5%|▌         | 196/3769 [00:46<07:21,  8.09it/s, recall_0.3=(0, 718) / 875]eval:   5%|▌         | 196/3769 [00:46<07:21,  8.09it/s, recall_0.3=(0, 719) / 877]eval:   5%|▌         | 197/3769 [00:46<07:19,  8.13it/s, recall_0.3=(0, 719) / 877]eval:   5%|▌         | 197/3769 [00:46<07:19,  8.13it/s, recall_0.3=(0, 727) / 885]eval:   5%|▌         | 198/3769 [00:46<07:14,  8.21it/s, recall_0.3=(0, 727) / 885]eval:   5%|▌         | 198/3769 [00:47<07:14,  8.21it/s, recall_0.3=(0, 728) / 886]eval:   5%|▌         | 199/3769 [00:47<07:20,  8.10it/s, recall_0.3=(0, 728) / 886]eval:   5%|▌         | 199/3769 [00:47<07:20,  8.10it/s, recall_0.3=(0, 735) / 893]eval:   5%|▌         | 200/3769 [00:47<07:17,  8.16it/s, recall_0.3=(0, 735) / 893]eval:   5%|▌         | 200/3769 [00:47<07:17,  8.16it/s, recall_0.3=(0, 736) / 894]eval:   5%|▌         | 201/3769 [00:47<07:19,  8.11it/s, recall_0.3=(0, 736) / 894]eval:   5%|▌         | 201/3769 [00:47<07:19,  8.11it/s, recall_0.3=(0, 736) / 895]eval:   5%|▌         | 202/3769 [00:47<07:13,  8.23it/s, recall_0.3=(0, 736) / 895]eval:   5%|▌         | 202/3769 [00:47<07:13,  8.23it/s, recall_0.3=(0, 742) / 905]eval:   5%|▌         | 203/3769 [00:47<07:12,  8.24it/s, recall_0.3=(0, 742) / 905]eval:   5%|▌         | 203/3769 [00:47<07:12,  8.24it/s, recall_0.3=(0, 744) / 907]eval:   5%|▌         | 204/3769 [00:47<07:11,  8.27it/s, recall_0.3=(0, 744) / 907]eval:   5%|▌         | 204/3769 [00:47<07:11,  8.27it/s, recall_0.3=(0, 748) / 912]eval:   5%|▌         | 205/3769 [00:47<06:57,  8.54it/s, recall_0.3=(0, 748) / 912]eval:   5%|▌         | 205/3769 [00:47<06:57,  8.54it/s, recall_0.3=(0, 755) / 921]eval:   5%|▌         | 206/3769 [00:47<06:56,  8.56it/s, recall_0.3=(0, 755) / 921]eval:   5%|▌         | 206/3769 [00:48<06:56,  8.56it/s, recall_0.3=(0, 756) / 922]eval:   5%|▌         | 207/3769 [00:48<06:59,  8.48it/s, recall_0.3=(0, 756) / 922]eval:   5%|▌         | 207/3769 [00:48<06:59,  8.48it/s, recall_0.3=(0, 763) / 930]eval:   6%|▌         | 208/3769 [00:48<06:56,  8.54it/s, recall_0.3=(0, 763) / 930]eval:   6%|▌         | 208/3769 [00:48<06:56,  8.54it/s, recall_0.3=(0, 765) / 933]eval:   6%|▌         | 209/3769 [00:48<07:00,  8.46it/s, recall_0.3=(0, 765) / 933]eval:   6%|▌         | 209/3769 [00:48<07:00,  8.46it/s, recall_0.3=(0, 768) / 936]eval:   6%|▌         | 210/3769 [00:48<06:53,  8.61it/s, recall_0.3=(0, 768) / 936]eval:   6%|▌         | 210/3769 [00:48<06:53,  8.61it/s, recall_0.3=(0, 769) / 937]eval:   6%|▌         | 211/3769 [00:48<07:02,  8.43it/s, recall_0.3=(0, 769) / 937]eval:   6%|▌         | 211/3769 [00:48<07:02,  8.43it/s, recall_0.3=(0, 778) / 947]eval:   6%|▌         | 212/3769 [00:48<07:10,  8.26it/s, recall_0.3=(0, 778) / 947]eval:   6%|▌         | 212/3769 [00:48<07:10,  8.26it/s, recall_0.3=(0, 780) / 950]eval:   6%|▌         | 213/3769 [00:48<07:11,  8.24it/s, recall_0.3=(0, 780) / 950]eval:   6%|▌         | 213/3769 [00:48<07:11,  8.24it/s, recall_0.3=(0, 785) / 955]eval:   6%|▌         | 214/3769 [00:48<07:05,  8.35it/s, recall_0.3=(0, 785) / 955]eval:   6%|▌         | 214/3769 [00:49<07:05,  8.35it/s, recall_0.3=(0, 792) / 963]eval:   6%|▌         | 215/3769 [00:49<07:06,  8.32it/s, recall_0.3=(0, 792) / 963]eval:   6%|▌         | 215/3769 [00:49<07:06,  8.32it/s, recall_0.3=(0, 796) / 969]eval:   6%|▌         | 216/3769 [00:49<07:05,  8.34it/s, recall_0.3=(0, 796) / 969]eval:   6%|▌         | 216/3769 [00:49<07:05,  8.34it/s, recall_0.3=(0, 800) / 973]eval:   6%|▌         | 217/3769 [00:49<07:26,  7.96it/s, recall_0.3=(0, 800) / 973]eval:   6%|▌         | 217/3769 [00:49<07:26,  7.96it/s, recall_0.3=(0, 810) / 983]eval:   6%|▌         | 218/3769 [00:49<07:13,  8.20it/s, recall_0.3=(0, 810) / 983]eval:   6%|▌         | 218/3769 [00:49<07:13,  8.20it/s, recall_0.3=(0, 813) / 986]eval:   6%|▌         | 219/3769 [00:49<07:04,  8.36it/s, recall_0.3=(0, 813) / 986]eval:   6%|▌         | 219/3769 [00:49<07:04,  8.36it/s, recall_0.3=(0, 821) / 997]eval:   6%|▌         | 220/3769 [00:49<07:13,  8.19it/s, recall_0.3=(0, 821) / 997]eval:   6%|▌         | 220/3769 [00:49<07:13,  8.19it/s, recall_0.3=(0, 823) / 999]eval:   6%|▌         | 221/3769 [00:49<07:11,  8.22it/s, recall_0.3=(0, 823) / 999]eval:   6%|▌         | 221/3769 [00:49<07:11,  8.22it/s, recall_0.3=(0, 825) / 1001]eval:   6%|▌         | 222/3769 [00:49<07:06,  8.32it/s, recall_0.3=(0, 825) / 1001]eval:   6%|▌         | 222/3769 [00:49<07:06,  8.32it/s, recall_0.3=(0, 832) / 1008]eval:   6%|▌         | 223/3769 [00:49<07:07,  8.29it/s, recall_0.3=(0, 832) / 1008]eval:   6%|▌         | 223/3769 [00:50<07:07,  8.29it/s, recall_0.3=(0, 833) / 1010]eval:   6%|▌         | 224/3769 [00:50<07:10,  8.24it/s, recall_0.3=(0, 833) / 1010]eval:   6%|▌         | 224/3769 [00:50<07:10,  8.24it/s, recall_0.3=(0, 836) / 1017]eval:   6%|▌         | 225/3769 [00:50<07:09,  8.25it/s, recall_0.3=(0, 836) / 1017]eval:   6%|▌         | 225/3769 [00:50<07:09,  8.25it/s, recall_0.3=(0, 837) / 1018]eval:   6%|▌         | 226/3769 [00:50<07:06,  8.31it/s, recall_0.3=(0, 837) / 1018]eval:   6%|▌         | 226/3769 [00:50<07:06,  8.31it/s, recall_0.3=(0, 837) / 1019]eval:   6%|▌         | 227/3769 [00:50<07:05,  8.33it/s, recall_0.3=(0, 837) / 1019]eval:   6%|▌         | 227/3769 [00:50<07:05,  8.33it/s, recall_0.3=(0, 838) / 1020]eval:   6%|▌         | 228/3769 [00:50<07:00,  8.41it/s, recall_0.3=(0, 838) / 1020]eval:   6%|▌         | 228/3769 [00:50<07:00,  8.41it/s, recall_0.3=(0, 842) / 1025]eval:   6%|▌         | 229/3769 [00:50<07:00,  8.41it/s, recall_0.3=(0, 842) / 1025]eval:   6%|▌         | 229/3769 [00:50<07:00,  8.41it/s, recall_0.3=(0, 844) / 1027]eval:   6%|▌         | 230/3769 [00:50<07:06,  8.29it/s, recall_0.3=(0, 844) / 1027]eval:   6%|▌         | 230/3769 [00:50<07:06,  8.29it/s, recall_0.3=(0, 852) / 1035]eval:   6%|▌         | 231/3769 [00:50<07:01,  8.40it/s, recall_0.3=(0, 852) / 1035]eval:   6%|▌         | 231/3769 [00:51<07:01,  8.40it/s, recall_0.3=(0, 854) / 1037]eval:   6%|▌         | 232/3769 [00:51<07:03,  8.36it/s, recall_0.3=(0, 854) / 1037]eval:   6%|▌         | 232/3769 [00:51<07:03,  8.36it/s, recall_0.3=(0, 858) / 1041]eval:   6%|▌         | 233/3769 [00:51<07:12,  8.18it/s, recall_0.3=(0, 858) / 1041]eval:   6%|▌         | 233/3769 [00:51<07:12,  8.18it/s, recall_0.3=(0, 865) / 1050]eval:   6%|▌         | 234/3769 [00:51<07:21,  8.01it/s, recall_0.3=(0, 865) / 1050]eval:   6%|▌         | 234/3769 [00:51<07:21,  8.01it/s, recall_0.3=(0, 869) / 1055]eval:   6%|▌         | 235/3769 [00:51<07:13,  8.15it/s, recall_0.3=(0, 869) / 1055]eval:   6%|▌         | 235/3769 [00:51<07:13,  8.15it/s, recall_0.3=(0, 876) / 1067]eval:   6%|▋         | 236/3769 [00:51<07:11,  8.19it/s, recall_0.3=(0, 876) / 1067]eval:   6%|▋         | 236/3769 [00:51<07:11,  8.19it/s, recall_0.3=(0, 882) / 1073]eval:   6%|▋         | 237/3769 [00:51<07:13,  8.15it/s, recall_0.3=(0, 882) / 1073]eval:   6%|▋         | 237/3769 [00:51<07:13,  8.15it/s, recall_0.3=(0, 883) / 1074]eval:   6%|▋         | 238/3769 [00:51<07:05,  8.29it/s, recall_0.3=(0, 883) / 1074]eval:   6%|▋         | 238/3769 [00:51<07:05,  8.29it/s, recall_0.3=(0, 891) / 1082]eval:   6%|▋         | 239/3769 [00:51<07:08,  8.24it/s, recall_0.3=(0, 891) / 1082]eval:   6%|▋         | 239/3769 [00:52<07:08,  8.24it/s, recall_0.3=(0, 892) / 1083]eval:   6%|▋         | 240/3769 [00:52<07:13,  8.15it/s, recall_0.3=(0, 892) / 1083]eval:   6%|▋         | 240/3769 [00:52<07:13,  8.15it/s, recall_0.3=(0, 893) / 1084]eval:   6%|▋         | 241/3769 [00:52<07:07,  8.26it/s, recall_0.3=(0, 893) / 1084]eval:   6%|▋         | 241/3769 [00:52<07:07,  8.26it/s, recall_0.3=(0, 896) / 1088]eval:   6%|▋         | 242/3769 [00:52<07:04,  8.31it/s, recall_0.3=(0, 896) / 1088]eval:   6%|▋         | 242/3769 [00:52<07:04,  8.31it/s, recall_0.3=(0, 899) / 1091]eval:   6%|▋         | 243/3769 [00:52<06:59,  8.41it/s, recall_0.3=(0, 899) / 1091]eval:   6%|▋         | 243/3769 [00:52<06:59,  8.41it/s, recall_0.3=(0, 901) / 1093]eval:   6%|▋         | 244/3769 [00:52<07:02,  8.35it/s, recall_0.3=(0, 901) / 1093]eval:   6%|▋         | 244/3769 [00:52<07:02,  8.35it/s, recall_0.3=(0, 904) / 1096]eval:   7%|▋         | 245/3769 [00:52<07:06,  8.27it/s, recall_0.3=(0, 904) / 1096]eval:   7%|▋         | 245/3769 [00:52<07:06,  8.27it/s, recall_0.3=(0, 908) / 1100]eval:   7%|▋         | 246/3769 [00:52<06:58,  8.42it/s, recall_0.3=(0, 908) / 1100]eval:   7%|▋         | 246/3769 [00:52<06:58,  8.42it/s, recall_0.3=(0, 914) / 1108]eval:   7%|▋         | 247/3769 [00:52<06:45,  8.69it/s, recall_0.3=(0, 914) / 1108]eval:   7%|▋         | 247/3769 [00:52<06:45,  8.69it/s, recall_0.3=(0, 915) / 1109]eval:   7%|▋         | 248/3769 [00:52<06:54,  8.50it/s, recall_0.3=(0, 915) / 1109]eval:   7%|▋         | 248/3769 [00:53<06:54,  8.50it/s, recall_0.3=(0, 920) / 1114]eval:   7%|▋         | 249/3769 [00:53<06:51,  8.55it/s, recall_0.3=(0, 920) / 1114]eval:   7%|▋         | 249/3769 [00:53<06:51,  8.55it/s, recall_0.3=(0, 928) / 1125]eval:   7%|▋         | 250/3769 [00:53<06:55,  8.47it/s, recall_0.3=(0, 928) / 1125]eval:   7%|▋         | 250/3769 [00:53<06:55,  8.47it/s, recall_0.3=(0, 932) / 1129]eval:   7%|▋         | 251/3769 [00:53<06:53,  8.50it/s, recall_0.3=(0, 932) / 1129]eval:   7%|▋         | 251/3769 [00:53<06:53,  8.50it/s, recall_0.3=(0, 938) / 1135]eval:   7%|▋         | 252/3769 [00:53<06:52,  8.52it/s, recall_0.3=(0, 938) / 1135]eval:   7%|▋         | 252/3769 [00:53<06:52,  8.52it/s, recall_0.3=(0, 942) / 1140]eval:   7%|▋         | 253/3769 [00:53<06:49,  8.58it/s, recall_0.3=(0, 942) / 1140]eval:   7%|▋         | 253/3769 [00:53<06:49,  8.58it/s, recall_0.3=(0, 944) / 1143]eval:   7%|▋         | 254/3769 [00:53<06:48,  8.60it/s, recall_0.3=(0, 944) / 1143]eval:   7%|▋         | 254/3769 [00:53<06:48,  8.60it/s, recall_0.3=(0, 945) / 1144]eval:   7%|▋         | 255/3769 [00:53<06:43,  8.70it/s, recall_0.3=(0, 945) / 1144]eval:   7%|▋         | 255/3769 [00:53<06:43,  8.70it/s, recall_0.3=(0, 945) / 1145]eval:   7%|▋         | 256/3769 [00:53<06:37,  8.85it/s, recall_0.3=(0, 945) / 1145]eval:   7%|▋         | 256/3769 [00:54<06:37,  8.85it/s, recall_0.3=(0, 948) / 1148]eval:   7%|▋         | 257/3769 [00:54<06:31,  8.97it/s, recall_0.3=(0, 948) / 1148]eval:   7%|▋         | 257/3769 [00:54<06:31,  8.97it/s, recall_0.3=(0, 950) / 1150]eval:   7%|▋         | 258/3769 [00:54<06:34,  8.90it/s, recall_0.3=(0, 950) / 1150]eval:   7%|▋         | 258/3769 [00:54<06:34,  8.90it/s, recall_0.3=(0, 953) / 1153]eval:   7%|▋         | 259/3769 [00:54<06:27,  9.06it/s, recall_0.3=(0, 953) / 1153]eval:   7%|▋         | 259/3769 [00:54<06:27,  9.06it/s, recall_0.3=(0, 954) / 1154]eval:   7%|▋         | 260/3769 [00:54<06:27,  9.06it/s, recall_0.3=(0, 954) / 1154]eval:   7%|▋         | 260/3769 [00:54<06:27,  9.06it/s, recall_0.3=(0, 955) / 1155]eval:   7%|▋         | 261/3769 [00:54<06:38,  8.80it/s, recall_0.3=(0, 955) / 1155]eval:   7%|▋         | 261/3769 [00:54<06:38,  8.80it/s, recall_0.3=(0, 961) / 1162]eval:   7%|▋         | 262/3769 [00:54<07:04,  8.25it/s, recall_0.3=(0, 961) / 1162]eval:   7%|▋         | 262/3769 [00:54<07:04,  8.25it/s, recall_0.3=(0, 962) / 1163]eval:   7%|▋         | 263/3769 [00:54<07:06,  8.21it/s, recall_0.3=(0, 962) / 1163]eval:   7%|▋         | 263/3769 [00:54<07:06,  8.21it/s, recall_0.3=(0, 969) / 1171]eval:   7%|▋         | 264/3769 [00:54<07:04,  8.26it/s, recall_0.3=(0, 969) / 1171]eval:   7%|▋         | 264/3769 [00:54<07:04,  8.26it/s, recall_0.3=(0, 972) / 1175]eval:   7%|▋         | 265/3769 [00:54<07:03,  8.28it/s, recall_0.3=(0, 972) / 1175]eval:   7%|▋         | 265/3769 [00:55<07:03,  8.28it/s, recall_0.3=(0, 983) / 1186]eval:   7%|▋         | 266/3769 [00:55<07:06,  8.22it/s, recall_0.3=(0, 983) / 1186]eval:   7%|▋         | 266/3769 [00:55<07:06,  8.22it/s, recall_0.3=(0, 987) / 1190]eval:   7%|▋         | 267/3769 [00:55<07:02,  8.28it/s, recall_0.3=(0, 987) / 1190]eval:   7%|▋         | 267/3769 [00:55<07:02,  8.28it/s, recall_0.3=(0, 989) / 1193]eval:   7%|▋         | 268/3769 [00:55<06:59,  8.35it/s, recall_0.3=(0, 989) / 1193]eval:   7%|▋         | 268/3769 [00:55<06:59,  8.35it/s, recall_0.3=(0, 995) / 1199]eval:   7%|▋         | 269/3769 [00:55<07:08,  8.17it/s, recall_0.3=(0, 995) / 1199]eval:   7%|▋         | 269/3769 [00:55<07:08,  8.17it/s, recall_0.3=(0, 1000) / 1204]eval:   7%|▋         | 270/3769 [00:55<07:01,  8.30it/s, recall_0.3=(0, 1000) / 1204]eval:   7%|▋         | 270/3769 [00:55<07:01,  8.30it/s, recall_0.3=(0, 1002) / 1208]eval:   7%|▋         | 271/3769 [00:55<06:57,  8.38it/s, recall_0.3=(0, 1002) / 1208]eval:   7%|▋         | 271/3769 [00:55<06:57,  8.38it/s, recall_0.3=(0, 1003) / 1209]eval:   7%|▋         | 272/3769 [00:55<07:03,  8.25it/s, recall_0.3=(0, 1003) / 1209]eval:   7%|▋         | 272/3769 [00:55<07:03,  8.25it/s, recall_0.3=(0, 1005) / 1212]eval:   7%|▋         | 273/3769 [00:55<07:01,  8.30it/s, recall_0.3=(0, 1005) / 1212]eval:   7%|▋         | 273/3769 [00:56<07:01,  8.30it/s, recall_0.3=(0, 1010) / 1217]eval:   7%|▋         | 274/3769 [00:56<06:57,  8.37it/s, recall_0.3=(0, 1010) / 1217]eval:   7%|▋         | 274/3769 [00:56<06:57,  8.37it/s, recall_0.3=(0, 1014) / 1221]eval:   7%|▋         | 275/3769 [00:56<06:59,  8.32it/s, recall_0.3=(0, 1014) / 1221]eval:   7%|▋         | 275/3769 [00:56<06:59,  8.32it/s, recall_0.3=(0, 1016) / 1223]eval:   7%|▋         | 276/3769 [00:56<06:59,  8.32it/s, recall_0.3=(0, 1016) / 1223]eval:   7%|▋         | 276/3769 [00:56<06:59,  8.32it/s, recall_0.3=(0, 1018) / 1225]eval:   7%|▋         | 277/3769 [00:56<06:56,  8.38it/s, recall_0.3=(0, 1018) / 1225]eval:   7%|▋         | 277/3769 [00:56<06:56,  8.38it/s, recall_0.3=(0, 1019) / 1226]eval:   7%|▋         | 278/3769 [00:56<06:51,  8.49it/s, recall_0.3=(0, 1019) / 1226]eval:   7%|▋         | 278/3769 [00:56<06:51,  8.49it/s, recall_0.3=(0, 1026) / 1234]eval:   7%|▋         | 279/3769 [00:56<06:56,  8.37it/s, recall_0.3=(0, 1026) / 1234]eval:   7%|▋         | 279/3769 [00:56<06:56,  8.37it/s, recall_0.3=(0, 1029) / 1239]eval:   7%|▋         | 280/3769 [00:56<06:59,  8.31it/s, recall_0.3=(0, 1029) / 1239]eval:   7%|▋         | 280/3769 [00:56<06:59,  8.31it/s, recall_0.3=(0, 1037) / 1247]eval:   7%|▋         | 281/3769 [00:56<06:57,  8.35it/s, recall_0.3=(0, 1037) / 1247]eval:   7%|▋         | 281/3769 [00:57<06:57,  8.35it/s, recall_0.3=(0, 1040) / 1250]eval:   7%|▋         | 282/3769 [00:57<07:06,  8.18it/s, recall_0.3=(0, 1040) / 1250]eval:   7%|▋         | 282/3769 [00:57<07:06,  8.18it/s, recall_0.3=(0, 1046) / 1257]eval:   8%|▊         | 283/3769 [00:57<07:05,  8.20it/s, recall_0.3=(0, 1046) / 1257]eval:   8%|▊         | 283/3769 [00:57<07:05,  8.20it/s, recall_0.3=(0, 1054) / 1266]eval:   8%|▊         | 284/3769 [00:57<07:04,  8.22it/s, recall_0.3=(0, 1054) / 1266]eval:   8%|▊         | 284/3769 [00:57<07:04,  8.22it/s, recall_0.3=(0, 1056) / 1268]eval:   8%|▊         | 285/3769 [00:57<07:05,  8.20it/s, recall_0.3=(0, 1056) / 1268]eval:   8%|▊         | 285/3769 [00:57<07:05,  8.20it/s, recall_0.3=(0, 1057) / 1269]eval:   8%|▊         | 286/3769 [00:57<07:00,  8.27it/s, recall_0.3=(0, 1057) / 1269]eval:   8%|▊         | 286/3769 [00:57<07:00,  8.27it/s, recall_0.3=(0, 1059) / 1272]eval:   8%|▊         | 287/3769 [00:57<06:56,  8.35it/s, recall_0.3=(0, 1059) / 1272]eval:   8%|▊         | 287/3769 [00:57<06:56,  8.35it/s, recall_0.3=(0, 1060) / 1273]eval:   8%|▊         | 288/3769 [00:57<07:04,  8.20it/s, recall_0.3=(0, 1060) / 1273]eval:   8%|▊         | 288/3769 [00:57<07:04,  8.20it/s, recall_0.3=(0, 1065) / 1279]eval:   8%|▊         | 289/3769 [00:57<06:51,  8.45it/s, recall_0.3=(0, 1065) / 1279]eval:   8%|▊         | 289/3769 [00:57<06:51,  8.45it/s, recall_0.3=(0, 1065) / 1280]eval:   8%|▊         | 290/3769 [00:57<06:44,  8.59it/s, recall_0.3=(0, 1065) / 1280]eval:   8%|▊         | 290/3769 [00:58<06:44,  8.59it/s, recall_0.3=(0, 1067) / 1282]eval:   8%|▊         | 291/3769 [00:58<06:50,  8.47it/s, recall_0.3=(0, 1067) / 1282]eval:   8%|▊         | 291/3769 [00:58<06:50,  8.47it/s, recall_0.3=(0, 1075) / 1294]eval:   8%|▊         | 292/3769 [00:58<06:51,  8.45it/s, recall_0.3=(0, 1075) / 1294]eval:   8%|▊         | 292/3769 [00:58<06:51,  8.45it/s, recall_0.3=(0, 1079) / 1300]eval:   8%|▊         | 293/3769 [00:58<06:43,  8.61it/s, recall_0.3=(0, 1079) / 1300]eval:   8%|▊         | 293/3769 [00:58<06:43,  8.61it/s, recall_0.3=(0, 1080) / 1301]eval:   8%|▊         | 294/3769 [00:58<06:48,  8.51it/s, recall_0.3=(0, 1080) / 1301]eval:   8%|▊         | 294/3769 [00:58<06:48,  8.51it/s, recall_0.3=(0, 1084) / 1305]eval:   8%|▊         | 295/3769 [00:58<06:57,  8.33it/s, recall_0.3=(0, 1084) / 1305]eval:   8%|▊         | 295/3769 [00:58<06:57,  8.33it/s, recall_0.3=(0, 1087) / 1308]eval:   8%|▊         | 296/3769 [00:58<06:44,  8.58it/s, recall_0.3=(0, 1087) / 1308]eval:   8%|▊         | 296/3769 [00:58<06:44,  8.58it/s, recall_0.3=(0, 1089) / 1310]eval:   8%|▊         | 297/3769 [00:58<06:44,  8.59it/s, recall_0.3=(0, 1089) / 1310]eval:   8%|▊         | 297/3769 [00:58<06:44,  8.59it/s, recall_0.3=(0, 1104) / 1328]eval:   8%|▊         | 298/3769 [00:58<06:57,  8.32it/s, recall_0.3=(0, 1104) / 1328]eval:   8%|▊         | 298/3769 [00:59<06:57,  8.32it/s, recall_0.3=(0, 1109) / 1335]eval:   8%|▊         | 299/3769 [00:59<06:59,  8.27it/s, recall_0.3=(0, 1109) / 1335]eval:   8%|▊         | 299/3769 [00:59<06:59,  8.27it/s, recall_0.3=(0, 1112) / 1338]eval:   8%|▊         | 300/3769 [00:59<06:53,  8.38it/s, recall_0.3=(0, 1112) / 1338]eval:   8%|▊         | 300/3769 [00:59<06:53,  8.38it/s, recall_0.3=(0, 1118) / 1345]eval:   8%|▊         | 301/3769 [00:59<06:43,  8.60it/s, recall_0.3=(0, 1118) / 1345]eval:   8%|▊         | 301/3769 [00:59<06:43,  8.60it/s, recall_0.3=(0, 1120) / 1347]eval:   8%|▊         | 302/3769 [00:59<06:44,  8.57it/s, recall_0.3=(0, 1120) / 1347]eval:   8%|▊         | 302/3769 [00:59<06:44,  8.57it/s, recall_0.3=(0, 1121) / 1348]eval:   8%|▊         | 303/3769 [00:59<06:45,  8.56it/s, recall_0.3=(0, 1121) / 1348]eval:   8%|▊         | 303/3769 [00:59<06:45,  8.56it/s, recall_0.3=(0, 1122) / 1350]eval:   8%|▊         | 304/3769 [00:59<06:44,  8.58it/s, recall_0.3=(0, 1122) / 1350]eval:   8%|▊         | 304/3769 [00:59<06:44,  8.58it/s, recall_0.3=(0, 1124) / 1352]eval:   8%|▊         | 305/3769 [00:59<06:43,  8.59it/s, recall_0.3=(0, 1124) / 1352]eval:   8%|▊         | 305/3769 [00:59<06:43,  8.59it/s, recall_0.3=(0, 1132) / 1361]eval:   8%|▊         | 306/3769 [00:59<06:57,  8.29it/s, recall_0.3=(0, 1132) / 1361]eval:   8%|▊         | 306/3769 [00:59<06:57,  8.29it/s, recall_0.3=(0, 1135) / 1373]eval:   8%|▊         | 307/3769 [00:59<06:59,  8.25it/s, recall_0.3=(0, 1135) / 1373]eval:   8%|▊         | 307/3769 [01:00<06:59,  8.25it/s, recall_0.3=(0, 1142) / 1381]eval:   8%|▊         | 308/3769 [01:00<07:01,  8.20it/s, recall_0.3=(0, 1142) / 1381]eval:   8%|▊         | 308/3769 [01:00<07:01,  8.20it/s, recall_0.3=(0, 1148) / 1388]eval:   8%|▊         | 309/3769 [01:00<06:49,  8.44it/s, recall_0.3=(0, 1148) / 1388]eval:   8%|▊         | 309/3769 [01:00<06:49,  8.44it/s, recall_0.3=(0, 1150) / 1390]eval:   8%|▊         | 310/3769 [01:00<07:02,  8.18it/s, recall_0.3=(0, 1150) / 1390]eval:   8%|▊         | 310/3769 [01:00<07:02,  8.18it/s, recall_0.3=(0, 1153) / 1394]eval:   8%|▊         | 311/3769 [01:00<07:01,  8.20it/s, recall_0.3=(0, 1153) / 1394]eval:   8%|▊         | 311/3769 [01:00<07:01,  8.20it/s, recall_0.3=(0, 1159) / 1400]eval:   8%|▊         | 312/3769 [01:00<06:58,  8.26it/s, recall_0.3=(0, 1159) / 1400]eval:   8%|▊         | 312/3769 [01:00<06:58,  8.26it/s, recall_0.3=(0, 1162) / 1403]eval:   8%|▊         | 313/3769 [01:00<06:56,  8.29it/s, recall_0.3=(0, 1162) / 1403]eval:   8%|▊         | 313/3769 [01:00<06:56,  8.29it/s, recall_0.3=(0, 1168) / 1413]eval:   8%|▊         | 314/3769 [01:00<06:54,  8.33it/s, recall_0.3=(0, 1168) / 1413]eval:   8%|▊         | 314/3769 [01:00<06:54,  8.33it/s, recall_0.3=(0, 1171) / 1417]eval:   8%|▊         | 315/3769 [01:00<06:47,  8.47it/s, recall_0.3=(0, 1171) / 1417]eval:   8%|▊         | 315/3769 [01:01<06:47,  8.47it/s, recall_0.3=(0, 1181) / 1431]eval:   8%|▊         | 316/3769 [01:01<06:40,  8.62it/s, recall_0.3=(0, 1181) / 1431]eval:   8%|▊         | 316/3769 [01:01<06:40,  8.62it/s, recall_0.3=(0, 1182) / 1432]eval:   8%|▊         | 317/3769 [01:01<06:36,  8.70it/s, recall_0.3=(0, 1182) / 1432]eval:   8%|▊         | 317/3769 [01:01<06:36,  8.70it/s, recall_0.3=(0, 1184) / 1435]eval:   8%|▊         | 318/3769 [01:01<06:40,  8.61it/s, recall_0.3=(0, 1184) / 1435]eval:   8%|▊         | 318/3769 [01:01<06:40,  8.61it/s, recall_0.3=(0, 1187) / 1438]eval:   8%|▊         | 319/3769 [01:01<06:36,  8.70it/s, recall_0.3=(0, 1187) / 1438]eval:   8%|▊         | 319/3769 [01:01<06:36,  8.70it/s, recall_0.3=(0, 1188) / 1440]eval:   8%|▊         | 320/3769 [01:01<06:33,  8.76it/s, recall_0.3=(0, 1188) / 1440]eval:   8%|▊         | 320/3769 [01:01<06:33,  8.76it/s, recall_0.3=(0, 1196) / 1448]eval:   9%|▊         | 321/3769 [01:01<06:31,  8.80it/s, recall_0.3=(0, 1196) / 1448]eval:   9%|▊         | 321/3769 [01:01<06:31,  8.80it/s, recall_0.3=(0, 1200) / 1452]eval:   9%|▊         | 322/3769 [01:01<06:43,  8.54it/s, recall_0.3=(0, 1200) / 1452]eval:   9%|▊         | 322/3769 [01:01<06:43,  8.54it/s, recall_0.3=(0, 1202) / 1455]eval:   9%|▊         | 323/3769 [01:01<06:43,  8.53it/s, recall_0.3=(0, 1202) / 1455]eval:   9%|▊         | 323/3769 [01:02<06:43,  8.53it/s, recall_0.3=(0, 1205) / 1459]eval:   9%|▊         | 324/3769 [01:02<06:55,  8.30it/s, recall_0.3=(0, 1205) / 1459]eval:   9%|▊         | 324/3769 [01:02<06:55,  8.30it/s, recall_0.3=(0, 1209) / 1465]eval:   9%|▊         | 325/3769 [01:02<06:40,  8.60it/s, recall_0.3=(0, 1209) / 1465]eval:   9%|▊         | 325/3769 [01:02<06:40,  8.60it/s, recall_0.3=(0, 1211) / 1467]eval:   9%|▊         | 326/3769 [01:02<06:54,  8.30it/s, recall_0.3=(0, 1211) / 1467]eval:   9%|▊         | 326/3769 [01:02<06:54,  8.30it/s, recall_0.3=(0, 1213) / 1469]eval:   9%|▊         | 327/3769 [01:02<07:00,  8.18it/s, recall_0.3=(0, 1213) / 1469]eval:   9%|▊         | 327/3769 [01:02<07:00,  8.18it/s, recall_0.3=(0, 1217) / 1473]eval:   9%|▊         | 328/3769 [01:02<07:05,  8.09it/s, recall_0.3=(0, 1217) / 1473]eval:   9%|▊         | 328/3769 [01:02<07:05,  8.09it/s, recall_0.3=(0, 1218) / 1475]eval:   9%|▊         | 329/3769 [01:02<07:13,  7.93it/s, recall_0.3=(0, 1218) / 1475]eval:   9%|▊         | 329/3769 [01:02<07:13,  7.93it/s, recall_0.3=(0, 1219) / 1477]eval:   9%|▉         | 330/3769 [01:02<07:09,  8.00it/s, recall_0.3=(0, 1219) / 1477]eval:   9%|▉         | 330/3769 [01:02<07:09,  8.00it/s, recall_0.3=(0, 1220) / 1479]eval:   9%|▉         | 331/3769 [01:02<07:03,  8.13it/s, recall_0.3=(0, 1220) / 1479]eval:   9%|▉         | 331/3769 [01:02<07:03,  8.13it/s, recall_0.3=(0, 1222) / 1481]eval:   9%|▉         | 332/3769 [01:02<07:04,  8.09it/s, recall_0.3=(0, 1222) / 1481]eval:   9%|▉         | 332/3769 [01:03<07:04,  8.09it/s, recall_0.3=(0, 1226) / 1486]eval:   9%|▉         | 333/3769 [01:03<06:59,  8.19it/s, recall_0.3=(0, 1226) / 1486]eval:   9%|▉         | 333/3769 [01:03<06:59,  8.19it/s, recall_0.3=(0, 1234) / 1496]eval:   9%|▉         | 334/3769 [01:03<06:55,  8.28it/s, recall_0.3=(0, 1234) / 1496]eval:   9%|▉         | 334/3769 [01:03<06:55,  8.28it/s, recall_0.3=(0, 1235) / 1497]eval:   9%|▉         | 335/3769 [01:03<06:58,  8.20it/s, recall_0.3=(0, 1235) / 1497]eval:   9%|▉         | 335/3769 [01:03<06:58,  8.20it/s, recall_0.3=(0, 1241) / 1505]eval:   9%|▉         | 336/3769 [01:03<06:49,  8.38it/s, recall_0.3=(0, 1241) / 1505]eval:   9%|▉         | 336/3769 [01:03<06:49,  8.38it/s, recall_0.3=(0, 1249) / 1516]eval:   9%|▉         | 337/3769 [01:03<06:56,  8.23it/s, recall_0.3=(0, 1249) / 1516]eval:   9%|▉         | 337/3769 [01:03<06:56,  8.23it/s, recall_0.3=(0, 1251) / 1519]eval:   9%|▉         | 338/3769 [01:03<06:54,  8.28it/s, recall_0.3=(0, 1251) / 1519]eval:   9%|▉         | 338/3769 [01:03<06:54,  8.28it/s, recall_0.3=(0, 1253) / 1521]eval:   9%|▉         | 339/3769 [01:03<06:37,  8.64it/s, recall_0.3=(0, 1253) / 1521]eval:   9%|▉         | 339/3769 [01:03<06:37,  8.64it/s, recall_0.3=(0, 1255) / 1525]eval:   9%|▉         | 340/3769 [01:03<06:53,  8.29it/s, recall_0.3=(0, 1255) / 1525]eval:   9%|▉         | 340/3769 [01:04<06:53,  8.29it/s, recall_0.3=(0, 1260) / 1531]eval:   9%|▉         | 341/3769 [01:04<06:36,  8.65it/s, recall_0.3=(0, 1260) / 1531]eval:   9%|▉         | 341/3769 [01:04<06:36,  8.65it/s, recall_0.3=(0, 1267) / 1538]eval:   9%|▉         | 342/3769 [01:04<06:32,  8.74it/s, recall_0.3=(0, 1267) / 1538]eval:   9%|▉         | 342/3769 [01:04<06:32,  8.74it/s, recall_0.3=(0, 1275) / 1548]eval:   9%|▉         | 343/3769 [01:04<06:46,  8.42it/s, recall_0.3=(0, 1275) / 1548]eval:   9%|▉         | 343/3769 [01:04<06:46,  8.42it/s, recall_0.3=(0, 1283) / 1557]eval:   9%|▉         | 344/3769 [01:04<06:47,  8.41it/s, recall_0.3=(0, 1283) / 1557]eval:   9%|▉         | 344/3769 [01:04<06:47,  8.41it/s, recall_0.3=(0, 1289) / 1563]eval:   9%|▉         | 345/3769 [01:04<06:47,  8.41it/s, recall_0.3=(0, 1289) / 1563]eval:   9%|▉         | 345/3769 [01:04<06:47,  8.41it/s, recall_0.3=(0, 1290) / 1565]eval:   9%|▉         | 346/3769 [01:04<06:49,  8.35it/s, recall_0.3=(0, 1290) / 1565]eval:   9%|▉         | 346/3769 [01:04<06:49,  8.35it/s, recall_0.3=(0, 1291) / 1566]eval:   9%|▉         | 347/3769 [01:04<06:37,  8.62it/s, recall_0.3=(0, 1291) / 1566]eval:   9%|▉         | 347/3769 [01:04<06:37,  8.62it/s, recall_0.3=(0, 1292) / 1568]eval:   9%|▉         | 348/3769 [01:04<06:35,  8.66it/s, recall_0.3=(0, 1292) / 1568]eval:   9%|▉         | 348/3769 [01:04<06:35,  8.66it/s, recall_0.3=(0, 1293) / 1569]eval:   9%|▉         | 349/3769 [01:04<06:38,  8.58it/s, recall_0.3=(0, 1293) / 1569]eval:   9%|▉         | 349/3769 [01:05<06:38,  8.58it/s, recall_0.3=(0, 1295) / 1572]eval:   9%|▉         | 350/3769 [01:05<06:50,  8.32it/s, recall_0.3=(0, 1295) / 1572]eval:   9%|▉         | 350/3769 [01:05<06:50,  8.32it/s, recall_0.3=(0, 1298) / 1575]eval:   9%|▉         | 351/3769 [01:05<06:46,  8.41it/s, recall_0.3=(0, 1298) / 1575]eval:   9%|▉         | 351/3769 [01:05<06:46,  8.41it/s, recall_0.3=(0, 1306) / 1584]eval:   9%|▉         | 352/3769 [01:05<06:52,  8.28it/s, recall_0.3=(0, 1306) / 1584]eval:   9%|▉         | 352/3769 [01:05<06:52,  8.28it/s, recall_0.3=(0, 1308) / 1586]eval:   9%|▉         | 353/3769 [01:05<06:57,  8.18it/s, recall_0.3=(0, 1308) / 1586]eval:   9%|▉         | 353/3769 [01:05<06:57,  8.18it/s, recall_0.3=(0, 1310) / 1588]eval:   9%|▉         | 354/3769 [01:05<06:51,  8.29it/s, recall_0.3=(0, 1310) / 1588]eval:   9%|▉         | 354/3769 [01:05<06:51,  8.29it/s, recall_0.3=(0, 1318) / 1599]eval:   9%|▉         | 355/3769 [01:05<06:49,  8.33it/s, recall_0.3=(0, 1318) / 1599]eval:   9%|▉         | 355/3769 [01:05<06:49,  8.33it/s, recall_0.3=(0, 1319) / 1600]eval:   9%|▉         | 356/3769 [01:05<06:45,  8.41it/s, recall_0.3=(0, 1319) / 1600]eval:   9%|▉         | 356/3769 [01:05<06:45,  8.41it/s, recall_0.3=(0, 1322) / 1604]eval:   9%|▉         | 357/3769 [01:05<06:43,  8.46it/s, recall_0.3=(0, 1322) / 1604]eval:   9%|▉         | 357/3769 [01:06<06:43,  8.46it/s, recall_0.3=(0, 1327) / 1611]eval:   9%|▉         | 358/3769 [01:06<06:43,  8.45it/s, recall_0.3=(0, 1327) / 1611]eval:   9%|▉         | 358/3769 [01:06<06:43,  8.45it/s, recall_0.3=(0, 1331) / 1617]eval:  10%|▉         | 359/3769 [01:06<06:44,  8.43it/s, recall_0.3=(0, 1331) / 1617]eval:  10%|▉         | 359/3769 [01:06<06:44,  8.43it/s, recall_0.3=(0, 1334) / 1620]eval:  10%|▉         | 360/3769 [01:06<06:50,  8.31it/s, recall_0.3=(0, 1334) / 1620]eval:  10%|▉         | 360/3769 [01:06<06:50,  8.31it/s, recall_0.3=(0, 1340) / 1626]eval:  10%|▉         | 361/3769 [01:06<06:43,  8.46it/s, recall_0.3=(0, 1340) / 1626]eval:  10%|▉         | 361/3769 [01:06<06:43,  8.46it/s, recall_0.3=(0, 1342) / 1628]eval:  10%|▉         | 362/3769 [01:06<06:34,  8.63it/s, recall_0.3=(0, 1342) / 1628]eval:  10%|▉         | 362/3769 [01:06<06:34,  8.63it/s, recall_0.3=(0, 1348) / 1637]eval:  10%|▉         | 363/3769 [01:06<06:49,  8.31it/s, recall_0.3=(0, 1348) / 1637]eval:  10%|▉         | 363/3769 [01:06<06:49,  8.31it/s, recall_0.3=(0, 1354) / 1647]eval:  10%|▉         | 364/3769 [01:06<06:45,  8.39it/s, recall_0.3=(0, 1354) / 1647]eval:  10%|▉         | 364/3769 [01:06<06:45,  8.39it/s, recall_0.3=(0, 1359) / 1653]eval:  10%|▉         | 365/3769 [01:06<06:55,  8.19it/s, recall_0.3=(0, 1359) / 1653]eval:  10%|▉         | 365/3769 [01:07<06:55,  8.19it/s, recall_0.3=(0, 1361) / 1655]eval:  10%|▉         | 366/3769 [01:07<06:46,  8.37it/s, recall_0.3=(0, 1361) / 1655]eval:  10%|▉         | 366/3769 [01:07<06:46,  8.37it/s, recall_0.3=(0, 1367) / 1662]eval:  10%|▉         | 367/3769 [01:07<06:37,  8.56it/s, recall_0.3=(0, 1367) / 1662]eval:  10%|▉         | 367/3769 [01:07<06:37,  8.56it/s, recall_0.3=(0, 1372) / 1668]eval:  10%|▉         | 368/3769 [01:07<06:50,  8.28it/s, recall_0.3=(0, 1372) / 1668]eval:  10%|▉         | 368/3769 [01:07<06:50,  8.28it/s, recall_0.3=(0, 1373) / 1669]eval:  10%|▉         | 369/3769 [01:07<06:47,  8.35it/s, recall_0.3=(0, 1373) / 1669]eval:  10%|▉         | 369/3769 [01:07<06:47,  8.35it/s, recall_0.3=(0, 1376) / 1672]eval:  10%|▉         | 370/3769 [01:07<06:45,  8.37it/s, recall_0.3=(0, 1376) / 1672]eval:  10%|▉         | 370/3769 [01:07<06:45,  8.37it/s, recall_0.3=(0, 1379) / 1676]eval:  10%|▉         | 371/3769 [01:07<06:38,  8.52it/s, recall_0.3=(0, 1379) / 1676]eval:  10%|▉         | 371/3769 [01:07<06:38,  8.52it/s, recall_0.3=(0, 1385) / 1682]eval:  10%|▉         | 372/3769 [01:07<06:43,  8.42it/s, recall_0.3=(0, 1385) / 1682]eval:  10%|▉         | 372/3769 [01:07<06:43,  8.42it/s, recall_0.3=(0, 1394) / 1692]eval:  10%|▉         | 373/3769 [01:07<06:43,  8.42it/s, recall_0.3=(0, 1394) / 1692]eval:  10%|▉         | 373/3769 [01:07<06:43,  8.42it/s, recall_0.3=(0, 1399) / 1698]eval:  10%|▉         | 374/3769 [01:07<06:44,  8.39it/s, recall_0.3=(0, 1399) / 1698]eval:  10%|▉         | 374/3769 [01:08<06:44,  8.39it/s, recall_0.3=(0, 1405) / 1705]eval:  10%|▉         | 375/3769 [01:08<06:48,  8.32it/s, recall_0.3=(0, 1405) / 1705]eval:  10%|▉         | 375/3769 [01:08<06:48,  8.32it/s, recall_0.3=(0, 1406) / 1706]eval:  10%|▉         | 376/3769 [01:08<07:08,  7.92it/s, recall_0.3=(0, 1406) / 1706]eval:  10%|▉         | 376/3769 [01:08<07:08,  7.92it/s, recall_0.3=(0, 1409) / 1710]eval:  10%|█         | 377/3769 [01:08<07:13,  7.82it/s, recall_0.3=(0, 1409) / 1710]eval:  10%|█         | 377/3769 [01:08<07:13,  7.82it/s, recall_0.3=(0, 1410) / 1712]eval:  10%|█         | 378/3769 [01:08<07:23,  7.65it/s, recall_0.3=(0, 1410) / 1712]eval:  10%|█         | 378/3769 [01:08<07:23,  7.65it/s, recall_0.3=(0, 1411) / 1713]eval:  10%|█         | 379/3769 [01:08<07:30,  7.52it/s, recall_0.3=(0, 1411) / 1713]eval:  10%|█         | 379/3769 [01:08<07:30,  7.52it/s, recall_0.3=(0, 1419) / 1722]eval:  10%|█         | 380/3769 [01:08<07:56,  7.12it/s, recall_0.3=(0, 1419) / 1722]eval:  10%|█         | 380/3769 [01:08<07:56,  7.12it/s, recall_0.3=(0, 1420) / 1723]eval:  10%|█         | 381/3769 [01:08<07:54,  7.15it/s, recall_0.3=(0, 1420) / 1723]eval:  10%|█         | 381/3769 [01:09<07:54,  7.15it/s, recall_0.3=(0, 1422) / 1727]eval:  10%|█         | 382/3769 [01:09<08:05,  6.98it/s, recall_0.3=(0, 1422) / 1727]eval:  10%|█         | 382/3769 [01:09<08:05,  6.98it/s, recall_0.3=(0, 1425) / 1730]eval:  10%|█         | 383/3769 [01:09<08:05,  6.98it/s, recall_0.3=(0, 1425) / 1730]eval:  10%|█         | 383/3769 [01:09<08:05,  6.98it/s, recall_0.3=(0, 1427) / 1732]eval:  10%|█         | 384/3769 [01:09<07:38,  7.39it/s, recall_0.3=(0, 1427) / 1732]eval:  10%|█         | 384/3769 [01:09<07:38,  7.39it/s, recall_0.3=(0, 1429) / 1734]eval:  10%|█         | 385/3769 [01:09<07:25,  7.60it/s, recall_0.3=(0, 1429) / 1734]eval:  10%|█         | 385/3769 [01:09<07:25,  7.60it/s, recall_0.3=(0, 1435) / 1740]eval:  10%|█         | 386/3769 [01:09<07:13,  7.81it/s, recall_0.3=(0, 1435) / 1740]eval:  10%|█         | 386/3769 [01:09<07:13,  7.81it/s, recall_0.3=(0, 1436) / 1741]eval:  10%|█         | 387/3769 [01:09<06:58,  8.07it/s, recall_0.3=(0, 1436) / 1741]eval:  10%|█         | 387/3769 [01:09<06:58,  8.07it/s, recall_0.3=(0, 1441) / 1747]eval:  10%|█         | 388/3769 [01:09<07:04,  7.96it/s, recall_0.3=(0, 1441) / 1747]eval:  10%|█         | 388/3769 [01:09<07:04,  7.96it/s, recall_0.3=(0, 1444) / 1750]eval:  10%|█         | 389/3769 [01:09<07:01,  8.01it/s, recall_0.3=(0, 1444) / 1750]eval:  10%|█         | 389/3769 [01:10<07:01,  8.01it/s, recall_0.3=(0, 1446) / 1752]eval:  10%|█         | 390/3769 [01:10<07:01,  8.02it/s, recall_0.3=(0, 1446) / 1752]eval:  10%|█         | 390/3769 [01:10<07:01,  8.02it/s, recall_0.3=(0, 1453) / 1761]eval:  10%|█         | 391/3769 [01:10<06:45,  8.32it/s, recall_0.3=(0, 1453) / 1761]eval:  10%|█         | 391/3769 [01:10<06:45,  8.32it/s, recall_0.3=(0, 1462) / 1770]eval:  10%|█         | 392/3769 [01:10<06:55,  8.12it/s, recall_0.3=(0, 1462) / 1770]eval:  10%|█         | 392/3769 [01:10<06:55,  8.12it/s, recall_0.3=(0, 1465) / 1775]eval:  10%|█         | 393/3769 [01:10<06:48,  8.26it/s, recall_0.3=(0, 1465) / 1775]eval:  10%|█         | 393/3769 [01:10<06:48,  8.26it/s, recall_0.3=(0, 1466) / 1777]eval:  10%|█         | 394/3769 [01:10<06:48,  8.26it/s, recall_0.3=(0, 1466) / 1777]eval:  10%|█         | 394/3769 [01:10<06:48,  8.26it/s, recall_0.3=(0, 1473) / 1786]eval:  10%|█         | 395/3769 [01:10<06:46,  8.29it/s, recall_0.3=(0, 1473) / 1786]eval:  10%|█         | 395/3769 [01:10<06:46,  8.29it/s, recall_0.3=(0, 1475) / 1789]eval:  11%|█         | 396/3769 [01:10<06:46,  8.29it/s, recall_0.3=(0, 1475) / 1789]eval:  11%|█         | 396/3769 [01:10<06:46,  8.29it/s, recall_0.3=(0, 1480) / 1795]eval:  11%|█         | 397/3769 [01:10<06:50,  8.22it/s, recall_0.3=(0, 1480) / 1795]eval:  11%|█         | 397/3769 [01:11<06:50,  8.22it/s, recall_0.3=(0, 1486) / 1803]eval:  11%|█         | 398/3769 [01:11<06:40,  8.42it/s, recall_0.3=(0, 1486) / 1803]eval:  11%|█         | 398/3769 [01:11<06:40,  8.42it/s, recall_0.3=(0, 1486) / 1804]eval:  11%|█         | 399/3769 [01:11<06:47,  8.28it/s, recall_0.3=(0, 1486) / 1804]eval:  11%|█         | 399/3769 [01:11<06:47,  8.28it/s, recall_0.3=(0, 1487) / 1805]eval:  11%|█         | 400/3769 [01:11<06:48,  8.24it/s, recall_0.3=(0, 1487) / 1805]eval:  11%|█         | 400/3769 [01:11<06:48,  8.24it/s, recall_0.3=(0, 1493) / 1816]eval:  11%|█         | 401/3769 [01:11<06:46,  8.29it/s, recall_0.3=(0, 1493) / 1816]eval:  11%|█         | 401/3769 [01:11<06:46,  8.29it/s, recall_0.3=(0, 1494) / 1817]eval:  11%|█         | 402/3769 [01:11<06:41,  8.38it/s, recall_0.3=(0, 1494) / 1817]eval:  11%|█         | 402/3769 [01:11<06:41,  8.38it/s, recall_0.3=(0, 1496) / 1820]eval:  11%|█         | 403/3769 [01:11<06:50,  8.19it/s, recall_0.3=(0, 1496) / 1820]eval:  11%|█         | 403/3769 [01:11<06:50,  8.19it/s, recall_0.3=(0, 1498) / 1822]eval:  11%|█         | 404/3769 [01:11<06:48,  8.25it/s, recall_0.3=(0, 1498) / 1822]eval:  11%|█         | 404/3769 [01:11<06:48,  8.25it/s, recall_0.3=(0, 1501) / 1825]eval:  11%|█         | 405/3769 [01:11<06:44,  8.31it/s, recall_0.3=(0, 1501) / 1825]eval:  11%|█         | 405/3769 [01:12<06:44,  8.31it/s, recall_0.3=(0, 1507) / 1831]eval:  11%|█         | 406/3769 [01:12<06:43,  8.33it/s, recall_0.3=(0, 1507) / 1831]eval:  11%|█         | 406/3769 [01:12<06:43,  8.33it/s, recall_0.3=(0, 1511) / 1835]eval:  11%|█         | 407/3769 [01:12<06:26,  8.69it/s, recall_0.3=(0, 1511) / 1835]eval:  11%|█         | 407/3769 [01:12<06:26,  8.69it/s, recall_0.3=(0, 1512) / 1836]eval:  11%|█         | 408/3769 [01:12<06:26,  8.69it/s, recall_0.3=(0, 1512) / 1836]eval:  11%|█         | 408/3769 [01:12<06:26,  8.69it/s, recall_0.3=(0, 1523) / 1849]eval:  11%|█         | 409/3769 [01:12<06:38,  8.42it/s, recall_0.3=(0, 1523) / 1849]eval:  11%|█         | 409/3769 [01:12<06:38,  8.42it/s, recall_0.3=(0, 1530) / 1859]eval:  11%|█         | 410/3769 [01:12<06:40,  8.39it/s, recall_0.3=(0, 1530) / 1859]eval:  11%|█         | 410/3769 [01:12<06:40,  8.39it/s, recall_0.3=(0, 1531) / 1860]eval:  11%|█         | 411/3769 [01:12<06:32,  8.56it/s, recall_0.3=(0, 1531) / 1860]eval:  11%|█         | 411/3769 [01:12<06:32,  8.56it/s, recall_0.3=(0, 1538) / 1868]eval:  11%|█         | 412/3769 [01:12<06:30,  8.59it/s, recall_0.3=(0, 1538) / 1868]eval:  11%|█         | 412/3769 [01:12<06:30,  8.59it/s, recall_0.3=(0, 1539) / 1869]eval:  11%|█         | 413/3769 [01:12<06:28,  8.65it/s, recall_0.3=(0, 1539) / 1869]eval:  11%|█         | 413/3769 [01:12<06:28,  8.65it/s, recall_0.3=(0, 1546) / 1878]eval:  11%|█         | 414/3769 [01:12<06:44,  8.30it/s, recall_0.3=(0, 1546) / 1878]eval:  11%|█         | 414/3769 [01:13<06:44,  8.30it/s, recall_0.3=(0, 1549) / 1881]eval:  11%|█         | 415/3769 [01:13<06:44,  8.29it/s, recall_0.3=(0, 1549) / 1881]eval:  11%|█         | 415/3769 [01:13<06:44,  8.29it/s, recall_0.3=(0, 1554) / 1887]eval:  11%|█         | 416/3769 [01:13<06:44,  8.28it/s, recall_0.3=(0, 1554) / 1887]eval:  11%|█         | 416/3769 [01:13<06:44,  8.28it/s, recall_0.3=(0, 1557) / 1890]eval:  11%|█         | 417/3769 [01:13<06:44,  8.29it/s, recall_0.3=(0, 1557) / 1890]eval:  11%|█         | 417/3769 [01:13<06:44,  8.29it/s, recall_0.3=(0, 1560) / 1893]eval:  11%|█         | 418/3769 [01:13<06:41,  8.35it/s, recall_0.3=(0, 1560) / 1893]eval:  11%|█         | 418/3769 [01:13<06:41,  8.35it/s, recall_0.3=(0, 1563) / 1897]eval:  11%|█         | 419/3769 [01:13<06:34,  8.49it/s, recall_0.3=(0, 1563) / 1897]eval:  11%|█         | 419/3769 [01:13<06:34,  8.49it/s, recall_0.3=(0, 1565) / 1899]eval:  11%|█         | 420/3769 [01:13<06:47,  8.21it/s, recall_0.3=(0, 1565) / 1899]eval:  11%|█         | 420/3769 [01:13<06:47,  8.21it/s, recall_0.3=(0, 1566) / 1901]eval:  11%|█         | 421/3769 [01:13<06:46,  8.23it/s, recall_0.3=(0, 1566) / 1901]eval:  11%|█         | 421/3769 [01:13<06:46,  8.23it/s, recall_0.3=(0, 1571) / 1908]eval:  11%|█         | 422/3769 [01:13<06:44,  8.28it/s, recall_0.3=(0, 1571) / 1908]eval:  11%|█         | 422/3769 [01:14<06:44,  8.28it/s, recall_0.3=(0, 1573) / 1910]eval:  11%|█         | 423/3769 [01:14<06:36,  8.43it/s, recall_0.3=(0, 1573) / 1910]eval:  11%|█         | 423/3769 [01:14<06:36,  8.43it/s, recall_0.3=(0, 1576) / 1913]eval:  11%|█         | 424/3769 [01:14<06:36,  8.45it/s, recall_0.3=(0, 1576) / 1913]eval:  11%|█         | 424/3769 [01:14<06:36,  8.45it/s, recall_0.3=(0, 1578) / 1917]eval:  11%|█▏        | 425/3769 [01:14<06:37,  8.42it/s, recall_0.3=(0, 1578) / 1917]eval:  11%|█▏        | 425/3769 [01:14<06:37,  8.42it/s, recall_0.3=(0, 1578) / 1918]eval:  11%|█▏        | 426/3769 [01:14<06:32,  8.51it/s, recall_0.3=(0, 1578) / 1918]eval:  11%|█▏        | 426/3769 [01:14<06:32,  8.51it/s, recall_0.3=(0, 1593) / 1934]eval:  11%|█▏        | 427/3769 [01:14<06:38,  8.39it/s, recall_0.3=(0, 1593) / 1934]eval:  11%|█▏        | 427/3769 [01:14<06:38,  8.39it/s, recall_0.3=(0, 1597) / 1938]eval:  11%|█▏        | 428/3769 [01:14<06:39,  8.37it/s, recall_0.3=(0, 1597) / 1938]eval:  11%|█▏        | 428/3769 [01:14<06:39,  8.37it/s, recall_0.3=(0, 1599) / 1940]eval:  11%|█▏        | 429/3769 [01:14<06:36,  8.43it/s, recall_0.3=(0, 1599) / 1940]eval:  11%|█▏        | 429/3769 [01:14<06:36,  8.43it/s, recall_0.3=(0, 1601) / 1943]eval:  11%|█▏        | 430/3769 [01:14<06:29,  8.58it/s, recall_0.3=(0, 1601) / 1943]eval:  11%|█▏        | 430/3769 [01:14<06:29,  8.58it/s, recall_0.3=(0, 1602) / 1944]eval:  11%|█▏        | 431/3769 [01:14<06:38,  8.38it/s, recall_0.3=(0, 1602) / 1944]eval:  11%|█▏        | 431/3769 [01:15<06:38,  8.38it/s, recall_0.3=(0, 1603) / 1946]eval:  11%|█▏        | 432/3769 [01:15<06:37,  8.39it/s, recall_0.3=(0, 1603) / 1946]eval:  11%|█▏        | 432/3769 [01:15<06:37,  8.39it/s, recall_0.3=(0, 1604) / 1947]eval:  11%|█▏        | 433/3769 [01:15<06:37,  8.40it/s, recall_0.3=(0, 1604) / 1947]eval:  11%|█▏        | 433/3769 [01:15<06:37,  8.40it/s, recall_0.3=(0, 1606) / 1949]eval:  12%|█▏        | 434/3769 [01:15<06:30,  8.53it/s, recall_0.3=(0, 1606) / 1949]eval:  12%|█▏        | 434/3769 [01:15<06:30,  8.53it/s, recall_0.3=(0, 1611) / 1954]eval:  12%|█▏        | 435/3769 [01:15<06:33,  8.48it/s, recall_0.3=(0, 1611) / 1954]eval:  12%|█▏        | 435/3769 [01:15<06:33,  8.48it/s, recall_0.3=(0, 1615) / 1959]eval:  12%|█▏        | 436/3769 [01:15<06:37,  8.38it/s, recall_0.3=(0, 1615) / 1959]eval:  12%|█▏        | 436/3769 [01:15<06:37,  8.38it/s, recall_0.3=(0, 1616) / 1960]eval:  12%|█▏        | 437/3769 [01:15<06:22,  8.71it/s, recall_0.3=(0, 1616) / 1960]eval:  12%|█▏        | 437/3769 [01:15<06:22,  8.71it/s, recall_0.3=(0, 1618) / 1962]eval:  12%|█▏        | 438/3769 [01:15<06:24,  8.67it/s, recall_0.3=(0, 1618) / 1962]eval:  12%|█▏        | 438/3769 [01:15<06:24,  8.67it/s, recall_0.3=(0, 1620) / 1964]eval:  12%|█▏        | 439/3769 [01:15<06:33,  8.46it/s, recall_0.3=(0, 1620) / 1964]eval:  12%|█▏        | 439/3769 [01:16<06:33,  8.46it/s, recall_0.3=(0, 1621) / 1965]eval:  12%|█▏        | 440/3769 [01:16<06:44,  8.22it/s, recall_0.3=(0, 1621) / 1965]eval:  12%|█▏        | 440/3769 [01:16<06:44,  8.22it/s, recall_0.3=(0, 1624) / 1968]eval:  12%|█▏        | 441/3769 [01:16<06:50,  8.10it/s, recall_0.3=(0, 1624) / 1968]eval:  12%|█▏        | 441/3769 [01:16<06:50,  8.10it/s, recall_0.3=(0, 1627) / 1972]eval:  12%|█▏        | 442/3769 [01:16<06:42,  8.27it/s, recall_0.3=(0, 1627) / 1972]eval:  12%|█▏        | 442/3769 [01:16<06:42,  8.27it/s, recall_0.3=(0, 1632) / 1977]eval:  12%|█▏        | 443/3769 [01:16<06:44,  8.22it/s, recall_0.3=(0, 1632) / 1977]eval:  12%|█▏        | 443/3769 [01:16<06:44,  8.22it/s, recall_0.3=(0, 1634) / 1979]eval:  12%|█▏        | 444/3769 [01:16<06:53,  8.04it/s, recall_0.3=(0, 1634) / 1979]eval:  12%|█▏        | 444/3769 [01:16<06:53,  8.04it/s, recall_0.3=(0, 1638) / 1985]eval:  12%|█▏        | 445/3769 [01:16<06:47,  8.16it/s, recall_0.3=(0, 1638) / 1985]eval:  12%|█▏        | 445/3769 [01:16<06:47,  8.16it/s, recall_0.3=(0, 1643) / 1991]eval:  12%|█▏        | 446/3769 [01:16<06:46,  8.17it/s, recall_0.3=(0, 1643) / 1991]eval:  12%|█▏        | 446/3769 [01:16<06:46,  8.17it/s, recall_0.3=(0, 1645) / 1993]eval:  12%|█▏        | 447/3769 [01:16<06:47,  8.15it/s, recall_0.3=(0, 1645) / 1993]eval:  12%|█▏        | 447/3769 [01:17<06:47,  8.15it/s, recall_0.3=(0, 1648) / 1996]eval:  12%|█▏        | 448/3769 [01:17<06:52,  8.06it/s, recall_0.3=(0, 1648) / 1996]eval:  12%|█▏        | 448/3769 [01:17<06:52,  8.06it/s, recall_0.3=(0, 1652) / 2000]eval:  12%|█▏        | 449/3769 [01:17<06:38,  8.33it/s, recall_0.3=(0, 1652) / 2000]eval:  12%|█▏        | 449/3769 [01:17<06:38,  8.33it/s, recall_0.3=(0, 1658) / 2006]eval:  12%|█▏        | 450/3769 [01:17<06:46,  8.17it/s, recall_0.3=(0, 1658) / 2006]eval:  12%|█▏        | 450/3769 [01:17<06:46,  8.17it/s, recall_0.3=(0, 1660) / 2008]eval:  12%|█▏        | 451/3769 [01:17<06:53,  8.02it/s, recall_0.3=(0, 1660) / 2008]eval:  12%|█▏        | 451/3769 [01:17<06:53,  8.02it/s, recall_0.3=(0, 1662) / 2010]eval:  12%|█▏        | 452/3769 [01:17<06:44,  8.19it/s, recall_0.3=(0, 1662) / 2010]eval:  12%|█▏        | 452/3769 [01:17<06:44,  8.19it/s, recall_0.3=(0, 1674) / 2025]eval:  12%|█▏        | 453/3769 [01:17<06:32,  8.45it/s, recall_0.3=(0, 1674) / 2025]eval:  12%|█▏        | 453/3769 [01:17<06:32,  8.45it/s, recall_0.3=(0, 1677) / 2028]eval:  12%|█▏        | 454/3769 [01:17<06:35,  8.37it/s, recall_0.3=(0, 1677) / 2028]eval:  12%|█▏        | 454/3769 [01:17<06:35,  8.37it/s, recall_0.3=(0, 1679) / 2032]eval:  12%|█▏        | 455/3769 [01:17<06:46,  8.15it/s, recall_0.3=(0, 1679) / 2032]eval:  12%|█▏        | 455/3769 [01:18<06:46,  8.15it/s, recall_0.3=(0, 1679) / 2033]eval:  12%|█▏        | 456/3769 [01:18<06:43,  8.21it/s, recall_0.3=(0, 1679) / 2033]eval:  12%|█▏        | 456/3769 [01:18<06:43,  8.21it/s, recall_0.3=(0, 1682) / 2036]eval:  12%|█▏        | 457/3769 [01:18<06:41,  8.24it/s, recall_0.3=(0, 1682) / 2036]eval:  12%|█▏        | 457/3769 [01:18<06:41,  8.24it/s, recall_0.3=(0, 1685) / 2039]eval:  12%|█▏        | 458/3769 [01:18<06:42,  8.22it/s, recall_0.3=(0, 1685) / 2039]eval:  12%|█▏        | 458/3769 [01:18<06:42,  8.22it/s, recall_0.3=(0, 1689) / 2043]eval:  12%|█▏        | 459/3769 [01:18<06:38,  8.30it/s, recall_0.3=(0, 1689) / 2043]eval:  12%|█▏        | 459/3769 [01:18<06:38,  8.30it/s, recall_0.3=(0, 1696) / 2050]eval:  12%|█▏        | 460/3769 [01:18<06:41,  8.25it/s, recall_0.3=(0, 1696) / 2050]eval:  12%|█▏        | 460/3769 [01:18<06:41,  8.25it/s, recall_0.3=(0, 1700) / 2054]eval:  12%|█▏        | 461/3769 [01:18<06:34,  8.38it/s, recall_0.3=(0, 1700) / 2054]eval:  12%|█▏        | 461/3769 [01:18<06:34,  8.38it/s, recall_0.3=(0, 1707) / 2063]eval:  12%|█▏        | 462/3769 [01:18<06:31,  8.45it/s, recall_0.3=(0, 1707) / 2063]eval:  12%|█▏        | 462/3769 [01:18<06:31,  8.45it/s, recall_0.3=(0, 1708) / 2064]eval:  12%|█▏        | 463/3769 [01:18<06:25,  8.57it/s, recall_0.3=(0, 1708) / 2064]eval:  12%|█▏        | 463/3769 [01:18<06:25,  8.57it/s, recall_0.3=(0, 1709) / 2065]eval:  12%|█▏        | 464/3769 [01:18<06:09,  8.93it/s, recall_0.3=(0, 1709) / 2065]eval:  12%|█▏        | 464/3769 [01:19<06:09,  8.93it/s, recall_0.3=(0, 1712) / 2068]eval:  12%|█▏        | 465/3769 [01:19<06:16,  8.77it/s, recall_0.3=(0, 1712) / 2068]eval:  12%|█▏        | 465/3769 [01:19<06:16,  8.77it/s, recall_0.3=(0, 1716) / 2072]eval:  12%|█▏        | 466/3769 [01:19<06:33,  8.40it/s, recall_0.3=(0, 1716) / 2072]eval:  12%|█▏        | 466/3769 [01:19<06:33,  8.40it/s, recall_0.3=(0, 1721) / 2081]eval:  12%|█▏        | 467/3769 [01:19<06:31,  8.43it/s, recall_0.3=(0, 1721) / 2081]eval:  12%|█▏        | 467/3769 [01:19<06:31,  8.43it/s, recall_0.3=(0, 1725) / 2085]eval:  12%|█▏        | 468/3769 [01:19<06:27,  8.53it/s, recall_0.3=(0, 1725) / 2085]eval:  12%|█▏        | 468/3769 [01:19<06:27,  8.53it/s, recall_0.3=(0, 1730) / 2091]eval:  12%|█▏        | 469/3769 [01:19<06:34,  8.36it/s, recall_0.3=(0, 1730) / 2091]eval:  12%|█▏        | 469/3769 [01:19<06:34,  8.36it/s, recall_0.3=(0, 1734) / 2095]eval:  12%|█▏        | 470/3769 [01:19<06:35,  8.35it/s, recall_0.3=(0, 1734) / 2095]eval:  12%|█▏        | 470/3769 [01:19<06:35,  8.35it/s, recall_0.3=(0, 1743) / 2106]eval:  12%|█▏        | 471/3769 [01:19<06:37,  8.29it/s, recall_0.3=(0, 1743) / 2106]eval:  12%|█▏        | 471/3769 [01:19<06:37,  8.29it/s, recall_0.3=(0, 1755) / 2123]eval:  13%|█▎        | 472/3769 [01:19<06:40,  8.24it/s, recall_0.3=(0, 1755) / 2123]eval:  13%|█▎        | 472/3769 [01:20<06:40,  8.24it/s, recall_0.3=(0, 1757) / 2126]eval:  13%|█▎        | 473/3769 [01:20<06:37,  8.29it/s, recall_0.3=(0, 1757) / 2126]eval:  13%|█▎        | 473/3769 [01:20<06:37,  8.29it/s, recall_0.3=(0, 1758) / 2127]eval:  13%|█▎        | 474/3769 [01:20<06:31,  8.42it/s, recall_0.3=(0, 1758) / 2127]eval:  13%|█▎        | 474/3769 [01:20<06:31,  8.42it/s, recall_0.3=(0, 1764) / 2133]eval:  13%|█▎        | 475/3769 [01:20<06:36,  8.32it/s, recall_0.3=(0, 1764) / 2133]eval:  13%|█▎        | 475/3769 [01:20<06:36,  8.32it/s, recall_0.3=(0, 1765) / 2134]eval:  13%|█▎        | 476/3769 [01:20<06:39,  8.24it/s, recall_0.3=(0, 1765) / 2134]eval:  13%|█▎        | 476/3769 [01:20<06:39,  8.24it/s, recall_0.3=(0, 1766) / 2135]eval:  13%|█▎        | 477/3769 [01:20<06:31,  8.41it/s, recall_0.3=(0, 1766) / 2135]eval:  13%|█▎        | 477/3769 [01:20<06:31,  8.41it/s, recall_0.3=(0, 1768) / 2137]eval:  13%|█▎        | 478/3769 [01:20<06:32,  8.38it/s, recall_0.3=(0, 1768) / 2137]eval:  13%|█▎        | 478/3769 [01:20<06:32,  8.38it/s, recall_0.3=(0, 1771) / 2140]eval:  13%|█▎        | 479/3769 [01:20<06:37,  8.28it/s, recall_0.3=(0, 1771) / 2140]eval:  13%|█▎        | 479/3769 [01:20<06:37,  8.28it/s, recall_0.3=(0, 1772) / 2141]eval:  13%|█▎        | 480/3769 [01:20<06:42,  8.17it/s, recall_0.3=(0, 1772) / 2141]eval:  13%|█▎        | 480/3769 [01:20<06:42,  8.17it/s, recall_0.3=(0, 1774) / 2144]eval:  13%|█▎        | 481/3769 [01:20<06:45,  8.12it/s, recall_0.3=(0, 1774) / 2144]eval:  13%|█▎        | 481/3769 [01:21<06:45,  8.12it/s, recall_0.3=(0, 1781) / 2151]eval:  13%|█▎        | 482/3769 [01:21<06:40,  8.21it/s, recall_0.3=(0, 1781) / 2151]eval:  13%|█▎        | 482/3769 [01:21<06:40,  8.21it/s, recall_0.3=(0, 1782) / 2152]eval:  13%|█▎        | 483/3769 [01:21<06:39,  8.22it/s, recall_0.3=(0, 1782) / 2152]eval:  13%|█▎        | 483/3769 [01:21<06:39,  8.22it/s, recall_0.3=(0, 1790) / 2163]eval:  13%|█▎        | 484/3769 [01:21<06:39,  8.22it/s, recall_0.3=(0, 1790) / 2163]eval:  13%|█▎        | 484/3769 [01:21<06:39,  8.22it/s, recall_0.3=(0, 1796) / 2174]eval:  13%|█▎        | 485/3769 [01:21<06:35,  8.29it/s, recall_0.3=(0, 1796) / 2174]eval:  13%|█▎        | 485/3769 [01:21<06:35,  8.29it/s, recall_0.3=(0, 1800) / 2178]eval:  13%|█▎        | 486/3769 [01:21<06:36,  8.27it/s, recall_0.3=(0, 1800) / 2178]eval:  13%|█▎        | 486/3769 [01:21<06:36,  8.27it/s, recall_0.3=(0, 1805) / 2183]eval:  13%|█▎        | 487/3769 [01:21<06:36,  8.28it/s, recall_0.3=(0, 1805) / 2183]eval:  13%|█▎        | 487/3769 [01:21<06:36,  8.28it/s, recall_0.3=(0, 1815) / 2196]eval:  13%|█▎        | 488/3769 [01:21<06:42,  8.15it/s, recall_0.3=(0, 1815) / 2196]eval:  13%|█▎        | 488/3769 [01:21<06:42,  8.15it/s, recall_0.3=(0, 1820) / 2201]eval:  13%|█▎        | 489/3769 [01:21<06:36,  8.28it/s, recall_0.3=(0, 1820) / 2201]eval:  13%|█▎        | 489/3769 [01:22<06:36,  8.28it/s, recall_0.3=(0, 1821) / 2202]eval:  13%|█▎        | 490/3769 [01:22<06:34,  8.32it/s, recall_0.3=(0, 1821) / 2202]eval:  13%|█▎        | 490/3769 [01:22<06:34,  8.32it/s, recall_0.3=(0, 1827) / 2208]eval:  13%|█▎        | 491/3769 [01:22<06:34,  8.31it/s, recall_0.3=(0, 1827) / 2208]eval:  13%|█▎        | 491/3769 [01:22<06:34,  8.31it/s, recall_0.3=(0, 1831) / 2212]eval:  13%|█▎        | 492/3769 [01:22<06:39,  8.21it/s, recall_0.3=(0, 1831) / 2212]eval:  13%|█▎        | 492/3769 [01:22<06:39,  8.21it/s, recall_0.3=(0, 1839) / 2223]eval:  13%|█▎        | 493/3769 [01:22<06:42,  8.14it/s, recall_0.3=(0, 1839) / 2223]eval:  13%|█▎        | 493/3769 [01:22<06:42,  8.14it/s, recall_0.3=(0, 1846) / 2232]eval:  13%|█▎        | 494/3769 [01:22<06:34,  8.30it/s, recall_0.3=(0, 1846) / 2232]eval:  13%|█▎        | 494/3769 [01:22<06:34,  8.30it/s, recall_0.3=(0, 1852) / 2238]eval:  13%|█▎        | 495/3769 [01:22<06:28,  8.42it/s, recall_0.3=(0, 1852) / 2238]eval:  13%|█▎        | 495/3769 [01:22<06:28,  8.42it/s, recall_0.3=(0, 1860) / 2247]eval:  13%|█▎        | 496/3769 [01:22<06:34,  8.31it/s, recall_0.3=(0, 1860) / 2247]eval:  13%|█▎        | 496/3769 [01:22<06:34,  8.31it/s, recall_0.3=(0, 1861) / 2248]eval:  13%|█▎        | 497/3769 [01:22<06:38,  8.21it/s, recall_0.3=(0, 1861) / 2248]eval:  13%|█▎        | 497/3769 [01:23<06:38,  8.21it/s, recall_0.3=(0, 1867) / 2256]eval:  13%|█▎        | 498/3769 [01:23<06:31,  8.36it/s, recall_0.3=(0, 1867) / 2256]eval:  13%|█▎        | 498/3769 [01:23<06:31,  8.36it/s, recall_0.3=(0, 1868) / 2257]eval:  13%|█▎        | 499/3769 [01:23<06:27,  8.45it/s, recall_0.3=(0, 1868) / 2257]eval:  13%|█▎        | 499/3769 [01:23<06:27,  8.45it/s, recall_0.3=(0, 1868) / 2258]eval:  13%|█▎        | 500/3769 [01:23<06:26,  8.46it/s, recall_0.3=(0, 1868) / 2258]eval:  13%|█▎        | 500/3769 [01:23<06:26,  8.46it/s, recall_0.3=(0, 1873) / 2264]eval:  13%|█▎        | 501/3769 [01:23<06:21,  8.57it/s, recall_0.3=(0, 1873) / 2264]eval:  13%|█▎        | 501/3769 [01:23<06:21,  8.57it/s, recall_0.3=(0, 1877) / 2269]eval:  13%|█▎        | 502/3769 [01:23<06:20,  8.58it/s, recall_0.3=(0, 1877) / 2269]eval:  13%|█▎        | 502/3769 [01:23<06:20,  8.58it/s, recall_0.3=(0, 1879) / 2271]eval:  13%|█▎        | 503/3769 [01:23<06:21,  8.56it/s, recall_0.3=(0, 1879) / 2271]eval:  13%|█▎        | 503/3769 [01:23<06:21,  8.56it/s, recall_0.3=(0, 1881) / 2274]eval:  13%|█▎        | 504/3769 [01:23<06:28,  8.41it/s, recall_0.3=(0, 1881) / 2274]eval:  13%|█▎        | 504/3769 [01:23<06:28,  8.41it/s, recall_0.3=(0, 1883) / 2276]eval:  13%|█▎        | 505/3769 [01:23<06:31,  8.34it/s, recall_0.3=(0, 1883) / 2276]eval:  13%|█▎        | 505/3769 [01:23<06:31,  8.34it/s, recall_0.3=(0, 1893) / 2286]eval:  13%|█▎        | 506/3769 [01:23<06:39,  8.17it/s, recall_0.3=(0, 1893) / 2286]eval:  13%|█▎        | 506/3769 [01:24<06:39,  8.17it/s, recall_0.3=(0, 1894) / 2287]eval:  13%|█▎        | 507/3769 [01:24<06:36,  8.23it/s, recall_0.3=(0, 1894) / 2287]eval:  13%|█▎        | 507/3769 [01:24<06:36,  8.23it/s, recall_0.3=(0, 1898) / 2291]eval:  13%|█▎        | 508/3769 [01:24<06:35,  8.25it/s, recall_0.3=(0, 1898) / 2291]eval:  13%|█▎        | 508/3769 [01:24<06:35,  8.25it/s, recall_0.3=(0, 1902) / 2296]eval:  14%|█▎        | 509/3769 [01:24<06:42,  8.10it/s, recall_0.3=(0, 1902) / 2296]eval:  14%|█▎        | 509/3769 [01:24<06:42,  8.10it/s, recall_0.3=(0, 1909) / 2304]eval:  14%|█▎        | 510/3769 [01:24<06:34,  8.25it/s, recall_0.3=(0, 1909) / 2304]eval:  14%|█▎        | 510/3769 [01:24<06:34,  8.25it/s, recall_0.3=(0, 1916) / 2315]eval:  14%|█▎        | 511/3769 [01:24<06:36,  8.21it/s, recall_0.3=(0, 1916) / 2315]eval:  14%|█▎        | 511/3769 [01:24<06:36,  8.21it/s, recall_0.3=(0, 1918) / 2327]eval:  14%|█▎        | 512/3769 [01:24<06:39,  8.15it/s, recall_0.3=(0, 1918) / 2327]eval:  14%|█▎        | 512/3769 [01:24<06:39,  8.15it/s, recall_0.3=(0, 1919) / 2328]eval:  14%|█▎        | 513/3769 [01:24<06:41,  8.12it/s, recall_0.3=(0, 1919) / 2328]eval:  14%|█▎        | 513/3769 [01:24<06:41,  8.12it/s, recall_0.3=(0, 1920) / 2329]eval:  14%|█▎        | 514/3769 [01:24<06:45,  8.03it/s, recall_0.3=(0, 1920) / 2329]eval:  14%|█▎        | 514/3769 [01:25<06:45,  8.03it/s, recall_0.3=(0, 1926) / 2338]eval:  14%|█▎        | 515/3769 [01:25<06:46,  8.00it/s, recall_0.3=(0, 1926) / 2338]eval:  14%|█▎        | 515/3769 [01:25<06:46,  8.00it/s, recall_0.3=(0, 1932) / 2346]eval:  14%|█▎        | 516/3769 [01:25<07:05,  7.64it/s, recall_0.3=(0, 1932) / 2346]eval:  14%|█▎        | 516/3769 [01:25<07:05,  7.64it/s, recall_0.3=(0, 1936) / 2350]eval:  14%|█▎        | 517/3769 [01:25<07:07,  7.61it/s, recall_0.3=(0, 1936) / 2350]eval:  14%|█▎        | 517/3769 [01:25<07:07,  7.61it/s, recall_0.3=(0, 1939) / 2353]eval:  14%|█▎        | 518/3769 [01:25<06:54,  7.85it/s, recall_0.3=(0, 1939) / 2353]eval:  14%|█▎        | 518/3769 [01:25<06:54,  7.85it/s, recall_0.3=(0, 1947) / 2364]eval:  14%|█▍        | 519/3769 [01:25<07:01,  7.70it/s, recall_0.3=(0, 1947) / 2364]eval:  14%|█▍        | 519/3769 [01:25<07:01,  7.70it/s, recall_0.3=(0, 1948) / 2365]eval:  14%|█▍        | 520/3769 [01:25<06:55,  7.83it/s, recall_0.3=(0, 1948) / 2365]eval:  14%|█▍        | 520/3769 [01:25<06:55,  7.83it/s, recall_0.3=(0, 1950) / 2367]eval:  14%|█▍        | 521/3769 [01:25<06:46,  7.98it/s, recall_0.3=(0, 1950) / 2367]eval:  14%|█▍        | 521/3769 [01:26<06:46,  7.98it/s, recall_0.3=(0, 1958) / 2375]eval:  14%|█▍        | 522/3769 [01:26<06:57,  7.79it/s, recall_0.3=(0, 1958) / 2375]eval:  14%|█▍        | 522/3769 [01:26<06:57,  7.79it/s, recall_0.3=(0, 1963) / 2383]eval:  14%|█▍        | 523/3769 [01:26<07:01,  7.71it/s, recall_0.3=(0, 1963) / 2383]eval:  14%|█▍        | 523/3769 [01:26<07:01,  7.71it/s, recall_0.3=(0, 1972) / 2393]eval:  14%|█▍        | 524/3769 [01:26<06:54,  7.82it/s, recall_0.3=(0, 1972) / 2393]eval:  14%|█▍        | 524/3769 [01:26<06:54,  7.82it/s, recall_0.3=(0, 1980) / 2403]eval:  14%|█▍        | 525/3769 [01:26<07:03,  7.65it/s, recall_0.3=(0, 1980) / 2403]eval:  14%|█▍        | 525/3769 [01:26<07:03,  7.65it/s, recall_0.3=(0, 1982) / 2405]eval:  14%|█▍        | 526/3769 [01:26<06:37,  8.15it/s, recall_0.3=(0, 1982) / 2405]eval:  14%|█▍        | 526/3769 [01:26<06:37,  8.15it/s, recall_0.3=(0, 1984) / 2407]eval:  14%|█▍        | 527/3769 [01:26<06:51,  7.88it/s, recall_0.3=(0, 1984) / 2407]eval:  14%|█▍        | 527/3769 [01:26<06:51,  7.88it/s, recall_0.3=(0, 1995) / 2421]eval:  14%|█▍        | 528/3769 [01:26<06:59,  7.72it/s, recall_0.3=(0, 1995) / 2421]eval:  14%|█▍        | 528/3769 [01:26<06:59,  7.72it/s, recall_0.3=(0, 2000) / 2427]eval:  14%|█▍        | 529/3769 [01:26<06:45,  8.00it/s, recall_0.3=(0, 2000) / 2427]eval:  14%|█▍        | 529/3769 [01:27<06:45,  8.00it/s, recall_0.3=(0, 2008) / 2435]eval:  14%|█▍        | 530/3769 [01:27<06:39,  8.11it/s, recall_0.3=(0, 2008) / 2435]eval:  14%|█▍        | 530/3769 [01:27<06:39,  8.11it/s, recall_0.3=(0, 2012) / 2439]eval:  14%|█▍        | 531/3769 [01:27<06:33,  8.23it/s, recall_0.3=(0, 2012) / 2439]eval:  14%|█▍        | 531/3769 [01:27<06:33,  8.23it/s, recall_0.3=(0, 2018) / 2445]eval:  14%|█▍        | 532/3769 [01:27<06:37,  8.15it/s, recall_0.3=(0, 2018) / 2445]eval:  14%|█▍        | 532/3769 [01:27<06:37,  8.15it/s, recall_0.3=(0, 2019) / 2446]eval:  14%|█▍        | 533/3769 [01:27<06:45,  7.98it/s, recall_0.3=(0, 2019) / 2446]eval:  14%|█▍        | 533/3769 [01:27<06:45,  7.98it/s, recall_0.3=(0, 2025) / 2452]eval:  14%|█▍        | 534/3769 [01:27<06:54,  7.80it/s, recall_0.3=(0, 2025) / 2452]eval:  14%|█▍        | 534/3769 [01:27<06:54,  7.80it/s, recall_0.3=(0, 2028) / 2455]eval:  14%|█▍        | 535/3769 [01:27<06:46,  7.96it/s, recall_0.3=(0, 2028) / 2455]eval:  14%|█▍        | 535/3769 [01:27<06:46,  7.96it/s, recall_0.3=(0, 2030) / 2457]eval:  14%|█▍        | 536/3769 [01:27<06:48,  7.91it/s, recall_0.3=(0, 2030) / 2457]eval:  14%|█▍        | 536/3769 [01:27<06:48,  7.91it/s, recall_0.3=(0, 2035) / 2462]eval:  14%|█▍        | 537/3769 [01:27<06:39,  8.08it/s, recall_0.3=(0, 2035) / 2462]eval:  14%|█▍        | 537/3769 [01:28<06:39,  8.08it/s, recall_0.3=(0, 2040) / 2467]eval:  14%|█▍        | 538/3769 [01:28<06:51,  7.85it/s, recall_0.3=(0, 2040) / 2467]eval:  14%|█▍        | 538/3769 [01:28<06:51,  7.85it/s, recall_0.3=(0, 2041) / 2468]eval:  14%|█▍        | 539/3769 [01:28<06:37,  8.12it/s, recall_0.3=(0, 2041) / 2468]eval:  14%|█▍        | 539/3769 [01:28<06:37,  8.12it/s, recall_0.3=(0, 2050) / 2479]eval:  14%|█▍        | 540/3769 [01:28<06:36,  8.15it/s, recall_0.3=(0, 2050) / 2479]eval:  14%|█▍        | 540/3769 [01:28<06:36,  8.15it/s, recall_0.3=(0, 2054) / 2487]eval:  14%|█▍        | 541/3769 [01:28<06:43,  7.99it/s, recall_0.3=(0, 2054) / 2487]eval:  14%|█▍        | 541/3769 [01:28<06:43,  7.99it/s, recall_0.3=(0, 2059) / 2493]eval:  14%|█▍        | 542/3769 [01:28<06:41,  8.05it/s, recall_0.3=(0, 2059) / 2493]eval:  14%|█▍        | 542/3769 [01:28<06:41,  8.05it/s, recall_0.3=(0, 2065) / 2501]eval:  14%|█▍        | 543/3769 [01:28<06:54,  7.79it/s, recall_0.3=(0, 2065) / 2501]eval:  14%|█▍        | 543/3769 [01:28<06:54,  7.79it/s, recall_0.3=(0, 2068) / 2505]eval:  14%|█▍        | 544/3769 [01:28<06:52,  7.82it/s, recall_0.3=(0, 2068) / 2505]eval:  14%|█▍        | 544/3769 [01:28<06:52,  7.82it/s, recall_0.3=(0, 2077) / 2515]eval:  14%|█▍        | 545/3769 [01:28<06:55,  7.76it/s, recall_0.3=(0, 2077) / 2515]eval:  14%|█▍        | 545/3769 [01:29<06:55,  7.76it/s, recall_0.3=(0, 2079) / 2517]eval:  14%|█▍        | 546/3769 [01:29<06:52,  7.81it/s, recall_0.3=(0, 2079) / 2517]eval:  14%|█▍        | 546/3769 [01:29<06:52,  7.81it/s, recall_0.3=(0, 2080) / 2518]eval:  15%|█▍        | 547/3769 [01:29<06:55,  7.75it/s, recall_0.3=(0, 2080) / 2518]eval:  15%|█▍        | 547/3769 [01:29<06:55,  7.75it/s, recall_0.3=(0, 2084) / 2522]eval:  15%|█▍        | 548/3769 [01:29<06:55,  7.75it/s, recall_0.3=(0, 2084) / 2522]eval:  15%|█▍        | 548/3769 [01:29<06:55,  7.75it/s, recall_0.3=(0, 2084) / 2523]eval:  15%|█▍        | 549/3769 [01:29<06:49,  7.86it/s, recall_0.3=(0, 2084) / 2523]eval:  15%|█▍        | 549/3769 [01:29<06:49,  7.86it/s, recall_0.3=(0, 2089) / 2528]eval:  15%|█▍        | 550/3769 [01:29<06:44,  7.96it/s, recall_0.3=(0, 2089) / 2528]eval:  15%|█▍        | 550/3769 [01:29<06:44,  7.96it/s, recall_0.3=(0, 2093) / 2533]eval:  15%|█▍        | 551/3769 [01:29<06:48,  7.87it/s, recall_0.3=(0, 2093) / 2533]eval:  15%|█▍        | 551/3769 [01:29<06:48,  7.87it/s, recall_0.3=(0, 2100) / 2540]eval:  15%|█▍        | 552/3769 [01:29<06:40,  8.03it/s, recall_0.3=(0, 2100) / 2540]eval:  15%|█▍        | 552/3769 [01:29<06:40,  8.03it/s, recall_0.3=(0, 2105) / 2547]eval:  15%|█▍        | 553/3769 [01:29<06:42,  7.98it/s, recall_0.3=(0, 2105) / 2547]eval:  15%|█▍        | 553/3769 [01:30<06:42,  7.98it/s, recall_0.3=(0, 2111) / 2553]eval:  15%|█▍        | 554/3769 [01:30<06:54,  7.75it/s, recall_0.3=(0, 2111) / 2553]eval:  15%|█▍        | 554/3769 [01:30<06:54,  7.75it/s, recall_0.3=(0, 2117) / 2559]eval:  15%|█▍        | 555/3769 [01:30<06:55,  7.74it/s, recall_0.3=(0, 2117) / 2559]eval:  15%|█▍        | 555/3769 [01:30<06:55,  7.74it/s, recall_0.3=(0, 2120) / 2563]eval:  15%|█▍        | 556/3769 [01:30<06:41,  8.01it/s, recall_0.3=(0, 2120) / 2563]eval:  15%|█▍        | 556/3769 [01:30<06:41,  8.01it/s, recall_0.3=(0, 2122) / 2565]eval:  15%|█▍        | 557/3769 [01:30<06:52,  7.78it/s, recall_0.3=(0, 2122) / 2565]eval:  15%|█▍        | 557/3769 [01:30<06:52,  7.78it/s, recall_0.3=(0, 2127) / 2571]eval:  15%|█▍        | 558/3769 [01:30<06:33,  8.16it/s, recall_0.3=(0, 2127) / 2571]eval:  15%|█▍        | 558/3769 [01:30<06:33,  8.16it/s, recall_0.3=(0, 2130) / 2574]eval:  15%|█▍        | 559/3769 [01:30<07:00,  7.63it/s, recall_0.3=(0, 2130) / 2574]eval:  15%|█▍        | 559/3769 [01:30<07:00,  7.63it/s, recall_0.3=(0, 2133) / 2579]eval:  15%|█▍        | 560/3769 [01:30<07:06,  7.53it/s, recall_0.3=(0, 2133) / 2579]eval:  15%|█▍        | 560/3769 [01:30<07:06,  7.53it/s, recall_0.3=(0, 2134) / 2580]eval:  15%|█▍        | 561/3769 [01:30<07:02,  7.60it/s, recall_0.3=(0, 2134) / 2580]eval:  15%|█▍        | 561/3769 [01:31<07:02,  7.60it/s, recall_0.3=(0, 2142) / 2589]eval:  15%|█▍        | 562/3769 [01:31<06:45,  7.91it/s, recall_0.3=(0, 2142) / 2589]eval:  15%|█▍        | 562/3769 [01:31<06:45,  7.91it/s, recall_0.3=(0, 2149) / 2598]eval:  15%|█▍        | 563/3769 [01:31<06:35,  8.10it/s, recall_0.3=(0, 2149) / 2598]eval:  15%|█▍        | 563/3769 [01:31<06:35,  8.10it/s, recall_0.3=(0, 2154) / 2604]eval:  15%|█▍        | 564/3769 [01:31<06:36,  8.08it/s, recall_0.3=(0, 2154) / 2604]eval:  15%|█▍        | 564/3769 [01:31<06:36,  8.08it/s, recall_0.3=(0, 2159) / 2610]eval:  15%|█▍        | 565/3769 [01:31<06:45,  7.91it/s, recall_0.3=(0, 2159) / 2610]eval:  15%|█▍        | 565/3769 [01:31<06:45,  7.91it/s, recall_0.3=(0, 2163) / 2615]eval:  15%|█▌        | 566/3769 [01:31<06:46,  7.88it/s, recall_0.3=(0, 2163) / 2615]eval:  15%|█▌        | 566/3769 [01:31<06:46,  7.88it/s, recall_0.3=(0, 2167) / 2619]eval:  15%|█▌        | 567/3769 [01:31<06:43,  7.94it/s, recall_0.3=(0, 2167) / 2619]eval:  15%|█▌        | 567/3769 [01:31<06:43,  7.94it/s, recall_0.3=(0, 2168) / 2620]eval:  15%|█▌        | 568/3769 [01:31<06:34,  8.11it/s, recall_0.3=(0, 2168) / 2620]eval:  15%|█▌        | 568/3769 [01:31<06:34,  8.11it/s, recall_0.3=(0, 2173) / 2625]eval:  15%|█▌        | 569/3769 [01:31<06:45,  7.89it/s, recall_0.3=(0, 2173) / 2625]eval:  15%|█▌        | 569/3769 [01:32<06:45,  7.89it/s, recall_0.3=(0, 2177) / 2630]eval:  15%|█▌        | 570/3769 [01:32<06:44,  7.90it/s, recall_0.3=(0, 2177) / 2630]eval:  15%|█▌        | 570/3769 [01:32<06:44,  7.90it/s, recall_0.3=(0, 2181) / 2635]eval:  15%|█▌        | 571/3769 [01:32<06:46,  7.87it/s, recall_0.3=(0, 2181) / 2635]eval:  15%|█▌        | 571/3769 [01:32<06:46,  7.87it/s, recall_0.3=(0, 2183) / 2638]eval:  15%|█▌        | 572/3769 [01:32<06:45,  7.88it/s, recall_0.3=(0, 2183) / 2638]eval:  15%|█▌        | 572/3769 [01:32<06:45,  7.88it/s, recall_0.3=(0, 2188) / 2643]eval:  15%|█▌        | 573/3769 [01:32<06:57,  7.66it/s, recall_0.3=(0, 2188) / 2643]eval:  15%|█▌        | 573/3769 [01:32<06:57,  7.66it/s, recall_0.3=(0, 2189) / 2646]eval:  15%|█▌        | 574/3769 [01:32<06:38,  8.03it/s, recall_0.3=(0, 2189) / 2646]eval:  15%|█▌        | 574/3769 [01:32<06:38,  8.03it/s, recall_0.3=(0, 2193) / 2652]eval:  15%|█▌        | 575/3769 [01:32<06:32,  8.13it/s, recall_0.3=(0, 2193) / 2652]eval:  15%|█▌        | 575/3769 [01:32<06:32,  8.13it/s, recall_0.3=(0, 2195) / 2655]eval:  15%|█▌        | 576/3769 [01:32<06:45,  7.87it/s, recall_0.3=(0, 2195) / 2655]eval:  15%|█▌        | 576/3769 [01:32<06:45,  7.87it/s, recall_0.3=(0, 2196) / 2656]eval:  15%|█▌        | 577/3769 [01:32<06:44,  7.88it/s, recall_0.3=(0, 2196) / 2656]eval:  15%|█▌        | 577/3769 [01:33<06:44,  7.88it/s, recall_0.3=(0, 2199) / 2661]eval:  15%|█▌        | 578/3769 [01:33<06:38,  8.00it/s, recall_0.3=(0, 2199) / 2661]eval:  15%|█▌        | 578/3769 [01:33<06:38,  8.00it/s, recall_0.3=(0, 2205) / 2669]eval:  15%|█▌        | 579/3769 [01:33<06:35,  8.08it/s, recall_0.3=(0, 2205) / 2669]eval:  15%|█▌        | 579/3769 [01:33<06:35,  8.08it/s, recall_0.3=(0, 2213) / 2677]eval:  15%|█▌        | 580/3769 [01:33<06:34,  8.08it/s, recall_0.3=(0, 2213) / 2677]eval:  15%|█▌        | 580/3769 [01:33<06:34,  8.08it/s, recall_0.3=(0, 2214) / 2679]eval:  15%|█▌        | 581/3769 [01:33<06:38,  8.00it/s, recall_0.3=(0, 2214) / 2679]eval:  15%|█▌        | 581/3769 [01:33<06:38,  8.00it/s, recall_0.3=(0, 2219) / 2685]eval:  15%|█▌        | 582/3769 [01:33<06:38,  8.00it/s, recall_0.3=(0, 2219) / 2685]eval:  15%|█▌        | 582/3769 [01:33<06:38,  8.00it/s, recall_0.3=(0, 2219) / 2686]eval:  15%|█▌        | 583/3769 [01:33<06:29,  8.19it/s, recall_0.3=(0, 2219) / 2686]eval:  15%|█▌        | 583/3769 [01:33<06:29,  8.19it/s, recall_0.3=(0, 2220) / 2687]eval:  15%|█▌        | 584/3769 [01:33<06:27,  8.21it/s, recall_0.3=(0, 2220) / 2687]eval:  15%|█▌        | 584/3769 [01:33<06:27,  8.21it/s, recall_0.3=(0, 2222) / 2689]eval:  16%|█▌        | 585/3769 [01:33<06:24,  8.28it/s, recall_0.3=(0, 2222) / 2689]eval:  16%|█▌        | 585/3769 [01:34<06:24,  8.28it/s, recall_0.3=(0, 2225) / 2692]eval:  16%|█▌        | 586/3769 [01:34<06:20,  8.36it/s, recall_0.3=(0, 2225) / 2692]eval:  16%|█▌        | 586/3769 [01:34<06:20,  8.36it/s, recall_0.3=(0, 2229) / 2696]eval:  16%|█▌        | 587/3769 [01:34<06:19,  8.39it/s, recall_0.3=(0, 2229) / 2696]eval:  16%|█▌        | 587/3769 [01:34<06:19,  8.39it/s, recall_0.3=(0, 2238) / 2708]eval:  16%|█▌        | 588/3769 [01:34<06:20,  8.37it/s, recall_0.3=(0, 2238) / 2708]eval:  16%|█▌        | 588/3769 [01:34<06:20,  8.37it/s, recall_0.3=(0, 2242) / 2712]eval:  16%|█▌        | 589/3769 [01:34<06:25,  8.24it/s, recall_0.3=(0, 2242) / 2712]eval:  16%|█▌        | 589/3769 [01:34<06:25,  8.24it/s, recall_0.3=(0, 2248) / 2718]eval:  16%|█▌        | 590/3769 [01:34<06:16,  8.45it/s, recall_0.3=(0, 2248) / 2718]eval:  16%|█▌        | 590/3769 [01:34<06:16,  8.45it/s, recall_0.3=(0, 2253) / 2724]eval:  16%|█▌        | 591/3769 [01:34<06:16,  8.45it/s, recall_0.3=(0, 2253) / 2724]eval:  16%|█▌        | 591/3769 [01:34<06:16,  8.45it/s, recall_0.3=(0, 2253) / 2727]eval:  16%|█▌        | 592/3769 [01:34<06:10,  8.57it/s, recall_0.3=(0, 2253) / 2727]eval:  16%|█▌        | 592/3769 [01:34<06:10,  8.57it/s, recall_0.3=(0, 2254) / 2728]eval:  16%|█▌        | 593/3769 [01:34<06:16,  8.44it/s, recall_0.3=(0, 2254) / 2728]eval:  16%|█▌        | 593/3769 [01:35<06:16,  8.44it/s, recall_0.3=(0, 2255) / 2729]eval:  16%|█▌        | 594/3769 [01:35<06:16,  8.44it/s, recall_0.3=(0, 2255) / 2729]eval:  16%|█▌        | 594/3769 [01:35<06:16,  8.44it/s, recall_0.3=(0, 2258) / 2732]eval:  16%|█▌        | 595/3769 [01:35<06:11,  8.53it/s, recall_0.3=(0, 2258) / 2732]eval:  16%|█▌        | 595/3769 [01:35<06:11,  8.53it/s, recall_0.3=(0, 2262) / 2737]eval:  16%|█▌        | 596/3769 [01:35<06:23,  8.27it/s, recall_0.3=(0, 2262) / 2737]eval:  16%|█▌        | 596/3769 [01:35<06:23,  8.27it/s, recall_0.3=(0, 2262) / 2739]eval:  16%|█▌        | 597/3769 [01:35<06:12,  8.51it/s, recall_0.3=(0, 2262) / 2739]eval:  16%|█▌        | 597/3769 [01:35<06:12,  8.51it/s, recall_0.3=(0, 2270) / 2749]eval:  16%|█▌        | 598/3769 [01:35<06:21,  8.31it/s, recall_0.3=(0, 2270) / 2749]eval:  16%|█▌        | 598/3769 [01:35<06:21,  8.31it/s, recall_0.3=(0, 2272) / 2751]eval:  16%|█▌        | 599/3769 [01:35<06:17,  8.39it/s, recall_0.3=(0, 2272) / 2751]eval:  16%|█▌        | 599/3769 [01:35<06:17,  8.39it/s, recall_0.3=(0, 2282) / 2762]eval:  16%|█▌        | 600/3769 [01:35<06:22,  8.28it/s, recall_0.3=(0, 2282) / 2762]eval:  16%|█▌        | 600/3769 [01:35<06:22,  8.28it/s, recall_0.3=(0, 2287) / 2767]eval:  16%|█▌        | 601/3769 [01:35<06:22,  8.28it/s, recall_0.3=(0, 2287) / 2767]eval:  16%|█▌        | 601/3769 [01:35<06:22,  8.28it/s, recall_0.3=(0, 2290) / 2771]eval:  16%|█▌        | 602/3769 [01:35<06:28,  8.15it/s, recall_0.3=(0, 2290) / 2771]eval:  16%|█▌        | 602/3769 [01:36<06:28,  8.15it/s, recall_0.3=(0, 2296) / 2777]eval:  16%|█▌        | 603/3769 [01:36<06:23,  8.25it/s, recall_0.3=(0, 2296) / 2777]eval:  16%|█▌        | 603/3769 [01:36<06:23,  8.25it/s, recall_0.3=(0, 2297) / 2779]eval:  16%|█▌        | 604/3769 [01:36<06:16,  8.40it/s, recall_0.3=(0, 2297) / 2779]eval:  16%|█▌        | 604/3769 [01:36<06:16,  8.40it/s, recall_0.3=(0, 2301) / 2783]eval:  16%|█▌        | 605/3769 [01:36<06:31,  8.09it/s, recall_0.3=(0, 2301) / 2783]eval:  16%|█▌        | 605/3769 [01:36<06:31,  8.09it/s, recall_0.3=(0, 2304) / 2786]eval:  16%|█▌        | 606/3769 [01:36<06:15,  8.43it/s, recall_0.3=(0, 2304) / 2786]eval:  16%|█▌        | 606/3769 [01:36<06:15,  8.43it/s, recall_0.3=(0, 2306) / 2789]eval:  16%|█▌        | 607/3769 [01:36<06:17,  8.39it/s, recall_0.3=(0, 2306) / 2789]eval:  16%|█▌        | 607/3769 [01:36<06:17,  8.39it/s, recall_0.3=(0, 2309) / 2792]eval:  16%|█▌        | 608/3769 [01:36<06:18,  8.36it/s, recall_0.3=(0, 2309) / 2792]eval:  16%|█▌        | 608/3769 [01:36<06:18,  8.36it/s, recall_0.3=(0, 2318) / 2803]eval:  16%|█▌        | 609/3769 [01:36<06:19,  8.33it/s, recall_0.3=(0, 2318) / 2803]eval:  16%|█▌        | 609/3769 [01:36<06:19,  8.33it/s, recall_0.3=(0, 2327) / 2812]eval:  16%|█▌        | 610/3769 [01:36<06:20,  8.30it/s, recall_0.3=(0, 2327) / 2812]eval:  16%|█▌        | 610/3769 [01:37<06:20,  8.30it/s, recall_0.3=(0, 2335) / 2821]eval:  16%|█▌        | 611/3769 [01:37<06:15,  8.40it/s, recall_0.3=(0, 2335) / 2821]eval:  16%|█▌        | 611/3769 [01:37<06:15,  8.40it/s, recall_0.3=(0, 2340) / 2826]eval:  16%|█▌        | 612/3769 [01:37<06:16,  8.38it/s, recall_0.3=(0, 2340) / 2826]eval:  16%|█▌        | 612/3769 [01:37<06:16,  8.38it/s, recall_0.3=(0, 2343) / 2830]eval:  16%|█▋        | 613/3769 [01:37<06:14,  8.42it/s, recall_0.3=(0, 2343) / 2830]eval:  16%|█▋        | 613/3769 [01:37<06:14,  8.42it/s, recall_0.3=(0, 2344) / 2831]eval:  16%|█▋        | 614/3769 [01:37<06:13,  8.44it/s, recall_0.3=(0, 2344) / 2831]eval:  16%|█▋        | 614/3769 [01:37<06:13,  8.44it/s, recall_0.3=(0, 2356) / 2844]eval:  16%|█▋        | 615/3769 [01:37<06:19,  8.32it/s, recall_0.3=(0, 2356) / 2844]eval:  16%|█▋        | 615/3769 [01:37<06:19,  8.32it/s, recall_0.3=(0, 2364) / 2852]eval:  16%|█▋        | 616/3769 [01:37<06:17,  8.36it/s, recall_0.3=(0, 2364) / 2852]eval:  16%|█▋        | 616/3769 [01:37<06:17,  8.36it/s, recall_0.3=(0, 2366) / 2854]eval:  16%|█▋        | 617/3769 [01:37<06:14,  8.41it/s, recall_0.3=(0, 2366) / 2854]eval:  16%|█▋        | 617/3769 [01:37<06:14,  8.41it/s, recall_0.3=(0, 2367) / 2855]eval:  16%|█▋        | 618/3769 [01:37<06:13,  8.43it/s, recall_0.3=(0, 2367) / 2855]eval:  16%|█▋        | 618/3769 [01:38<06:13,  8.43it/s, recall_0.3=(0, 2369) / 2857]eval:  16%|█▋        | 619/3769 [01:38<06:13,  8.44it/s, recall_0.3=(0, 2369) / 2857]eval:  16%|█▋        | 619/3769 [01:38<06:13,  8.44it/s, recall_0.3=(0, 2378) / 2867]eval:  16%|█▋        | 620/3769 [01:38<06:13,  8.44it/s, recall_0.3=(0, 2378) / 2867]eval:  16%|█▋        | 620/3769 [01:38<06:13,  8.44it/s, recall_0.3=(0, 2379) / 2868]eval:  16%|█▋        | 621/3769 [01:38<06:17,  8.34it/s, recall_0.3=(0, 2379) / 2868]eval:  16%|█▋        | 621/3769 [01:38<06:17,  8.34it/s, recall_0.3=(0, 2385) / 2874]eval:  17%|█▋        | 622/3769 [01:38<06:12,  8.45it/s, recall_0.3=(0, 2385) / 2874]eval:  17%|█▋        | 622/3769 [01:38<06:12,  8.45it/s, recall_0.3=(0, 2386) / 2876]eval:  17%|█▋        | 623/3769 [01:38<06:20,  8.28it/s, recall_0.3=(0, 2386) / 2876]eval:  17%|█▋        | 623/3769 [01:38<06:20,  8.28it/s, recall_0.3=(0, 2391) / 2882]eval:  17%|█▋        | 624/3769 [01:38<06:12,  8.43it/s, recall_0.3=(0, 2391) / 2882]eval:  17%|█▋        | 624/3769 [01:38<06:12,  8.43it/s, recall_0.3=(0, 2399) / 2892]eval:  17%|█▋        | 625/3769 [01:38<06:24,  8.17it/s, recall_0.3=(0, 2399) / 2892]eval:  17%|█▋        | 625/3769 [01:38<06:24,  8.17it/s, recall_0.3=(0, 2402) / 2896]eval:  17%|█▋        | 626/3769 [01:38<06:15,  8.37it/s, recall_0.3=(0, 2402) / 2896]eval:  17%|█▋        | 626/3769 [01:38<06:15,  8.37it/s, recall_0.3=(0, 2409) / 2903]eval:  17%|█▋        | 627/3769 [01:38<06:14,  8.39it/s, recall_0.3=(0, 2409) / 2903]eval:  17%|█▋        | 627/3769 [01:39<06:14,  8.39it/s, recall_0.3=(0, 2410) / 2904]eval:  17%|█▋        | 628/3769 [01:39<06:14,  8.39it/s, recall_0.3=(0, 2410) / 2904]eval:  17%|█▋        | 628/3769 [01:39<06:14,  8.39it/s, recall_0.3=(0, 2411) / 2906]eval:  17%|█▋        | 629/3769 [01:39<06:13,  8.42it/s, recall_0.3=(0, 2411) / 2906]eval:  17%|█▋        | 629/3769 [01:39<06:13,  8.42it/s, recall_0.3=(0, 2417) / 2912]eval:  17%|█▋        | 630/3769 [01:39<06:14,  8.38it/s, recall_0.3=(0, 2417) / 2912]eval:  17%|█▋        | 630/3769 [01:39<06:14,  8.38it/s, recall_0.3=(0, 2420) / 2916]eval:  17%|█▋        | 631/3769 [01:39<06:15,  8.35it/s, recall_0.3=(0, 2420) / 2916]eval:  17%|█▋        | 631/3769 [01:39<06:15,  8.35it/s, recall_0.3=(0, 2428) / 2925]eval:  17%|█▋        | 632/3769 [01:39<06:19,  8.26it/s, recall_0.3=(0, 2428) / 2925]eval:  17%|█▋        | 632/3769 [01:39<06:19,  8.26it/s, recall_0.3=(0, 2430) / 2927]eval:  17%|█▋        | 633/3769 [01:39<06:14,  8.38it/s, recall_0.3=(0, 2430) / 2927]eval:  17%|█▋        | 633/3769 [01:39<06:14,  8.38it/s, recall_0.3=(0, 2431) / 2930]eval:  17%|█▋        | 634/3769 [01:39<06:12,  8.41it/s, recall_0.3=(0, 2431) / 2930]eval:  17%|█▋        | 634/3769 [01:39<06:12,  8.41it/s, recall_0.3=(0, 2432) / 2931]eval:  17%|█▋        | 635/3769 [01:39<06:09,  8.47it/s, recall_0.3=(0, 2432) / 2931]eval:  17%|█▋        | 635/3769 [01:40<06:09,  8.47it/s, recall_0.3=(0, 2434) / 2933]eval:  17%|█▋        | 636/3769 [01:40<06:14,  8.37it/s, recall_0.3=(0, 2434) / 2933]eval:  17%|█▋        | 636/3769 [01:40<06:14,  8.37it/s, recall_0.3=(0, 2438) / 2937]eval:  17%|█▋        | 637/3769 [01:40<06:16,  8.33it/s, recall_0.3=(0, 2438) / 2937]eval:  17%|█▋        | 637/3769 [01:40<06:16,  8.33it/s, recall_0.3=(0, 2441) / 2941]eval:  17%|█▋        | 638/3769 [01:40<06:17,  8.30it/s, recall_0.3=(0, 2441) / 2941]eval:  17%|█▋        | 638/3769 [01:40<06:17,  8.30it/s, recall_0.3=(0, 2443) / 2943]eval:  17%|█▋        | 639/3769 [01:40<06:19,  8.25it/s, recall_0.3=(0, 2443) / 2943]eval:  17%|█▋        | 639/3769 [01:40<06:19,  8.25it/s, recall_0.3=(0, 2445) / 2946]eval:  17%|█▋        | 640/3769 [01:40<06:30,  8.00it/s, recall_0.3=(0, 2445) / 2946]eval:  17%|█▋        | 640/3769 [01:40<06:30,  8.00it/s, recall_0.3=(0, 2450) / 2952]eval:  17%|█▋        | 641/3769 [01:40<06:25,  8.11it/s, recall_0.3=(0, 2450) / 2952]eval:  17%|█▋        | 641/3769 [01:40<06:25,  8.11it/s, recall_0.3=(0, 2456) / 2958]eval:  17%|█▋        | 642/3769 [01:40<06:26,  8.09it/s, recall_0.3=(0, 2456) / 2958]eval:  17%|█▋        | 642/3769 [01:40<06:26,  8.09it/s, recall_0.3=(0, 2457) / 2960]eval:  17%|█▋        | 643/3769 [01:40<06:24,  8.13it/s, recall_0.3=(0, 2457) / 2960]eval:  17%|█▋        | 643/3769 [01:41<06:24,  8.13it/s, recall_0.3=(0, 2461) / 2965]eval:  17%|█▋        | 644/3769 [01:41<06:23,  8.15it/s, recall_0.3=(0, 2461) / 2965]eval:  17%|█▋        | 644/3769 [01:41<06:23,  8.15it/s, recall_0.3=(0, 2463) / 2967]eval:  17%|█▋        | 645/3769 [01:41<06:20,  8.21it/s, recall_0.3=(0, 2463) / 2967]eval:  17%|█▋        | 645/3769 [01:41<06:20,  8.21it/s, recall_0.3=(0, 2464) / 2968]eval:  17%|█▋        | 646/3769 [01:41<06:21,  8.18it/s, recall_0.3=(0, 2464) / 2968]eval:  17%|█▋        | 646/3769 [01:41<06:21,  8.18it/s, recall_0.3=(0, 2467) / 2971]eval:  17%|█▋        | 647/3769 [01:41<06:13,  8.35it/s, recall_0.3=(0, 2467) / 2971]eval:  17%|█▋        | 647/3769 [01:41<06:13,  8.35it/s, recall_0.3=(0, 2476) / 2980]eval:  17%|█▋        | 648/3769 [01:41<06:15,  8.31it/s, recall_0.3=(0, 2476) / 2980]eval:  17%|█▋        | 648/3769 [01:41<06:15,  8.31it/s, recall_0.3=(0, 2479) / 2984]eval:  17%|█▋        | 649/3769 [01:41<06:19,  8.22it/s, recall_0.3=(0, 2479) / 2984]eval:  17%|█▋        | 649/3769 [01:41<06:19,  8.22it/s, recall_0.3=(0, 2480) / 2988]eval:  17%|█▋        | 650/3769 [01:41<06:17,  8.26it/s, recall_0.3=(0, 2480) / 2988]eval:  17%|█▋        | 650/3769 [01:41<06:17,  8.26it/s, recall_0.3=(0, 2483) / 2992]eval:  17%|█▋        | 651/3769 [01:41<06:17,  8.27it/s, recall_0.3=(0, 2483) / 2992]eval:  17%|█▋        | 651/3769 [01:41<06:17,  8.27it/s, recall_0.3=(0, 2483) / 2995]eval:  17%|█▋        | 652/3769 [01:41<06:12,  8.38it/s, recall_0.3=(0, 2483) / 2995]eval:  17%|█▋        | 652/3769 [01:42<06:12,  8.38it/s, recall_0.3=(0, 2490) / 3005]eval:  17%|█▋        | 653/3769 [01:42<06:11,  8.39it/s, recall_0.3=(0, 2490) / 3005]eval:  17%|█▋        | 653/3769 [01:42<06:11,  8.39it/s, recall_0.3=(0, 2493) / 3009]eval:  17%|█▋        | 654/3769 [01:42<06:21,  8.18it/s, recall_0.3=(0, 2493) / 3009]eval:  17%|█▋        | 654/3769 [01:42<06:21,  8.18it/s, recall_0.3=(0, 2495) / 3012]eval:  17%|█▋        | 655/3769 [01:42<06:07,  8.46it/s, recall_0.3=(0, 2495) / 3012]eval:  17%|█▋        | 655/3769 [01:42<06:07,  8.46it/s, recall_0.3=(0, 2497) / 3014]eval:  17%|█▋        | 656/3769 [01:42<06:14,  8.31it/s, recall_0.3=(0, 2497) / 3014]eval:  17%|█▋        | 656/3769 [01:42<06:14,  8.31it/s, recall_0.3=(0, 2504) / 3021]eval:  17%|█▋        | 657/3769 [01:42<06:20,  8.18it/s, recall_0.3=(0, 2504) / 3021]eval:  17%|█▋        | 657/3769 [01:42<06:20,  8.18it/s, recall_0.3=(0, 2506) / 3028]eval:  17%|█▋        | 658/3769 [01:42<06:20,  8.18it/s, recall_0.3=(0, 2506) / 3028]eval:  17%|█▋        | 658/3769 [01:42<06:20,  8.18it/s, recall_0.3=(0, 2509) / 3031]eval:  17%|█▋        | 659/3769 [01:42<06:16,  8.26it/s, recall_0.3=(0, 2509) / 3031]eval:  17%|█▋        | 659/3769 [01:42<06:16,  8.26it/s, recall_0.3=(0, 2512) / 3034]eval:  18%|█▊        | 660/3769 [01:42<06:15,  8.28it/s, recall_0.3=(0, 2512) / 3034]eval:  18%|█▊        | 660/3769 [01:43<06:15,  8.28it/s, recall_0.3=(0, 2515) / 3037]eval:  18%|█▊        | 661/3769 [01:43<06:16,  8.26it/s, recall_0.3=(0, 2515) / 3037]eval:  18%|█▊        | 661/3769 [01:43<06:16,  8.26it/s, recall_0.3=(0, 2519) / 3041]eval:  18%|█▊        | 662/3769 [01:43<06:11,  8.36it/s, recall_0.3=(0, 2519) / 3041]eval:  18%|█▊        | 662/3769 [01:43<06:11,  8.36it/s, recall_0.3=(0, 2525) / 3050]eval:  18%|█▊        | 663/3769 [01:43<06:03,  8.55it/s, recall_0.3=(0, 2525) / 3050]eval:  18%|█▊        | 663/3769 [01:43<06:03,  8.55it/s, recall_0.3=(0, 2527) / 3053]eval:  18%|█▊        | 664/3769 [01:43<06:16,  8.24it/s, recall_0.3=(0, 2527) / 3053]eval:  18%|█▊        | 664/3769 [01:43<06:16,  8.24it/s, recall_0.3=(0, 2529) / 3057]eval:  18%|█▊        | 665/3769 [01:43<06:09,  8.41it/s, recall_0.3=(0, 2529) / 3057]eval:  18%|█▊        | 665/3769 [01:43<06:09,  8.41it/s, recall_0.3=(0, 2531) / 3059]eval:  18%|█▊        | 666/3769 [01:43<06:08,  8.42it/s, recall_0.3=(0, 2531) / 3059]eval:  18%|█▊        | 666/3769 [01:43<06:08,  8.42it/s, recall_0.3=(0, 2534) / 3063]eval:  18%|█▊        | 667/3769 [01:43<06:09,  8.40it/s, recall_0.3=(0, 2534) / 3063]eval:  18%|█▊        | 667/3769 [01:43<06:09,  8.40it/s, recall_0.3=(0, 2536) / 3065]eval:  18%|█▊        | 668/3769 [01:43<06:07,  8.43it/s, recall_0.3=(0, 2536) / 3065]eval:  18%|█▊        | 668/3769 [01:44<06:07,  8.43it/s, recall_0.3=(0, 2537) / 3066]eval:  18%|█▊        | 669/3769 [01:44<06:12,  8.33it/s, recall_0.3=(0, 2537) / 3066]eval:  18%|█▊        | 669/3769 [01:44<06:12,  8.33it/s, recall_0.3=(0, 2543) / 3072]eval:  18%|█▊        | 670/3769 [01:44<06:08,  8.41it/s, recall_0.3=(0, 2543) / 3072]eval:  18%|█▊        | 670/3769 [01:44<06:08,  8.41it/s, recall_0.3=(0, 2545) / 3074]eval:  18%|█▊        | 671/3769 [01:44<06:03,  8.51it/s, recall_0.3=(0, 2545) / 3074]eval:  18%|█▊        | 671/3769 [01:44<06:03,  8.51it/s, recall_0.3=(0, 2549) / 3079]eval:  18%|█▊        | 672/3769 [01:44<06:09,  8.39it/s, recall_0.3=(0, 2549) / 3079]eval:  18%|█▊        | 672/3769 [01:44<06:09,  8.39it/s, recall_0.3=(0, 2553) / 3084]eval:  18%|█▊        | 673/3769 [01:44<06:02,  8.54it/s, recall_0.3=(0, 2553) / 3084]eval:  18%|█▊        | 673/3769 [01:44<06:02,  8.54it/s, recall_0.3=(0, 2557) / 3088]eval:  18%|█▊        | 674/3769 [01:44<06:07,  8.42it/s, recall_0.3=(0, 2557) / 3088]eval:  18%|█▊        | 674/3769 [01:44<06:07,  8.42it/s, recall_0.3=(0, 2565) / 3096]eval:  18%|█▊        | 675/3769 [01:44<06:08,  8.39it/s, recall_0.3=(0, 2565) / 3096]eval:  18%|█▊        | 675/3769 [01:44<06:08,  8.39it/s, recall_0.3=(0, 2571) / 3102]eval:  18%|█▊        | 676/3769 [01:44<06:20,  8.14it/s, recall_0.3=(0, 2571) / 3102]eval:  18%|█▊        | 676/3769 [01:44<06:20,  8.14it/s, recall_0.3=(0, 2573) / 3104]eval:  18%|█▊        | 677/3769 [01:44<06:18,  8.17it/s, recall_0.3=(0, 2573) / 3104]eval:  18%|█▊        | 677/3769 [01:45<06:18,  8.17it/s, recall_0.3=(0, 2574) / 3105]eval:  18%|█▊        | 678/3769 [01:45<06:13,  8.28it/s, recall_0.3=(0, 2574) / 3105]eval:  18%|█▊        | 678/3769 [01:45<06:13,  8.28it/s, recall_0.3=(0, 2575) / 3107]eval:  18%|█▊        | 679/3769 [01:45<06:13,  8.27it/s, recall_0.3=(0, 2575) / 3107]eval:  18%|█▊        | 679/3769 [01:45<06:13,  8.27it/s, recall_0.3=(0, 2577) / 3109]eval:  18%|█▊        | 680/3769 [01:45<06:17,  8.18it/s, recall_0.3=(0, 2577) / 3109]eval:  18%|█▊        | 680/3769 [01:45<06:17,  8.18it/s, recall_0.3=(0, 2578) / 3112]eval:  18%|█▊        | 681/3769 [01:45<06:22,  8.07it/s, recall_0.3=(0, 2578) / 3112]eval:  18%|█▊        | 681/3769 [01:45<06:22,  8.07it/s, recall_0.3=(0, 2580) / 3115]eval:  18%|█▊        | 682/3769 [01:45<06:17,  8.17it/s, recall_0.3=(0, 2580) / 3115]eval:  18%|█▊        | 682/3769 [01:45<06:17,  8.17it/s, recall_0.3=(0, 2581) / 3117]eval:  18%|█▊        | 683/3769 [01:45<06:10,  8.34it/s, recall_0.3=(0, 2581) / 3117]eval:  18%|█▊        | 683/3769 [01:45<06:10,  8.34it/s, recall_0.3=(0, 2583) / 3119]eval:  18%|█▊        | 684/3769 [01:45<06:09,  8.35it/s, recall_0.3=(0, 2583) / 3119]eval:  18%|█▊        | 684/3769 [01:45<06:09,  8.35it/s, recall_0.3=(0, 2583) / 3120]eval:  18%|█▊        | 685/3769 [01:45<06:05,  8.44it/s, recall_0.3=(0, 2583) / 3120]eval:  18%|█▊        | 685/3769 [01:46<06:05,  8.44it/s, recall_0.3=(0, 2594) / 3132]eval:  18%|█▊        | 686/3769 [01:46<06:17,  8.17it/s, recall_0.3=(0, 2594) / 3132]eval:  18%|█▊        | 686/3769 [01:46<06:17,  8.17it/s, recall_0.3=(0, 2596) / 3135]eval:  18%|█▊        | 687/3769 [01:46<06:18,  8.14it/s, recall_0.3=(0, 2596) / 3135]eval:  18%|█▊        | 687/3769 [01:46<06:18,  8.14it/s, recall_0.3=(0, 2598) / 3137]eval:  18%|█▊        | 688/3769 [01:46<06:19,  8.13it/s, recall_0.3=(0, 2598) / 3137]eval:  18%|█▊        | 688/3769 [01:46<06:19,  8.13it/s, recall_0.3=(0, 2602) / 3141]eval:  18%|█▊        | 689/3769 [01:46<06:18,  8.14it/s, recall_0.3=(0, 2602) / 3141]eval:  18%|█▊        | 689/3769 [01:46<06:18,  8.14it/s, recall_0.3=(0, 2605) / 3145]eval:  18%|█▊        | 690/3769 [01:46<06:02,  8.49it/s, recall_0.3=(0, 2605) / 3145]eval:  18%|█▊        | 690/3769 [01:46<06:02,  8.49it/s, recall_0.3=(0, 2609) / 3150]eval:  18%|█▊        | 691/3769 [01:46<05:55,  8.66it/s, recall_0.3=(0, 2609) / 3150]eval:  18%|█▊        | 691/3769 [01:46<05:55,  8.66it/s, recall_0.3=(0, 2610) / 3151]eval:  18%|█▊        | 692/3769 [01:46<05:51,  8.76it/s, recall_0.3=(0, 2610) / 3151]eval:  18%|█▊        | 692/3769 [01:46<05:51,  8.76it/s, recall_0.3=(0, 2611) / 3152]eval:  18%|█▊        | 693/3769 [01:46<06:00,  8.54it/s, recall_0.3=(0, 2611) / 3152]eval:  18%|█▊        | 693/3769 [01:47<06:00,  8.54it/s, recall_0.3=(0, 2616) / 3158]eval:  18%|█▊        | 694/3769 [01:47<06:01,  8.49it/s, recall_0.3=(0, 2616) / 3158]eval:  18%|█▊        | 694/3769 [01:47<06:01,  8.49it/s, recall_0.3=(0, 2619) / 3161]eval:  18%|█▊        | 695/3769 [01:47<06:05,  8.41it/s, recall_0.3=(0, 2619) / 3161]eval:  18%|█▊        | 695/3769 [01:47<06:05,  8.41it/s, recall_0.3=(0, 2625) / 3168]eval:  18%|█▊        | 696/3769 [01:47<06:13,  8.23it/s, recall_0.3=(0, 2625) / 3168]eval:  18%|█▊        | 696/3769 [01:47<06:13,  8.23it/s, recall_0.3=(0, 2626) / 3169]eval:  18%|█▊        | 697/3769 [01:47<06:18,  8.12it/s, recall_0.3=(0, 2626) / 3169]eval:  18%|█▊        | 697/3769 [01:47<06:18,  8.12it/s, recall_0.3=(0, 2627) / 3171]eval:  19%|█▊        | 698/3769 [01:47<06:18,  8.11it/s, recall_0.3=(0, 2627) / 3171]eval:  19%|█▊        | 698/3769 [01:47<06:18,  8.11it/s, recall_0.3=(0, 2628) / 3172]eval:  19%|█▊        | 699/3769 [01:47<06:37,  7.73it/s, recall_0.3=(0, 2628) / 3172]eval:  19%|█▊        | 699/3769 [01:47<06:37,  7.73it/s, recall_0.3=(0, 2630) / 3174]eval:  19%|█▊        | 700/3769 [01:47<06:31,  7.84it/s, recall_0.3=(0, 2630) / 3174]eval:  19%|█▊        | 700/3769 [01:47<06:31,  7.84it/s, recall_0.3=(0, 2631) / 3176]eval:  19%|█▊        | 701/3769 [01:47<06:19,  8.08it/s, recall_0.3=(0, 2631) / 3176]eval:  19%|█▊        | 701/3769 [01:48<06:19,  8.08it/s, recall_0.3=(0, 2638) / 3183]eval:  19%|█▊        | 702/3769 [01:48<06:10,  8.27it/s, recall_0.3=(0, 2638) / 3183]eval:  19%|█▊        | 702/3769 [01:48<06:10,  8.27it/s, recall_0.3=(0, 2645) / 3190]eval:  19%|█▊        | 703/3769 [01:48<06:09,  8.29it/s, recall_0.3=(0, 2645) / 3190]eval:  19%|█▊        | 703/3769 [01:48<06:09,  8.29it/s, recall_0.3=(0, 2655) / 3200]eval:  19%|█▊        | 704/3769 [01:48<06:01,  8.47it/s, recall_0.3=(0, 2655) / 3200]eval:  19%|█▊        | 704/3769 [01:48<06:01,  8.47it/s, recall_0.3=(0, 2656) / 3201]eval:  19%|█▊        | 705/3769 [01:48<06:02,  8.46it/s, recall_0.3=(0, 2656) / 3201]eval:  19%|█▊        | 705/3769 [01:48<06:02,  8.46it/s, recall_0.3=(0, 2657) / 3202]eval:  19%|█▊        | 706/3769 [01:48<06:06,  8.35it/s, recall_0.3=(0, 2657) / 3202]eval:  19%|█▊        | 706/3769 [01:48<06:06,  8.35it/s, recall_0.3=(0, 2659) / 3205]eval:  19%|█▉        | 707/3769 [01:48<06:11,  8.24it/s, recall_0.3=(0, 2659) / 3205]eval:  19%|█▉        | 707/3769 [01:48<06:11,  8.24it/s, recall_0.3=(0, 2662) / 3217]eval:  19%|█▉        | 708/3769 [01:48<06:10,  8.27it/s, recall_0.3=(0, 2662) / 3217]eval:  19%|█▉        | 708/3769 [01:48<06:10,  8.27it/s, recall_0.3=(0, 2673) / 3229]eval:  19%|█▉        | 709/3769 [01:48<06:16,  8.14it/s, recall_0.3=(0, 2673) / 3229]eval:  19%|█▉        | 709/3769 [01:48<06:16,  8.14it/s, recall_0.3=(0, 2676) / 3232]eval:  19%|█▉        | 710/3769 [01:48<06:23,  7.98it/s, recall_0.3=(0, 2676) / 3232]eval:  19%|█▉        | 710/3769 [01:49<06:23,  7.98it/s, recall_0.3=(0, 2684) / 3245]eval:  19%|█▉        | 711/3769 [01:49<06:14,  8.17it/s, recall_0.3=(0, 2684) / 3245]eval:  19%|█▉        | 711/3769 [01:49<06:14,  8.17it/s, recall_0.3=(0, 2690) / 3251]eval:  19%|█▉        | 712/3769 [01:49<06:09,  8.27it/s, recall_0.3=(0, 2690) / 3251]eval:  19%|█▉        | 712/3769 [01:49<06:09,  8.27it/s, recall_0.3=(0, 2693) / 3255]eval:  19%|█▉        | 713/3769 [01:49<06:11,  8.23it/s, recall_0.3=(0, 2693) / 3255]eval:  19%|█▉        | 713/3769 [01:49<06:11,  8.23it/s, recall_0.3=(0, 2698) / 3263]eval:  19%|█▉        | 714/3769 [01:49<06:22,  7.98it/s, recall_0.3=(0, 2698) / 3263]eval:  19%|█▉        | 714/3769 [01:49<06:22,  7.98it/s, recall_0.3=(0, 2699) / 3264]eval:  19%|█▉        | 715/3769 [01:49<06:12,  8.21it/s, recall_0.3=(0, 2699) / 3264]eval:  19%|█▉        | 715/3769 [01:49<06:12,  8.21it/s, recall_0.3=(0, 2703) / 3270]eval:  19%|█▉        | 716/3769 [01:49<06:03,  8.39it/s, recall_0.3=(0, 2703) / 3270]eval:  19%|█▉        | 716/3769 [01:49<06:03,  8.39it/s, recall_0.3=(0, 2704) / 3271]eval:  19%|█▉        | 717/3769 [01:49<06:09,  8.27it/s, recall_0.3=(0, 2704) / 3271]eval:  19%|█▉        | 717/3769 [01:49<06:09,  8.27it/s, recall_0.3=(0, 2705) / 3272]eval:  19%|█▉        | 718/3769 [01:49<06:09,  8.26it/s, recall_0.3=(0, 2705) / 3272]eval:  19%|█▉        | 718/3769 [01:50<06:09,  8.26it/s, recall_0.3=(0, 2706) / 3273]eval:  19%|█▉        | 719/3769 [01:50<06:08,  8.27it/s, recall_0.3=(0, 2706) / 3273]eval:  19%|█▉        | 719/3769 [01:50<06:08,  8.27it/s, recall_0.3=(0, 2712) / 3279]eval:  19%|█▉        | 720/3769 [01:50<06:11,  8.20it/s, recall_0.3=(0, 2712) / 3279]eval:  19%|█▉        | 720/3769 [01:50<06:11,  8.20it/s, recall_0.3=(0, 2713) / 3280]eval:  19%|█▉        | 721/3769 [01:50<06:11,  8.21it/s, recall_0.3=(0, 2713) / 3280]eval:  19%|█▉        | 721/3769 [01:50<06:11,  8.21it/s, recall_0.3=(0, 2719) / 3287]eval:  19%|█▉        | 722/3769 [01:50<06:12,  8.18it/s, recall_0.3=(0, 2719) / 3287]eval:  19%|█▉        | 722/3769 [01:50<06:12,  8.18it/s, recall_0.3=(0, 2721) / 3290]eval:  19%|█▉        | 723/3769 [01:50<06:08,  8.26it/s, recall_0.3=(0, 2721) / 3290]eval:  19%|█▉        | 723/3769 [01:50<06:08,  8.26it/s, recall_0.3=(0, 2722) / 3291]eval:  19%|█▉        | 724/3769 [01:50<06:04,  8.36it/s, recall_0.3=(0, 2722) / 3291]eval:  19%|█▉        | 724/3769 [01:50<06:04,  8.36it/s, recall_0.3=(0, 2724) / 3294]eval:  19%|█▉        | 725/3769 [01:50<06:06,  8.32it/s, recall_0.3=(0, 2724) / 3294]eval:  19%|█▉        | 725/3769 [01:50<06:06,  8.32it/s, recall_0.3=(0, 2728) / 3299]eval:  19%|█▉        | 726/3769 [01:50<06:09,  8.23it/s, recall_0.3=(0, 2728) / 3299]eval:  19%|█▉        | 726/3769 [01:51<06:09,  8.23it/s, recall_0.3=(0, 2733) / 3304]eval:  19%|█▉        | 727/3769 [01:51<06:04,  8.34it/s, recall_0.3=(0, 2733) / 3304]eval:  19%|█▉        | 727/3769 [01:51<06:04,  8.34it/s, recall_0.3=(0, 2738) / 3309]eval:  19%|█▉        | 728/3769 [01:51<06:04,  8.35it/s, recall_0.3=(0, 2738) / 3309]eval:  19%|█▉        | 728/3769 [01:51<06:04,  8.35it/s, recall_0.3=(0, 2742) / 3313]eval:  19%|█▉        | 729/3769 [01:51<06:00,  8.44it/s, recall_0.3=(0, 2742) / 3313]eval:  19%|█▉        | 729/3769 [01:51<06:00,  8.44it/s, recall_0.3=(0, 2743) / 3315]eval:  19%|█▉        | 730/3769 [01:51<05:57,  8.49it/s, recall_0.3=(0, 2743) / 3315]eval:  19%|█▉        | 730/3769 [01:51<05:57,  8.49it/s, recall_0.3=(0, 2744) / 3316]eval:  19%|█▉        | 731/3769 [01:51<05:58,  8.48it/s, recall_0.3=(0, 2744) / 3316]eval:  19%|█▉        | 731/3769 [01:51<05:58,  8.48it/s, recall_0.3=(0, 2752) / 3324]eval:  19%|█▉        | 732/3769 [01:51<05:57,  8.50it/s, recall_0.3=(0, 2752) / 3324]eval:  19%|█▉        | 732/3769 [01:51<05:57,  8.50it/s, recall_0.3=(0, 2755) / 3328]eval:  19%|█▉        | 733/3769 [01:51<05:55,  8.55it/s, recall_0.3=(0, 2755) / 3328]eval:  19%|█▉        | 733/3769 [01:51<05:55,  8.55it/s, recall_0.3=(0, 2758) / 3332]eval:  19%|█▉        | 734/3769 [01:51<06:06,  8.27it/s, recall_0.3=(0, 2758) / 3332]eval:  19%|█▉        | 734/3769 [01:51<06:06,  8.27it/s, recall_0.3=(0, 2760) / 3337]eval:  20%|█▉        | 735/3769 [01:51<06:05,  8.31it/s, recall_0.3=(0, 2760) / 3337]eval:  20%|█▉        | 735/3769 [01:52<06:05,  8.31it/s, recall_0.3=(0, 2766) / 3345]eval:  20%|█▉        | 736/3769 [01:52<05:59,  8.44it/s, recall_0.3=(0, 2766) / 3345]eval:  20%|█▉        | 736/3769 [01:52<05:59,  8.44it/s, recall_0.3=(0, 2767) / 3346]eval:  20%|█▉        | 737/3769 [01:52<06:03,  8.34it/s, recall_0.3=(0, 2767) / 3346]eval:  20%|█▉        | 737/3769 [01:52<06:03,  8.34it/s, recall_0.3=(0, 2768) / 3347]eval:  20%|█▉        | 738/3769 [01:52<05:58,  8.45it/s, recall_0.3=(0, 2768) / 3347]eval:  20%|█▉        | 738/3769 [01:52<05:58,  8.45it/s, recall_0.3=(0, 2769) / 3348]eval:  20%|█▉        | 739/3769 [01:52<06:00,  8.41it/s, recall_0.3=(0, 2769) / 3348]eval:  20%|█▉        | 739/3769 [01:52<06:00,  8.41it/s, recall_0.3=(0, 2770) / 3350]eval:  20%|█▉        | 740/3769 [01:52<05:58,  8.45it/s, recall_0.3=(0, 2770) / 3350]eval:  20%|█▉        | 740/3769 [01:52<05:58,  8.45it/s, recall_0.3=(0, 2776) / 3358]eval:  20%|█▉        | 741/3769 [01:52<05:53,  8.58it/s, recall_0.3=(0, 2776) / 3358]eval:  20%|█▉        | 741/3769 [01:52<05:53,  8.58it/s, recall_0.3=(0, 2777) / 3361]eval:  20%|█▉        | 742/3769 [01:52<05:59,  8.43it/s, recall_0.3=(0, 2777) / 3361]eval:  20%|█▉        | 742/3769 [01:52<05:59,  8.43it/s, recall_0.3=(0, 2780) / 3364]eval:  20%|█▉        | 743/3769 [01:52<05:55,  8.51it/s, recall_0.3=(0, 2780) / 3364]eval:  20%|█▉        | 743/3769 [01:53<05:55,  8.51it/s, recall_0.3=(0, 2781) / 3365]eval:  20%|█▉        | 744/3769 [01:53<06:00,  8.40it/s, recall_0.3=(0, 2781) / 3365]eval:  20%|█▉        | 744/3769 [01:53<06:00,  8.40it/s, recall_0.3=(0, 2783) / 3367]eval:  20%|█▉        | 745/3769 [01:53<05:54,  8.52it/s, recall_0.3=(0, 2783) / 3367]eval:  20%|█▉        | 745/3769 [01:53<05:54,  8.52it/s, recall_0.3=(0, 2789) / 3373]eval:  20%|█▉        | 746/3769 [01:53<06:02,  8.33it/s, recall_0.3=(0, 2789) / 3373]eval:  20%|█▉        | 746/3769 [01:53<06:02,  8.33it/s, recall_0.3=(0, 2793) / 3377]eval:  20%|█▉        | 747/3769 [01:53<05:55,  8.51it/s, recall_0.3=(0, 2793) / 3377]eval:  20%|█▉        | 747/3769 [01:53<05:55,  8.51it/s, recall_0.3=(0, 2794) / 3378]eval:  20%|█▉        | 748/3769 [01:53<05:55,  8.50it/s, recall_0.3=(0, 2794) / 3378]eval:  20%|█▉        | 748/3769 [01:53<05:55,  8.50it/s, recall_0.3=(0, 2795) / 3380]eval:  20%|█▉        | 749/3769 [01:53<05:57,  8.44it/s, recall_0.3=(0, 2795) / 3380]eval:  20%|█▉        | 749/3769 [01:53<05:57,  8.44it/s, recall_0.3=(0, 2796) / 3382]eval:  20%|█▉        | 750/3769 [01:53<06:03,  8.31it/s, recall_0.3=(0, 2796) / 3382]eval:  20%|█▉        | 750/3769 [01:53<06:03,  8.31it/s, recall_0.3=(0, 2802) / 3389]eval:  20%|█▉        | 751/3769 [01:53<05:59,  8.39it/s, recall_0.3=(0, 2802) / 3389]eval:  20%|█▉        | 751/3769 [01:54<05:59,  8.39it/s, recall_0.3=(0, 2804) / 3391]eval:  20%|█▉        | 752/3769 [01:54<06:02,  8.32it/s, recall_0.3=(0, 2804) / 3391]eval:  20%|█▉        | 752/3769 [01:54<06:02,  8.32it/s, recall_0.3=(0, 2809) / 3397]eval:  20%|█▉        | 753/3769 [01:54<06:04,  8.28it/s, recall_0.3=(0, 2809) / 3397]eval:  20%|█▉        | 753/3769 [01:54<06:04,  8.28it/s, recall_0.3=(0, 2814) / 3407]eval:  20%|██        | 754/3769 [01:54<06:08,  8.17it/s, recall_0.3=(0, 2814) / 3407]eval:  20%|██        | 754/3769 [01:54<06:08,  8.17it/s, recall_0.3=(0, 2817) / 3410]eval:  20%|██        | 755/3769 [01:54<06:07,  8.21it/s, recall_0.3=(0, 2817) / 3410]eval:  20%|██        | 755/3769 [01:54<06:07,  8.21it/s, recall_0.3=(0, 2819) / 3412]eval:  20%|██        | 756/3769 [01:54<06:08,  8.17it/s, recall_0.3=(0, 2819) / 3412]eval:  20%|██        | 756/3769 [01:54<06:08,  8.17it/s, recall_0.3=(0, 2822) / 3415]eval:  20%|██        | 757/3769 [01:54<05:53,  8.51it/s, recall_0.3=(0, 2822) / 3415]eval:  20%|██        | 757/3769 [01:54<05:53,  8.51it/s, recall_0.3=(0, 2832) / 3428]eval:  20%|██        | 758/3769 [01:54<05:57,  8.42it/s, recall_0.3=(0, 2832) / 3428]eval:  20%|██        | 758/3769 [01:54<05:57,  8.42it/s, recall_0.3=(0, 2833) / 3429]eval:  20%|██        | 759/3769 [01:54<05:53,  8.52it/s, recall_0.3=(0, 2833) / 3429]eval:  20%|██        | 759/3769 [01:54<05:53,  8.52it/s, recall_0.3=(0, 2834) / 3431]eval:  20%|██        | 760/3769 [01:54<06:02,  8.30it/s, recall_0.3=(0, 2834) / 3431]eval:  20%|██        | 760/3769 [01:55<06:02,  8.30it/s, recall_0.3=(0, 2836) / 3433]eval:  20%|██        | 761/3769 [01:55<06:00,  8.35it/s, recall_0.3=(0, 2836) / 3433]eval:  20%|██        | 761/3769 [01:55<06:00,  8.35it/s, recall_0.3=(0, 2837) / 3435]eval:  20%|██        | 762/3769 [01:55<05:58,  8.39it/s, recall_0.3=(0, 2837) / 3435]eval:  20%|██        | 762/3769 [01:55<05:58,  8.39it/s, recall_0.3=(0, 2839) / 3438]eval:  20%|██        | 763/3769 [01:55<05:53,  8.50it/s, recall_0.3=(0, 2839) / 3438]eval:  20%|██        | 763/3769 [01:55<05:53,  8.50it/s, recall_0.3=(0, 2846) / 3447]eval:  20%|██        | 764/3769 [01:55<05:52,  8.52it/s, recall_0.3=(0, 2846) / 3447]eval:  20%|██        | 764/3769 [01:55<05:52,  8.52it/s, recall_0.3=(0, 2855) / 3456]eval:  20%|██        | 765/3769 [01:55<05:55,  8.44it/s, recall_0.3=(0, 2855) / 3456]eval:  20%|██        | 765/3769 [01:55<05:55,  8.44it/s, recall_0.3=(0, 2858) / 3459]eval:  20%|██        | 766/3769 [01:55<05:54,  8.46it/s, recall_0.3=(0, 2858) / 3459]eval:  20%|██        | 766/3769 [01:55<05:54,  8.46it/s, recall_0.3=(0, 2861) / 3462]eval:  20%|██        | 767/3769 [01:55<05:53,  8.49it/s, recall_0.3=(0, 2861) / 3462]eval:  20%|██        | 767/3769 [01:55<05:53,  8.49it/s, recall_0.3=(0, 2865) / 3467]eval:  20%|██        | 768/3769 [01:55<05:50,  8.56it/s, recall_0.3=(0, 2865) / 3467]eval:  20%|██        | 768/3769 [01:56<05:50,  8.56it/s, recall_0.3=(0, 2869) / 3471]eval:  20%|██        | 769/3769 [01:56<05:57,  8.39it/s, recall_0.3=(0, 2869) / 3471]eval:  20%|██        | 769/3769 [01:56<05:57,  8.39it/s, recall_0.3=(0, 2875) / 3477]eval:  20%|██        | 770/3769 [01:56<05:57,  8.39it/s, recall_0.3=(0, 2875) / 3477]eval:  20%|██        | 770/3769 [01:56<05:57,  8.39it/s, recall_0.3=(0, 2876) / 3479]eval:  20%|██        | 771/3769 [01:56<05:51,  8.52it/s, recall_0.3=(0, 2876) / 3479]eval:  20%|██        | 771/3769 [01:56<05:51,  8.52it/s, recall_0.3=(0, 2877) / 3480]eval:  20%|██        | 772/3769 [01:56<05:47,  8.64it/s, recall_0.3=(0, 2877) / 3480]eval:  20%|██        | 772/3769 [01:56<05:47,  8.64it/s, recall_0.3=(0, 2879) / 3482]eval:  21%|██        | 773/3769 [01:56<05:51,  8.54it/s, recall_0.3=(0, 2879) / 3482]eval:  21%|██        | 773/3769 [01:56<05:51,  8.54it/s, recall_0.3=(0, 2885) / 3489]eval:  21%|██        | 774/3769 [01:56<05:54,  8.44it/s, recall_0.3=(0, 2885) / 3489]eval:  21%|██        | 774/3769 [01:56<05:54,  8.44it/s, recall_0.3=(0, 2889) / 3493]eval:  21%|██        | 775/3769 [01:56<06:00,  8.31it/s, recall_0.3=(0, 2889) / 3493]eval:  21%|██        | 775/3769 [01:56<06:00,  8.31it/s, recall_0.3=(0, 2894) / 3499]eval:  21%|██        | 776/3769 [01:56<05:52,  8.49it/s, recall_0.3=(0, 2894) / 3499]eval:  21%|██        | 776/3769 [01:56<05:52,  8.49it/s, recall_0.3=(0, 2900) / 3506]eval:  21%|██        | 777/3769 [01:56<06:03,  8.24it/s, recall_0.3=(0, 2900) / 3506]eval:  21%|██        | 777/3769 [01:57<06:03,  8.24it/s, recall_0.3=(0, 2905) / 3511]eval:  21%|██        | 778/3769 [01:57<05:46,  8.63it/s, recall_0.3=(0, 2905) / 3511]eval:  21%|██        | 778/3769 [01:57<05:46,  8.63it/s, recall_0.3=(0, 2912) / 3522]eval:  21%|██        | 779/3769 [01:57<05:51,  8.52it/s, recall_0.3=(0, 2912) / 3522]eval:  21%|██        | 779/3769 [01:57<05:51,  8.52it/s, recall_0.3=(0, 2917) / 3528]eval:  21%|██        | 780/3769 [01:57<05:58,  8.34it/s, recall_0.3=(0, 2917) / 3528]eval:  21%|██        | 780/3769 [01:57<05:58,  8.34it/s, recall_0.3=(0, 2918) / 3529]eval:  21%|██        | 781/3769 [01:57<05:57,  8.35it/s, recall_0.3=(0, 2918) / 3529]eval:  21%|██        | 781/3769 [01:57<05:57,  8.35it/s, recall_0.3=(0, 2920) / 3532]eval:  21%|██        | 782/3769 [01:57<05:43,  8.71it/s, recall_0.3=(0, 2920) / 3532]eval:  21%|██        | 782/3769 [01:57<05:43,  8.71it/s, recall_0.3=(0, 2927) / 3539]eval:  21%|██        | 783/3769 [01:57<05:57,  8.35it/s, recall_0.3=(0, 2927) / 3539]eval:  21%|██        | 783/3769 [01:57<05:57,  8.35it/s, recall_0.3=(0, 2928) / 3540]eval:  21%|██        | 784/3769 [01:57<05:52,  8.48it/s, recall_0.3=(0, 2928) / 3540]eval:  21%|██        | 784/3769 [01:57<05:52,  8.48it/s, recall_0.3=(0, 2935) / 3548]eval:  21%|██        | 785/3769 [01:57<05:54,  8.41it/s, recall_0.3=(0, 2935) / 3548]eval:  21%|██        | 785/3769 [01:58<05:54,  8.41it/s, recall_0.3=(0, 2936) / 3551]eval:  21%|██        | 786/3769 [01:58<05:48,  8.57it/s, recall_0.3=(0, 2936) / 3551]eval:  21%|██        | 786/3769 [01:58<05:48,  8.57it/s, recall_0.3=(0, 2938) / 3553]eval:  21%|██        | 787/3769 [01:58<05:54,  8.40it/s, recall_0.3=(0, 2938) / 3553]eval:  21%|██        | 787/3769 [01:58<05:54,  8.40it/s, recall_0.3=(0, 2941) / 3556]eval:  21%|██        | 788/3769 [01:58<05:52,  8.46it/s, recall_0.3=(0, 2941) / 3556]eval:  21%|██        | 788/3769 [01:58<05:52,  8.46it/s, recall_0.3=(0, 2955) / 3571]eval:  21%|██        | 789/3769 [01:58<05:55,  8.38it/s, recall_0.3=(0, 2955) / 3571]eval:  21%|██        | 789/3769 [01:58<05:55,  8.38it/s, recall_0.3=(0, 2960) / 3577]eval:  21%|██        | 790/3769 [01:58<05:58,  8.31it/s, recall_0.3=(0, 2960) / 3577]eval:  21%|██        | 790/3769 [01:58<05:58,  8.31it/s, recall_0.3=(0, 2964) / 3581]eval:  21%|██        | 791/3769 [01:58<05:59,  8.29it/s, recall_0.3=(0, 2964) / 3581]eval:  21%|██        | 791/3769 [01:58<05:59,  8.29it/s, recall_0.3=(0, 2965) / 3582]eval:  21%|██        | 792/3769 [01:58<06:01,  8.24it/s, recall_0.3=(0, 2965) / 3582]eval:  21%|██        | 792/3769 [01:58<06:01,  8.24it/s, recall_0.3=(0, 2967) / 3585]eval:  21%|██        | 793/3769 [01:58<06:00,  8.25it/s, recall_0.3=(0, 2967) / 3585]eval:  21%|██        | 793/3769 [01:58<06:00,  8.25it/s, recall_0.3=(0, 2973) / 3591]eval:  21%|██        | 794/3769 [01:58<05:50,  8.48it/s, recall_0.3=(0, 2973) / 3591]eval:  21%|██        | 794/3769 [01:59<05:50,  8.48it/s, recall_0.3=(0, 2979) / 3597]eval:  21%|██        | 795/3769 [01:59<05:55,  8.37it/s, recall_0.3=(0, 2979) / 3597]eval:  21%|██        | 795/3769 [01:59<05:55,  8.37it/s, recall_0.3=(0, 2986) / 3604]eval:  21%|██        | 796/3769 [01:59<05:51,  8.47it/s, recall_0.3=(0, 2986) / 3604]eval:  21%|██        | 796/3769 [01:59<05:51,  8.47it/s, recall_0.3=(0, 2994) / 3615]eval:  21%|██        | 797/3769 [01:59<05:42,  8.68it/s, recall_0.3=(0, 2994) / 3615]eval:  21%|██        | 797/3769 [01:59<05:42,  8.68it/s, recall_0.3=(0, 2998) / 3619]eval:  21%|██        | 798/3769 [01:59<05:48,  8.53it/s, recall_0.3=(0, 2998) / 3619]eval:  21%|██        | 798/3769 [01:59<05:48,  8.53it/s, recall_0.3=(0, 3006) / 3630]eval:  21%|██        | 799/3769 [01:59<05:50,  8.48it/s, recall_0.3=(0, 3006) / 3630]eval:  21%|██        | 799/3769 [01:59<05:50,  8.48it/s, recall_0.3=(0, 3010) / 3635]eval:  21%|██        | 800/3769 [01:59<05:52,  8.43it/s, recall_0.3=(0, 3010) / 3635]eval:  21%|██        | 800/3769 [01:59<05:52,  8.43it/s, recall_0.3=(0, 3013) / 3639]eval:  21%|██▏       | 801/3769 [01:59<05:55,  8.35it/s, recall_0.3=(0, 3013) / 3639]eval:  21%|██▏       | 801/3769 [01:59<05:55,  8.35it/s, recall_0.3=(0, 3019) / 3646]eval:  21%|██▏       | 802/3769 [01:59<06:09,  8.03it/s, recall_0.3=(0, 3019) / 3646]eval:  21%|██▏       | 802/3769 [02:00<06:09,  8.03it/s, recall_0.3=(0, 3027) / 3655]eval:  21%|██▏       | 803/3769 [02:00<06:14,  7.93it/s, recall_0.3=(0, 3027) / 3655]eval:  21%|██▏       | 803/3769 [02:00<06:14,  7.93it/s, recall_0.3=(0, 3029) / 3658]eval:  21%|██▏       | 804/3769 [02:00<06:13,  7.94it/s, recall_0.3=(0, 3029) / 3658]eval:  21%|██▏       | 804/3769 [02:00<06:13,  7.94it/s, recall_0.3=(0, 3033) / 3662]eval:  21%|██▏       | 805/3769 [02:00<06:08,  8.03it/s, recall_0.3=(0, 3033) / 3662]eval:  21%|██▏       | 805/3769 [02:00<06:08,  8.03it/s, recall_0.3=(0, 3040) / 3672]eval:  21%|██▏       | 806/3769 [02:00<06:13,  7.93it/s, recall_0.3=(0, 3040) / 3672]eval:  21%|██▏       | 806/3769 [02:00<06:13,  7.93it/s, recall_0.3=(0, 3040) / 3673]eval:  21%|██▏       | 807/3769 [02:00<06:08,  8.04it/s, recall_0.3=(0, 3040) / 3673]eval:  21%|██▏       | 807/3769 [02:00<06:08,  8.04it/s, recall_0.3=(0, 3041) / 3674]eval:  21%|██▏       | 808/3769 [02:00<06:13,  7.92it/s, recall_0.3=(0, 3041) / 3674]eval:  21%|██▏       | 808/3769 [02:00<06:13,  7.92it/s, recall_0.3=(0, 3049) / 3683]eval:  21%|██▏       | 809/3769 [02:00<06:14,  7.91it/s, recall_0.3=(0, 3049) / 3683]eval:  21%|██▏       | 809/3769 [02:00<06:14,  7.91it/s, recall_0.3=(0, 3050) / 3684]eval:  21%|██▏       | 810/3769 [02:00<06:12,  7.95it/s, recall_0.3=(0, 3050) / 3684]eval:  21%|██▏       | 810/3769 [02:01<06:12,  7.95it/s, recall_0.3=(0, 3051) / 3685]eval:  22%|██▏       | 811/3769 [02:01<06:09,  8.01it/s, recall_0.3=(0, 3051) / 3685]eval:  22%|██▏       | 811/3769 [02:01<06:09,  8.01it/s, recall_0.3=(0, 3053) / 3687]eval:  22%|██▏       | 812/3769 [02:01<06:04,  8.11it/s, recall_0.3=(0, 3053) / 3687]eval:  22%|██▏       | 812/3769 [02:01<06:04,  8.11it/s, recall_0.3=(0, 3061) / 3697]eval:  22%|██▏       | 813/3769 [02:01<06:03,  8.14it/s, recall_0.3=(0, 3061) / 3697]eval:  22%|██▏       | 813/3769 [02:01<06:03,  8.14it/s, recall_0.3=(0, 3063) / 3700]eval:  22%|██▏       | 814/3769 [02:01<06:08,  8.02it/s, recall_0.3=(0, 3063) / 3700]eval:  22%|██▏       | 814/3769 [02:01<06:08,  8.02it/s, recall_0.3=(0, 3064) / 3702]eval:  22%|██▏       | 815/3769 [02:01<06:02,  8.15it/s, recall_0.3=(0, 3064) / 3702]eval:  22%|██▏       | 815/3769 [02:01<06:02,  8.15it/s, recall_0.3=(0, 3067) / 3705]eval:  22%|██▏       | 816/3769 [02:01<06:04,  8.10it/s, recall_0.3=(0, 3067) / 3705]eval:  22%|██▏       | 816/3769 [02:01<06:04,  8.10it/s, recall_0.3=(0, 3072) / 3710]eval:  22%|██▏       | 817/3769 [02:01<06:02,  8.14it/s, recall_0.3=(0, 3072) / 3710]eval:  22%|██▏       | 817/3769 [02:01<06:02,  8.14it/s, recall_0.3=(0, 3080) / 3720]eval:  22%|██▏       | 818/3769 [02:01<06:07,  8.03it/s, recall_0.3=(0, 3080) / 3720]eval:  22%|██▏       | 818/3769 [02:02<06:07,  8.03it/s, recall_0.3=(0, 3081) / 3721]eval:  22%|██▏       | 819/3769 [02:02<06:08,  8.01it/s, recall_0.3=(0, 3081) / 3721]eval:  22%|██▏       | 819/3769 [02:02<06:08,  8.01it/s, recall_0.3=(0, 3087) / 3731]eval:  22%|██▏       | 820/3769 [02:02<06:13,  7.90it/s, recall_0.3=(0, 3087) / 3731]eval:  22%|██▏       | 820/3769 [02:02<06:13,  7.90it/s, recall_0.3=(0, 3100) / 3746]eval:  22%|██▏       | 821/3769 [02:02<06:14,  7.88it/s, recall_0.3=(0, 3100) / 3746]eval:  22%|██▏       | 821/3769 [02:02<06:14,  7.88it/s, recall_0.3=(0, 3104) / 3750]eval:  22%|██▏       | 822/3769 [02:02<06:06,  8.04it/s, recall_0.3=(0, 3104) / 3750]eval:  22%|██▏       | 822/3769 [02:02<06:06,  8.04it/s, recall_0.3=(0, 3106) / 3752]eval:  22%|██▏       | 823/3769 [02:02<06:05,  8.06it/s, recall_0.3=(0, 3106) / 3752]eval:  22%|██▏       | 823/3769 [02:02<06:05,  8.06it/s, recall_0.3=(0, 3107) / 3753]eval:  22%|██▏       | 824/3769 [02:02<06:03,  8.10it/s, recall_0.3=(0, 3107) / 3753]eval:  22%|██▏       | 824/3769 [02:02<06:03,  8.10it/s, recall_0.3=(0, 3108) / 3754]eval:  22%|██▏       | 825/3769 [02:02<05:59,  8.19it/s, recall_0.3=(0, 3108) / 3754]eval:  22%|██▏       | 825/3769 [02:02<05:59,  8.19it/s, recall_0.3=(0, 3111) / 3757]eval:  22%|██▏       | 826/3769 [02:02<05:57,  8.23it/s, recall_0.3=(0, 3111) / 3757]eval:  22%|██▏       | 826/3769 [02:03<05:57,  8.23it/s, recall_0.3=(0, 3115) / 3761]eval:  22%|██▏       | 827/3769 [02:03<06:02,  8.12it/s, recall_0.3=(0, 3115) / 3761]eval:  22%|██▏       | 827/3769 [02:03<06:02,  8.12it/s, recall_0.3=(0, 3117) / 3763]eval:  22%|██▏       | 828/3769 [02:03<06:05,  8.04it/s, recall_0.3=(0, 3117) / 3763]eval:  22%|██▏       | 828/3769 [02:03<06:05,  8.04it/s, recall_0.3=(0, 3122) / 3769]eval:  22%|██▏       | 829/3769 [02:03<06:02,  8.11it/s, recall_0.3=(0, 3122) / 3769]eval:  22%|██▏       | 829/3769 [02:03<06:02,  8.11it/s, recall_0.3=(0, 3125) / 3772]eval:  22%|██▏       | 830/3769 [02:03<06:02,  8.11it/s, recall_0.3=(0, 3125) / 3772]eval:  22%|██▏       | 830/3769 [02:03<06:02,  8.11it/s, recall_0.3=(0, 3127) / 3775]eval:  22%|██▏       | 831/3769 [02:03<06:02,  8.10it/s, recall_0.3=(0, 3127) / 3775]eval:  22%|██▏       | 831/3769 [02:03<06:02,  8.10it/s, recall_0.3=(0, 3131) / 3779]eval:  22%|██▏       | 832/3769 [02:03<06:01,  8.13it/s, recall_0.3=(0, 3131) / 3779]eval:  22%|██▏       | 832/3769 [02:03<06:01,  8.13it/s, recall_0.3=(0, 3132) / 3780]eval:  22%|██▏       | 833/3769 [02:03<05:57,  8.22it/s, recall_0.3=(0, 3132) / 3780]eval:  22%|██▏       | 833/3769 [02:03<05:57,  8.22it/s, recall_0.3=(0, 3134) / 3783]eval:  22%|██▏       | 834/3769 [02:03<06:01,  8.12it/s, recall_0.3=(0, 3134) / 3783]eval:  22%|██▏       | 834/3769 [02:04<06:01,  8.12it/s, recall_0.3=(0, 3135) / 3784]eval:  22%|██▏       | 835/3769 [02:04<05:59,  8.17it/s, recall_0.3=(0, 3135) / 3784]eval:  22%|██▏       | 835/3769 [02:04<05:59,  8.17it/s, recall_0.3=(0, 3138) / 3787]eval:  22%|██▏       | 836/3769 [02:04<05:52,  8.33it/s, recall_0.3=(0, 3138) / 3787]eval:  22%|██▏       | 836/3769 [02:04<05:52,  8.33it/s, recall_0.3=(0, 3142) / 3792]eval:  22%|██▏       | 837/3769 [02:04<06:04,  8.04it/s, recall_0.3=(0, 3142) / 3792]eval:  22%|██▏       | 837/3769 [02:04<06:04,  8.04it/s, recall_0.3=(0, 3148) / 3798]eval:  22%|██▏       | 838/3769 [02:04<05:58,  8.18it/s, recall_0.3=(0, 3148) / 3798]eval:  22%|██▏       | 838/3769 [02:04<05:58,  8.18it/s, recall_0.3=(0, 3149) / 3800]eval:  22%|██▏       | 839/3769 [02:04<05:46,  8.47it/s, recall_0.3=(0, 3149) / 3800]eval:  22%|██▏       | 839/3769 [02:04<05:46,  8.47it/s, recall_0.3=(0, 3150) / 3801]eval:  22%|██▏       | 840/3769 [02:04<05:58,  8.18it/s, recall_0.3=(0, 3150) / 3801]eval:  22%|██▏       | 840/3769 [02:04<05:58,  8.18it/s, recall_0.3=(0, 3161) / 3813]eval:  22%|██▏       | 841/3769 [02:04<05:56,  8.20it/s, recall_0.3=(0, 3161) / 3813]eval:  22%|██▏       | 841/3769 [02:04<05:56,  8.20it/s, recall_0.3=(0, 3162) / 3814]eval:  22%|██▏       | 842/3769 [02:04<05:56,  8.22it/s, recall_0.3=(0, 3162) / 3814]eval:  22%|██▏       | 842/3769 [02:05<05:56,  8.22it/s, recall_0.3=(0, 3167) / 3822]eval:  22%|██▏       | 843/3769 [02:05<05:53,  8.27it/s, recall_0.3=(0, 3167) / 3822]eval:  22%|██▏       | 843/3769 [02:05<05:53,  8.27it/s, recall_0.3=(0, 3172) / 3827]eval:  22%|██▏       | 844/3769 [02:05<05:52,  8.30it/s, recall_0.3=(0, 3172) / 3827]eval:  22%|██▏       | 844/3769 [02:05<05:52,  8.30it/s, recall_0.3=(0, 3179) / 3836]eval:  22%|██▏       | 845/3769 [02:05<06:04,  8.03it/s, recall_0.3=(0, 3179) / 3836]eval:  22%|██▏       | 845/3769 [02:05<06:04,  8.03it/s, recall_0.3=(0, 3181) / 3838]eval:  22%|██▏       | 846/3769 [02:05<06:02,  8.07it/s, recall_0.3=(0, 3181) / 3838]eval:  22%|██▏       | 846/3769 [02:05<06:02,  8.07it/s, recall_0.3=(0, 3181) / 3839]eval:  22%|██▏       | 847/3769 [02:05<05:58,  8.14it/s, recall_0.3=(0, 3181) / 3839]eval:  22%|██▏       | 847/3769 [02:05<05:58,  8.14it/s, recall_0.3=(0, 3185) / 3845]eval:  22%|██▏       | 848/3769 [02:05<05:55,  8.22it/s, recall_0.3=(0, 3185) / 3845]eval:  22%|██▏       | 848/3769 [02:05<05:55,  8.22it/s, recall_0.3=(0, 3189) / 3849]eval:  23%|██▎       | 849/3769 [02:05<05:55,  8.22it/s, recall_0.3=(0, 3189) / 3849]eval:  23%|██▎       | 849/3769 [02:05<05:55,  8.22it/s, recall_0.3=(0, 3191) / 3851]eval:  23%|██▎       | 850/3769 [02:05<05:59,  8.13it/s, recall_0.3=(0, 3191) / 3851]eval:  23%|██▎       | 850/3769 [02:05<05:59,  8.13it/s, recall_0.3=(0, 3198) / 3858]eval:  23%|██▎       | 851/3769 [02:05<05:49,  8.36it/s, recall_0.3=(0, 3198) / 3858]eval:  23%|██▎       | 851/3769 [02:06<05:49,  8.36it/s, recall_0.3=(0, 3204) / 3864]eval:  23%|██▎       | 852/3769 [02:06<05:48,  8.37it/s, recall_0.3=(0, 3204) / 3864]eval:  23%|██▎       | 852/3769 [02:06<05:48,  8.37it/s, recall_0.3=(0, 3206) / 3868]eval:  23%|██▎       | 853/3769 [02:06<05:58,  8.13it/s, recall_0.3=(0, 3206) / 3868]eval:  23%|██▎       | 853/3769 [02:06<05:58,  8.13it/s, recall_0.3=(0, 3206) / 3870]eval:  23%|██▎       | 854/3769 [02:06<05:46,  8.42it/s, recall_0.3=(0, 3206) / 3870]eval:  23%|██▎       | 854/3769 [02:06<05:46,  8.42it/s, recall_0.3=(0, 3208) / 3873]eval:  23%|██▎       | 855/3769 [02:06<05:49,  8.33it/s, recall_0.3=(0, 3208) / 3873]eval:  23%|██▎       | 855/3769 [02:06<05:49,  8.33it/s, recall_0.3=(0, 3215) / 3886]eval:  23%|██▎       | 856/3769 [02:06<05:41,  8.53it/s, recall_0.3=(0, 3215) / 3886]eval:  23%|██▎       | 856/3769 [02:06<05:41,  8.53it/s, recall_0.3=(0, 3215) / 3888]eval:  23%|██▎       | 857/3769 [02:06<05:36,  8.66it/s, recall_0.3=(0, 3215) / 3888]eval:  23%|██▎       | 857/3769 [02:06<05:36,  8.66it/s, recall_0.3=(0, 3220) / 3894]eval:  23%|██▎       | 858/3769 [02:06<05:47,  8.37it/s, recall_0.3=(0, 3220) / 3894]eval:  23%|██▎       | 858/3769 [02:06<05:47,  8.37it/s, recall_0.3=(0, 3221) / 3895]eval:  23%|██▎       | 859/3769 [02:06<05:53,  8.24it/s, recall_0.3=(0, 3221) / 3895]eval:  23%|██▎       | 859/3769 [02:07<05:53,  8.24it/s, recall_0.3=(0, 3228) / 3904]eval:  23%|██▎       | 860/3769 [02:07<05:54,  8.21it/s, recall_0.3=(0, 3228) / 3904]eval:  23%|██▎       | 860/3769 [02:07<05:54,  8.21it/s, recall_0.3=(0, 3231) / 3907]eval:  23%|██▎       | 861/3769 [02:07<05:43,  8.47it/s, recall_0.3=(0, 3231) / 3907]eval:  23%|██▎       | 861/3769 [02:07<05:43,  8.47it/s, recall_0.3=(0, 3233) / 3909]eval:  23%|██▎       | 862/3769 [02:07<05:46,  8.40it/s, recall_0.3=(0, 3233) / 3909]eval:  23%|██▎       | 862/3769 [02:07<05:46,  8.40it/s, recall_0.3=(0, 3235) / 3911]eval:  23%|██▎       | 863/3769 [02:07<05:47,  8.37it/s, recall_0.3=(0, 3235) / 3911]eval:  23%|██▎       | 863/3769 [02:07<05:47,  8.37it/s, recall_0.3=(0, 3237) / 3913]eval:  23%|██▎       | 864/3769 [02:07<05:47,  8.36it/s, recall_0.3=(0, 3237) / 3913]eval:  23%|██▎       | 864/3769 [02:07<05:47,  8.36it/s, recall_0.3=(0, 3238) / 3914]eval:  23%|██▎       | 865/3769 [02:07<05:41,  8.50it/s, recall_0.3=(0, 3238) / 3914]eval:  23%|██▎       | 865/3769 [02:07<05:41,  8.50it/s, recall_0.3=(0, 3244) / 3922]eval:  23%|██▎       | 866/3769 [02:07<05:50,  8.27it/s, recall_0.3=(0, 3244) / 3922]eval:  23%|██▎       | 866/3769 [02:07<05:50,  8.27it/s, recall_0.3=(0, 3248) / 3928]eval:  23%|██▎       | 867/3769 [02:07<05:45,  8.41it/s, recall_0.3=(0, 3248) / 3928]eval:  23%|██▎       | 867/3769 [02:08<05:45,  8.41it/s, recall_0.3=(0, 3256) / 3936]eval:  23%|██▎       | 868/3769 [02:08<05:47,  8.34it/s, recall_0.3=(0, 3256) / 3936]eval:  23%|██▎       | 868/3769 [02:08<05:47,  8.34it/s, recall_0.3=(0, 3261) / 3942]eval:  23%|██▎       | 869/3769 [02:08<05:48,  8.31it/s, recall_0.3=(0, 3261) / 3942]eval:  23%|██▎       | 869/3769 [02:08<05:48,  8.31it/s, recall_0.3=(0, 3270) / 3951]eval:  23%|██▎       | 870/3769 [02:08<05:52,  8.21it/s, recall_0.3=(0, 3270) / 3951]eval:  23%|██▎       | 870/3769 [02:08<05:52,  8.21it/s, recall_0.3=(0, 3278) / 3959]eval:  23%|██▎       | 871/3769 [02:08<05:48,  8.32it/s, recall_0.3=(0, 3278) / 3959]eval:  23%|██▎       | 871/3769 [02:08<05:48,  8.32it/s, recall_0.3=(0, 3279) / 3960]eval:  23%|██▎       | 872/3769 [02:08<05:43,  8.43it/s, recall_0.3=(0, 3279) / 3960]eval:  23%|██▎       | 872/3769 [02:08<05:43,  8.43it/s, recall_0.3=(0, 3283) / 3966]eval:  23%|██▎       | 873/3769 [02:08<05:36,  8.61it/s, recall_0.3=(0, 3283) / 3966]eval:  23%|██▎       | 873/3769 [02:08<05:36,  8.61it/s, recall_0.3=(0, 3287) / 3970]eval:  23%|██▎       | 874/3769 [02:08<05:41,  8.48it/s, recall_0.3=(0, 3287) / 3970]eval:  23%|██▎       | 874/3769 [02:08<05:41,  8.48it/s, recall_0.3=(0, 3287) / 3971]eval:  23%|██▎       | 875/3769 [02:08<05:45,  8.37it/s, recall_0.3=(0, 3287) / 3971]eval:  23%|██▎       | 875/3769 [02:08<05:45,  8.37it/s, recall_0.3=(0, 3291) / 3976]eval:  23%|██▎       | 876/3769 [02:08<05:43,  8.42it/s, recall_0.3=(0, 3291) / 3976]eval:  23%|██▎       | 876/3769 [02:09<05:43,  8.42it/s, recall_0.3=(0, 3292) / 3977]eval:  23%|██▎       | 877/3769 [02:09<05:36,  8.59it/s, recall_0.3=(0, 3292) / 3977]eval:  23%|██▎       | 877/3769 [02:09<05:36,  8.59it/s, recall_0.3=(0, 3295) / 3980]eval:  23%|██▎       | 878/3769 [02:09<05:31,  8.73it/s, recall_0.3=(0, 3295) / 3980]eval:  23%|██▎       | 878/3769 [02:09<05:31,  8.73it/s, recall_0.3=(0, 3302) / 3989]eval:  23%|██▎       | 879/3769 [02:09<05:44,  8.39it/s, recall_0.3=(0, 3302) / 3989]eval:  23%|██▎       | 879/3769 [02:09<05:44,  8.39it/s, recall_0.3=(0, 3311) / 3998]eval:  23%|██▎       | 880/3769 [02:09<05:51,  8.21it/s, recall_0.3=(0, 3311) / 3998]eval:  23%|██▎       | 880/3769 [02:09<05:51,  8.21it/s, recall_0.3=(0, 3312) / 3999]eval:  23%|██▎       | 881/3769 [02:09<05:46,  8.33it/s, recall_0.3=(0, 3312) / 3999]eval:  23%|██▎       | 881/3769 [02:09<05:46,  8.33it/s, recall_0.3=(0, 3318) / 4005]eval:  23%|██▎       | 882/3769 [02:09<05:42,  8.42it/s, recall_0.3=(0, 3318) / 4005]eval:  23%|██▎       | 882/3769 [02:09<05:42,  8.42it/s, recall_0.3=(0, 3322) / 4009]eval:  23%|██▎       | 883/3769 [02:09<05:55,  8.11it/s, recall_0.3=(0, 3322) / 4009]eval:  23%|██▎       | 883/3769 [02:09<05:55,  8.11it/s, recall_0.3=(0, 3325) / 4012]eval:  23%|██▎       | 884/3769 [02:09<05:41,  8.45it/s, recall_0.3=(0, 3325) / 4012]eval:  23%|██▎       | 884/3769 [02:10<05:41,  8.45it/s, recall_0.3=(0, 3331) / 4020]eval:  23%|██▎       | 885/3769 [02:10<05:38,  8.52it/s, recall_0.3=(0, 3331) / 4020]eval:  23%|██▎       | 885/3769 [02:10<05:38,  8.52it/s, recall_0.3=(0, 3335) / 4024]eval:  24%|██▎       | 886/3769 [02:10<05:45,  8.36it/s, recall_0.3=(0, 3335) / 4024]eval:  24%|██▎       | 886/3769 [02:10<05:45,  8.36it/s, recall_0.3=(0, 3345) / 4034]eval:  24%|██▎       | 887/3769 [02:10<05:44,  8.37it/s, recall_0.3=(0, 3345) / 4034]eval:  24%|██▎       | 887/3769 [02:10<05:44,  8.37it/s, recall_0.3=(0, 3348) / 4037]eval:  24%|██▎       | 888/3769 [02:10<05:32,  8.67it/s, recall_0.3=(0, 3348) / 4037]eval:  24%|██▎       | 888/3769 [02:10<05:32,  8.67it/s, recall_0.3=(0, 3349) / 4038]eval:  24%|██▎       | 889/3769 [02:10<05:34,  8.62it/s, recall_0.3=(0, 3349) / 4038]eval:  24%|██▎       | 889/3769 [02:10<05:34,  8.62it/s, recall_0.3=(0, 3351) / 4040]eval:  24%|██▎       | 890/3769 [02:10<05:41,  8.44it/s, recall_0.3=(0, 3351) / 4040]eval:  24%|██▎       | 890/3769 [02:10<05:41,  8.44it/s, recall_0.3=(0, 3353) / 4043]eval:  24%|██▎       | 891/3769 [02:10<05:45,  8.34it/s, recall_0.3=(0, 3353) / 4043]eval:  24%|██▎       | 891/3769 [02:10<05:45,  8.34it/s, recall_0.3=(0, 3357) / 4047]eval:  24%|██▎       | 892/3769 [02:10<05:44,  8.36it/s, recall_0.3=(0, 3357) / 4047]eval:  24%|██▎       | 892/3769 [02:10<05:44,  8.36it/s, recall_0.3=(0, 3364) / 4057]eval:  24%|██▎       | 893/3769 [02:10<05:43,  8.38it/s, recall_0.3=(0, 3364) / 4057]eval:  24%|██▎       | 893/3769 [02:11<05:43,  8.38it/s, recall_0.3=(0, 3366) / 4059]eval:  24%|██▎       | 894/3769 [02:11<05:47,  8.28it/s, recall_0.3=(0, 3366) / 4059]eval:  24%|██▎       | 894/3769 [02:11<05:47,  8.28it/s, recall_0.3=(0, 3369) / 4062]eval:  24%|██▎       | 895/3769 [02:11<05:44,  8.35it/s, recall_0.3=(0, 3369) / 4062]eval:  24%|██▎       | 895/3769 [02:11<05:44,  8.35it/s, recall_0.3=(0, 3371) / 4064]eval:  24%|██▍       | 896/3769 [02:11<05:43,  8.37it/s, recall_0.3=(0, 3371) / 4064]eval:  24%|██▍       | 896/3769 [02:11<05:43,  8.37it/s, recall_0.3=(0, 3379) / 4076]eval:  24%|██▍       | 897/3769 [02:11<05:37,  8.52it/s, recall_0.3=(0, 3379) / 4076]eval:  24%|██▍       | 897/3769 [02:11<05:37,  8.52it/s, recall_0.3=(0, 3380) / 4077]eval:  24%|██▍       | 898/3769 [02:11<05:48,  8.23it/s, recall_0.3=(0, 3380) / 4077]eval:  24%|██▍       | 898/3769 [02:11<05:48,  8.23it/s, recall_0.3=(0, 3381) / 4078]eval:  24%|██▍       | 899/3769 [02:11<05:45,  8.30it/s, recall_0.3=(0, 3381) / 4078]eval:  24%|██▍       | 899/3769 [02:11<05:45,  8.30it/s, recall_0.3=(0, 3382) / 4079]eval:  24%|██▍       | 900/3769 [02:11<05:37,  8.51it/s, recall_0.3=(0, 3382) / 4079]eval:  24%|██▍       | 900/3769 [02:11<05:37,  8.51it/s, recall_0.3=(0, 3383) / 4080]eval:  24%|██▍       | 901/3769 [02:11<05:41,  8.41it/s, recall_0.3=(0, 3383) / 4080]eval:  24%|██▍       | 901/3769 [02:12<05:41,  8.41it/s, recall_0.3=(0, 3387) / 4085]eval:  24%|██▍       | 902/3769 [02:12<05:53,  8.11it/s, recall_0.3=(0, 3387) / 4085]eval:  24%|██▍       | 902/3769 [02:12<05:53,  8.11it/s, recall_0.3=(0, 3389) / 4088]eval:  24%|██▍       | 903/3769 [02:12<05:55,  8.07it/s, recall_0.3=(0, 3389) / 4088]eval:  24%|██▍       | 903/3769 [02:12<05:55,  8.07it/s, recall_0.3=(0, 3390) / 4089]eval:  24%|██▍       | 904/3769 [02:12<05:47,  8.24it/s, recall_0.3=(0, 3390) / 4089]eval:  24%|██▍       | 904/3769 [02:12<05:47,  8.24it/s, recall_0.3=(0, 3394) / 4093]eval:  24%|██▍       | 905/3769 [02:12<05:47,  8.23it/s, recall_0.3=(0, 3394) / 4093]eval:  24%|██▍       | 905/3769 [02:12<05:47,  8.23it/s, recall_0.3=(0, 3400) / 4100]eval:  24%|██▍       | 906/3769 [02:12<05:49,  8.18it/s, recall_0.3=(0, 3400) / 4100]eval:  24%|██▍       | 906/3769 [02:12<05:49,  8.18it/s, recall_0.3=(0, 3405) / 4105]eval:  24%|██▍       | 907/3769 [02:12<05:50,  8.17it/s, recall_0.3=(0, 3405) / 4105]eval:  24%|██▍       | 907/3769 [02:12<05:50,  8.17it/s, recall_0.3=(0, 3408) / 4108]eval:  24%|██▍       | 908/3769 [02:12<05:45,  8.28it/s, recall_0.3=(0, 3408) / 4108]eval:  24%|██▍       | 908/3769 [02:12<05:45,  8.28it/s, recall_0.3=(0, 3411) / 4111]eval:  24%|██▍       | 909/3769 [02:12<05:41,  8.38it/s, recall_0.3=(0, 3411) / 4111]eval:  24%|██▍       | 909/3769 [02:13<05:41,  8.38it/s, recall_0.3=(0, 3417) / 4118]eval:  24%|██▍       | 910/3769 [02:13<05:50,  8.15it/s, recall_0.3=(0, 3417) / 4118]eval:  24%|██▍       | 910/3769 [02:13<05:50,  8.15it/s, recall_0.3=(0, 3419) / 4121]eval:  24%|██▍       | 911/3769 [02:13<05:37,  8.47it/s, recall_0.3=(0, 3419) / 4121]eval:  24%|██▍       | 911/3769 [02:13<05:37,  8.47it/s, recall_0.3=(0, 3423) / 4125]eval:  24%|██▍       | 912/3769 [02:13<05:49,  8.18it/s, recall_0.3=(0, 3423) / 4125]eval:  24%|██▍       | 912/3769 [02:13<05:49,  8.18it/s, recall_0.3=(0, 3424) / 4126]eval:  24%|██▍       | 913/3769 [02:13<05:46,  8.24it/s, recall_0.3=(0, 3424) / 4126]eval:  24%|██▍       | 913/3769 [02:13<05:46,  8.24it/s, recall_0.3=(0, 3432) / 4136]eval:  24%|██▍       | 914/3769 [02:13<05:47,  8.22it/s, recall_0.3=(0, 3432) / 4136]eval:  24%|██▍       | 914/3769 [02:13<05:47,  8.22it/s, recall_0.3=(0, 3435) / 4141]eval:  24%|██▍       | 915/3769 [02:13<05:44,  8.28it/s, recall_0.3=(0, 3435) / 4141]eval:  24%|██▍       | 915/3769 [02:13<05:44,  8.28it/s, recall_0.3=(0, 3436) / 4142]eval:  24%|██▍       | 916/3769 [02:13<05:48,  8.18it/s, recall_0.3=(0, 3436) / 4142]eval:  24%|██▍       | 916/3769 [02:13<05:48,  8.18it/s, recall_0.3=(0, 3441) / 4148]eval:  24%|██▍       | 917/3769 [02:13<05:40,  8.38it/s, recall_0.3=(0, 3441) / 4148]eval:  24%|██▍       | 917/3769 [02:14<05:40,  8.38it/s, recall_0.3=(0, 3443) / 4150]eval:  24%|██▍       | 918/3769 [02:14<05:39,  8.41it/s, recall_0.3=(0, 3443) / 4150]eval:  24%|██▍       | 918/3769 [02:14<05:39,  8.41it/s, recall_0.3=(0, 3452) / 4159]eval:  24%|██▍       | 919/3769 [02:14<05:38,  8.41it/s, recall_0.3=(0, 3452) / 4159]eval:  24%|██▍       | 919/3769 [02:14<05:38,  8.41it/s, recall_0.3=(0, 3454) / 4161]eval:  24%|██▍       | 920/3769 [02:14<05:43,  8.29it/s, recall_0.3=(0, 3454) / 4161]eval:  24%|██▍       | 920/3769 [02:14<05:43,  8.29it/s, recall_0.3=(0, 3454) / 4162]eval:  24%|██▍       | 921/3769 [02:14<05:40,  8.37it/s, recall_0.3=(0, 3454) / 4162]eval:  24%|██▍       | 921/3769 [02:14<05:40,  8.37it/s, recall_0.3=(0, 3461) / 4172]eval:  24%|██▍       | 922/3769 [02:14<05:37,  8.43it/s, recall_0.3=(0, 3461) / 4172]eval:  24%|██▍       | 922/3769 [02:14<05:37,  8.43it/s, recall_0.3=(0, 3466) / 4177]eval:  24%|██▍       | 923/3769 [02:14<05:43,  8.28it/s, recall_0.3=(0, 3466) / 4177]eval:  24%|██▍       | 923/3769 [02:14<05:43,  8.28it/s, recall_0.3=(0, 3472) / 4183]eval:  25%|██▍       | 924/3769 [02:14<05:41,  8.34it/s, recall_0.3=(0, 3472) / 4183]eval:  25%|██▍       | 924/3769 [02:14<05:41,  8.34it/s, recall_0.3=(0, 3480) / 4192]eval:  25%|██▍       | 925/3769 [02:14<05:45,  8.23it/s, recall_0.3=(0, 3480) / 4192]eval:  25%|██▍       | 925/3769 [02:14<05:45,  8.23it/s, recall_0.3=(0, 3482) / 4194]eval:  25%|██▍       | 926/3769 [02:14<05:43,  8.28it/s, recall_0.3=(0, 3482) / 4194]eval:  25%|██▍       | 926/3769 [02:15<05:43,  8.28it/s, recall_0.3=(0, 3487) / 4199]eval:  25%|██▍       | 927/3769 [02:15<05:49,  8.13it/s, recall_0.3=(0, 3487) / 4199]eval:  25%|██▍       | 927/3769 [02:15<05:49,  8.13it/s, recall_0.3=(0, 3489) / 4202]eval:  25%|██▍       | 928/3769 [02:15<05:50,  8.10it/s, recall_0.3=(0, 3489) / 4202]eval:  25%|██▍       | 928/3769 [02:15<05:50,  8.10it/s, recall_0.3=(0, 3495) / 4209]eval:  25%|██▍       | 929/3769 [02:15<05:42,  8.29it/s, recall_0.3=(0, 3495) / 4209]eval:  25%|██▍       | 929/3769 [02:15<05:42,  8.29it/s, recall_0.3=(0, 3502) / 4219]eval:  25%|██▍       | 930/3769 [02:15<05:58,  7.92it/s, recall_0.3=(0, 3502) / 4219]eval:  25%|██▍       | 930/3769 [02:15<05:58,  7.92it/s, recall_0.3=(0, 3503) / 4220]eval:  25%|██▍       | 931/3769 [02:15<05:44,  8.23it/s, recall_0.3=(0, 3503) / 4220]eval:  25%|██▍       | 931/3769 [02:15<05:44,  8.23it/s, recall_0.3=(0, 3507) / 4225]eval:  25%|██▍       | 932/3769 [02:15<05:42,  8.29it/s, recall_0.3=(0, 3507) / 4225]eval:  25%|██▍       | 932/3769 [02:15<05:42,  8.29it/s, recall_0.3=(0, 3509) / 4228]eval:  25%|██▍       | 933/3769 [02:15<05:52,  8.03it/s, recall_0.3=(0, 3509) / 4228]eval:  25%|██▍       | 933/3769 [02:15<05:52,  8.03it/s, recall_0.3=(0, 3513) / 4233]eval:  25%|██▍       | 934/3769 [02:15<05:55,  7.97it/s, recall_0.3=(0, 3513) / 4233]eval:  25%|██▍       | 934/3769 [02:16<05:55,  7.97it/s, recall_0.3=(0, 3520) / 4241]eval:  25%|██▍       | 935/3769 [02:16<05:46,  8.17it/s, recall_0.3=(0, 3520) / 4241]eval:  25%|██▍       | 935/3769 [02:16<05:46,  8.17it/s, recall_0.3=(0, 3522) / 4243]eval:  25%|██▍       | 936/3769 [02:16<05:46,  8.17it/s, recall_0.3=(0, 3522) / 4243]eval:  25%|██▍       | 936/3769 [02:16<05:46,  8.17it/s, recall_0.3=(0, 3522) / 4245]eval:  25%|██▍       | 937/3769 [02:16<05:47,  8.14it/s, recall_0.3=(0, 3522) / 4245]eval:  25%|██▍       | 937/3769 [02:16<05:47,  8.14it/s, recall_0.3=(0, 3523) / 4246]eval:  25%|██▍       | 938/3769 [02:16<05:46,  8.16it/s, recall_0.3=(0, 3523) / 4246]eval:  25%|██▍       | 938/3769 [02:16<05:46,  8.16it/s, recall_0.3=(0, 3526) / 4250]eval:  25%|██▍       | 939/3769 [02:16<05:34,  8.46it/s, recall_0.3=(0, 3526) / 4250]eval:  25%|██▍       | 939/3769 [02:16<05:34,  8.46it/s, recall_0.3=(0, 3529) / 4253]eval:  25%|██▍       | 940/3769 [02:16<05:53,  8.00it/s, recall_0.3=(0, 3529) / 4253]eval:  25%|██▍       | 940/3769 [02:16<05:53,  8.00it/s, recall_0.3=(0, 3530) / 4254]eval:  25%|██▍       | 941/3769 [02:16<05:45,  8.18it/s, recall_0.3=(0, 3530) / 4254]eval:  25%|██▍       | 941/3769 [02:16<05:45,  8.18it/s, recall_0.3=(0, 3532) / 4257]eval:  25%|██▍       | 942/3769 [02:16<05:50,  8.06it/s, recall_0.3=(0, 3532) / 4257]eval:  25%|██▍       | 942/3769 [02:17<05:50,  8.06it/s, recall_0.3=(0, 3534) / 4259]eval:  25%|██▌       | 943/3769 [02:17<05:50,  8.06it/s, recall_0.3=(0, 3534) / 4259]eval:  25%|██▌       | 943/3769 [02:17<05:50,  8.06it/s, recall_0.3=(0, 3535) / 4261]eval:  25%|██▌       | 944/3769 [02:17<05:39,  8.32it/s, recall_0.3=(0, 3535) / 4261]eval:  25%|██▌       | 944/3769 [02:17<05:39,  8.32it/s, recall_0.3=(0, 3539) / 4268]eval:  25%|██▌       | 945/3769 [02:17<05:42,  8.25it/s, recall_0.3=(0, 3539) / 4268]eval:  25%|██▌       | 945/3769 [02:17<05:42,  8.25it/s, recall_0.3=(0, 3545) / 4276]eval:  25%|██▌       | 946/3769 [02:17<05:48,  8.11it/s, recall_0.3=(0, 3545) / 4276]eval:  25%|██▌       | 946/3769 [02:17<05:48,  8.11it/s, recall_0.3=(0, 3551) / 4282]eval:  25%|██▌       | 947/3769 [02:17<05:45,  8.18it/s, recall_0.3=(0, 3551) / 4282]eval:  25%|██▌       | 947/3769 [02:17<05:45,  8.18it/s, recall_0.3=(0, 3552) / 4283]eval:  25%|██▌       | 948/3769 [02:17<05:38,  8.32it/s, recall_0.3=(0, 3552) / 4283]eval:  25%|██▌       | 948/3769 [02:17<05:38,  8.32it/s, recall_0.3=(0, 3555) / 4287]eval:  25%|██▌       | 949/3769 [02:17<05:25,  8.66it/s, recall_0.3=(0, 3555) / 4287]eval:  25%|██▌       | 949/3769 [02:17<05:25,  8.66it/s, recall_0.3=(0, 3557) / 4289]eval:  25%|██▌       | 950/3769 [02:17<05:40,  8.28it/s, recall_0.3=(0, 3557) / 4289]eval:  25%|██▌       | 950/3769 [02:18<05:40,  8.28it/s, recall_0.3=(0, 3564) / 4297]eval:  25%|██▌       | 951/3769 [02:18<05:39,  8.31it/s, recall_0.3=(0, 3564) / 4297]eval:  25%|██▌       | 951/3769 [02:18<05:39,  8.31it/s, recall_0.3=(0, 3571) / 4306]eval:  25%|██▌       | 952/3769 [02:18<05:47,  8.12it/s, recall_0.3=(0, 3571) / 4306]eval:  25%|██▌       | 952/3769 [02:18<05:47,  8.12it/s, recall_0.3=(0, 3573) / 4308]eval:  25%|██▌       | 953/3769 [02:18<05:47,  8.11it/s, recall_0.3=(0, 3573) / 4308]eval:  25%|██▌       | 953/3769 [02:18<05:47,  8.11it/s, recall_0.3=(0, 3574) / 4309]eval:  25%|██▌       | 954/3769 [02:18<05:40,  8.27it/s, recall_0.3=(0, 3574) / 4309]eval:  25%|██▌       | 954/3769 [02:18<05:40,  8.27it/s, recall_0.3=(0, 3577) / 4312]eval:  25%|██▌       | 955/3769 [02:18<05:35,  8.39it/s, recall_0.3=(0, 3577) / 4312]eval:  25%|██▌       | 955/3769 [02:18<05:35,  8.39it/s, recall_0.3=(0, 3580) / 4316]eval:  25%|██▌       | 956/3769 [02:18<05:41,  8.23it/s, recall_0.3=(0, 3580) / 4316]eval:  25%|██▌       | 956/3769 [02:18<05:41,  8.23it/s, recall_0.3=(0, 3590) / 4326]eval:  25%|██▌       | 957/3769 [02:18<05:41,  8.24it/s, recall_0.3=(0, 3590) / 4326]eval:  25%|██▌       | 957/3769 [02:18<05:41,  8.24it/s, recall_0.3=(0, 3592) / 4328]eval:  25%|██▌       | 958/3769 [02:18<05:39,  8.27it/s, recall_0.3=(0, 3592) / 4328]eval:  25%|██▌       | 958/3769 [02:19<05:39,  8.27it/s, recall_0.3=(0, 3600) / 4336]eval:  25%|██▌       | 959/3769 [02:19<05:43,  8.19it/s, recall_0.3=(0, 3600) / 4336]eval:  25%|██▌       | 959/3769 [02:19<05:43,  8.19it/s, recall_0.3=(0, 3608) / 4347]eval:  25%|██▌       | 960/3769 [02:19<05:42,  8.21it/s, recall_0.3=(0, 3608) / 4347]eval:  25%|██▌       | 960/3769 [02:19<05:42,  8.21it/s, recall_0.3=(0, 3611) / 4351]eval:  25%|██▌       | 961/3769 [02:19<05:31,  8.48it/s, recall_0.3=(0, 3611) / 4351]eval:  25%|██▌       | 961/3769 [02:19<05:31,  8.48it/s, recall_0.3=(0, 3613) / 4353]eval:  26%|██▌       | 962/3769 [02:19<05:43,  8.18it/s, recall_0.3=(0, 3613) / 4353]eval:  26%|██▌       | 962/3769 [02:19<05:43,  8.18it/s, recall_0.3=(0, 3614) / 4355]eval:  26%|██▌       | 963/3769 [02:19<05:44,  8.14it/s, recall_0.3=(0, 3614) / 4355]eval:  26%|██▌       | 963/3769 [02:19<05:44,  8.14it/s, recall_0.3=(0, 3616) / 4358]eval:  26%|██▌       | 964/3769 [02:19<05:40,  8.25it/s, recall_0.3=(0, 3616) / 4358]eval:  26%|██▌       | 964/3769 [02:19<05:40,  8.25it/s, recall_0.3=(0, 3618) / 4360]eval:  26%|██▌       | 965/3769 [02:19<05:42,  8.19it/s, recall_0.3=(0, 3618) / 4360]eval:  26%|██▌       | 965/3769 [02:19<05:42,  8.19it/s, recall_0.3=(0, 3624) / 4367]eval:  26%|██▌       | 966/3769 [02:19<05:41,  8.20it/s, recall_0.3=(0, 3624) / 4367]eval:  26%|██▌       | 966/3769 [02:19<05:41,  8.20it/s, recall_0.3=(0, 3627) / 4379]eval:  26%|██▌       | 967/3769 [02:19<05:43,  8.16it/s, recall_0.3=(0, 3627) / 4379]eval:  26%|██▌       | 967/3769 [02:20<05:43,  8.16it/s, recall_0.3=(0, 3635) / 4389]eval:  26%|██▌       | 968/3769 [02:20<05:47,  8.06it/s, recall_0.3=(0, 3635) / 4389]eval:  26%|██▌       | 968/3769 [02:20<05:47,  8.06it/s, recall_0.3=(0, 3638) / 4393]eval:  26%|██▌       | 969/3769 [02:20<05:42,  8.19it/s, recall_0.3=(0, 3638) / 4393]eval:  26%|██▌       | 969/3769 [02:20<05:42,  8.19it/s, recall_0.3=(0, 3640) / 4396]eval:  26%|██▌       | 970/3769 [02:20<05:39,  8.24it/s, recall_0.3=(0, 3640) / 4396]eval:  26%|██▌       | 970/3769 [02:20<05:39,  8.24it/s, recall_0.3=(0, 3641) / 4399]eval:  26%|██▌       | 971/3769 [02:20<05:41,  8.20it/s, recall_0.3=(0, 3641) / 4399]eval:  26%|██▌       | 971/3769 [02:20<05:41,  8.20it/s, recall_0.3=(0, 3642) / 4401]eval:  26%|██▌       | 972/3769 [02:20<05:43,  8.15it/s, recall_0.3=(0, 3642) / 4401]eval:  26%|██▌       | 972/3769 [02:20<05:43,  8.15it/s, recall_0.3=(0, 3644) / 4403]eval:  26%|██▌       | 973/3769 [02:20<05:37,  8.28it/s, recall_0.3=(0, 3644) / 4403]eval:  26%|██▌       | 973/3769 [02:20<05:37,  8.28it/s, recall_0.3=(0, 3652) / 4412]eval:  26%|██▌       | 974/3769 [02:20<05:43,  8.14it/s, recall_0.3=(0, 3652) / 4412]eval:  26%|██▌       | 974/3769 [02:20<05:43,  8.14it/s, recall_0.3=(0, 3658) / 4420]eval:  26%|██▌       | 975/3769 [02:20<05:37,  8.28it/s, recall_0.3=(0, 3658) / 4420]eval:  26%|██▌       | 975/3769 [02:21<05:37,  8.28it/s, recall_0.3=(0, 3662) / 4424]eval:  26%|██▌       | 976/3769 [02:21<05:42,  8.16it/s, recall_0.3=(0, 3662) / 4424]eval:  26%|██▌       | 976/3769 [02:21<05:42,  8.16it/s, recall_0.3=(0, 3664) / 4427]eval:  26%|██▌       | 977/3769 [02:21<05:36,  8.30it/s, recall_0.3=(0, 3664) / 4427]eval:  26%|██▌       | 977/3769 [02:21<05:36,  8.30it/s, recall_0.3=(0, 3671) / 4435]eval:  26%|██▌       | 978/3769 [02:21<05:37,  8.28it/s, recall_0.3=(0, 3671) / 4435]eval:  26%|██▌       | 978/3769 [02:21<05:37,  8.28it/s, recall_0.3=(0, 3679) / 4443]eval:  26%|██▌       | 979/3769 [02:21<05:40,  8.21it/s, recall_0.3=(0, 3679) / 4443]eval:  26%|██▌       | 979/3769 [02:21<05:40,  8.21it/s, recall_0.3=(0, 3681) / 4445]eval:  26%|██▌       | 980/3769 [02:21<05:38,  8.24it/s, recall_0.3=(0, 3681) / 4445]eval:  26%|██▌       | 980/3769 [02:21<05:38,  8.24it/s, recall_0.3=(0, 3685) / 4450]eval:  26%|██▌       | 981/3769 [02:21<05:38,  8.24it/s, recall_0.3=(0, 3685) / 4450]eval:  26%|██▌       | 981/3769 [02:21<05:38,  8.24it/s, recall_0.3=(0, 3688) / 4454]eval:  26%|██▌       | 982/3769 [02:21<05:33,  8.36it/s, recall_0.3=(0, 3688) / 4454]eval:  26%|██▌       | 982/3769 [02:21<05:33,  8.36it/s, recall_0.3=(0, 3694) / 4460]eval:  26%|██▌       | 983/3769 [02:21<05:39,  8.20it/s, recall_0.3=(0, 3694) / 4460]eval:  26%|██▌       | 983/3769 [02:22<05:39,  8.20it/s, recall_0.3=(0, 3697) / 4463]eval:  26%|██▌       | 984/3769 [02:22<05:29,  8.45it/s, recall_0.3=(0, 3697) / 4463]eval:  26%|██▌       | 984/3769 [02:22<05:29,  8.45it/s, recall_0.3=(0, 3698) / 4464]eval:  26%|██▌       | 985/3769 [02:22<05:28,  8.47it/s, recall_0.3=(0, 3698) / 4464]eval:  26%|██▌       | 985/3769 [02:22<05:28,  8.47it/s, recall_0.3=(0, 3699) / 4465]eval:  26%|██▌       | 986/3769 [02:22<05:30,  8.42it/s, recall_0.3=(0, 3699) / 4465]eval:  26%|██▌       | 986/3769 [02:22<05:30,  8.42it/s, recall_0.3=(0, 3700) / 4466]eval:  26%|██▌       | 987/3769 [02:22<05:32,  8.37it/s, recall_0.3=(0, 3700) / 4466]eval:  26%|██▌       | 987/3769 [02:22<05:32,  8.37it/s, recall_0.3=(0, 3702) / 4468]eval:  26%|██▌       | 988/3769 [02:22<05:30,  8.41it/s, recall_0.3=(0, 3702) / 4468]eval:  26%|██▌       | 988/3769 [02:22<05:30,  8.41it/s, recall_0.3=(0, 3706) / 4474]eval:  26%|██▌       | 989/3769 [02:22<05:23,  8.60it/s, recall_0.3=(0, 3706) / 4474]eval:  26%|██▌       | 989/3769 [02:22<05:23,  8.60it/s, recall_0.3=(0, 3709) / 4478]eval:  26%|██▋       | 990/3769 [02:22<05:24,  8.56it/s, recall_0.3=(0, 3709) / 4478]eval:  26%|██▋       | 990/3769 [02:22<05:24,  8.56it/s, recall_0.3=(0, 3714) / 4485]eval:  26%|██▋       | 991/3769 [02:22<05:23,  8.59it/s, recall_0.3=(0, 3714) / 4485]eval:  26%|██▋       | 991/3769 [02:22<05:23,  8.59it/s, recall_0.3=(0, 3715) / 4486]eval:  26%|██▋       | 992/3769 [02:22<05:23,  8.58it/s, recall_0.3=(0, 3715) / 4486]eval:  26%|██▋       | 992/3769 [02:23<05:23,  8.58it/s, recall_0.3=(0, 3717) / 4488]eval:  26%|██▋       | 993/3769 [02:23<05:30,  8.39it/s, recall_0.3=(0, 3717) / 4488]eval:  26%|██▋       | 993/3769 [02:23<05:30,  8.39it/s, recall_0.3=(0, 3720) / 4491]eval:  26%|██▋       | 994/3769 [02:23<05:26,  8.51it/s, recall_0.3=(0, 3720) / 4491]eval:  26%|██▋       | 994/3769 [02:23<05:26,  8.51it/s, recall_0.3=(0, 3735) / 4510]eval:  26%|██▋       | 995/3769 [02:23<05:32,  8.35it/s, recall_0.3=(0, 3735) / 4510]eval:  26%|██▋       | 995/3769 [02:23<05:32,  8.35it/s, recall_0.3=(0, 3739) / 4515]eval:  26%|██▋       | 996/3769 [02:23<05:37,  8.21it/s, recall_0.3=(0, 3739) / 4515]eval:  26%|██▋       | 996/3769 [02:23<05:37,  8.21it/s, recall_0.3=(0, 3741) / 4517]eval:  26%|██▋       | 997/3769 [02:23<05:27,  8.48it/s, recall_0.3=(0, 3741) / 4517]eval:  26%|██▋       | 997/3769 [02:23<05:27,  8.48it/s, recall_0.3=(0, 3744) / 4521]eval:  26%|██▋       | 998/3769 [02:23<05:24,  8.53it/s, recall_0.3=(0, 3744) / 4521]eval:  26%|██▋       | 998/3769 [02:23<05:24,  8.53it/s, recall_0.3=(0, 3745) / 4522]eval:  27%|██▋       | 999/3769 [02:23<05:26,  8.49it/s, recall_0.3=(0, 3745) / 4522]eval:  27%|██▋       | 999/3769 [02:23<05:26,  8.49it/s, recall_0.3=(0, 3748) / 4526]eval:  27%|██▋       | 1000/3769 [02:23<05:24,  8.52it/s, recall_0.3=(0, 3748) / 4526]eval:  27%|██▋       | 1000/3769 [02:24<05:24,  8.52it/s, recall_0.3=(0, 3748) / 4527]eval:  27%|██▋       | 1001/3769 [02:24<05:25,  8.49it/s, recall_0.3=(0, 3748) / 4527]eval:  27%|██▋       | 1001/3769 [02:24<05:25,  8.49it/s, recall_0.3=(0, 3750) / 4529]eval:  27%|██▋       | 1002/3769 [02:24<05:25,  8.51it/s, recall_0.3=(0, 3750) / 4529]eval:  27%|██▋       | 1002/3769 [02:24<05:25,  8.51it/s, recall_0.3=(0, 3760) / 4542]eval:  27%|██▋       | 1003/3769 [02:24<05:33,  8.29it/s, recall_0.3=(0, 3760) / 4542]eval:  27%|██▋       | 1003/3769 [02:24<05:33,  8.29it/s, recall_0.3=(0, 3761) / 4543]eval:  27%|██▋       | 1004/3769 [02:24<05:34,  8.27it/s, recall_0.3=(0, 3761) / 4543]eval:  27%|██▋       | 1004/3769 [02:24<05:34,  8.27it/s, recall_0.3=(0, 3765) / 4548]eval:  27%|██▋       | 1005/3769 [02:24<05:28,  8.40it/s, recall_0.3=(0, 3765) / 4548]eval:  27%|██▋       | 1005/3769 [02:24<05:28,  8.40it/s, recall_0.3=(0, 3767) / 4551]eval:  27%|██▋       | 1006/3769 [02:24<05:34,  8.26it/s, recall_0.3=(0, 3767) / 4551]eval:  27%|██▋       | 1006/3769 [02:24<05:34,  8.26it/s, recall_0.3=(0, 3768) / 4552]eval:  27%|██▋       | 1007/3769 [02:24<05:25,  8.47it/s, recall_0.3=(0, 3768) / 4552]eval:  27%|██▋       | 1007/3769 [02:24<05:25,  8.47it/s, recall_0.3=(0, 3772) / 4556]eval:  27%|██▋       | 1008/3769 [02:24<05:31,  8.32it/s, recall_0.3=(0, 3772) / 4556]eval:  27%|██▋       | 1008/3769 [02:25<05:31,  8.32it/s, recall_0.3=(0, 3773) / 4558]eval:  27%|██▋       | 1009/3769 [02:25<05:35,  8.23it/s, recall_0.3=(0, 3773) / 4558]eval:  27%|██▋       | 1009/3769 [02:25<05:35,  8.23it/s, recall_0.3=(0, 3775) / 4560]eval:  27%|██▋       | 1010/3769 [02:25<05:27,  8.43it/s, recall_0.3=(0, 3775) / 4560]eval:  27%|██▋       | 1010/3769 [02:25<05:27,  8.43it/s, recall_0.3=(0, 3779) / 4564]eval:  27%|██▋       | 1011/3769 [02:25<05:19,  8.63it/s, recall_0.3=(0, 3779) / 4564]eval:  27%|██▋       | 1011/3769 [02:25<05:19,  8.63it/s, recall_0.3=(0, 3783) / 4569]eval:  27%|██▋       | 1012/3769 [02:25<05:35,  8.21it/s, recall_0.3=(0, 3783) / 4569]eval:  27%|██▋       | 1012/3769 [02:25<05:35,  8.21it/s, recall_0.3=(0, 3786) / 4573]eval:  27%|██▋       | 1013/3769 [02:25<05:32,  8.29it/s, recall_0.3=(0, 3786) / 4573]eval:  27%|██▋       | 1013/3769 [02:25<05:32,  8.29it/s, recall_0.3=(0, 3787) / 4574]eval:  27%|██▋       | 1014/3769 [02:25<05:32,  8.30it/s, recall_0.3=(0, 3787) / 4574]eval:  27%|██▋       | 1014/3769 [02:25<05:32,  8.30it/s, recall_0.3=(0, 3793) / 4582]eval:  27%|██▋       | 1015/3769 [02:25<05:28,  8.39it/s, recall_0.3=(0, 3793) / 4582]eval:  27%|██▋       | 1015/3769 [02:25<05:28,  8.39it/s, recall_0.3=(0, 3794) / 4584]eval:  27%|██▋       | 1016/3769 [02:25<05:34,  8.23it/s, recall_0.3=(0, 3794) / 4584]eval:  27%|██▋       | 1016/3769 [02:25<05:34,  8.23it/s, recall_0.3=(0, 3796) / 4586]eval:  27%|██▋       | 1017/3769 [02:25<05:33,  8.24it/s, recall_0.3=(0, 3796) / 4586]eval:  27%|██▋       | 1017/3769 [02:26<05:33,  8.24it/s, recall_0.3=(0, 3800) / 4591]eval:  27%|██▋       | 1018/3769 [02:26<05:31,  8.30it/s, recall_0.3=(0, 3800) / 4591]eval:  27%|██▋       | 1018/3769 [02:26<05:31,  8.30it/s, recall_0.3=(0, 3806) / 4600]eval:  27%|██▋       | 1019/3769 [02:26<05:28,  8.37it/s, recall_0.3=(0, 3806) / 4600]eval:  27%|██▋       | 1019/3769 [02:26<05:28,  8.37it/s, recall_0.3=(0, 3809) / 4603]eval:  27%|██▋       | 1020/3769 [02:26<05:34,  8.23it/s, recall_0.3=(0, 3809) / 4603]eval:  27%|██▋       | 1020/3769 [02:26<05:34,  8.23it/s, recall_0.3=(0, 3818) / 4615]eval:  27%|██▋       | 1021/3769 [02:26<05:39,  8.09it/s, recall_0.3=(0, 3818) / 4615]eval:  27%|██▋       | 1021/3769 [02:26<05:39,  8.09it/s, recall_0.3=(0, 3820) / 4617]eval:  27%|██▋       | 1022/3769 [02:26<05:34,  8.22it/s, recall_0.3=(0, 3820) / 4617]eval:  27%|██▋       | 1022/3769 [02:26<05:34,  8.22it/s, recall_0.3=(0, 3823) / 4620]eval:  27%|██▋       | 1023/3769 [02:26<05:31,  8.29it/s, recall_0.3=(0, 3823) / 4620]eval:  27%|██▋       | 1023/3769 [02:26<05:31,  8.29it/s, recall_0.3=(0, 3825) / 4623]eval:  27%|██▋       | 1024/3769 [02:26<05:32,  8.26it/s, recall_0.3=(0, 3825) / 4623]eval:  27%|██▋       | 1024/3769 [02:26<05:32,  8.26it/s, recall_0.3=(0, 3830) / 4628]eval:  27%|██▋       | 1025/3769 [02:26<05:21,  8.54it/s, recall_0.3=(0, 3830) / 4628]eval:  27%|██▋       | 1025/3769 [02:27<05:21,  8.54it/s, recall_0.3=(0, 3846) / 4647]eval:  27%|██▋       | 1026/3769 [02:27<05:33,  8.23it/s, recall_0.3=(0, 3846) / 4647]eval:  27%|██▋       | 1026/3769 [02:27<05:33,  8.23it/s, recall_0.3=(0, 3848) / 4649]eval:  27%|██▋       | 1027/3769 [02:27<05:31,  8.27it/s, recall_0.3=(0, 3848) / 4649]eval:  27%|██▋       | 1027/3769 [02:27<05:31,  8.27it/s, recall_0.3=(0, 3851) / 4652]eval:  27%|██▋       | 1028/3769 [02:27<05:33,  8.21it/s, recall_0.3=(0, 3851) / 4652]eval:  27%|██▋       | 1028/3769 [02:27<05:33,  8.21it/s, recall_0.3=(0, 3854) / 4655]eval:  27%|██▋       | 1029/3769 [02:27<05:33,  8.22it/s, recall_0.3=(0, 3854) / 4655]eval:  27%|██▋       | 1029/3769 [02:27<05:33,  8.22it/s, recall_0.3=(0, 3859) / 4660]eval:  27%|██▋       | 1030/3769 [02:27<05:32,  8.24it/s, recall_0.3=(0, 3859) / 4660]eval:  27%|██▋       | 1030/3769 [02:27<05:32,  8.24it/s, recall_0.3=(0, 3860) / 4661]eval:  27%|██▋       | 1031/3769 [02:27<05:30,  8.29it/s, recall_0.3=(0, 3860) / 4661]eval:  27%|██▋       | 1031/3769 [02:27<05:30,  8.29it/s, recall_0.3=(0, 3865) / 4667]eval:  27%|██▋       | 1032/3769 [02:27<05:35,  8.15it/s, recall_0.3=(0, 3865) / 4667]eval:  27%|██▋       | 1032/3769 [02:27<05:35,  8.15it/s, recall_0.3=(0, 3870) / 4672]eval:  27%|██▋       | 1033/3769 [02:27<05:26,  8.37it/s, recall_0.3=(0, 3870) / 4672]eval:  27%|██▋       | 1033/3769 [02:28<05:26,  8.37it/s, recall_0.3=(0, 3875) / 4679]eval:  27%|██▋       | 1034/3769 [02:28<05:35,  8.16it/s, recall_0.3=(0, 3875) / 4679]eval:  27%|██▋       | 1034/3769 [02:28<05:35,  8.16it/s, recall_0.3=(0, 3877) / 4681]eval:  27%|██▋       | 1035/3769 [02:28<05:36,  8.13it/s, recall_0.3=(0, 3877) / 4681]eval:  27%|██▋       | 1035/3769 [02:28<05:36,  8.13it/s, recall_0.3=(0, 3880) / 4684]eval:  27%|██▋       | 1036/3769 [02:28<05:27,  8.35it/s, recall_0.3=(0, 3880) / 4684]eval:  27%|██▋       | 1036/3769 [02:28<05:27,  8.35it/s, recall_0.3=(0, 3880) / 4685]eval:  28%|██▊       | 1037/3769 [02:28<05:15,  8.65it/s, recall_0.3=(0, 3880) / 4685]eval:  28%|██▊       | 1037/3769 [02:28<05:15,  8.65it/s, recall_0.3=(0, 3883) / 4691]eval:  28%|██▊       | 1038/3769 [02:28<05:27,  8.35it/s, recall_0.3=(0, 3883) / 4691]eval:  28%|██▊       | 1038/3769 [02:28<05:27,  8.35it/s, recall_0.3=(0, 3887) / 4695]eval:  28%|██▊       | 1039/3769 [02:28<05:27,  8.34it/s, recall_0.3=(0, 3887) / 4695]eval:  28%|██▊       | 1039/3769 [02:28<05:27,  8.34it/s, recall_0.3=(0, 3892) / 4700]eval:  28%|██▊       | 1040/3769 [02:28<05:29,  8.28it/s, recall_0.3=(0, 3892) / 4700]eval:  28%|██▊       | 1040/3769 [02:28<05:29,  8.28it/s, recall_0.3=(0, 3893) / 4705]eval:  28%|██▊       | 1041/3769 [02:28<05:26,  8.36it/s, recall_0.3=(0, 3893) / 4705]eval:  28%|██▊       | 1041/3769 [02:28<05:26,  8.36it/s, recall_0.3=(0, 3900) / 4713]eval:  28%|██▊       | 1042/3769 [02:28<05:35,  8.12it/s, recall_0.3=(0, 3900) / 4713]eval:  28%|██▊       | 1042/3769 [02:29<05:35,  8.12it/s, recall_0.3=(0, 3909) / 4722]eval:  28%|██▊       | 1043/3769 [02:29<05:31,  8.22it/s, recall_0.3=(0, 3909) / 4722]eval:  28%|██▊       | 1043/3769 [02:29<05:31,  8.22it/s, recall_0.3=(0, 3917) / 4731]eval:  28%|██▊       | 1044/3769 [02:29<05:32,  8.19it/s, recall_0.3=(0, 3917) / 4731]eval:  28%|██▊       | 1044/3769 [02:29<05:32,  8.19it/s, recall_0.3=(0, 3920) / 4734]eval:  28%|██▊       | 1045/3769 [02:29<05:23,  8.42it/s, recall_0.3=(0, 3920) / 4734]eval:  28%|██▊       | 1045/3769 [02:29<05:23,  8.42it/s, recall_0.3=(0, 3922) / 4736]eval:  28%|██▊       | 1046/3769 [02:29<05:33,  8.16it/s, recall_0.3=(0, 3922) / 4736]eval:  28%|██▊       | 1046/3769 [02:29<05:33,  8.16it/s, recall_0.3=(0, 3924) / 4738]eval:  28%|██▊       | 1047/3769 [02:29<05:30,  8.24it/s, recall_0.3=(0, 3924) / 4738]eval:  28%|██▊       | 1047/3769 [02:29<05:30,  8.24it/s, recall_0.3=(0, 3927) / 4741]eval:  28%|██▊       | 1048/3769 [02:29<05:35,  8.11it/s, recall_0.3=(0, 3927) / 4741]eval:  28%|██▊       | 1048/3769 [02:29<05:35,  8.11it/s, recall_0.3=(0, 3929) / 4743]eval:  28%|██▊       | 1049/3769 [02:29<05:34,  8.13it/s, recall_0.3=(0, 3929) / 4743]eval:  28%|██▊       | 1049/3769 [02:29<05:34,  8.13it/s, recall_0.3=(0, 3930) / 4744]eval:  28%|██▊       | 1050/3769 [02:29<05:31,  8.21it/s, recall_0.3=(0, 3930) / 4744]eval:  28%|██▊       | 1050/3769 [02:30<05:31,  8.21it/s, recall_0.3=(0, 3936) / 4750]eval:  28%|██▊       | 1051/3769 [02:30<05:28,  8.28it/s, recall_0.3=(0, 3936) / 4750]eval:  28%|██▊       | 1051/3769 [02:30<05:28,  8.28it/s, recall_0.3=(0, 3944) / 4759]eval:  28%|██▊       | 1052/3769 [02:30<05:31,  8.19it/s, recall_0.3=(0, 3944) / 4759]eval:  28%|██▊       | 1052/3769 [02:30<05:31,  8.19it/s, recall_0.3=(0, 3949) / 4764]eval:  28%|██▊       | 1053/3769 [02:30<05:22,  8.43it/s, recall_0.3=(0, 3949) / 4764]eval:  28%|██▊       | 1053/3769 [02:30<05:22,  8.43it/s, recall_0.3=(0, 3956) / 4774]eval:  28%|██▊       | 1054/3769 [02:30<05:33,  8.14it/s, recall_0.3=(0, 3956) / 4774]eval:  28%|██▊       | 1054/3769 [02:30<05:33,  8.14it/s, recall_0.3=(0, 3957) / 4775]eval:  28%|██▊       | 1055/3769 [02:30<05:35,  8.09it/s, recall_0.3=(0, 3957) / 4775]eval:  28%|██▊       | 1055/3769 [02:30<05:35,  8.09it/s, recall_0.3=(0, 3959) / 4777]eval:  28%|██▊       | 1056/3769 [02:30<05:28,  8.27it/s, recall_0.3=(0, 3959) / 4777]eval:  28%|██▊       | 1056/3769 [02:30<05:28,  8.27it/s, recall_0.3=(0, 3966) / 4785]eval:  28%|██▊       | 1057/3769 [02:30<05:33,  8.13it/s, recall_0.3=(0, 3966) / 4785]eval:  28%|██▊       | 1057/3769 [02:30<05:33,  8.13it/s, recall_0.3=(0, 3969) / 4788]eval:  28%|██▊       | 1058/3769 [02:30<05:30,  8.21it/s, recall_0.3=(0, 3969) / 4788]eval:  28%|██▊       | 1058/3769 [02:31<05:30,  8.21it/s, recall_0.3=(0, 3971) / 4790]eval:  28%|██▊       | 1059/3769 [02:31<05:31,  8.18it/s, recall_0.3=(0, 3971) / 4790]eval:  28%|██▊       | 1059/3769 [02:31<05:31,  8.18it/s, recall_0.3=(0, 3972) / 4792]eval:  28%|██▊       | 1060/3769 [02:31<05:29,  8.23it/s, recall_0.3=(0, 3972) / 4792]eval:  28%|██▊       | 1060/3769 [02:31<05:29,  8.23it/s, recall_0.3=(0, 3973) / 4793]eval:  28%|██▊       | 1061/3769 [02:31<05:27,  8.26it/s, recall_0.3=(0, 3973) / 4793]eval:  28%|██▊       | 1061/3769 [02:31<05:27,  8.26it/s, recall_0.3=(0, 3974) / 4794]eval:  28%|██▊       | 1062/3769 [02:31<05:33,  8.11it/s, recall_0.3=(0, 3974) / 4794]eval:  28%|██▊       | 1062/3769 [02:31<05:33,  8.11it/s, recall_0.3=(0, 3976) / 4797]eval:  28%|██▊       | 1063/3769 [02:31<05:28,  8.23it/s, recall_0.3=(0, 3976) / 4797]eval:  28%|██▊       | 1063/3769 [02:31<05:28,  8.23it/s, recall_0.3=(0, 3979) / 4802]eval:  28%|██▊       | 1064/3769 [02:31<05:28,  8.24it/s, recall_0.3=(0, 3979) / 4802]eval:  28%|██▊       | 1064/3769 [02:31<05:28,  8.24it/s, recall_0.3=(0, 3981) / 4804]eval:  28%|██▊       | 1065/3769 [02:31<05:33,  8.12it/s, recall_0.3=(0, 3981) / 4804]eval:  28%|██▊       | 1065/3769 [02:31<05:33,  8.12it/s, recall_0.3=(0, 3986) / 4810]eval:  28%|██▊       | 1066/3769 [02:31<05:25,  8.31it/s, recall_0.3=(0, 3986) / 4810]eval:  28%|██▊       | 1066/3769 [02:32<05:25,  8.31it/s, recall_0.3=(0, 3992) / 4816]eval:  28%|██▊       | 1067/3769 [02:32<05:22,  8.39it/s, recall_0.3=(0, 3992) / 4816]eval:  28%|██▊       | 1067/3769 [02:32<05:22,  8.39it/s, recall_0.3=(0, 3996) / 4820]eval:  28%|██▊       | 1068/3769 [02:32<05:29,  8.19it/s, recall_0.3=(0, 3996) / 4820]eval:  28%|██▊       | 1068/3769 [02:32<05:29,  8.19it/s, recall_0.3=(0, 4010) / 4835]eval:  28%|██▊       | 1069/3769 [02:32<05:26,  8.27it/s, recall_0.3=(0, 4010) / 4835]eval:  28%|██▊       | 1069/3769 [02:32<05:26,  8.27it/s, recall_0.3=(0, 4012) / 4838]eval:  28%|██▊       | 1070/3769 [02:32<05:27,  8.23it/s, recall_0.3=(0, 4012) / 4838]eval:  28%|██▊       | 1070/3769 [02:32<05:27,  8.23it/s, recall_0.3=(0, 4016) / 4842]eval:  28%|██▊       | 1071/3769 [02:32<05:24,  8.31it/s, recall_0.3=(0, 4016) / 4842]eval:  28%|██▊       | 1071/3769 [02:32<05:24,  8.31it/s, recall_0.3=(0, 4019) / 4845]eval:  28%|██▊       | 1072/3769 [02:32<05:29,  8.18it/s, recall_0.3=(0, 4019) / 4845]eval:  28%|██▊       | 1072/3769 [02:32<05:29,  8.18it/s, recall_0.3=(0, 4026) / 4854]eval:  28%|██▊       | 1073/3769 [02:32<05:29,  8.19it/s, recall_0.3=(0, 4026) / 4854]eval:  28%|██▊       | 1073/3769 [02:32<05:29,  8.19it/s, recall_0.3=(0, 4028) / 4857]eval:  28%|██▊       | 1074/3769 [02:32<05:30,  8.15it/s, recall_0.3=(0, 4028) / 4857]eval:  28%|██▊       | 1074/3769 [02:33<05:30,  8.15it/s, recall_0.3=(0, 4038) / 4869]eval:  29%|██▊       | 1075/3769 [02:33<05:30,  8.16it/s, recall_0.3=(0, 4038) / 4869]eval:  29%|██▊       | 1075/3769 [02:33<05:30,  8.16it/s, recall_0.3=(0, 4040) / 4871]eval:  29%|██▊       | 1076/3769 [02:33<05:28,  8.20it/s, recall_0.3=(0, 4040) / 4871]eval:  29%|██▊       | 1076/3769 [02:33<05:28,  8.20it/s, recall_0.3=(0, 4048) / 4881]eval:  29%|██▊       | 1077/3769 [02:33<05:33,  8.08it/s, recall_0.3=(0, 4048) / 4881]eval:  29%|██▊       | 1077/3769 [02:33<05:33,  8.08it/s, recall_0.3=(0, 4054) / 4891]eval:  29%|██▊       | 1078/3769 [02:33<05:25,  8.27it/s, recall_0.3=(0, 4054) / 4891]eval:  29%|██▊       | 1078/3769 [02:33<05:25,  8.27it/s, recall_0.3=(0, 4060) / 4898]eval:  29%|██▊       | 1079/3769 [02:33<05:24,  8.30it/s, recall_0.3=(0, 4060) / 4898]eval:  29%|██▊       | 1079/3769 [02:33<05:24,  8.30it/s, recall_0.3=(0, 4061) / 4899]eval:  29%|██▊       | 1080/3769 [02:33<05:25,  8.27it/s, recall_0.3=(0, 4061) / 4899]eval:  29%|██▊       | 1080/3769 [02:33<05:25,  8.27it/s, recall_0.3=(0, 4068) / 4907]eval:  29%|██▊       | 1081/3769 [02:33<05:15,  8.51it/s, recall_0.3=(0, 4068) / 4907]eval:  29%|██▊       | 1081/3769 [02:33<05:15,  8.51it/s, recall_0.3=(0, 4074) / 4916]eval:  29%|██▊       | 1082/3769 [02:33<05:23,  8.30it/s, recall_0.3=(0, 4074) / 4916]eval:  29%|██▊       | 1082/3769 [02:33<05:23,  8.30it/s, recall_0.3=(0, 4077) / 4919]eval:  29%|██▊       | 1083/3769 [02:33<05:19,  8.42it/s, recall_0.3=(0, 4077) / 4919]eval:  29%|██▊       | 1083/3769 [02:34<05:19,  8.42it/s, recall_0.3=(0, 4078) / 4920]eval:  29%|██▉       | 1084/3769 [02:34<05:19,  8.41it/s, recall_0.3=(0, 4078) / 4920]eval:  29%|██▉       | 1084/3769 [02:34<05:19,  8.41it/s, recall_0.3=(0, 4078) / 4921]eval:  29%|██▉       | 1085/3769 [02:34<05:17,  8.45it/s, recall_0.3=(0, 4078) / 4921]eval:  29%|██▉       | 1085/3769 [02:34<05:17,  8.45it/s, recall_0.3=(0, 4086) / 4930]eval:  29%|██▉       | 1086/3769 [02:34<05:21,  8.35it/s, recall_0.3=(0, 4086) / 4930]eval:  29%|██▉       | 1086/3769 [02:34<05:21,  8.35it/s, recall_0.3=(0, 4093) / 4939]eval:  29%|██▉       | 1087/3769 [02:34<05:26,  8.22it/s, recall_0.3=(0, 4093) / 4939]eval:  29%|██▉       | 1087/3769 [02:34<05:26,  8.22it/s, recall_0.3=(0, 4096) / 4943]eval:  29%|██▉       | 1088/3769 [02:34<05:14,  8.51it/s, recall_0.3=(0, 4096) / 4943]eval:  29%|██▉       | 1088/3769 [02:34<05:14,  8.51it/s, recall_0.3=(0, 4100) / 4949]eval:  29%|██▉       | 1089/3769 [02:34<05:16,  8.46it/s, recall_0.3=(0, 4100) / 4949]eval:  29%|██▉       | 1089/3769 [02:34<05:16,  8.46it/s, recall_0.3=(0, 4108) / 4959]eval:  29%|██▉       | 1090/3769 [02:34<05:17,  8.43it/s, recall_0.3=(0, 4108) / 4959]eval:  29%|██▉       | 1090/3769 [02:34<05:17,  8.43it/s, recall_0.3=(0, 4109) / 4960]eval:  29%|██▉       | 1091/3769 [02:34<05:18,  8.40it/s, recall_0.3=(0, 4109) / 4960]eval:  29%|██▉       | 1091/3769 [02:35<05:18,  8.40it/s, recall_0.3=(0, 4117) / 4968]eval:  29%|██▉       | 1092/3769 [02:35<05:15,  8.47it/s, recall_0.3=(0, 4117) / 4968]eval:  29%|██▉       | 1092/3769 [02:35<05:15,  8.47it/s, recall_0.3=(0, 4124) / 4975]eval:  29%|██▉       | 1093/3769 [02:35<05:03,  8.81it/s, recall_0.3=(0, 4124) / 4975]eval:  29%|██▉       | 1093/3769 [02:35<05:03,  8.81it/s, recall_0.3=(0, 4128) / 4980]eval:  29%|██▉       | 1094/3769 [02:35<05:20,  8.36it/s, recall_0.3=(0, 4128) / 4980]eval:  29%|██▉       | 1094/3769 [02:35<05:20,  8.36it/s, recall_0.3=(0, 4137) / 4990]eval:  29%|██▉       | 1095/3769 [02:35<05:12,  8.57it/s, recall_0.3=(0, 4137) / 4990]eval:  29%|██▉       | 1095/3769 [02:35<05:12,  8.57it/s, recall_0.3=(0, 4138) / 4991]eval:  29%|██▉       | 1096/3769 [02:35<05:13,  8.53it/s, recall_0.3=(0, 4138) / 4991]eval:  29%|██▉       | 1096/3769 [02:35<05:13,  8.53it/s, recall_0.3=(0, 4143) / 4996]eval:  29%|██▉       | 1097/3769 [02:35<05:19,  8.35it/s, recall_0.3=(0, 4143) / 4996]eval:  29%|██▉       | 1097/3769 [02:35<05:19,  8.35it/s, recall_0.3=(0, 4144) / 4997]eval:  29%|██▉       | 1098/3769 [02:35<05:17,  8.41it/s, recall_0.3=(0, 4144) / 4997]eval:  29%|██▉       | 1098/3769 [02:35<05:17,  8.41it/s, recall_0.3=(0, 4151) / 5005]eval:  29%|██▉       | 1099/3769 [02:35<05:22,  8.29it/s, recall_0.3=(0, 4151) / 5005]eval:  29%|██▉       | 1099/3769 [02:35<05:22,  8.29it/s, recall_0.3=(0, 4157) / 5011]eval:  29%|██▉       | 1100/3769 [02:35<05:27,  8.16it/s, recall_0.3=(0, 4157) / 5011]eval:  29%|██▉       | 1100/3769 [02:36<05:27,  8.16it/s, recall_0.3=(0, 4160) / 5014]eval:  29%|██▉       | 1101/3769 [02:36<05:18,  8.38it/s, recall_0.3=(0, 4160) / 5014]eval:  29%|██▉       | 1101/3769 [02:36<05:18,  8.38it/s, recall_0.3=(0, 4168) / 5022]eval:  29%|██▉       | 1102/3769 [02:36<05:12,  8.53it/s, recall_0.3=(0, 4168) / 5022]eval:  29%|██▉       | 1102/3769 [02:36<05:12,  8.53it/s, recall_0.3=(0, 4170) / 5024]eval:  29%|██▉       | 1103/3769 [02:36<05:14,  8.47it/s, recall_0.3=(0, 4170) / 5024]eval:  29%|██▉       | 1103/3769 [02:36<05:14,  8.47it/s, recall_0.3=(0, 4177) / 5032]eval:  29%|██▉       | 1104/3769 [02:36<05:16,  8.41it/s, recall_0.3=(0, 4177) / 5032]eval:  29%|██▉       | 1104/3769 [02:36<05:16,  8.41it/s, recall_0.3=(0, 4180) / 5035]eval:  29%|██▉       | 1105/3769 [02:36<05:19,  8.34it/s, recall_0.3=(0, 4180) / 5035]eval:  29%|██▉       | 1105/3769 [02:36<05:19,  8.34it/s, recall_0.3=(0, 4189) / 5045]eval:  29%|██▉       | 1106/3769 [02:36<05:17,  8.40it/s, recall_0.3=(0, 4189) / 5045]eval:  29%|██▉       | 1106/3769 [02:36<05:17,  8.40it/s, recall_0.3=(0, 4192) / 5048]eval:  29%|██▉       | 1107/3769 [02:36<05:26,  8.14it/s, recall_0.3=(0, 4192) / 5048]eval:  29%|██▉       | 1107/3769 [02:36<05:26,  8.14it/s, recall_0.3=(0, 4200) / 5057]eval:  29%|██▉       | 1108/3769 [02:36<05:30,  8.05it/s, recall_0.3=(0, 4200) / 5057]eval:  29%|██▉       | 1108/3769 [02:37<05:30,  8.05it/s, recall_0.3=(0, 4200) / 5058]eval:  29%|██▉       | 1109/3769 [02:37<05:26,  8.14it/s, recall_0.3=(0, 4200) / 5058]eval:  29%|██▉       | 1109/3769 [02:37<05:26,  8.14it/s, recall_0.3=(0, 4202) / 5061]eval:  29%|██▉       | 1110/3769 [02:37<05:25,  8.17it/s, recall_0.3=(0, 4202) / 5061]eval:  29%|██▉       | 1110/3769 [02:37<05:25,  8.17it/s, recall_0.3=(0, 4209) / 5070]eval:  29%|██▉       | 1111/3769 [02:37<05:27,  8.13it/s, recall_0.3=(0, 4209) / 5070]eval:  29%|██▉       | 1111/3769 [02:37<05:27,  8.13it/s, recall_0.3=(0, 4213) / 5075]eval:  30%|██▉       | 1112/3769 [02:37<05:25,  8.16it/s, recall_0.3=(0, 4213) / 5075]eval:  30%|██▉       | 1112/3769 [02:37<05:25,  8.16it/s, recall_0.3=(0, 4216) / 5078]eval:  30%|██▉       | 1113/3769 [02:37<05:15,  8.43it/s, recall_0.3=(0, 4216) / 5078]eval:  30%|██▉       | 1113/3769 [02:37<05:15,  8.43it/s, recall_0.3=(0, 4222) / 5084]eval:  30%|██▉       | 1114/3769 [02:37<05:22,  8.24it/s, recall_0.3=(0, 4222) / 5084]eval:  30%|██▉       | 1114/3769 [02:37<05:22,  8.24it/s, recall_0.3=(0, 4226) / 5089]eval:  30%|██▉       | 1115/3769 [02:37<05:23,  8.20it/s, recall_0.3=(0, 4226) / 5089]eval:  30%|██▉       | 1115/3769 [02:37<05:23,  8.20it/s, recall_0.3=(0, 4232) / 5095]eval:  30%|██▉       | 1116/3769 [02:37<05:13,  8.46it/s, recall_0.3=(0, 4232) / 5095]eval:  30%|██▉       | 1116/3769 [02:38<05:13,  8.46it/s, recall_0.3=(0, 4235) / 5098]eval:  30%|██▉       | 1117/3769 [02:38<05:14,  8.45it/s, recall_0.3=(0, 4235) / 5098]eval:  30%|██▉       | 1117/3769 [02:38<05:14,  8.45it/s, recall_0.3=(0, 4236) / 5101]eval:  30%|██▉       | 1118/3769 [02:38<05:28,  8.06it/s, recall_0.3=(0, 4236) / 5101]eval:  30%|██▉       | 1118/3769 [02:38<05:28,  8.06it/s, recall_0.3=(0, 4237) / 5106]eval:  30%|██▉       | 1119/3769 [02:38<05:20,  8.26it/s, recall_0.3=(0, 4237) / 5106]eval:  30%|██▉       | 1119/3769 [02:38<05:20,  8.26it/s, recall_0.3=(0, 4238) / 5107]eval:  30%|██▉       | 1120/3769 [02:38<05:16,  8.36it/s, recall_0.3=(0, 4238) / 5107]eval:  30%|██▉       | 1120/3769 [02:38<05:16,  8.36it/s, recall_0.3=(0, 4241) / 5110]eval:  30%|██▉       | 1121/3769 [02:38<05:12,  8.47it/s, recall_0.3=(0, 4241) / 5110]eval:  30%|██▉       | 1121/3769 [02:38<05:12,  8.47it/s, recall_0.3=(0, 4245) / 5114]eval:  30%|██▉       | 1122/3769 [02:38<05:12,  8.48it/s, recall_0.3=(0, 4245) / 5114]eval:  30%|██▉       | 1122/3769 [02:38<05:12,  8.48it/s, recall_0.3=(0, 4246) / 5115]eval:  30%|██▉       | 1123/3769 [02:38<05:10,  8.51it/s, recall_0.3=(0, 4246) / 5115]eval:  30%|██▉       | 1123/3769 [02:38<05:10,  8.51it/s, recall_0.3=(0, 4255) / 5128]eval:  30%|██▉       | 1124/3769 [02:38<05:14,  8.40it/s, recall_0.3=(0, 4255) / 5128]eval:  30%|██▉       | 1124/3769 [02:38<05:14,  8.40it/s, recall_0.3=(0, 4259) / 5132]eval:  30%|██▉       | 1125/3769 [02:38<05:02,  8.74it/s, recall_0.3=(0, 4259) / 5132]eval:  30%|██▉       | 1125/3769 [02:39<05:02,  8.74it/s, recall_0.3=(0, 4273) / 5148]eval:  30%|██▉       | 1126/3769 [02:39<05:03,  8.70it/s, recall_0.3=(0, 4273) / 5148]eval:  30%|██▉       | 1126/3769 [02:39<05:03,  8.70it/s, recall_0.3=(0, 4276) / 5151]eval:  30%|██▉       | 1127/3769 [02:39<05:04,  8.68it/s, recall_0.3=(0, 4276) / 5151]eval:  30%|██▉       | 1127/3769 [02:39<05:04,  8.68it/s, recall_0.3=(0, 4280) / 5156]eval:  30%|██▉       | 1128/3769 [02:39<05:18,  8.28it/s, recall_0.3=(0, 4280) / 5156]eval:  30%|██▉       | 1128/3769 [02:39<05:18,  8.28it/s, recall_0.3=(0, 4286) / 5164]eval:  30%|██▉       | 1129/3769 [02:39<05:15,  8.36it/s, recall_0.3=(0, 4286) / 5164]eval:  30%|██▉       | 1129/3769 [02:39<05:15,  8.36it/s, recall_0.3=(0, 4290) / 5171]eval:  30%|██▉       | 1130/3769 [02:39<05:12,  8.45it/s, recall_0.3=(0, 4290) / 5171]eval:  30%|██▉       | 1130/3769 [02:39<05:12,  8.45it/s, recall_0.3=(0, 4296) / 5177]eval:  30%|███       | 1131/3769 [02:39<05:12,  8.44it/s, recall_0.3=(0, 4296) / 5177]eval:  30%|███       | 1131/3769 [02:39<05:12,  8.44it/s, recall_0.3=(0, 4299) / 5180]eval:  30%|███       | 1132/3769 [02:39<05:18,  8.28it/s, recall_0.3=(0, 4299) / 5180]eval:  30%|███       | 1132/3769 [02:39<05:18,  8.28it/s, recall_0.3=(0, 4302) / 5183]eval:  30%|███       | 1133/3769 [02:39<05:16,  8.33it/s, recall_0.3=(0, 4302) / 5183]eval:  30%|███       | 1133/3769 [02:40<05:16,  8.33it/s, recall_0.3=(0, 4304) / 5186]eval:  30%|███       | 1134/3769 [02:40<05:26,  8.07it/s, recall_0.3=(0, 4304) / 5186]eval:  30%|███       | 1134/3769 [02:40<05:26,  8.07it/s, recall_0.3=(0, 4304) / 5188]eval:  30%|███       | 1135/3769 [02:40<05:22,  8.18it/s, recall_0.3=(0, 4304) / 5188]eval:  30%|███       | 1135/3769 [02:40<05:22,  8.18it/s, recall_0.3=(0, 4312) / 5196]eval:  30%|███       | 1136/3769 [02:40<05:26,  8.07it/s, recall_0.3=(0, 4312) / 5196]eval:  30%|███       | 1136/3769 [02:40<05:26,  8.07it/s, recall_0.3=(0, 4314) / 5199]eval:  30%|███       | 1137/3769 [02:40<05:16,  8.33it/s, recall_0.3=(0, 4314) / 5199]eval:  30%|███       | 1137/3769 [02:40<05:16,  8.33it/s, recall_0.3=(0, 4315) / 5200]eval:  30%|███       | 1138/3769 [02:40<05:17,  8.28it/s, recall_0.3=(0, 4315) / 5200]eval:  30%|███       | 1138/3769 [02:40<05:17,  8.28it/s, recall_0.3=(0, 4318) / 5203]eval:  30%|███       | 1139/3769 [02:40<05:16,  8.30it/s, recall_0.3=(0, 4318) / 5203]eval:  30%|███       | 1139/3769 [02:40<05:16,  8.30it/s, recall_0.3=(0, 4319) / 5204]eval:  30%|███       | 1140/3769 [02:40<05:19,  8.22it/s, recall_0.3=(0, 4319) / 5204]eval:  30%|███       | 1140/3769 [02:40<05:19,  8.22it/s, recall_0.3=(0, 4327) / 5212]eval:  30%|███       | 1141/3769 [02:40<05:23,  8.13it/s, recall_0.3=(0, 4327) / 5212]eval:  30%|███       | 1141/3769 [02:41<05:23,  8.13it/s, recall_0.3=(0, 4329) / 5215]eval:  30%|███       | 1142/3769 [02:41<05:22,  8.15it/s, recall_0.3=(0, 4329) / 5215]eval:  30%|███       | 1142/3769 [02:41<05:22,  8.15it/s, recall_0.3=(0, 4332) / 5218]eval:  30%|███       | 1143/3769 [02:41<05:15,  8.32it/s, recall_0.3=(0, 4332) / 5218]eval:  30%|███       | 1143/3769 [02:41<05:15,  8.32it/s, recall_0.3=(0, 4339) / 5226]eval:  30%|███       | 1144/3769 [02:41<05:26,  8.05it/s, recall_0.3=(0, 4339) / 5226]eval:  30%|███       | 1144/3769 [02:41<05:26,  8.05it/s, recall_0.3=(0, 4340) / 5230]eval:  30%|███       | 1145/3769 [02:41<05:14,  8.34it/s, recall_0.3=(0, 4340) / 5230]eval:  30%|███       | 1145/3769 [02:41<05:14,  8.34it/s, recall_0.3=(0, 4348) / 5239]eval:  30%|███       | 1146/3769 [02:41<05:12,  8.41it/s, recall_0.3=(0, 4348) / 5239]eval:  30%|███       | 1146/3769 [02:41<05:12,  8.41it/s, recall_0.3=(0, 4349) / 5241]eval:  30%|███       | 1147/3769 [02:41<05:13,  8.35it/s, recall_0.3=(0, 4349) / 5241]eval:  30%|███       | 1147/3769 [02:41<05:13,  8.35it/s, recall_0.3=(0, 4350) / 5242]eval:  30%|███       | 1148/3769 [02:41<05:16,  8.27it/s, recall_0.3=(0, 4350) / 5242]eval:  30%|███       | 1148/3769 [02:41<05:16,  8.27it/s, recall_0.3=(0, 4354) / 5246]eval:  30%|███       | 1149/3769 [02:41<05:20,  8.18it/s, recall_0.3=(0, 4354) / 5246]eval:  30%|███       | 1149/3769 [02:42<05:20,  8.18it/s, recall_0.3=(0, 4360) / 5252]eval:  31%|███       | 1150/3769 [02:42<05:22,  8.12it/s, recall_0.3=(0, 4360) / 5252]eval:  31%|███       | 1150/3769 [02:42<05:22,  8.12it/s, recall_0.3=(0, 4361) / 5253]eval:  31%|███       | 1151/3769 [02:42<05:17,  8.24it/s, recall_0.3=(0, 4361) / 5253]eval:  31%|███       | 1151/3769 [02:42<05:17,  8.24it/s, recall_0.3=(0, 4365) / 5257]eval:  31%|███       | 1152/3769 [02:42<05:18,  8.21it/s, recall_0.3=(0, 4365) / 5257]eval:  31%|███       | 1152/3769 [02:42<05:18,  8.21it/s, recall_0.3=(0, 4367) / 5261]eval:  31%|███       | 1153/3769 [02:42<05:26,  8.02it/s, recall_0.3=(0, 4367) / 5261]eval:  31%|███       | 1153/3769 [02:42<05:26,  8.02it/s, recall_0.3=(0, 4370) / 5267]eval:  31%|███       | 1154/3769 [02:42<05:19,  8.19it/s, recall_0.3=(0, 4370) / 5267]eval:  31%|███       | 1154/3769 [02:42<05:19,  8.19it/s, recall_0.3=(0, 4371) / 5268]eval:  31%|███       | 1155/3769 [02:42<05:17,  8.24it/s, recall_0.3=(0, 4371) / 5268]eval:  31%|███       | 1155/3769 [02:42<05:17,  8.24it/s, recall_0.3=(0, 4377) / 5275]eval:  31%|███       | 1156/3769 [02:42<05:23,  8.07it/s, recall_0.3=(0, 4377) / 5275]eval:  31%|███       | 1156/3769 [02:42<05:23,  8.07it/s, recall_0.3=(0, 4387) / 5287]eval:  31%|███       | 1157/3769 [02:42<05:20,  8.15it/s, recall_0.3=(0, 4387) / 5287]eval:  31%|███       | 1157/3769 [02:42<05:20,  8.15it/s, recall_0.3=(0, 4389) / 5290]eval:  31%|███       | 1158/3769 [02:42<05:21,  8.11it/s, recall_0.3=(0, 4389) / 5290]eval:  31%|███       | 1158/3769 [02:43<05:21,  8.11it/s, recall_0.3=(0, 4391) / 5292]eval:  31%|███       | 1159/3769 [02:43<05:20,  8.13it/s, recall_0.3=(0, 4391) / 5292]eval:  31%|███       | 1159/3769 [02:43<05:20,  8.13it/s, recall_0.3=(0, 4391) / 5293]eval:  31%|███       | 1160/3769 [02:43<05:16,  8.24it/s, recall_0.3=(0, 4391) / 5293]eval:  31%|███       | 1160/3769 [02:43<05:16,  8.24it/s, recall_0.3=(0, 4395) / 5297]eval:  31%|███       | 1161/3769 [02:43<05:16,  8.24it/s, recall_0.3=(0, 4395) / 5297]eval:  31%|███       | 1161/3769 [02:43<05:16,  8.24it/s, recall_0.3=(0, 4396) / 5298]eval:  31%|███       | 1162/3769 [02:43<05:16,  8.23it/s, recall_0.3=(0, 4396) / 5298]eval:  31%|███       | 1162/3769 [02:43<05:16,  8.23it/s, recall_0.3=(0, 4397) / 5299]eval:  31%|███       | 1163/3769 [02:43<05:11,  8.36it/s, recall_0.3=(0, 4397) / 5299]eval:  31%|███       | 1163/3769 [02:43<05:11,  8.36it/s, recall_0.3=(0, 4404) / 5306]eval:  31%|███       | 1164/3769 [02:43<05:12,  8.33it/s, recall_0.3=(0, 4404) / 5306]eval:  31%|███       | 1164/3769 [02:43<05:12,  8.33it/s, recall_0.3=(0, 4405) / 5307]eval:  31%|███       | 1165/3769 [02:43<05:09,  8.42it/s, recall_0.3=(0, 4405) / 5307]eval:  31%|███       | 1165/3769 [02:43<05:09,  8.42it/s, recall_0.3=(0, 4407) / 5309]eval:  31%|███       | 1166/3769 [02:43<05:05,  8.51it/s, recall_0.3=(0, 4407) / 5309]eval:  31%|███       | 1166/3769 [02:44<05:05,  8.51it/s, recall_0.3=(0, 4408) / 5310]eval:  31%|███       | 1167/3769 [02:44<05:12,  8.33it/s, recall_0.3=(0, 4408) / 5310]eval:  31%|███       | 1167/3769 [02:44<05:12,  8.33it/s, recall_0.3=(0, 4415) / 5317]eval:  31%|███       | 1168/3769 [02:44<05:05,  8.53it/s, recall_0.3=(0, 4415) / 5317]eval:  31%|███       | 1168/3769 [02:44<05:05,  8.53it/s, recall_0.3=(0, 4423) / 5326]eval:  31%|███       | 1169/3769 [02:44<05:04,  8.53it/s, recall_0.3=(0, 4423) / 5326]eval:  31%|███       | 1169/3769 [02:44<05:04,  8.53it/s, recall_0.3=(0, 4428) / 5333]eval:  31%|███       | 1170/3769 [02:44<05:01,  8.62it/s, recall_0.3=(0, 4428) / 5333]eval:  31%|███       | 1170/3769 [02:44<05:01,  8.62it/s, recall_0.3=(0, 4435) / 5341]eval:  31%|███       | 1171/3769 [02:44<04:53,  8.84it/s, recall_0.3=(0, 4435) / 5341]eval:  31%|███       | 1171/3769 [02:44<04:53,  8.84it/s, recall_0.3=(0, 4441) / 5349]eval:  31%|███       | 1172/3769 [02:44<04:58,  8.71it/s, recall_0.3=(0, 4441) / 5349]eval:  31%|███       | 1172/3769 [02:44<04:58,  8.71it/s, recall_0.3=(0, 4444) / 5352]eval:  31%|███       | 1173/3769 [02:44<04:49,  8.95it/s, recall_0.3=(0, 4444) / 5352]eval:  31%|███       | 1173/3769 [02:44<04:49,  8.95it/s, recall_0.3=(0, 4446) / 5355]eval:  31%|███       | 1174/3769 [02:44<04:47,  9.02it/s, recall_0.3=(0, 4446) / 5355]eval:  31%|███       | 1174/3769 [02:44<04:47,  9.02it/s, recall_0.3=(0, 4448) / 5357]eval:  31%|███       | 1175/3769 [02:44<04:55,  8.77it/s, recall_0.3=(0, 4448) / 5357]eval:  31%|███       | 1175/3769 [02:45<04:55,  8.77it/s, recall_0.3=(0, 4450) / 5359]eval:  31%|███       | 1176/3769 [02:45<04:53,  8.85it/s, recall_0.3=(0, 4450) / 5359]eval:  31%|███       | 1176/3769 [02:45<04:53,  8.85it/s, recall_0.3=(0, 4452) / 5361]eval:  31%|███       | 1177/3769 [02:45<04:52,  8.86it/s, recall_0.3=(0, 4452) / 5361]eval:  31%|███       | 1177/3769 [02:45<04:52,  8.86it/s, recall_0.3=(0, 4463) / 5372]eval:  31%|███▏      | 1178/3769 [02:45<04:56,  8.75it/s, recall_0.3=(0, 4463) / 5372]eval:  31%|███▏      | 1178/3769 [02:45<04:56,  8.75it/s, recall_0.3=(0, 4465) / 5374]eval:  31%|███▏      | 1179/3769 [02:45<05:00,  8.63it/s, recall_0.3=(0, 4465) / 5374]eval:  31%|███▏      | 1179/3769 [02:45<05:00,  8.63it/s, recall_0.3=(0, 4473) / 5383]eval:  31%|███▏      | 1180/3769 [02:45<05:09,  8.36it/s, recall_0.3=(0, 4473) / 5383]eval:  31%|███▏      | 1180/3769 [02:45<05:09,  8.36it/s, recall_0.3=(0, 4475) / 5385]eval:  31%|███▏      | 1181/3769 [02:45<05:12,  8.29it/s, recall_0.3=(0, 4475) / 5385]eval:  31%|███▏      | 1181/3769 [02:45<05:12,  8.29it/s, recall_0.3=(0, 4479) / 5389]eval:  31%|███▏      | 1182/3769 [02:45<05:19,  8.09it/s, recall_0.3=(0, 4479) / 5389]eval:  31%|███▏      | 1182/3769 [02:45<05:19,  8.09it/s, recall_0.3=(0, 4484) / 5397]eval:  31%|███▏      | 1183/3769 [02:45<05:20,  8.07it/s, recall_0.3=(0, 4484) / 5397]eval:  31%|███▏      | 1183/3769 [02:46<05:20,  8.07it/s, recall_0.3=(0, 4487) / 5400]eval:  31%|███▏      | 1184/3769 [02:46<05:23,  7.99it/s, recall_0.3=(0, 4487) / 5400]eval:  31%|███▏      | 1184/3769 [02:46<05:23,  7.99it/s, recall_0.3=(0, 4488) / 5402]eval:  31%|███▏      | 1185/3769 [02:46<05:18,  8.11it/s, recall_0.3=(0, 4488) / 5402]eval:  31%|███▏      | 1185/3769 [02:46<05:18,  8.11it/s, recall_0.3=(0, 4491) / 5406]eval:  31%|███▏      | 1186/3769 [02:46<05:19,  8.08it/s, recall_0.3=(0, 4491) / 5406]eval:  31%|███▏      | 1186/3769 [02:46<05:19,  8.08it/s, recall_0.3=(0, 4493) / 5408]eval:  31%|███▏      | 1187/3769 [02:46<05:23,  7.99it/s, recall_0.3=(0, 4493) / 5408]eval:  31%|███▏      | 1187/3769 [02:46<05:23,  7.99it/s, recall_0.3=(0, 4500) / 5416]eval:  32%|███▏      | 1188/3769 [02:46<05:11,  8.27it/s, recall_0.3=(0, 4500) / 5416]eval:  32%|███▏      | 1188/3769 [02:46<05:11,  8.27it/s, recall_0.3=(0, 4506) / 5423]eval:  32%|███▏      | 1189/3769 [02:46<05:15,  8.17it/s, recall_0.3=(0, 4506) / 5423]eval:  32%|███▏      | 1189/3769 [02:46<05:15,  8.17it/s, recall_0.3=(0, 4510) / 5427]eval:  32%|███▏      | 1190/3769 [02:46<05:16,  8.15it/s, recall_0.3=(0, 4510) / 5427]eval:  32%|███▏      | 1190/3769 [02:46<05:16,  8.15it/s, recall_0.3=(0, 4514) / 5432]eval:  32%|███▏      | 1191/3769 [02:46<05:16,  8.15it/s, recall_0.3=(0, 4514) / 5432]eval:  32%|███▏      | 1191/3769 [02:47<05:16,  8.15it/s, recall_0.3=(0, 4519) / 5438]eval:  32%|███▏      | 1192/3769 [02:47<05:17,  8.13it/s, recall_0.3=(0, 4519) / 5438]eval:  32%|███▏      | 1192/3769 [02:47<05:17,  8.13it/s, recall_0.3=(0, 4527) / 5448]eval:  32%|███▏      | 1193/3769 [02:47<05:16,  8.13it/s, recall_0.3=(0, 4527) / 5448]eval:  32%|███▏      | 1193/3769 [02:47<05:16,  8.13it/s, recall_0.3=(0, 4535) / 5456]eval:  32%|███▏      | 1194/3769 [02:47<05:17,  8.12it/s, recall_0.3=(0, 4535) / 5456]eval:  32%|███▏      | 1194/3769 [02:47<05:17,  8.12it/s, recall_0.3=(0, 4539) / 5460]eval:  32%|███▏      | 1195/3769 [02:47<05:20,  8.02it/s, recall_0.3=(0, 4539) / 5460]eval:  32%|███▏      | 1195/3769 [02:47<05:20,  8.02it/s, recall_0.3=(0, 4541) / 5462]eval:  32%|███▏      | 1196/3769 [02:47<05:20,  8.04it/s, recall_0.3=(0, 4541) / 5462]eval:  32%|███▏      | 1196/3769 [02:47<05:20,  8.04it/s, recall_0.3=(0, 4547) / 5468]eval:  32%|███▏      | 1197/3769 [02:47<05:18,  8.08it/s, recall_0.3=(0, 4547) / 5468]eval:  32%|███▏      | 1197/3769 [02:47<05:18,  8.08it/s, recall_0.3=(0, 4552) / 5475]eval:  32%|███▏      | 1198/3769 [02:47<05:16,  8.12it/s, recall_0.3=(0, 4552) / 5475]eval:  32%|███▏      | 1198/3769 [02:47<05:16,  8.12it/s, recall_0.3=(0, 4555) / 5479]eval:  32%|███▏      | 1199/3769 [02:47<05:14,  8.16it/s, recall_0.3=(0, 4555) / 5479]eval:  32%|███▏      | 1199/3769 [02:48<05:14,  8.16it/s, recall_0.3=(0, 4563) / 5487]eval:  32%|███▏      | 1200/3769 [02:48<05:18,  8.06it/s, recall_0.3=(0, 4563) / 5487]eval:  32%|███▏      | 1200/3769 [02:48<05:18,  8.06it/s, recall_0.3=(0, 4573) / 5501]eval:  32%|███▏      | 1201/3769 [02:48<05:18,  8.06it/s, recall_0.3=(0, 4573) / 5501]eval:  32%|███▏      | 1201/3769 [02:48<05:18,  8.06it/s, recall_0.3=(0, 4579) / 5510]eval:  32%|███▏      | 1202/3769 [02:48<05:23,  7.95it/s, recall_0.3=(0, 4579) / 5510]eval:  32%|███▏      | 1202/3769 [02:48<05:23,  7.95it/s, recall_0.3=(0, 4586) / 5520]eval:  32%|███▏      | 1203/3769 [02:48<05:15,  8.14it/s, recall_0.3=(0, 4586) / 5520]eval:  32%|███▏      | 1203/3769 [02:48<05:15,  8.14it/s, recall_0.3=(0, 4587) / 5521]eval:  32%|███▏      | 1204/3769 [02:48<05:10,  8.27it/s, recall_0.3=(0, 4587) / 5521]eval:  32%|███▏      | 1204/3769 [02:48<05:10,  8.27it/s, recall_0.3=(0, 4593) / 5531]eval:  32%|███▏      | 1205/3769 [02:48<05:14,  8.16it/s, recall_0.3=(0, 4593) / 5531]eval:  32%|███▏      | 1205/3769 [02:48<05:14,  8.16it/s, recall_0.3=(0, 4599) / 5537]eval:  32%|███▏      | 1206/3769 [02:48<05:09,  8.29it/s, recall_0.3=(0, 4599) / 5537]eval:  32%|███▏      | 1206/3769 [02:48<05:09,  8.29it/s, recall_0.3=(0, 4605) / 5543]eval:  32%|███▏      | 1207/3769 [02:48<05:11,  8.22it/s, recall_0.3=(0, 4605) / 5543]eval:  32%|███▏      | 1207/3769 [02:49<05:11,  8.22it/s, recall_0.3=(0, 4613) / 5552]eval:  32%|███▏      | 1208/3769 [02:49<05:13,  8.16it/s, recall_0.3=(0, 4613) / 5552]eval:  32%|███▏      | 1208/3769 [02:49<05:13,  8.16it/s, recall_0.3=(0, 4616) / 5556]eval:  32%|███▏      | 1209/3769 [02:49<05:17,  8.07it/s, recall_0.3=(0, 4616) / 5556]eval:  32%|███▏      | 1209/3769 [02:49<05:17,  8.07it/s, recall_0.3=(0, 4621) / 5563]eval:  32%|███▏      | 1210/3769 [02:49<05:17,  8.07it/s, recall_0.3=(0, 4621) / 5563]eval:  32%|███▏      | 1210/3769 [02:49<05:17,  8.07it/s, recall_0.3=(0, 4624) / 5566]eval:  32%|███▏      | 1211/3769 [02:49<05:16,  8.07it/s, recall_0.3=(0, 4624) / 5566]eval:  32%|███▏      | 1211/3769 [02:49<05:16,  8.07it/s, recall_0.3=(0, 4626) / 5569]eval:  32%|███▏      | 1212/3769 [02:49<05:13,  8.17it/s, recall_0.3=(0, 4626) / 5569]eval:  32%|███▏      | 1212/3769 [02:49<05:13,  8.17it/s, recall_0.3=(0, 4627) / 5570]eval:  32%|███▏      | 1213/3769 [02:49<05:11,  8.21it/s, recall_0.3=(0, 4627) / 5570]eval:  32%|███▏      | 1213/3769 [02:49<05:11,  8.21it/s, recall_0.3=(0, 4628) / 5571]eval:  32%|███▏      | 1214/3769 [02:49<05:09,  8.25it/s, recall_0.3=(0, 4628) / 5571]eval:  32%|███▏      | 1214/3769 [02:49<05:09,  8.25it/s, recall_0.3=(0, 4629) / 5572]eval:  32%|███▏      | 1215/3769 [02:49<05:05,  8.37it/s, recall_0.3=(0, 4629) / 5572]eval:  32%|███▏      | 1215/3769 [02:49<05:05,  8.37it/s, recall_0.3=(0, 4630) / 5574]eval:  32%|███▏      | 1216/3769 [02:49<05:10,  8.23it/s, recall_0.3=(0, 4630) / 5574]eval:  32%|███▏      | 1216/3769 [02:50<05:10,  8.23it/s, recall_0.3=(0, 4636) / 5581]eval:  32%|███▏      | 1217/3769 [02:50<05:04,  8.38it/s, recall_0.3=(0, 4636) / 5581]eval:  32%|███▏      | 1217/3769 [02:50<05:04,  8.38it/s, recall_0.3=(0, 4638) / 5583]eval:  32%|███▏      | 1218/3769 [02:50<04:54,  8.68it/s, recall_0.3=(0, 4638) / 5583]eval:  32%|███▏      | 1218/3769 [02:50<04:54,  8.68it/s, recall_0.3=(0, 4642) / 5587]eval:  32%|███▏      | 1219/3769 [02:50<05:02,  8.43it/s, recall_0.3=(0, 4642) / 5587]eval:  32%|███▏      | 1219/3769 [02:50<05:02,  8.43it/s, recall_0.3=(0, 4652) / 5597]eval:  32%|███▏      | 1220/3769 [02:50<05:04,  8.38it/s, recall_0.3=(0, 4652) / 5597]eval:  32%|███▏      | 1220/3769 [02:50<05:04,  8.38it/s, recall_0.3=(0, 4655) / 5600]eval:  32%|███▏      | 1221/3769 [02:50<04:58,  8.54it/s, recall_0.3=(0, 4655) / 5600]eval:  32%|███▏      | 1221/3769 [02:50<04:58,  8.54it/s, recall_0.3=(0, 4660) / 5606]eval:  32%|███▏      | 1222/3769 [02:50<04:55,  8.61it/s, recall_0.3=(0, 4660) / 5606]eval:  32%|███▏      | 1222/3769 [02:50<04:55,  8.61it/s, recall_0.3=(0, 4671) / 5617]eval:  32%|███▏      | 1223/3769 [02:50<04:56,  8.59it/s, recall_0.3=(0, 4671) / 5617]eval:  32%|███▏      | 1223/3769 [02:50<04:56,  8.59it/s, recall_0.3=(0, 4677) / 5625]eval:  32%|███▏      | 1224/3769 [02:50<04:56,  8.57it/s, recall_0.3=(0, 4677) / 5625]eval:  32%|███▏      | 1224/3769 [02:51<04:56,  8.57it/s, recall_0.3=(0, 4684) / 5633]eval:  33%|███▎      | 1225/3769 [02:51<04:59,  8.50it/s, recall_0.3=(0, 4684) / 5633]eval:  33%|███▎      | 1225/3769 [02:51<04:59,  8.50it/s, recall_0.3=(0, 4685) / 5634]eval:  33%|███▎      | 1226/3769 [02:51<04:53,  8.66it/s, recall_0.3=(0, 4685) / 5634]eval:  33%|███▎      | 1226/3769 [02:51<04:53,  8.66it/s, recall_0.3=(0, 4686) / 5637]eval:  33%|███▎      | 1227/3769 [02:51<04:54,  8.64it/s, recall_0.3=(0, 4686) / 5637]eval:  33%|███▎      | 1227/3769 [02:51<04:54,  8.64it/s, recall_0.3=(0, 4688) / 5640]eval:  33%|███▎      | 1228/3769 [02:51<05:01,  8.44it/s, recall_0.3=(0, 4688) / 5640]eval:  33%|███▎      | 1228/3769 [02:51<05:01,  8.44it/s, recall_0.3=(0, 4693) / 5647]eval:  33%|███▎      | 1229/3769 [02:51<04:53,  8.64it/s, recall_0.3=(0, 4693) / 5647]eval:  33%|███▎      | 1229/3769 [02:51<04:53,  8.64it/s, recall_0.3=(0, 4699) / 5653]eval:  33%|███▎      | 1230/3769 [02:51<04:53,  8.66it/s, recall_0.3=(0, 4699) / 5653]eval:  33%|███▎      | 1230/3769 [02:51<04:53,  8.66it/s, recall_0.3=(0, 4700) / 5654]eval:  33%|███▎      | 1231/3769 [02:51<05:02,  8.38it/s, recall_0.3=(0, 4700) / 5654]eval:  33%|███▎      | 1231/3769 [02:51<05:02,  8.38it/s, recall_0.3=(0, 4705) / 5660]eval:  33%|███▎      | 1232/3769 [02:51<04:58,  8.49it/s, recall_0.3=(0, 4705) / 5660]eval:  33%|███▎      | 1232/3769 [02:51<04:58,  8.49it/s, recall_0.3=(0, 4711) / 5667]eval:  33%|███▎      | 1233/3769 [02:51<04:58,  8.49it/s, recall_0.3=(0, 4711) / 5667]eval:  33%|███▎      | 1233/3769 [02:52<04:58,  8.49it/s, recall_0.3=(0, 4719) / 5678]eval:  33%|███▎      | 1234/3769 [02:52<05:02,  8.39it/s, recall_0.3=(0, 4719) / 5678]eval:  33%|███▎      | 1234/3769 [02:52<05:02,  8.39it/s, recall_0.3=(0, 4731) / 5690]eval:  33%|███▎      | 1235/3769 [02:52<04:59,  8.46it/s, recall_0.3=(0, 4731) / 5690]eval:  33%|███▎      | 1235/3769 [02:52<04:59,  8.46it/s, recall_0.3=(0, 4732) / 5691]eval:  33%|███▎      | 1236/3769 [02:52<04:56,  8.54it/s, recall_0.3=(0, 4732) / 5691]eval:  33%|███▎      | 1236/3769 [02:52<04:56,  8.54it/s, recall_0.3=(0, 4737) / 5696]eval:  33%|███▎      | 1237/3769 [02:52<04:54,  8.61it/s, recall_0.3=(0, 4737) / 5696]eval:  33%|███▎      | 1237/3769 [02:52<04:54,  8.61it/s, recall_0.3=(0, 4738) / 5697]eval:  33%|███▎      | 1238/3769 [02:52<04:47,  8.79it/s, recall_0.3=(0, 4738) / 5697]eval:  33%|███▎      | 1238/3769 [02:52<04:47,  8.79it/s, recall_0.3=(0, 4745) / 5705]eval:  33%|███▎      | 1239/3769 [02:52<04:42,  8.95it/s, recall_0.3=(0, 4745) / 5705]eval:  33%|███▎      | 1239/3769 [02:52<04:42,  8.95it/s, recall_0.3=(0, 4746) / 5707]eval:  33%|███▎      | 1240/3769 [02:52<04:45,  8.86it/s, recall_0.3=(0, 4746) / 5707]eval:  33%|███▎      | 1240/3769 [02:52<04:45,  8.86it/s, recall_0.3=(0, 4752) / 5715]eval:  33%|███▎      | 1241/3769 [02:52<04:53,  8.61it/s, recall_0.3=(0, 4752) / 5715]eval:  33%|███▎      | 1241/3769 [02:53<04:53,  8.61it/s, recall_0.3=(0, 4753) / 5716]eval:  33%|███▎      | 1242/3769 [02:53<04:51,  8.66it/s, recall_0.3=(0, 4753) / 5716]eval:  33%|███▎      | 1242/3769 [02:53<04:51,  8.66it/s, recall_0.3=(0, 4759) / 5723]eval:  33%|███▎      | 1243/3769 [02:53<04:54,  8.58it/s, recall_0.3=(0, 4759) / 5723]eval:  33%|███▎      | 1243/3769 [02:53<04:54,  8.58it/s, recall_0.3=(0, 4765) / 5730]eval:  33%|███▎      | 1244/3769 [02:53<04:49,  8.72it/s, recall_0.3=(0, 4765) / 5730]eval:  33%|███▎      | 1244/3769 [02:53<04:49,  8.72it/s, recall_0.3=(0, 4765) / 5731]eval:  33%|███▎      | 1245/3769 [02:53<05:04,  8.29it/s, recall_0.3=(0, 4765) / 5731]eval:  33%|███▎      | 1245/3769 [02:53<05:04,  8.29it/s, recall_0.3=(0, 4766) / 5732]eval:  33%|███▎      | 1246/3769 [02:53<05:04,  8.27it/s, recall_0.3=(0, 4766) / 5732]eval:  33%|███▎      | 1246/3769 [02:53<05:04,  8.27it/s, recall_0.3=(0, 4768) / 5734]eval:  33%|███▎      | 1247/3769 [02:53<05:03,  8.31it/s, recall_0.3=(0, 4768) / 5734]eval:  33%|███▎      | 1247/3769 [02:53<05:03,  8.31it/s, recall_0.3=(0, 4775) / 5742]eval:  33%|███▎      | 1248/3769 [02:53<05:05,  8.25it/s, recall_0.3=(0, 4775) / 5742]eval:  33%|███▎      | 1248/3769 [02:53<05:05,  8.25it/s, recall_0.3=(0, 4776) / 5743]eval:  33%|███▎      | 1249/3769 [02:53<05:04,  8.27it/s, recall_0.3=(0, 4776) / 5743]eval:  33%|███▎      | 1249/3769 [02:53<05:04,  8.27it/s, recall_0.3=(0, 4781) / 5748]eval:  33%|███▎      | 1250/3769 [02:53<04:56,  8.49it/s, recall_0.3=(0, 4781) / 5748]eval:  33%|███▎      | 1250/3769 [02:54<04:56,  8.49it/s, recall_0.3=(0, 4783) / 5750]eval:  33%|███▎      | 1251/3769 [02:54<05:05,  8.24it/s, recall_0.3=(0, 4783) / 5750]eval:  33%|███▎      | 1251/3769 [02:54<05:05,  8.24it/s, recall_0.3=(0, 4787) / 5754]eval:  33%|███▎      | 1252/3769 [02:54<05:07,  8.17it/s, recall_0.3=(0, 4787) / 5754]eval:  33%|███▎      | 1252/3769 [02:54<05:07,  8.17it/s, recall_0.3=(0, 4789) / 5756]eval:  33%|███▎      | 1253/3769 [02:54<05:04,  8.26it/s, recall_0.3=(0, 4789) / 5756]eval:  33%|███▎      | 1253/3769 [02:54<05:04,  8.26it/s, recall_0.3=(0, 4791) / 5758]eval:  33%|███▎      | 1254/3769 [02:54<05:05,  8.23it/s, recall_0.3=(0, 4791) / 5758]eval:  33%|███▎      | 1254/3769 [02:54<05:05,  8.23it/s, recall_0.3=(0, 4793) / 5761]eval:  33%|███▎      | 1255/3769 [02:54<05:10,  8.11it/s, recall_0.3=(0, 4793) / 5761]eval:  33%|███▎      | 1255/3769 [02:54<05:10,  8.11it/s, recall_0.3=(0, 4799) / 5768]eval:  33%|███▎      | 1256/3769 [02:54<05:13,  8.01it/s, recall_0.3=(0, 4799) / 5768]eval:  33%|███▎      | 1256/3769 [02:54<05:13,  8.01it/s, recall_0.3=(0, 4801) / 5770]eval:  33%|███▎      | 1257/3769 [02:54<04:57,  8.45it/s, recall_0.3=(0, 4801) / 5770]eval:  33%|███▎      | 1257/3769 [02:54<04:57,  8.45it/s, recall_0.3=(0, 4803) / 5772]eval:  33%|███▎      | 1258/3769 [02:54<05:01,  8.34it/s, recall_0.3=(0, 4803) / 5772]eval:  33%|███▎      | 1258/3769 [02:55<05:01,  8.34it/s, recall_0.3=(0, 4809) / 5780]eval:  33%|███▎      | 1259/3769 [02:55<05:03,  8.26it/s, recall_0.3=(0, 4809) / 5780]eval:  33%|███▎      | 1259/3769 [02:55<05:03,  8.26it/s, recall_0.3=(0, 4811) / 5782]eval:  33%|███▎      | 1260/3769 [02:55<05:06,  8.20it/s, recall_0.3=(0, 4811) / 5782]eval:  33%|███▎      | 1260/3769 [02:55<05:06,  8.20it/s, recall_0.3=(0, 4812) / 5783]eval:  33%|███▎      | 1261/3769 [02:55<05:04,  8.25it/s, recall_0.3=(0, 4812) / 5783]eval:  33%|███▎      | 1261/3769 [02:55<05:04,  8.25it/s, recall_0.3=(0, 4815) / 5786]eval:  33%|███▎      | 1262/3769 [02:55<05:04,  8.24it/s, recall_0.3=(0, 4815) / 5786]eval:  33%|███▎      | 1262/3769 [02:55<05:04,  8.24it/s, recall_0.3=(0, 4818) / 5792]eval:  34%|███▎      | 1263/3769 [02:55<05:06,  8.19it/s, recall_0.3=(0, 4818) / 5792]eval:  34%|███▎      | 1263/3769 [02:55<05:06,  8.19it/s, recall_0.3=(0, 4821) / 5795]eval:  34%|███▎      | 1264/3769 [02:55<05:17,  7.89it/s, recall_0.3=(0, 4821) / 5795]eval:  34%|███▎      | 1264/3769 [02:55<05:17,  7.89it/s, recall_0.3=(0, 4823) / 5797]eval:  34%|███▎      | 1265/3769 [02:55<05:10,  8.07it/s, recall_0.3=(0, 4823) / 5797]eval:  34%|███▎      | 1265/3769 [02:55<05:10,  8.07it/s, recall_0.3=(0, 4825) / 5799]eval:  34%|███▎      | 1266/3769 [02:55<05:11,  8.05it/s, recall_0.3=(0, 4825) / 5799]eval:  34%|███▎      | 1266/3769 [02:56<05:11,  8.05it/s, recall_0.3=(0, 4827) / 5802]eval:  34%|███▎      | 1267/3769 [02:56<05:02,  8.28it/s, recall_0.3=(0, 4827) / 5802]eval:  34%|███▎      | 1267/3769 [02:56<05:02,  8.28it/s, recall_0.3=(0, 4832) / 5809]eval:  34%|███▎      | 1268/3769 [02:56<05:07,  8.13it/s, recall_0.3=(0, 4832) / 5809]eval:  34%|███▎      | 1268/3769 [02:56<05:07,  8.13it/s, recall_0.3=(0, 4837) / 5815]eval:  34%|███▎      | 1269/3769 [02:56<04:59,  8.35it/s, recall_0.3=(0, 4837) / 5815]eval:  34%|███▎      | 1269/3769 [02:56<04:59,  8.35it/s, recall_0.3=(0, 4842) / 5820]eval:  34%|███▎      | 1270/3769 [02:56<04:57,  8.39it/s, recall_0.3=(0, 4842) / 5820]eval:  34%|███▎      | 1270/3769 [02:56<04:57,  8.39it/s, recall_0.3=(0, 4847) / 5828]eval:  34%|███▎      | 1271/3769 [02:56<05:12,  8.00it/s, recall_0.3=(0, 4847) / 5828]eval:  34%|███▎      | 1271/3769 [02:56<05:12,  8.00it/s, recall_0.3=(0, 4848) / 5829]eval:  34%|███▎      | 1272/3769 [02:56<05:11,  8.01it/s, recall_0.3=(0, 4848) / 5829]eval:  34%|███▎      | 1272/3769 [02:56<05:11,  8.01it/s, recall_0.3=(0, 4852) / 5833]eval:  34%|███▍      | 1273/3769 [02:56<05:02,  8.25it/s, recall_0.3=(0, 4852) / 5833]eval:  34%|███▍      | 1273/3769 [02:56<05:02,  8.25it/s, recall_0.3=(0, 4854) / 5835]eval:  34%|███▍      | 1274/3769 [02:56<05:11,  8.00it/s, recall_0.3=(0, 4854) / 5835]eval:  34%|███▍      | 1274/3769 [02:57<05:11,  8.00it/s, recall_0.3=(0, 4856) / 5840]eval:  34%|███▍      | 1275/3769 [02:57<05:04,  8.18it/s, recall_0.3=(0, 4856) / 5840]eval:  34%|███▍      | 1275/3769 [02:57<05:04,  8.18it/s, recall_0.3=(0, 4865) / 5850]eval:  34%|███▍      | 1276/3769 [02:57<05:04,  8.20it/s, recall_0.3=(0, 4865) / 5850]eval:  34%|███▍      | 1276/3769 [02:57<05:04,  8.20it/s, recall_0.3=(0, 4866) / 5851]eval:  34%|███▍      | 1277/3769 [02:57<05:04,  8.19it/s, recall_0.3=(0, 4866) / 5851]eval:  34%|███▍      | 1277/3769 [02:57<05:04,  8.19it/s, recall_0.3=(0, 4869) / 5854]eval:  34%|███▍      | 1278/3769 [02:57<05:06,  8.12it/s, recall_0.3=(0, 4869) / 5854]eval:  34%|███▍      | 1278/3769 [02:57<05:06,  8.12it/s, recall_0.3=(0, 4871) / 5857]eval:  34%|███▍      | 1279/3769 [02:57<05:04,  8.19it/s, recall_0.3=(0, 4871) / 5857]eval:  34%|███▍      | 1279/3769 [02:57<05:04,  8.19it/s, recall_0.3=(0, 4880) / 5869]eval:  34%|███▍      | 1280/3769 [02:57<05:05,  8.15it/s, recall_0.3=(0, 4880) / 5869]eval:  34%|███▍      | 1280/3769 [02:57<05:05,  8.15it/s, recall_0.3=(0, 4882) / 5871]eval:  34%|███▍      | 1281/3769 [02:57<05:00,  8.29it/s, recall_0.3=(0, 4882) / 5871]eval:  34%|███▍      | 1281/3769 [02:57<05:00,  8.29it/s, recall_0.3=(0, 4886) / 5878]eval:  34%|███▍      | 1282/3769 [02:57<05:04,  8.17it/s, recall_0.3=(0, 4886) / 5878]eval:  34%|███▍      | 1282/3769 [02:57<05:04,  8.17it/s, recall_0.3=(0, 4891) / 5883]eval:  34%|███▍      | 1283/3769 [02:57<04:58,  8.34it/s, recall_0.3=(0, 4891) / 5883]eval:  34%|███▍      | 1283/3769 [02:58<04:58,  8.34it/s, recall_0.3=(0, 4894) / 5888]eval:  34%|███▍      | 1284/3769 [02:58<05:03,  8.19it/s, recall_0.3=(0, 4894) / 5888]eval:  34%|███▍      | 1284/3769 [02:58<05:03,  8.19it/s, recall_0.3=(0, 4896) / 5891]eval:  34%|███▍      | 1285/3769 [02:58<05:06,  8.10it/s, recall_0.3=(0, 4896) / 5891]eval:  34%|███▍      | 1285/3769 [02:58<05:06,  8.10it/s, recall_0.3=(0, 4901) / 5896]eval:  34%|███▍      | 1286/3769 [02:58<05:09,  8.01it/s, recall_0.3=(0, 4901) / 5896]eval:  34%|███▍      | 1286/3769 [02:58<05:09,  8.01it/s, recall_0.3=(0, 4903) / 5899]eval:  34%|███▍      | 1287/3769 [02:58<05:03,  8.17it/s, recall_0.3=(0, 4903) / 5899]eval:  34%|███▍      | 1287/3769 [02:58<05:03,  8.17it/s, recall_0.3=(0, 4908) / 5905]eval:  34%|███▍      | 1288/3769 [02:58<05:07,  8.08it/s, recall_0.3=(0, 4908) / 5905]eval:  34%|███▍      | 1288/3769 [02:58<05:07,  8.08it/s, recall_0.3=(0, 4910) / 5908]eval:  34%|███▍      | 1289/3769 [02:58<05:04,  8.15it/s, recall_0.3=(0, 4910) / 5908]eval:  34%|███▍      | 1289/3769 [02:58<05:04,  8.15it/s, recall_0.3=(0, 4918) / 5918]eval:  34%|███▍      | 1290/3769 [02:58<05:03,  8.16it/s, recall_0.3=(0, 4918) / 5918]eval:  34%|███▍      | 1290/3769 [02:58<05:03,  8.16it/s, recall_0.3=(0, 4920) / 5920]eval:  34%|███▍      | 1291/3769 [02:58<05:01,  8.22it/s, recall_0.3=(0, 4920) / 5920]eval:  34%|███▍      | 1291/3769 [02:59<05:01,  8.22it/s, recall_0.3=(0, 4922) / 5922]eval:  34%|███▍      | 1292/3769 [02:59<05:08,  8.04it/s, recall_0.3=(0, 4922) / 5922]eval:  34%|███▍      | 1292/3769 [02:59<05:08,  8.04it/s, recall_0.3=(0, 4926) / 5927]eval:  34%|███▍      | 1293/3769 [02:59<05:11,  7.95it/s, recall_0.3=(0, 4926) / 5927]eval:  34%|███▍      | 1293/3769 [02:59<05:11,  7.95it/s, recall_0.3=(0, 4926) / 5928]eval:  34%|███▍      | 1294/3769 [02:59<05:07,  8.06it/s, recall_0.3=(0, 4926) / 5928]eval:  34%|███▍      | 1294/3769 [02:59<05:07,  8.06it/s, recall_0.3=(0, 4933) / 5935]eval:  34%|███▍      | 1295/3769 [02:59<05:05,  8.09it/s, recall_0.3=(0, 4933) / 5935]eval:  34%|███▍      | 1295/3769 [02:59<05:05,  8.09it/s, recall_0.3=(0, 4936) / 5941]eval:  34%|███▍      | 1296/3769 [02:59<04:59,  8.27it/s, recall_0.3=(0, 4936) / 5941]eval:  34%|███▍      | 1296/3769 [02:59<04:59,  8.27it/s, recall_0.3=(0, 4941) / 5948]eval:  34%|███▍      | 1297/3769 [02:59<04:58,  8.29it/s, recall_0.3=(0, 4941) / 5948]eval:  34%|███▍      | 1297/3769 [02:59<04:58,  8.29it/s, recall_0.3=(0, 4942) / 5951]eval:  34%|███▍      | 1298/3769 [02:59<04:58,  8.27it/s, recall_0.3=(0, 4942) / 5951]eval:  34%|███▍      | 1298/3769 [02:59<04:58,  8.27it/s, recall_0.3=(0, 4947) / 5958]eval:  34%|███▍      | 1299/3769 [02:59<05:02,  8.16it/s, recall_0.3=(0, 4947) / 5958]eval:  34%|███▍      | 1299/3769 [03:00<05:02,  8.16it/s, recall_0.3=(0, 4948) / 5959]eval:  34%|███▍      | 1300/3769 [03:00<04:58,  8.28it/s, recall_0.3=(0, 4948) / 5959]eval:  34%|███▍      | 1300/3769 [03:00<04:58,  8.28it/s, recall_0.3=(0, 4950) / 5961]eval:  35%|███▍      | 1301/3769 [03:00<04:51,  8.47it/s, recall_0.3=(0, 4950) / 5961]eval:  35%|███▍      | 1301/3769 [03:00<04:51,  8.47it/s, recall_0.3=(0, 4956) / 5967]eval:  35%|███▍      | 1302/3769 [03:00<05:09,  7.97it/s, recall_0.3=(0, 4956) / 5967]eval:  35%|███▍      | 1302/3769 [03:00<05:09,  7.97it/s, recall_0.3=(0, 4961) / 5972]eval:  35%|███▍      | 1303/3769 [03:00<04:57,  8.30it/s, recall_0.3=(0, 4961) / 5972]eval:  35%|███▍      | 1303/3769 [03:00<04:57,  8.30it/s, recall_0.3=(0, 4967) / 5978]eval:  35%|███▍      | 1304/3769 [03:00<05:00,  8.20it/s, recall_0.3=(0, 4967) / 5978]eval:  35%|███▍      | 1304/3769 [03:00<05:00,  8.20it/s, recall_0.3=(0, 4969) / 5980]eval:  35%|███▍      | 1305/3769 [03:00<04:54,  8.36it/s, recall_0.3=(0, 4969) / 5980]eval:  35%|███▍      | 1305/3769 [03:00<04:54,  8.36it/s, recall_0.3=(0, 4985) / 5998]eval:  35%|███▍      | 1306/3769 [03:00<05:02,  8.13it/s, recall_0.3=(0, 4985) / 5998]eval:  35%|███▍      | 1306/3769 [03:00<05:02,  8.13it/s, recall_0.3=(0, 4986) / 5999]eval:  35%|███▍      | 1307/3769 [03:00<05:03,  8.11it/s, recall_0.3=(0, 4986) / 5999]eval:  35%|███▍      | 1307/3769 [03:01<05:03,  8.11it/s, recall_0.3=(0, 4989) / 6002]eval:  35%|███▍      | 1308/3769 [03:01<04:57,  8.28it/s, recall_0.3=(0, 4989) / 6002]eval:  35%|███▍      | 1308/3769 [03:01<04:57,  8.28it/s, recall_0.3=(0, 4993) / 6006]eval:  35%|███▍      | 1309/3769 [03:01<05:05,  8.04it/s, recall_0.3=(0, 4993) / 6006]eval:  35%|███▍      | 1309/3769 [03:01<05:05,  8.04it/s, recall_0.3=(0, 5000) / 6014]eval:  35%|███▍      | 1310/3769 [03:01<05:16,  7.76it/s, recall_0.3=(0, 5000) / 6014]eval:  35%|███▍      | 1310/3769 [03:01<05:16,  7.76it/s, recall_0.3=(0, 5000) / 6015]eval:  35%|███▍      | 1311/3769 [03:01<05:07,  7.99it/s, recall_0.3=(0, 5000) / 6015]eval:  35%|███▍      | 1311/3769 [03:01<05:07,  7.99it/s, recall_0.3=(0, 5003) / 6018]eval:  35%|███▍      | 1312/3769 [03:01<05:01,  8.15it/s, recall_0.3=(0, 5003) / 6018]eval:  35%|███▍      | 1312/3769 [03:01<05:01,  8.15it/s, recall_0.3=(0, 5008) / 6024]eval:  35%|███▍      | 1313/3769 [03:01<05:05,  8.04it/s, recall_0.3=(0, 5008) / 6024]eval:  35%|███▍      | 1313/3769 [03:01<05:05,  8.04it/s, recall_0.3=(0, 5012) / 6028]eval:  35%|███▍      | 1314/3769 [03:01<04:55,  8.31it/s, recall_0.3=(0, 5012) / 6028]eval:  35%|███▍      | 1314/3769 [03:01<04:55,  8.31it/s, recall_0.3=(0, 5018) / 6036]eval:  35%|███▍      | 1315/3769 [03:01<05:06,  8.02it/s, recall_0.3=(0, 5018) / 6036]eval:  35%|███▍      | 1315/3769 [03:02<05:06,  8.02it/s, recall_0.3=(0, 5020) / 6039]eval:  35%|███▍      | 1316/3769 [03:02<05:05,  8.04it/s, recall_0.3=(0, 5020) / 6039]eval:  35%|███▍      | 1316/3769 [03:02<05:05,  8.04it/s, recall_0.3=(0, 5031) / 6051]eval:  35%|███▍      | 1317/3769 [03:02<05:04,  8.05it/s, recall_0.3=(0, 5031) / 6051]eval:  35%|███▍      | 1317/3769 [03:02<05:04,  8.05it/s, recall_0.3=(0, 5042) / 6064]eval:  35%|███▍      | 1318/3769 [03:02<05:04,  8.04it/s, recall_0.3=(0, 5042) / 6064]eval:  35%|███▍      | 1318/3769 [03:02<05:04,  8.04it/s, recall_0.3=(0, 5047) / 6069]eval:  35%|███▍      | 1319/3769 [03:02<04:59,  8.18it/s, recall_0.3=(0, 5047) / 6069]eval:  35%|███▍      | 1319/3769 [03:02<04:59,  8.18it/s, recall_0.3=(0, 5051) / 6075]eval:  35%|███▌      | 1320/3769 [03:02<04:52,  8.37it/s, recall_0.3=(0, 5051) / 6075]eval:  35%|███▌      | 1320/3769 [03:02<04:52,  8.37it/s, recall_0.3=(0, 5054) / 6078]eval:  35%|███▌      | 1321/3769 [03:02<04:58,  8.19it/s, recall_0.3=(0, 5054) / 6078]eval:  35%|███▌      | 1321/3769 [03:02<04:58,  8.19it/s, recall_0.3=(0, 5056) / 6081]eval:  35%|███▌      | 1322/3769 [03:02<04:59,  8.18it/s, recall_0.3=(0, 5056) / 6081]eval:  35%|███▌      | 1322/3769 [03:02<04:59,  8.18it/s, recall_0.3=(0, 5057) / 6082]eval:  35%|███▌      | 1323/3769 [03:02<04:58,  8.20it/s, recall_0.3=(0, 5057) / 6082]eval:  35%|███▌      | 1323/3769 [03:03<04:58,  8.20it/s, recall_0.3=(0, 5057) / 6083]eval:  35%|███▌      | 1324/3769 [03:03<05:01,  8.10it/s, recall_0.3=(0, 5057) / 6083]eval:  35%|███▌      | 1324/3769 [03:03<05:01,  8.10it/s, recall_0.3=(0, 5060) / 6086]eval:  35%|███▌      | 1325/3769 [03:03<04:58,  8.17it/s, recall_0.3=(0, 5060) / 6086]eval:  35%|███▌      | 1325/3769 [03:03<04:58,  8.17it/s, recall_0.3=(0, 5061) / 6088]eval:  35%|███▌      | 1326/3769 [03:03<05:09,  7.90it/s, recall_0.3=(0, 5061) / 6088]eval:  35%|███▌      | 1326/3769 [03:03<05:09,  7.90it/s, recall_0.3=(0, 5063) / 6090]eval:  35%|███▌      | 1327/3769 [03:03<05:03,  8.03it/s, recall_0.3=(0, 5063) / 6090]eval:  35%|███▌      | 1327/3769 [03:03<05:03,  8.03it/s, recall_0.3=(0, 5075) / 6104]eval:  35%|███▌      | 1328/3769 [03:03<05:06,  7.97it/s, recall_0.3=(0, 5075) / 6104]eval:  35%|███▌      | 1328/3769 [03:03<05:06,  7.97it/s, recall_0.3=(0, 5087) / 6121]eval:  35%|███▌      | 1329/3769 [03:03<05:06,  7.97it/s, recall_0.3=(0, 5087) / 6121]eval:  35%|███▌      | 1329/3769 [03:03<05:06,  7.97it/s, recall_0.3=(0, 5088) / 6122]eval:  35%|███▌      | 1330/3769 [03:03<05:03,  8.04it/s, recall_0.3=(0, 5088) / 6122]eval:  35%|███▌      | 1330/3769 [03:03<05:03,  8.04it/s, recall_0.3=(0, 5092) / 6127]eval:  35%|███▌      | 1331/3769 [03:03<05:01,  8.09it/s, recall_0.3=(0, 5092) / 6127]eval:  35%|███▌      | 1331/3769 [03:04<05:01,  8.09it/s, recall_0.3=(0, 5102) / 6137]eval:  35%|███▌      | 1332/3769 [03:04<05:03,  8.03it/s, recall_0.3=(0, 5102) / 6137]eval:  35%|███▌      | 1332/3769 [03:04<05:03,  8.03it/s, recall_0.3=(0, 5103) / 6138]eval:  35%|███▌      | 1333/3769 [03:04<04:56,  8.21it/s, recall_0.3=(0, 5103) / 6138]eval:  35%|███▌      | 1333/3769 [03:04<04:56,  8.21it/s, recall_0.3=(0, 5109) / 6144]eval:  35%|███▌      | 1334/3769 [03:04<05:00,  8.10it/s, recall_0.3=(0, 5109) / 6144]eval:  35%|███▌      | 1334/3769 [03:04<05:00,  8.10it/s, recall_0.3=(0, 5110) / 6145]eval:  35%|███▌      | 1335/3769 [03:04<04:59,  8.14it/s, recall_0.3=(0, 5110) / 6145]eval:  35%|███▌      | 1335/3769 [03:04<04:59,  8.14it/s, recall_0.3=(0, 5113) / 6151]eval:  35%|███▌      | 1336/3769 [03:04<05:00,  8.09it/s, recall_0.3=(0, 5113) / 6151]eval:  35%|███▌      | 1336/3769 [03:04<05:00,  8.09it/s, recall_0.3=(0, 5118) / 6158]eval:  35%|███▌      | 1337/3769 [03:04<04:57,  8.19it/s, recall_0.3=(0, 5118) / 6158]eval:  35%|███▌      | 1337/3769 [03:04<04:57,  8.19it/s, recall_0.3=(0, 5119) / 6160]eval:  36%|███▌      | 1338/3769 [03:04<04:56,  8.20it/s, recall_0.3=(0, 5119) / 6160]eval:  36%|███▌      | 1338/3769 [03:04<04:56,  8.20it/s, recall_0.3=(0, 5122) / 6166]eval:  36%|███▌      | 1339/3769 [03:04<04:56,  8.19it/s, recall_0.3=(0, 5122) / 6166]eval:  36%|███▌      | 1339/3769 [03:05<04:56,  8.19it/s, recall_0.3=(0, 5128) / 6172]eval:  36%|███▌      | 1340/3769 [03:05<04:56,  8.20it/s, recall_0.3=(0, 5128) / 6172]eval:  36%|███▌      | 1340/3769 [03:05<04:56,  8.20it/s, recall_0.3=(0, 5129) / 6173]eval:  36%|███▌      | 1341/3769 [03:05<04:58,  8.12it/s, recall_0.3=(0, 5129) / 6173]eval:  36%|███▌      | 1341/3769 [03:05<04:58,  8.12it/s, recall_0.3=(0, 5132) / 6180]eval:  36%|███▌      | 1342/3769 [03:05<04:53,  8.27it/s, recall_0.3=(0, 5132) / 6180]eval:  36%|███▌      | 1342/3769 [03:05<04:53,  8.27it/s, recall_0.3=(0, 5133) / 6181]eval:  36%|███▌      | 1343/3769 [03:05<04:51,  8.31it/s, recall_0.3=(0, 5133) / 6181]eval:  36%|███▌      | 1343/3769 [03:05<04:51,  8.31it/s, recall_0.3=(0, 5135) / 6184]eval:  36%|███▌      | 1344/3769 [03:05<04:50,  8.36it/s, recall_0.3=(0, 5135) / 6184]eval:  36%|███▌      | 1344/3769 [03:05<04:50,  8.36it/s, recall_0.3=(0, 5137) / 6187]eval:  36%|███▌      | 1345/3769 [03:05<04:52,  8.29it/s, recall_0.3=(0, 5137) / 6187]eval:  36%|███▌      | 1345/3769 [03:05<04:52,  8.29it/s, recall_0.3=(0, 5140) / 6191]eval:  36%|███▌      | 1346/3769 [03:05<04:57,  8.16it/s, recall_0.3=(0, 5140) / 6191]eval:  36%|███▌      | 1346/3769 [03:05<04:57,  8.16it/s, recall_0.3=(0, 5141) / 6195]eval:  36%|███▌      | 1347/3769 [03:05<04:55,  8.19it/s, recall_0.3=(0, 5141) / 6195]eval:  36%|███▌      | 1347/3769 [03:05<04:55,  8.19it/s, recall_0.3=(0, 5156) / 6213]eval:  36%|███▌      | 1348/3769 [03:05<04:58,  8.12it/s, recall_0.3=(0, 5156) / 6213]eval:  36%|███▌      | 1348/3769 [03:06<04:58,  8.12it/s, recall_0.3=(0, 5158) / 6215]eval:  36%|███▌      | 1349/3769 [03:06<04:55,  8.18it/s, recall_0.3=(0, 5158) / 6215]eval:  36%|███▌      | 1349/3769 [03:06<04:55,  8.18it/s, recall_0.3=(0, 5160) / 6217]eval:  36%|███▌      | 1350/3769 [03:06<05:07,  7.86it/s, recall_0.3=(0, 5160) / 6217]eval:  36%|███▌      | 1350/3769 [03:06<05:07,  7.86it/s, recall_0.3=(0, 5165) / 6225]eval:  36%|███▌      | 1351/3769 [03:06<04:50,  8.31it/s, recall_0.3=(0, 5165) / 6225]eval:  36%|███▌      | 1351/3769 [03:06<04:50,  8.31it/s, recall_0.3=(0, 5170) / 6232]eval:  36%|███▌      | 1352/3769 [03:06<04:55,  8.19it/s, recall_0.3=(0, 5170) / 6232]eval:  36%|███▌      | 1352/3769 [03:06<04:55,  8.19it/s, recall_0.3=(0, 5172) / 6235]eval:  36%|███▌      | 1353/3769 [03:06<04:58,  8.09it/s, recall_0.3=(0, 5172) / 6235]eval:  36%|███▌      | 1353/3769 [03:06<04:58,  8.09it/s, recall_0.3=(0, 5174) / 6238]eval:  36%|███▌      | 1354/3769 [03:06<04:58,  8.09it/s, recall_0.3=(0, 5174) / 6238]eval:  36%|███▌      | 1354/3769 [03:06<04:58,  8.09it/s, recall_0.3=(0, 5174) / 6239]eval:  36%|███▌      | 1355/3769 [03:06<04:57,  8.11it/s, recall_0.3=(0, 5174) / 6239]eval:  36%|███▌      | 1355/3769 [03:06<04:57,  8.11it/s, recall_0.3=(0, 5175) / 6240]eval:  36%|███▌      | 1356/3769 [03:06<04:52,  8.25it/s, recall_0.3=(0, 5175) / 6240]eval:  36%|███▌      | 1356/3769 [03:07<04:52,  8.25it/s, recall_0.3=(0, 5181) / 6246]eval:  36%|███▌      | 1357/3769 [03:07<04:57,  8.10it/s, recall_0.3=(0, 5181) / 6246]eval:  36%|███▌      | 1357/3769 [03:07<04:57,  8.10it/s, recall_0.3=(0, 5182) / 6248]eval:  36%|███▌      | 1358/3769 [03:07<04:57,  8.10it/s, recall_0.3=(0, 5182) / 6248]eval:  36%|███▌      | 1358/3769 [03:07<04:57,  8.10it/s, recall_0.3=(0, 5185) / 6252]eval:  36%|███▌      | 1359/3769 [03:07<04:57,  8.09it/s, recall_0.3=(0, 5185) / 6252]eval:  36%|███▌      | 1359/3769 [03:07<04:57,  8.09it/s, recall_0.3=(0, 5191) / 6263]eval:  36%|███▌      | 1360/3769 [03:07<05:03,  7.94it/s, recall_0.3=(0, 5191) / 6263]eval:  36%|███▌      | 1360/3769 [03:07<05:03,  7.94it/s, recall_0.3=(0, 5193) / 6266]eval:  36%|███▌      | 1361/3769 [03:07<05:03,  7.93it/s, recall_0.3=(0, 5193) / 6266]eval:  36%|███▌      | 1361/3769 [03:07<05:03,  7.93it/s, recall_0.3=(0, 5197) / 6271]eval:  36%|███▌      | 1362/3769 [03:07<05:05,  7.89it/s, recall_0.3=(0, 5197) / 6271]eval:  36%|███▌      | 1362/3769 [03:07<05:05,  7.89it/s, recall_0.3=(0, 5199) / 6274]eval:  36%|███▌      | 1363/3769 [03:07<05:00,  8.00it/s, recall_0.3=(0, 5199) / 6274]eval:  36%|███▌      | 1363/3769 [03:07<05:00,  8.00it/s, recall_0.3=(0, 5204) / 6279]eval:  36%|███▌      | 1364/3769 [03:07<04:58,  8.06it/s, recall_0.3=(0, 5204) / 6279]eval:  36%|███▌      | 1364/3769 [03:08<04:58,  8.06it/s, recall_0.3=(0, 5212) / 6287]eval:  36%|███▌      | 1365/3769 [03:08<04:52,  8.21it/s, recall_0.3=(0, 5212) / 6287]eval:  36%|███▌      | 1365/3769 [03:08<04:52,  8.21it/s, recall_0.3=(0, 5213) / 6288]eval:  36%|███▌      | 1366/3769 [03:08<04:58,  8.05it/s, recall_0.3=(0, 5213) / 6288]eval:  36%|███▌      | 1366/3769 [03:08<04:58,  8.05it/s, recall_0.3=(0, 5219) / 6295]eval:  36%|███▋      | 1367/3769 [03:08<04:59,  8.03it/s, recall_0.3=(0, 5219) / 6295]eval:  36%|███▋      | 1367/3769 [03:08<04:59,  8.03it/s, recall_0.3=(0, 5221) / 6297]eval:  36%|███▋      | 1368/3769 [03:08<04:53,  8.17it/s, recall_0.3=(0, 5221) / 6297]eval:  36%|███▋      | 1368/3769 [03:08<04:53,  8.17it/s, recall_0.3=(0, 5232) / 6313]eval:  36%|███▋      | 1369/3769 [03:08<04:56,  8.09it/s, recall_0.3=(0, 5232) / 6313]eval:  36%|███▋      | 1369/3769 [03:08<04:56,  8.09it/s, recall_0.3=(0, 5235) / 6317]eval:  36%|███▋      | 1370/3769 [03:08<04:52,  8.20it/s, recall_0.3=(0, 5235) / 6317]eval:  36%|███▋      | 1370/3769 [03:08<04:52,  8.20it/s, recall_0.3=(0, 5241) / 6323]eval:  36%|███▋      | 1371/3769 [03:08<04:51,  8.22it/s, recall_0.3=(0, 5241) / 6323]eval:  36%|███▋      | 1371/3769 [03:08<04:51,  8.22it/s, recall_0.3=(0, 5247) / 6331]eval:  36%|███▋      | 1372/3769 [03:08<04:48,  8.31it/s, recall_0.3=(0, 5247) / 6331]eval:  36%|███▋      | 1372/3769 [03:09<04:48,  8.31it/s, recall_0.3=(0, 5254) / 6338]eval:  36%|███▋      | 1373/3769 [03:09<04:47,  8.33it/s, recall_0.3=(0, 5254) / 6338]eval:  36%|███▋      | 1373/3769 [03:09<04:47,  8.33it/s, recall_0.3=(0, 5261) / 6346]eval:  36%|███▋      | 1374/3769 [03:09<04:39,  8.57it/s, recall_0.3=(0, 5261) / 6346]eval:  36%|███▋      | 1374/3769 [03:09<04:39,  8.57it/s, recall_0.3=(0, 5263) / 6348]eval:  36%|███▋      | 1375/3769 [03:09<04:49,  8.27it/s, recall_0.3=(0, 5263) / 6348]eval:  36%|███▋      | 1375/3769 [03:09<04:49,  8.27it/s, recall_0.3=(0, 5268) / 6355]eval:  37%|███▋      | 1376/3769 [03:09<04:48,  8.31it/s, recall_0.3=(0, 5268) / 6355]eval:  37%|███▋      | 1376/3769 [03:09<04:48,  8.31it/s, recall_0.3=(0, 5276) / 6365]eval:  37%|███▋      | 1377/3769 [03:09<04:50,  8.24it/s, recall_0.3=(0, 5276) / 6365]eval:  37%|███▋      | 1377/3769 [03:09<04:50,  8.24it/s, recall_0.3=(0, 5278) / 6367]eval:  37%|███▋      | 1378/3769 [03:09<04:51,  8.20it/s, recall_0.3=(0, 5278) / 6367]eval:  37%|███▋      | 1378/3769 [03:09<04:51,  8.20it/s, recall_0.3=(0, 5279) / 6368]eval:  37%|███▋      | 1379/3769 [03:09<04:49,  8.25it/s, recall_0.3=(0, 5279) / 6368]eval:  37%|███▋      | 1379/3769 [03:09<04:49,  8.25it/s, recall_0.3=(0, 5282) / 6372]eval:  37%|███▋      | 1380/3769 [03:09<04:51,  8.20it/s, recall_0.3=(0, 5282) / 6372]eval:  37%|███▋      | 1380/3769 [03:10<04:51,  8.20it/s, recall_0.3=(0, 5285) / 6375]eval:  37%|███▋      | 1381/3769 [03:10<04:56,  8.04it/s, recall_0.3=(0, 5285) / 6375]eval:  37%|███▋      | 1381/3769 [03:10<04:56,  8.04it/s, recall_0.3=(0, 5285) / 6376]eval:  37%|███▋      | 1382/3769 [03:10<04:51,  8.18it/s, recall_0.3=(0, 5285) / 6376]eval:  37%|███▋      | 1382/3769 [03:10<04:51,  8.18it/s, recall_0.3=(0, 5286) / 6377]eval:  37%|███▋      | 1383/3769 [03:10<04:49,  8.24it/s, recall_0.3=(0, 5286) / 6377]eval:  37%|███▋      | 1383/3769 [03:10<04:49,  8.24it/s, recall_0.3=(0, 5286) / 6378]eval:  37%|███▋      | 1384/3769 [03:10<04:48,  8.26it/s, recall_0.3=(0, 5286) / 6378]eval:  37%|███▋      | 1384/3769 [03:10<04:48,  8.26it/s, recall_0.3=(0, 5289) / 6381]eval:  37%|███▋      | 1385/3769 [03:10<04:51,  8.18it/s, recall_0.3=(0, 5289) / 6381]eval:  37%|███▋      | 1385/3769 [03:10<04:51,  8.18it/s, recall_0.3=(0, 5290) / 6382]eval:  37%|███▋      | 1386/3769 [03:10<04:45,  8.33it/s, recall_0.3=(0, 5290) / 6382]eval:  37%|███▋      | 1386/3769 [03:10<04:45,  8.33it/s, recall_0.3=(0, 5292) / 6385]eval:  37%|███▋      | 1387/3769 [03:10<04:48,  8.27it/s, recall_0.3=(0, 5292) / 6385]eval:  37%|███▋      | 1387/3769 [03:10<04:48,  8.27it/s, recall_0.3=(0, 5298) / 6391]eval:  37%|███▋      | 1388/3769 [03:10<04:48,  8.26it/s, recall_0.3=(0, 5298) / 6391]eval:  37%|███▋      | 1388/3769 [03:10<04:48,  8.26it/s, recall_0.3=(0, 5307) / 6401]eval:  37%|███▋      | 1389/3769 [03:10<04:43,  8.41it/s, recall_0.3=(0, 5307) / 6401]eval:  37%|███▋      | 1389/3769 [03:11<04:43,  8.41it/s, recall_0.3=(0, 5309) / 6403]eval:  37%|███▋      | 1390/3769 [03:11<04:50,  8.20it/s, recall_0.3=(0, 5309) / 6403]eval:  37%|███▋      | 1390/3769 [03:11<04:50,  8.20it/s, recall_0.3=(0, 5315) / 6409]eval:  37%|███▋      | 1391/3769 [03:11<04:48,  8.23it/s, recall_0.3=(0, 5315) / 6409]eval:  37%|███▋      | 1391/3769 [03:11<04:48,  8.23it/s, recall_0.3=(0, 5320) / 6415]eval:  37%|███▋      | 1392/3769 [03:11<04:53,  8.11it/s, recall_0.3=(0, 5320) / 6415]eval:  37%|███▋      | 1392/3769 [03:11<04:53,  8.11it/s, recall_0.3=(0, 5325) / 6420]eval:  37%|███▋      | 1393/3769 [03:11<04:53,  8.11it/s, recall_0.3=(0, 5325) / 6420]eval:  37%|███▋      | 1393/3769 [03:11<04:53,  8.11it/s, recall_0.3=(0, 5332) / 6429]eval:  37%|███▋      | 1394/3769 [03:11<04:49,  8.22it/s, recall_0.3=(0, 5332) / 6429]eval:  37%|███▋      | 1394/3769 [03:11<04:49,  8.22it/s, recall_0.3=(0, 5335) / 6436]eval:  37%|███▋      | 1395/3769 [03:11<04:49,  8.19it/s, recall_0.3=(0, 5335) / 6436]eval:  37%|███▋      | 1395/3769 [03:11<04:49,  8.19it/s, recall_0.3=(0, 5338) / 6439]eval:  37%|███▋      | 1396/3769 [03:11<04:50,  8.18it/s, recall_0.3=(0, 5338) / 6439]eval:  37%|███▋      | 1396/3769 [03:11<04:50,  8.18it/s, recall_0.3=(0, 5341) / 6442]eval:  37%|███▋      | 1397/3769 [03:11<04:41,  8.42it/s, recall_0.3=(0, 5341) / 6442]eval:  37%|███▋      | 1397/3769 [03:12<04:41,  8.42it/s, recall_0.3=(0, 5345) / 6448]eval:  37%|███▋      | 1398/3769 [03:12<04:41,  8.43it/s, recall_0.3=(0, 5345) / 6448]eval:  37%|███▋      | 1398/3769 [03:12<04:41,  8.43it/s, recall_0.3=(0, 5348) / 6451]eval:  37%|███▋      | 1399/3769 [03:12<04:51,  8.12it/s, recall_0.3=(0, 5348) / 6451]eval:  37%|███▋      | 1399/3769 [03:12<04:51,  8.12it/s, recall_0.3=(0, 5349) / 6453]eval:  37%|███▋      | 1400/3769 [03:12<04:50,  8.17it/s, recall_0.3=(0, 5349) / 6453]eval:  37%|███▋      | 1400/3769 [03:12<04:50,  8.17it/s, recall_0.3=(0, 5353) / 6457]eval:  37%|███▋      | 1401/3769 [03:12<04:52,  8.08it/s, recall_0.3=(0, 5353) / 6457]eval:  37%|███▋      | 1401/3769 [03:12<04:52,  8.08it/s, recall_0.3=(0, 5356) / 6462]eval:  37%|███▋      | 1402/3769 [03:12<04:47,  8.24it/s, recall_0.3=(0, 5356) / 6462]eval:  37%|███▋      | 1402/3769 [03:12<04:47,  8.24it/s, recall_0.3=(0, 5358) / 6464]eval:  37%|███▋      | 1403/3769 [03:12<04:43,  8.35it/s, recall_0.3=(0, 5358) / 6464]eval:  37%|███▋      | 1403/3769 [03:12<04:43,  8.35it/s, recall_0.3=(0, 5359) / 6465]eval:  37%|███▋      | 1404/3769 [03:12<04:36,  8.55it/s, recall_0.3=(0, 5359) / 6465]eval:  37%|███▋      | 1404/3769 [03:12<04:36,  8.55it/s, recall_0.3=(0, 5360) / 6466]eval:  37%|███▋      | 1405/3769 [03:12<04:36,  8.55it/s, recall_0.3=(0, 5360) / 6466]eval:  37%|███▋      | 1405/3769 [03:13<04:36,  8.55it/s, recall_0.3=(0, 5368) / 6475]eval:  37%|███▋      | 1406/3769 [03:13<04:38,  8.49it/s, recall_0.3=(0, 5368) / 6475]eval:  37%|███▋      | 1406/3769 [03:13<04:38,  8.49it/s, recall_0.3=(0, 5370) / 6477]eval:  37%|███▋      | 1407/3769 [03:13<04:35,  8.56it/s, recall_0.3=(0, 5370) / 6477]eval:  37%|███▋      | 1407/3769 [03:13<04:35,  8.56it/s, recall_0.3=(0, 5384) / 6492]eval:  37%|███▋      | 1408/3769 [03:13<04:35,  8.57it/s, recall_0.3=(0, 5384) / 6492]eval:  37%|███▋      | 1408/3769 [03:13<04:35,  8.57it/s, recall_0.3=(0, 5388) / 6500]eval:  37%|███▋      | 1409/3769 [03:13<04:34,  8.61it/s, recall_0.3=(0, 5388) / 6500]eval:  37%|███▋      | 1409/3769 [03:13<04:34,  8.61it/s, recall_0.3=(0, 5390) / 6502]eval:  37%|███▋      | 1410/3769 [03:13<04:36,  8.54it/s, recall_0.3=(0, 5390) / 6502]eval:  37%|███▋      | 1410/3769 [03:13<04:36,  8.54it/s, recall_0.3=(0, 5398) / 6510]eval:  37%|███▋      | 1411/3769 [03:13<04:35,  8.57it/s, recall_0.3=(0, 5398) / 6510]eval:  37%|███▋      | 1411/3769 [03:13<04:35,  8.57it/s, recall_0.3=(0, 5401) / 6514]eval:  37%|███▋      | 1412/3769 [03:13<04:31,  8.69it/s, recall_0.3=(0, 5401) / 6514]eval:  37%|███▋      | 1412/3769 [03:13<04:31,  8.69it/s, recall_0.3=(0, 5402) / 6515]eval:  37%|███▋      | 1413/3769 [03:13<04:28,  8.76it/s, recall_0.3=(0, 5402) / 6515]eval:  37%|███▋      | 1413/3769 [03:13<04:28,  8.76it/s, recall_0.3=(0, 5403) / 6516]eval:  38%|███▊      | 1414/3769 [03:13<04:35,  8.54it/s, recall_0.3=(0, 5403) / 6516]eval:  38%|███▊      | 1414/3769 [03:14<04:35,  8.54it/s, recall_0.3=(0, 5409) / 6523]eval:  38%|███▊      | 1415/3769 [03:14<04:30,  8.71it/s, recall_0.3=(0, 5409) / 6523]eval:  38%|███▊      | 1415/3769 [03:14<04:30,  8.71it/s, recall_0.3=(0, 5411) / 6525]eval:  38%|███▊      | 1416/3769 [03:14<04:39,  8.41it/s, recall_0.3=(0, 5411) / 6525]eval:  38%|███▊      | 1416/3769 [03:14<04:39,  8.41it/s, recall_0.3=(0, 5413) / 6527]eval:  38%|███▊      | 1417/3769 [03:14<04:32,  8.65it/s, recall_0.3=(0, 5413) / 6527]eval:  38%|███▊      | 1417/3769 [03:14<04:32,  8.65it/s, recall_0.3=(0, 5419) / 6535]eval:  38%|███▊      | 1418/3769 [03:14<04:44,  8.27it/s, recall_0.3=(0, 5419) / 6535]eval:  38%|███▊      | 1418/3769 [03:14<04:44,  8.27it/s, recall_0.3=(0, 5421) / 6538]eval:  38%|███▊      | 1419/3769 [03:14<04:42,  8.33it/s, recall_0.3=(0, 5421) / 6538]eval:  38%|███▊      | 1419/3769 [03:14<04:42,  8.33it/s, recall_0.3=(0, 5427) / 6549]eval:  38%|███▊      | 1420/3769 [03:14<04:40,  8.38it/s, recall_0.3=(0, 5427) / 6549]eval:  38%|███▊      | 1420/3769 [03:14<04:40,  8.38it/s, recall_0.3=(0, 5429) / 6551]eval:  38%|███▊      | 1421/3769 [03:14<04:36,  8.48it/s, recall_0.3=(0, 5429) / 6551]eval:  38%|███▊      | 1421/3769 [03:14<04:36,  8.48it/s, recall_0.3=(0, 5433) / 6555]eval:  38%|███▊      | 1422/3769 [03:14<04:40,  8.36it/s, recall_0.3=(0, 5433) / 6555]eval:  38%|███▊      | 1422/3769 [03:15<04:40,  8.36it/s, recall_0.3=(0, 5440) / 6563]eval:  38%|███▊      | 1423/3769 [03:15<04:42,  8.31it/s, recall_0.3=(0, 5440) / 6563]eval:  38%|███▊      | 1423/3769 [03:15<04:42,  8.31it/s, recall_0.3=(0, 5446) / 6569]eval:  38%|███▊      | 1424/3769 [03:15<04:37,  8.45it/s, recall_0.3=(0, 5446) / 6569]eval:  38%|███▊      | 1424/3769 [03:15<04:37,  8.45it/s, recall_0.3=(0, 5453) / 6576]eval:  38%|███▊      | 1425/3769 [03:15<04:38,  8.42it/s, recall_0.3=(0, 5453) / 6576]eval:  38%|███▊      | 1425/3769 [03:15<04:38,  8.42it/s, recall_0.3=(0, 5462) / 6585]eval:  38%|███▊      | 1426/3769 [03:15<04:39,  8.39it/s, recall_0.3=(0, 5462) / 6585]eval:  38%|███▊      | 1426/3769 [03:15<04:39,  8.39it/s, recall_0.3=(0, 5463) / 6586]eval:  38%|███▊      | 1427/3769 [03:15<04:36,  8.47it/s, recall_0.3=(0, 5463) / 6586]eval:  38%|███▊      | 1427/3769 [03:15<04:36,  8.47it/s, recall_0.3=(0, 5469) / 6592]eval:  38%|███▊      | 1428/3769 [03:15<04:35,  8.49it/s, recall_0.3=(0, 5469) / 6592]eval:  38%|███▊      | 1428/3769 [03:15<04:35,  8.49it/s, recall_0.3=(0, 5473) / 6596]eval:  38%|███▊      | 1429/3769 [03:15<04:37,  8.42it/s, recall_0.3=(0, 5473) / 6596]eval:  38%|███▊      | 1429/3769 [03:15<04:37,  8.42it/s, recall_0.3=(0, 5473) / 6597]eval:  38%|███▊      | 1430/3769 [03:15<04:32,  8.57it/s, recall_0.3=(0, 5473) / 6597]eval:  38%|███▊      | 1430/3769 [03:16<04:32,  8.57it/s, recall_0.3=(0, 5477) / 6601]eval:  38%|███▊      | 1431/3769 [03:16<04:43,  8.24it/s, recall_0.3=(0, 5477) / 6601]eval:  38%|███▊      | 1431/3769 [03:16<04:43,  8.24it/s, recall_0.3=(0, 5481) / 6607]eval:  38%|███▊      | 1432/3769 [03:16<04:41,  8.29it/s, recall_0.3=(0, 5481) / 6607]eval:  38%|███▊      | 1432/3769 [03:16<04:41,  8.29it/s, recall_0.3=(0, 5482) / 6608]eval:  38%|███▊      | 1433/3769 [03:16<04:38,  8.39it/s, recall_0.3=(0, 5482) / 6608]eval:  38%|███▊      | 1433/3769 [03:16<04:38,  8.39it/s, recall_0.3=(0, 5483) / 6610]eval:  38%|███▊      | 1434/3769 [03:16<04:44,  8.20it/s, recall_0.3=(0, 5483) / 6610]eval:  38%|███▊      | 1434/3769 [03:16<04:44,  8.20it/s, recall_0.3=(0, 5483) / 6611]eval:  38%|███▊      | 1435/3769 [03:16<04:45,  8.18it/s, recall_0.3=(0, 5483) / 6611]eval:  38%|███▊      | 1435/3769 [03:16<04:45,  8.18it/s, recall_0.3=(0, 5487) / 6615]eval:  38%|███▊      | 1436/3769 [03:16<04:41,  8.30it/s, recall_0.3=(0, 5487) / 6615]eval:  38%|███▊      | 1436/3769 [03:16<04:41,  8.30it/s, recall_0.3=(0, 5491) / 6619]eval:  38%|███▊      | 1437/3769 [03:16<04:39,  8.35it/s, recall_0.3=(0, 5491) / 6619]eval:  38%|███▊      | 1437/3769 [03:16<04:39,  8.35it/s, recall_0.3=(0, 5494) / 6622]eval:  38%|███▊      | 1438/3769 [03:16<04:42,  8.25it/s, recall_0.3=(0, 5494) / 6622]eval:  38%|███▊      | 1438/3769 [03:16<04:42,  8.25it/s, recall_0.3=(0, 5495) / 6623]eval:  38%|███▊      | 1439/3769 [03:16<04:44,  8.18it/s, recall_0.3=(0, 5495) / 6623]eval:  38%|███▊      | 1439/3769 [03:17<04:44,  8.18it/s, recall_0.3=(0, 5497) / 6626]eval:  38%|███▊      | 1440/3769 [03:17<04:35,  8.46it/s, recall_0.3=(0, 5497) / 6626]eval:  38%|███▊      | 1440/3769 [03:17<04:35,  8.46it/s, recall_0.3=(0, 5498) / 6629]eval:  38%|███▊      | 1441/3769 [03:17<04:26,  8.73it/s, recall_0.3=(0, 5498) / 6629]eval:  38%|███▊      | 1441/3769 [03:17<04:26,  8.73it/s, recall_0.3=(0, 5499) / 6631]eval:  38%|███▊      | 1442/3769 [03:17<04:43,  8.20it/s, recall_0.3=(0, 5499) / 6631]eval:  38%|███▊      | 1442/3769 [03:17<04:43,  8.20it/s, recall_0.3=(0, 5503) / 6635]eval:  38%|███▊      | 1443/3769 [03:17<04:45,  8.14it/s, recall_0.3=(0, 5503) / 6635]eval:  38%|███▊      | 1443/3769 [03:17<04:45,  8.14it/s, recall_0.3=(0, 5504) / 6636]eval:  38%|███▊      | 1444/3769 [03:17<04:43,  8.20it/s, recall_0.3=(0, 5504) / 6636]eval:  38%|███▊      | 1444/3769 [03:17<04:43,  8.20it/s, recall_0.3=(0, 5514) / 6647]eval:  38%|███▊      | 1445/3769 [03:17<04:43,  8.19it/s, recall_0.3=(0, 5514) / 6647]eval:  38%|███▊      | 1445/3769 [03:17<04:43,  8.19it/s, recall_0.3=(0, 5516) / 6650]eval:  38%|███▊      | 1446/3769 [03:17<04:36,  8.39it/s, recall_0.3=(0, 5516) / 6650]eval:  38%|███▊      | 1446/3769 [03:17<04:36,  8.39it/s, recall_0.3=(0, 5518) / 6652]eval:  38%|███▊      | 1447/3769 [03:17<04:34,  8.44it/s, recall_0.3=(0, 5518) / 6652]eval:  38%|███▊      | 1447/3769 [03:18<04:34,  8.44it/s, recall_0.3=(0, 5525) / 6660]eval:  38%|███▊      | 1448/3769 [03:18<04:37,  8.36it/s, recall_0.3=(0, 5525) / 6660]eval:  38%|███▊      | 1448/3769 [03:18<04:37,  8.36it/s, recall_0.3=(0, 5531) / 6666]eval:  38%|███▊      | 1449/3769 [03:18<04:36,  8.40it/s, recall_0.3=(0, 5531) / 6666]eval:  38%|███▊      | 1449/3769 [03:18<04:36,  8.40it/s, recall_0.3=(0, 5533) / 6668]eval:  38%|███▊      | 1450/3769 [03:18<04:36,  8.37it/s, recall_0.3=(0, 5533) / 6668]eval:  38%|███▊      | 1450/3769 [03:18<04:36,  8.37it/s, recall_0.3=(0, 5534) / 6670]eval:  38%|███▊      | 1451/3769 [03:18<04:33,  8.48it/s, recall_0.3=(0, 5534) / 6670]eval:  38%|███▊      | 1451/3769 [03:18<04:33,  8.48it/s, recall_0.3=(0, 5536) / 6672]eval:  39%|███▊      | 1452/3769 [03:18<04:31,  8.53it/s, recall_0.3=(0, 5536) / 6672]eval:  39%|███▊      | 1452/3769 [03:18<04:31,  8.53it/s, recall_0.3=(0, 5537) / 6673]eval:  39%|███▊      | 1453/3769 [03:18<04:24,  8.76it/s, recall_0.3=(0, 5537) / 6673]eval:  39%|███▊      | 1453/3769 [03:18<04:24,  8.76it/s, recall_0.3=(0, 5540) / 6676]eval:  39%|███▊      | 1454/3769 [03:18<04:26,  8.68it/s, recall_0.3=(0, 5540) / 6676]eval:  39%|███▊      | 1454/3769 [03:18<04:26,  8.68it/s, recall_0.3=(0, 5541) / 6677]eval:  39%|███▊      | 1455/3769 [03:18<04:27,  8.64it/s, recall_0.3=(0, 5541) / 6677]eval:  39%|███▊      | 1455/3769 [03:18<04:27,  8.64it/s, recall_0.3=(0, 5546) / 6685]eval:  39%|███▊      | 1456/3769 [03:18<04:26,  8.68it/s, recall_0.3=(0, 5546) / 6685]eval:  39%|███▊      | 1456/3769 [03:19<04:26,  8.68it/s, recall_0.3=(0, 5547) / 6688]eval:  39%|███▊      | 1457/3769 [03:19<04:20,  8.88it/s, recall_0.3=(0, 5547) / 6688]eval:  39%|███▊      | 1457/3769 [03:19<04:20,  8.88it/s, recall_0.3=(0, 5549) / 6690]eval:  39%|███▊      | 1458/3769 [03:19<04:30,  8.56it/s, recall_0.3=(0, 5549) / 6690]eval:  39%|███▊      | 1458/3769 [03:19<04:30,  8.56it/s, recall_0.3=(0, 5553) / 6694]eval:  39%|███▊      | 1459/3769 [03:19<04:30,  8.53it/s, recall_0.3=(0, 5553) / 6694]eval:  39%|███▊      | 1459/3769 [03:19<04:30,  8.53it/s, recall_0.3=(0, 5555) / 6696]eval:  39%|███▊      | 1460/3769 [03:19<04:31,  8.50it/s, recall_0.3=(0, 5555) / 6696]eval:  39%|███▊      | 1460/3769 [03:19<04:31,  8.50it/s, recall_0.3=(0, 5558) / 6699]eval:  39%|███▉      | 1461/3769 [03:19<04:28,  8.58it/s, recall_0.3=(0, 5558) / 6699]eval:  39%|███▉      | 1461/3769 [03:19<04:28,  8.58it/s, recall_0.3=(0, 5564) / 6705]eval:  39%|███▉      | 1462/3769 [03:19<04:31,  8.50it/s, recall_0.3=(0, 5564) / 6705]eval:  39%|███▉      | 1462/3769 [03:19<04:31,  8.50it/s, recall_0.3=(0, 5569) / 6710]eval:  39%|███▉      | 1463/3769 [03:19<04:34,  8.40it/s, recall_0.3=(0, 5569) / 6710]eval:  39%|███▉      | 1463/3769 [03:19<04:34,  8.40it/s, recall_0.3=(0, 5571) / 6712]eval:  39%|███▉      | 1464/3769 [03:19<04:37,  8.31it/s, recall_0.3=(0, 5571) / 6712]eval:  39%|███▉      | 1464/3769 [03:20<04:37,  8.31it/s, recall_0.3=(0, 5578) / 6721]eval:  39%|███▉      | 1465/3769 [03:20<04:38,  8.26it/s, recall_0.3=(0, 5578) / 6721]eval:  39%|███▉      | 1465/3769 [03:20<04:38,  8.26it/s, recall_0.3=(0, 5586) / 6730]eval:  39%|███▉      | 1466/3769 [03:20<04:42,  8.14it/s, recall_0.3=(0, 5586) / 6730]eval:  39%|███▉      | 1466/3769 [03:20<04:42,  8.14it/s, recall_0.3=(0, 5590) / 6734]eval:  39%|███▉      | 1467/3769 [03:20<04:41,  8.17it/s, recall_0.3=(0, 5590) / 6734]eval:  39%|███▉      | 1467/3769 [03:20<04:41,  8.17it/s, recall_0.3=(0, 5594) / 6738]eval:  39%|███▉      | 1468/3769 [03:20<04:47,  7.99it/s, recall_0.3=(0, 5594) / 6738]eval:  39%|███▉      | 1468/3769 [03:20<04:47,  7.99it/s, recall_0.3=(0, 5602) / 6749]eval:  39%|███▉      | 1469/3769 [03:20<04:51,  7.89it/s, recall_0.3=(0, 5602) / 6749]eval:  39%|███▉      | 1469/3769 [03:20<04:51,  7.89it/s, recall_0.3=(0, 5603) / 6750]eval:  39%|███▉      | 1470/3769 [03:20<04:46,  8.02it/s, recall_0.3=(0, 5603) / 6750]eval:  39%|███▉      | 1470/3769 [03:20<04:46,  8.02it/s, recall_0.3=(0, 5609) / 6759]eval:  39%|███▉      | 1471/3769 [03:20<04:37,  8.29it/s, recall_0.3=(0, 5609) / 6759]eval:  39%|███▉      | 1471/3769 [03:20<04:37,  8.29it/s, recall_0.3=(0, 5614) / 6765]eval:  39%|███▉      | 1472/3769 [03:20<04:41,  8.16it/s, recall_0.3=(0, 5614) / 6765]eval:  39%|███▉      | 1472/3769 [03:21<04:41,  8.16it/s, recall_0.3=(0, 5615) / 6766]eval:  39%|███▉      | 1473/3769 [03:21<04:37,  8.27it/s, recall_0.3=(0, 5615) / 6766]eval:  39%|███▉      | 1473/3769 [03:21<04:37,  8.27it/s, recall_0.3=(0, 5619) / 6771]eval:  39%|███▉      | 1474/3769 [03:21<04:38,  8.25it/s, recall_0.3=(0, 5619) / 6771]eval:  39%|███▉      | 1474/3769 [03:21<04:38,  8.25it/s, recall_0.3=(0, 5621) / 6774]eval:  39%|███▉      | 1475/3769 [03:21<04:36,  8.28it/s, recall_0.3=(0, 5621) / 6774]eval:  39%|███▉      | 1475/3769 [03:21<04:36,  8.28it/s, recall_0.3=(0, 5626) / 6779]eval:  39%|███▉      | 1476/3769 [03:21<04:34,  8.34it/s, recall_0.3=(0, 5626) / 6779]eval:  39%|███▉      | 1476/3769 [03:21<04:34,  8.34it/s, recall_0.3=(0, 5627) / 6780]eval:  39%|███▉      | 1477/3769 [03:21<04:24,  8.66it/s, recall_0.3=(0, 5627) / 6780]eval:  39%|███▉      | 1477/3769 [03:21<04:24,  8.66it/s, recall_0.3=(0, 5634) / 6787]eval:  39%|███▉      | 1478/3769 [03:21<04:39,  8.19it/s, recall_0.3=(0, 5634) / 6787]eval:  39%|███▉      | 1478/3769 [03:21<04:39,  8.19it/s, recall_0.3=(0, 5640) / 6795]eval:  39%|███▉      | 1479/3769 [03:21<04:36,  8.29it/s, recall_0.3=(0, 5640) / 6795]eval:  39%|███▉      | 1479/3769 [03:21<04:36,  8.29it/s, recall_0.3=(0, 5643) / 6799]eval:  39%|███▉      | 1480/3769 [03:21<04:32,  8.39it/s, recall_0.3=(0, 5643) / 6799]eval:  39%|███▉      | 1480/3769 [03:22<04:32,  8.39it/s, recall_0.3=(0, 5647) / 6805]eval:  39%|███▉      | 1481/3769 [03:22<04:44,  8.03it/s, recall_0.3=(0, 5647) / 6805]eval:  39%|███▉      | 1481/3769 [03:22<04:44,  8.03it/s, recall_0.3=(0, 5652) / 6811]eval:  39%|███▉      | 1482/3769 [03:22<04:45,  8.01it/s, recall_0.3=(0, 5652) / 6811]eval:  39%|███▉      | 1482/3769 [03:22<04:45,  8.01it/s, recall_0.3=(0, 5658) / 6821]eval:  39%|███▉      | 1483/3769 [03:22<04:47,  7.96it/s, recall_0.3=(0, 5658) / 6821]eval:  39%|███▉      | 1483/3769 [03:22<04:47,  7.96it/s, recall_0.3=(0, 5667) / 6832]eval:  39%|███▉      | 1484/3769 [03:22<04:37,  8.24it/s, recall_0.3=(0, 5667) / 6832]eval:  39%|███▉      | 1484/3769 [03:22<04:37,  8.24it/s, recall_0.3=(0, 5670) / 6835]eval:  39%|███▉      | 1485/3769 [03:22<04:32,  8.37it/s, recall_0.3=(0, 5670) / 6835]eval:  39%|███▉      | 1485/3769 [03:22<04:32,  8.37it/s, recall_0.3=(0, 5677) / 6842]eval:  39%|███▉      | 1486/3769 [03:22<04:41,  8.10it/s, recall_0.3=(0, 5677) / 6842]eval:  39%|███▉      | 1486/3769 [03:22<04:41,  8.10it/s, recall_0.3=(0, 5685) / 6852]eval:  39%|███▉      | 1487/3769 [03:22<04:43,  8.06it/s, recall_0.3=(0, 5685) / 6852]eval:  39%|███▉      | 1487/3769 [03:22<04:43,  8.06it/s, recall_0.3=(0, 5687) / 6854]eval:  39%|███▉      | 1488/3769 [03:22<04:42,  8.08it/s, recall_0.3=(0, 5687) / 6854]eval:  39%|███▉      | 1488/3769 [03:22<04:42,  8.08it/s, recall_0.3=(0, 5693) / 6865]eval:  40%|███▉      | 1489/3769 [03:22<04:37,  8.20it/s, recall_0.3=(0, 5693) / 6865]eval:  40%|███▉      | 1489/3769 [03:23<04:37,  8.20it/s, recall_0.3=(0, 5702) / 6879]eval:  40%|███▉      | 1490/3769 [03:23<04:41,  8.09it/s, recall_0.3=(0, 5702) / 6879]eval:  40%|███▉      | 1490/3769 [03:23<04:41,  8.09it/s, recall_0.3=(0, 5706) / 6883]eval:  40%|███▉      | 1491/3769 [03:23<04:38,  8.19it/s, recall_0.3=(0, 5706) / 6883]eval:  40%|███▉      | 1491/3769 [03:23<04:38,  8.19it/s, recall_0.3=(0, 5713) / 6890]eval:  40%|███▉      | 1492/3769 [03:23<04:36,  8.23it/s, recall_0.3=(0, 5713) / 6890]eval:  40%|███▉      | 1492/3769 [03:23<04:36,  8.23it/s, recall_0.3=(0, 5716) / 6894]eval:  40%|███▉      | 1493/3769 [03:23<04:35,  8.25it/s, recall_0.3=(0, 5716) / 6894]eval:  40%|███▉      | 1493/3769 [03:23<04:35,  8.25it/s, recall_0.3=(0, 5719) / 6898]eval:  40%|███▉      | 1494/3769 [03:23<04:34,  8.29it/s, recall_0.3=(0, 5719) / 6898]eval:  40%|███▉      | 1494/3769 [03:23<04:34,  8.29it/s, recall_0.3=(0, 5724) / 6903]eval:  40%|███▉      | 1495/3769 [03:23<04:38,  8.17it/s, recall_0.3=(0, 5724) / 6903]eval:  40%|███▉      | 1495/3769 [03:23<04:38,  8.17it/s, recall_0.3=(0, 5726) / 6906]eval:  40%|███▉      | 1496/3769 [03:23<04:30,  8.42it/s, recall_0.3=(0, 5726) / 6906]eval:  40%|███▉      | 1496/3769 [03:23<04:30,  8.42it/s, recall_0.3=(0, 5727) / 6907]eval:  40%|███▉      | 1497/3769 [03:23<04:22,  8.64it/s, recall_0.3=(0, 5727) / 6907]eval:  40%|███▉      | 1497/3769 [03:24<04:22,  8.64it/s, recall_0.3=(0, 5728) / 6908]eval:  40%|███▉      | 1498/3769 [03:24<04:40,  8.10it/s, recall_0.3=(0, 5728) / 6908]eval:  40%|███▉      | 1498/3769 [03:24<04:40,  8.10it/s, recall_0.3=(0, 5729) / 6909]eval:  40%|███▉      | 1499/3769 [03:24<04:28,  8.45it/s, recall_0.3=(0, 5729) / 6909]eval:  40%|███▉      | 1499/3769 [03:24<04:28,  8.45it/s, recall_0.3=(0, 5733) / 6914]eval:  40%|███▉      | 1500/3769 [03:24<04:30,  8.40it/s, recall_0.3=(0, 5733) / 6914]eval:  40%|███▉      | 1500/3769 [03:24<04:30,  8.40it/s, recall_0.3=(0, 5734) / 6916]eval:  40%|███▉      | 1501/3769 [03:24<04:24,  8.56it/s, recall_0.3=(0, 5734) / 6916]eval:  40%|███▉      | 1501/3769 [03:24<04:24,  8.56it/s, recall_0.3=(0, 5742) / 6925]eval:  40%|███▉      | 1502/3769 [03:24<04:27,  8.47it/s, recall_0.3=(0, 5742) / 6925]eval:  40%|███▉      | 1502/3769 [03:24<04:27,  8.47it/s, recall_0.3=(0, 5744) / 6927]eval:  40%|███▉      | 1503/3769 [03:24<04:35,  8.22it/s, recall_0.3=(0, 5744) / 6927]eval:  40%|███▉      | 1503/3769 [03:24<04:35,  8.22it/s, recall_0.3=(0, 5756) / 6943]eval:  40%|███▉      | 1504/3769 [03:24<04:38,  8.14it/s, recall_0.3=(0, 5756) / 6943]eval:  40%|███▉      | 1504/3769 [03:24<04:38,  8.14it/s, recall_0.3=(0, 5759) / 6946]eval:  40%|███▉      | 1505/3769 [03:24<04:28,  8.44it/s, recall_0.3=(0, 5759) / 6946]eval:  40%|███▉      | 1505/3769 [03:25<04:28,  8.44it/s, recall_0.3=(0, 5763) / 6950]eval:  40%|███▉      | 1506/3769 [03:25<04:29,  8.39it/s, recall_0.3=(0, 5763) / 6950]eval:  40%|███▉      | 1506/3769 [03:25<04:29,  8.39it/s, recall_0.3=(0, 5764) / 6952]eval:  40%|███▉      | 1507/3769 [03:25<04:32,  8.31it/s, recall_0.3=(0, 5764) / 6952]eval:  40%|███▉      | 1507/3769 [03:25<04:32,  8.31it/s, recall_0.3=(0, 5768) / 6956]eval:  40%|████      | 1508/3769 [03:25<04:23,  8.57it/s, recall_0.3=(0, 5768) / 6956]eval:  40%|████      | 1508/3769 [03:25<04:23,  8.57it/s, recall_0.3=(0, 5770) / 6959]eval:  40%|████      | 1509/3769 [03:25<04:36,  8.17it/s, recall_0.3=(0, 5770) / 6959]eval:  40%|████      | 1509/3769 [03:25<04:36,  8.17it/s, recall_0.3=(0, 5777) / 6966]eval:  40%|████      | 1510/3769 [03:25<04:31,  8.32it/s, recall_0.3=(0, 5777) / 6966]eval:  40%|████      | 1510/3769 [03:25<04:31,  8.32it/s, recall_0.3=(0, 5784) / 6973]eval:  40%|████      | 1511/3769 [03:25<04:29,  8.39it/s, recall_0.3=(0, 5784) / 6973]eval:  40%|████      | 1511/3769 [03:25<04:29,  8.39it/s, recall_0.3=(0, 5785) / 6974]eval:  40%|████      | 1512/3769 [03:25<04:19,  8.70it/s, recall_0.3=(0, 5785) / 6974]eval:  40%|████      | 1512/3769 [03:25<04:19,  8.70it/s, recall_0.3=(0, 5788) / 6977]eval:  40%|████      | 1513/3769 [03:25<04:28,  8.39it/s, recall_0.3=(0, 5788) / 6977]eval:  40%|████      | 1513/3769 [03:25<04:28,  8.39it/s, recall_0.3=(0, 5792) / 6981]eval:  40%|████      | 1514/3769 [03:25<04:38,  8.10it/s, recall_0.3=(0, 5792) / 6981]eval:  40%|████      | 1514/3769 [03:26<04:38,  8.10it/s, recall_0.3=(0, 5793) / 6982]eval:  40%|████      | 1515/3769 [03:26<04:36,  8.15it/s, recall_0.3=(0, 5793) / 6982]eval:  40%|████      | 1515/3769 [03:26<04:36,  8.15it/s, recall_0.3=(0, 5800) / 6989]eval:  40%|████      | 1516/3769 [03:26<04:34,  8.21it/s, recall_0.3=(0, 5800) / 6989]eval:  40%|████      | 1516/3769 [03:26<04:34,  8.21it/s, recall_0.3=(0, 5800) / 6991]eval:  40%|████      | 1517/3769 [03:26<04:27,  8.42it/s, recall_0.3=(0, 5800) / 6991]eval:  40%|████      | 1517/3769 [03:26<04:27,  8.42it/s, recall_0.3=(0, 5803) / 6995]eval:  40%|████      | 1518/3769 [03:26<04:28,  8.40it/s, recall_0.3=(0, 5803) / 6995]eval:  40%|████      | 1518/3769 [03:26<04:28,  8.40it/s, recall_0.3=(0, 5806) / 7001]eval:  40%|████      | 1519/3769 [03:26<04:31,  8.29it/s, recall_0.3=(0, 5806) / 7001]eval:  40%|████      | 1519/3769 [03:26<04:31,  8.29it/s, recall_0.3=(0, 5813) / 7008]eval:  40%|████      | 1520/3769 [03:26<04:31,  8.29it/s, recall_0.3=(0, 5813) / 7008]eval:  40%|████      | 1520/3769 [03:26<04:31,  8.29it/s, recall_0.3=(0, 5815) / 7010]eval:  40%|████      | 1521/3769 [03:26<04:28,  8.38it/s, recall_0.3=(0, 5815) / 7010]eval:  40%|████      | 1521/3769 [03:26<04:28,  8.38it/s, recall_0.3=(0, 5816) / 7011]eval:  40%|████      | 1522/3769 [03:26<04:24,  8.49it/s, recall_0.3=(0, 5816) / 7011]eval:  40%|████      | 1522/3769 [03:27<04:24,  8.49it/s, recall_0.3=(0, 5820) / 7017]eval:  40%|████      | 1523/3769 [03:27<04:25,  8.45it/s, recall_0.3=(0, 5820) / 7017]eval:  40%|████      | 1523/3769 [03:27<04:25,  8.45it/s, recall_0.3=(0, 5827) / 7024]eval:  40%|████      | 1524/3769 [03:27<04:29,  8.34it/s, recall_0.3=(0, 5827) / 7024]eval:  40%|████      | 1524/3769 [03:27<04:29,  8.34it/s, recall_0.3=(0, 5830) / 7027]eval:  40%|████      | 1525/3769 [03:27<04:32,  8.25it/s, recall_0.3=(0, 5830) / 7027]eval:  40%|████      | 1525/3769 [03:27<04:32,  8.25it/s, recall_0.3=(0, 5839) / 7038]eval:  40%|████      | 1526/3769 [03:27<04:34,  8.18it/s, recall_0.3=(0, 5839) / 7038]eval:  40%|████      | 1526/3769 [03:27<04:34,  8.18it/s, recall_0.3=(0, 5846) / 7047]eval:  41%|████      | 1527/3769 [03:27<04:33,  8.21it/s, recall_0.3=(0, 5846) / 7047]eval:  41%|████      | 1527/3769 [03:27<04:33,  8.21it/s, recall_0.3=(0, 5848) / 7053]eval:  41%|████      | 1528/3769 [03:27<04:36,  8.12it/s, recall_0.3=(0, 5848) / 7053]eval:  41%|████      | 1528/3769 [03:27<04:36,  8.12it/s, recall_0.3=(0, 5852) / 7057]eval:  41%|████      | 1529/3769 [03:27<04:33,  8.20it/s, recall_0.3=(0, 5852) / 7057]eval:  41%|████      | 1529/3769 [03:27<04:33,  8.20it/s, recall_0.3=(0, 5856) / 7061]eval:  41%|████      | 1530/3769 [03:27<04:35,  8.12it/s, recall_0.3=(0, 5856) / 7061]eval:  41%|████      | 1530/3769 [03:28<04:35,  8.12it/s, recall_0.3=(0, 5857) / 7062]eval:  41%|████      | 1531/3769 [03:28<04:37,  8.08it/s, recall_0.3=(0, 5857) / 7062]eval:  41%|████      | 1531/3769 [03:28<04:37,  8.08it/s, recall_0.3=(0, 5864) / 7071]eval:  41%|████      | 1532/3769 [03:28<04:32,  8.21it/s, recall_0.3=(0, 5864) / 7071]eval:  41%|████      | 1532/3769 [03:28<04:32,  8.21it/s, recall_0.3=(0, 5869) / 7076]eval:  41%|████      | 1533/3769 [03:28<04:25,  8.43it/s, recall_0.3=(0, 5869) / 7076]eval:  41%|████      | 1533/3769 [03:28<04:25,  8.43it/s, recall_0.3=(0, 5873) / 7080]eval:  41%|████      | 1534/3769 [03:28<04:31,  8.23it/s, recall_0.3=(0, 5873) / 7080]eval:  41%|████      | 1534/3769 [03:28<04:31,  8.23it/s, recall_0.3=(0, 5877) / 7085]eval:  41%|████      | 1535/3769 [03:28<04:31,  8.23it/s, recall_0.3=(0, 5877) / 7085]eval:  41%|████      | 1535/3769 [03:28<04:31,  8.23it/s, recall_0.3=(0, 5878) / 7086]eval:  41%|████      | 1536/3769 [03:28<04:22,  8.51it/s, recall_0.3=(0, 5878) / 7086]eval:  41%|████      | 1536/3769 [03:28<04:22,  8.51it/s, recall_0.3=(0, 5882) / 7091]eval:  41%|████      | 1537/3769 [03:28<04:37,  8.05it/s, recall_0.3=(0, 5882) / 7091]eval:  41%|████      | 1537/3769 [03:28<04:37,  8.05it/s, recall_0.3=(0, 5884) / 7094]eval:  41%|████      | 1538/3769 [03:28<04:32,  8.20it/s, recall_0.3=(0, 5884) / 7094]eval:  41%|████      | 1538/3769 [03:29<04:32,  8.20it/s, recall_0.3=(0, 5888) / 7098]eval:  41%|████      | 1539/3769 [03:29<04:28,  8.31it/s, recall_0.3=(0, 5888) / 7098]eval:  41%|████      | 1539/3769 [03:29<04:28,  8.31it/s, recall_0.3=(0, 5888) / 7101]eval:  41%|████      | 1540/3769 [03:29<04:22,  8.48it/s, recall_0.3=(0, 5888) / 7101]eval:  41%|████      | 1540/3769 [03:29<04:22,  8.48it/s, recall_0.3=(0, 5889) / 7103]eval:  41%|████      | 1541/3769 [03:29<04:23,  8.47it/s, recall_0.3=(0, 5889) / 7103]eval:  41%|████      | 1541/3769 [03:29<04:23,  8.47it/s, recall_0.3=(0, 5891) / 7106]eval:  41%|████      | 1542/3769 [03:29<04:15,  8.70it/s, recall_0.3=(0, 5891) / 7106]eval:  41%|████      | 1542/3769 [03:29<04:15,  8.70it/s, recall_0.3=(0, 5892) / 7107]eval:  41%|████      | 1543/3769 [03:29<04:12,  8.80it/s, recall_0.3=(0, 5892) / 7107]eval:  41%|████      | 1543/3769 [03:29<04:12,  8.80it/s, recall_0.3=(0, 5896) / 7111]eval:  41%|████      | 1544/3769 [03:29<04:12,  8.80it/s, recall_0.3=(0, 5896) / 7111]eval:  41%|████      | 1544/3769 [03:29<04:12,  8.80it/s, recall_0.3=(0, 5896) / 7112]eval:  41%|████      | 1545/3769 [03:29<04:12,  8.79it/s, recall_0.3=(0, 5896) / 7112]eval:  41%|████      | 1545/3769 [03:29<04:12,  8.79it/s, recall_0.3=(0, 5904) / 7120]eval:  41%|████      | 1546/3769 [03:29<04:14,  8.74it/s, recall_0.3=(0, 5904) / 7120]eval:  41%|████      | 1546/3769 [03:29<04:14,  8.74it/s, recall_0.3=(0, 5904) / 7121]eval:  41%|████      | 1547/3769 [03:29<04:15,  8.71it/s, recall_0.3=(0, 5904) / 7121]eval:  41%|████      | 1547/3769 [03:30<04:15,  8.71it/s, recall_0.3=(0, 5905) / 7122]eval:  41%|████      | 1548/3769 [03:30<04:14,  8.73it/s, recall_0.3=(0, 5905) / 7122]eval:  41%|████      | 1548/3769 [03:30<04:14,  8.73it/s, recall_0.3=(0, 5911) / 7129]eval:  41%|████      | 1549/3769 [03:30<04:16,  8.66it/s, recall_0.3=(0, 5911) / 7129]eval:  41%|████      | 1549/3769 [03:30<04:16,  8.66it/s, recall_0.3=(0, 5913) / 7131]eval:  41%|████      | 1550/3769 [03:30<04:13,  8.77it/s, recall_0.3=(0, 5913) / 7131]eval:  41%|████      | 1550/3769 [03:30<04:13,  8.77it/s, recall_0.3=(0, 5915) / 7134]eval:  41%|████      | 1551/3769 [03:30<04:15,  8.69it/s, recall_0.3=(0, 5915) / 7134]eval:  41%|████      | 1551/3769 [03:30<04:15,  8.69it/s, recall_0.3=(0, 5919) / 7139]eval:  41%|████      | 1552/3769 [03:30<04:09,  8.89it/s, recall_0.3=(0, 5919) / 7139]eval:  41%|████      | 1552/3769 [03:30<04:09,  8.89it/s, recall_0.3=(0, 5920) / 7141]eval:  41%|████      | 1553/3769 [03:30<04:17,  8.60it/s, recall_0.3=(0, 5920) / 7141]eval:  41%|████      | 1553/3769 [03:30<04:17,  8.60it/s, recall_0.3=(0, 5927) / 7148]eval:  41%|████      | 1554/3769 [03:30<04:11,  8.82it/s, recall_0.3=(0, 5927) / 7148]eval:  41%|████      | 1554/3769 [03:30<04:11,  8.82it/s, recall_0.3=(0, 5928) / 7152]eval:  41%|████▏     | 1555/3769 [03:30<04:14,  8.69it/s, recall_0.3=(0, 5928) / 7152]eval:  41%|████▏     | 1555/3769 [03:30<04:14,  8.69it/s, recall_0.3=(0, 5936) / 7161]eval:  41%|████▏     | 1556/3769 [03:30<04:09,  8.86it/s, recall_0.3=(0, 5936) / 7161]eval:  41%|████▏     | 1556/3769 [03:31<04:09,  8.86it/s, recall_0.3=(0, 5939) / 7164]eval:  41%|████▏     | 1557/3769 [03:31<04:08,  8.88it/s, recall_0.3=(0, 5939) / 7164]eval:  41%|████▏     | 1557/3769 [03:31<04:08,  8.88it/s, recall_0.3=(0, 5941) / 7166]eval:  41%|████▏     | 1558/3769 [03:31<04:03,  9.08it/s, recall_0.3=(0, 5941) / 7166]eval:  41%|████▏     | 1558/3769 [03:31<04:03,  9.08it/s, recall_0.3=(0, 5942) / 7168]eval:  41%|████▏     | 1559/3769 [03:31<04:01,  9.16it/s, recall_0.3=(0, 5942) / 7168]eval:  41%|████▏     | 1559/3769 [03:31<04:01,  9.16it/s, recall_0.3=(0, 5948) / 7183]eval:  41%|████▏     | 1560/3769 [03:31<04:05,  9.01it/s, recall_0.3=(0, 5948) / 7183]eval:  41%|████▏     | 1560/3769 [03:31<04:05,  9.01it/s, recall_0.3=(0, 5955) / 7190]eval:  41%|████▏     | 1561/3769 [03:31<04:04,  9.01it/s, recall_0.3=(0, 5955) / 7190]eval:  41%|████▏     | 1561/3769 [03:31<04:04,  9.01it/s, recall_0.3=(0, 5958) / 7199]eval:  41%|████▏     | 1562/3769 [03:31<04:01,  9.15it/s, recall_0.3=(0, 5958) / 7199]eval:  41%|████▏     | 1562/3769 [03:31<04:01,  9.15it/s, recall_0.3=(0, 5964) / 7206]eval:  41%|████▏     | 1563/3769 [03:31<03:58,  9.23it/s, recall_0.3=(0, 5964) / 7206]eval:  41%|████▏     | 1563/3769 [03:31<03:58,  9.23it/s, recall_0.3=(0, 5967) / 7209]eval:  41%|████▏     | 1564/3769 [03:31<03:57,  9.27it/s, recall_0.3=(0, 5967) / 7209]eval:  41%|████▏     | 1564/3769 [03:31<03:57,  9.27it/s, recall_0.3=(0, 5970) / 7213]eval:  42%|████▏     | 1565/3769 [03:31<04:03,  9.04it/s, recall_0.3=(0, 5970) / 7213]eval:  42%|████▏     | 1565/3769 [03:32<04:03,  9.04it/s, recall_0.3=(0, 5972) / 7215]eval:  42%|████▏     | 1566/3769 [03:32<04:02,  9.09it/s, recall_0.3=(0, 5972) / 7215]eval:  42%|████▏     | 1566/3769 [03:32<04:02,  9.09it/s, recall_0.3=(0, 5979) / 7224]eval:  42%|████▏     | 1567/3769 [03:32<04:01,  9.11it/s, recall_0.3=(0, 5979) / 7224]eval:  42%|████▏     | 1567/3769 [03:32<04:01,  9.11it/s, recall_0.3=(0, 5983) / 7228]eval:  42%|████▏     | 1568/3769 [03:32<03:57,  9.25it/s, recall_0.3=(0, 5983) / 7228]eval:  42%|████▏     | 1568/3769 [03:32<03:57,  9.25it/s, recall_0.3=(0, 5984) / 7229]eval:  42%|████▏     | 1569/3769 [03:32<03:57,  9.27it/s, recall_0.3=(0, 5984) / 7229]eval:  42%|████▏     | 1569/3769 [03:32<03:57,  9.27it/s, recall_0.3=(0, 5988) / 7235]eval:  42%|████▏     | 1570/3769 [03:32<03:57,  9.26it/s, recall_0.3=(0, 5988) / 7235]eval:  42%|████▏     | 1570/3769 [03:32<03:57,  9.26it/s, recall_0.3=(0, 5990) / 7237]eval:  42%|████▏     | 1571/3769 [03:32<03:57,  9.26it/s, recall_0.3=(0, 5991) / 7240]eval:  42%|████▏     | 1572/3769 [03:32<03:55,  9.32it/s, recall_0.3=(0, 5991) / 7240]eval:  42%|████▏     | 1572/3769 [03:32<03:55,  9.32it/s, recall_0.3=(0, 5997) / 7247]eval:  42%|████▏     | 1573/3769 [03:32<03:55,  9.31it/s, recall_0.3=(0, 5997) / 7247]eval:  42%|████▏     | 1573/3769 [03:32<03:55,  9.31it/s, recall_0.3=(0, 6000) / 7250]eval:  42%|████▏     | 1574/3769 [03:32<03:57,  9.23it/s, recall_0.3=(0, 6000) / 7250]eval:  42%|████▏     | 1574/3769 [03:32<03:57,  9.23it/s, recall_0.3=(0, 6002) / 7252]eval:  42%|████▏     | 1575/3769 [03:32<03:58,  9.20it/s, recall_0.3=(0, 6002) / 7252]eval:  42%|████▏     | 1575/3769 [03:33<03:58,  9.20it/s, recall_0.3=(0, 6003) / 7253]eval:  42%|████▏     | 1576/3769 [03:33<03:56,  9.29it/s, recall_0.3=(0, 6003) / 7253]eval:  42%|████▏     | 1576/3769 [03:33<03:56,  9.29it/s, recall_0.3=(0, 6008) / 7260]eval:  42%|████▏     | 1577/3769 [03:33<03:58,  9.18it/s, recall_0.3=(0, 6008) / 7260]eval:  42%|████▏     | 1577/3769 [03:33<03:58,  9.18it/s, recall_0.3=(0, 6010) / 7264]eval:  42%|████▏     | 1578/3769 [03:33<03:56,  9.27it/s, recall_0.3=(0, 6010) / 7264]eval:  42%|████▏     | 1578/3769 [03:33<03:56,  9.27it/s, recall_0.3=(0, 6013) / 7267]eval:  42%|████▏     | 1579/3769 [03:33<03:58,  9.17it/s, recall_0.3=(0, 6013) / 7267]eval:  42%|████▏     | 1579/3769 [03:33<03:58,  9.17it/s, recall_0.3=(0, 6014) / 7268]eval:  42%|████▏     | 1580/3769 [03:33<03:56,  9.24it/s, recall_0.3=(0, 6014) / 7268]eval:  42%|████▏     | 1580/3769 [03:33<03:56,  9.24it/s, recall_0.3=(0, 6015) / 7273]eval:  42%|████▏     | 1581/3769 [03:33<03:53,  9.37it/s, recall_0.3=(0, 6015) / 7273]eval:  42%|████▏     | 1581/3769 [03:33<03:53,  9.37it/s, recall_0.3=(0, 6020) / 7280]eval:  42%|████▏     | 1582/3769 [03:33<03:53,  9.37it/s, recall_0.3=(0, 6020) / 7280]eval:  42%|████▏     | 1582/3769 [03:33<03:53,  9.37it/s, recall_0.3=(0, 6021) / 7281]eval:  42%|████▏     | 1583/3769 [03:33<03:49,  9.52it/s, recall_0.3=(0, 6021) / 7281]eval:  42%|████▏     | 1583/3769 [03:33<03:49,  9.52it/s, recall_0.3=(0, 6022) / 7282]eval:  42%|████▏     | 1584/3769 [03:33<03:46,  9.65it/s, recall_0.3=(0, 6022) / 7282]eval:  42%|████▏     | 1584/3769 [03:34<03:46,  9.65it/s, recall_0.3=(0, 6024) / 7284]eval:  42%|████▏     | 1585/3769 [03:34<03:45,  9.71it/s, recall_0.3=(0, 6024) / 7284]eval:  42%|████▏     | 1585/3769 [03:34<03:45,  9.71it/s, recall_0.3=(0, 6031) / 7291]eval:  42%|████▏     | 1586/3769 [03:34<03:44,  9.72it/s, recall_0.3=(0, 6031) / 7291]eval:  42%|████▏     | 1586/3769 [03:34<03:44,  9.72it/s, recall_0.3=(0, 6035) / 7295]eval:  42%|████▏     | 1587/3769 [03:34<03:44,  9.72it/s, recall_0.3=(0, 6035) / 7295]eval:  42%|████▏     | 1587/3769 [03:34<03:44,  9.72it/s, recall_0.3=(0, 6041) / 7302]eval:  42%|████▏     | 1588/3769 [03:34<03:43,  9.78it/s, recall_0.3=(0, 6041) / 7302]eval:  42%|████▏     | 1588/3769 [03:34<03:43,  9.78it/s, recall_0.3=(0, 6042) / 7303]eval:  42%|████▏     | 1589/3769 [03:34<03:43,  9.77it/s, recall_0.3=(0, 6042) / 7303]eval:  42%|████▏     | 1589/3769 [03:34<03:43,  9.77it/s, recall_0.3=(0, 6044) / 7305]eval:  42%|████▏     | 1590/3769 [03:34<03:43,  9.77it/s, recall_0.3=(0, 6045) / 7306]eval:  42%|████▏     | 1591/3769 [03:34<03:38,  9.96it/s, recall_0.3=(0, 6045) / 7306]eval:  42%|████▏     | 1591/3769 [03:34<03:38,  9.96it/s, recall_0.3=(0, 6047) / 7309]eval:  42%|████▏     | 1592/3769 [03:34<03:38,  9.96it/s, recall_0.3=(0, 6049) / 7311]eval:  42%|████▏     | 1593/3769 [03:34<03:37,  9.99it/s, recall_0.3=(0, 6049) / 7311]eval:  42%|████▏     | 1593/3769 [03:34<03:37,  9.99it/s, recall_0.3=(0, 6052) / 7314]eval:  42%|████▏     | 1594/3769 [03:34<03:41,  9.84it/s, recall_0.3=(0, 6052) / 7314]eval:  42%|████▏     | 1594/3769 [03:35<03:41,  9.84it/s, recall_0.3=(0, 6053) / 7316]eval:  42%|████▏     | 1595/3769 [03:35<03:41,  9.83it/s, recall_0.3=(0, 6053) / 7316]eval:  42%|████▏     | 1595/3769 [03:35<03:41,  9.83it/s, recall_0.3=(0, 6053) / 7319]eval:  42%|████▏     | 1596/3769 [03:35<03:41,  9.83it/s, recall_0.3=(0, 6056) / 7322]eval:  42%|████▏     | 1597/3769 [03:35<03:39,  9.89it/s, recall_0.3=(0, 6056) / 7322]eval:  42%|████▏     | 1597/3769 [03:35<03:39,  9.89it/s, recall_0.3=(0, 6059) / 7325]eval:  42%|████▏     | 1598/3769 [03:35<03:40,  9.86it/s, recall_0.3=(0, 6059) / 7325]eval:  42%|████▏     | 1598/3769 [03:35<03:40,  9.86it/s, recall_0.3=(0, 6066) / 7333]eval:  42%|████▏     | 1599/3769 [03:35<03:42,  9.75it/s, recall_0.3=(0, 6066) / 7333]eval:  42%|████▏     | 1599/3769 [03:35<03:42,  9.75it/s, recall_0.3=(0, 6076) / 7343]eval:  42%|████▏     | 1600/3769 [03:35<03:42,  9.75it/s, recall_0.3=(0, 6087) / 7357]eval:  42%|████▏     | 1601/3769 [03:35<03:45,  9.60it/s, recall_0.3=(0, 6087) / 7357]eval:  42%|████▏     | 1601/3769 [03:35<03:45,  9.60it/s, recall_0.3=(0, 6097) / 7371]eval:  43%|████▎     | 1602/3769 [03:35<03:44,  9.66it/s, recall_0.3=(0, 6097) / 7371]eval:  43%|████▎     | 1602/3769 [03:35<03:44,  9.66it/s, recall_0.3=(0, 6098) / 7372]eval:  43%|████▎     | 1603/3769 [03:35<03:44,  9.66it/s, recall_0.3=(0, 6104) / 7379]eval:  43%|████▎     | 1604/3769 [03:35<03:41,  9.78it/s, recall_0.3=(0, 6104) / 7379]eval:  43%|████▎     | 1604/3769 [03:36<03:41,  9.78it/s, recall_0.3=(0, 6106) / 7381]eval:  43%|████▎     | 1605/3769 [03:36<03:43,  9.68it/s, recall_0.3=(0, 6106) / 7381]eval:  43%|████▎     | 1605/3769 [03:36<03:43,  9.68it/s, recall_0.3=(0, 6107) / 7382]eval:  43%|████▎     | 1606/3769 [03:36<03:43,  9.68it/s, recall_0.3=(0, 6109) / 7384]eval:  43%|████▎     | 1607/3769 [03:36<03:38,  9.87it/s, recall_0.3=(0, 6109) / 7384]eval:  43%|████▎     | 1607/3769 [03:36<03:38,  9.87it/s, recall_0.3=(0, 6115) / 7392]eval:  43%|████▎     | 1608/3769 [03:36<03:39,  9.86it/s, recall_0.3=(0, 6115) / 7392]eval:  43%|████▎     | 1608/3769 [03:36<03:39,  9.86it/s, recall_0.3=(0, 6118) / 7398]eval:  43%|████▎     | 1609/3769 [03:36<03:38,  9.88it/s, recall_0.3=(0, 6118) / 7398]eval:  43%|████▎     | 1609/3769 [03:36<03:38,  9.88it/s, recall_0.3=(0, 6123) / 7405]eval:  43%|████▎     | 1610/3769 [03:36<03:40,  9.78it/s, recall_0.3=(0, 6123) / 7405]eval:  43%|████▎     | 1610/3769 [03:36<03:40,  9.78it/s, recall_0.3=(0, 6124) / 7406]eval:  43%|████▎     | 1611/3769 [03:36<03:40,  9.78it/s, recall_0.3=(0, 6141) / 7426]eval:  43%|████▎     | 1612/3769 [03:36<03:39,  9.81it/s, recall_0.3=(0, 6141) / 7426]eval:  43%|████▎     | 1612/3769 [03:36<03:39,  9.81it/s, recall_0.3=(0, 6142) / 7427]eval:  43%|████▎     | 1613/3769 [03:37<03:39,  9.81it/s, recall_0.3=(0, 6143) / 7429]eval:  43%|████▎     | 1614/3769 [03:37<03:37,  9.90it/s, recall_0.3=(0, 6143) / 7429]eval:  43%|████▎     | 1614/3769 [03:37<03:37,  9.90it/s, recall_0.3=(0, 6150) / 7438]eval:  43%|████▎     | 1615/3769 [03:37<03:37,  9.90it/s, recall_0.3=(0, 6150) / 7438]eval:  43%|████▎     | 1615/3769 [03:37<03:37,  9.90it/s, recall_0.3=(0, 6156) / 7444]eval:  43%|████▎     | 1616/3769 [03:37<03:39,  9.82it/s, recall_0.3=(0, 6156) / 7444]eval:  43%|████▎     | 1616/3769 [03:37<03:39,  9.82it/s, recall_0.3=(0, 6158) / 7447]eval:  43%|████▎     | 1617/3769 [03:37<03:39,  9.82it/s, recall_0.3=(0, 6158) / 7447]eval:  43%|████▎     | 1617/3769 [03:37<03:39,  9.82it/s, recall_0.3=(0, 6164) / 7453]eval:  43%|████▎     | 1618/3769 [03:37<03:39,  9.82it/s, recall_0.3=(0, 6172) / 7463]eval:  43%|████▎     | 1619/3769 [03:37<03:37,  9.90it/s, recall_0.3=(0, 6172) / 7463]eval:  43%|████▎     | 1619/3769 [03:37<03:37,  9.90it/s, recall_0.3=(0, 6179) / 7470]eval:  43%|████▎     | 1620/3769 [03:37<03:37,  9.90it/s, recall_0.3=(0, 6185) / 7477]eval:  43%|████▎     | 1621/3769 [03:37<03:38,  9.83it/s, recall_0.3=(0, 6185) / 7477]eval:  43%|████▎     | 1621/3769 [03:37<03:38,  9.83it/s, recall_0.3=(0, 6186) / 7479]eval:  43%|████▎     | 1622/3769 [03:37<03:38,  9.83it/s, recall_0.3=(0, 6192) / 7486]eval:  43%|████▎     | 1623/3769 [03:37<03:35,  9.97it/s, recall_0.3=(0, 6192) / 7486]eval:  43%|████▎     | 1623/3769 [03:38<03:35,  9.97it/s, recall_0.3=(0, 6196) / 7490]eval:  43%|████▎     | 1624/3769 [03:38<03:35,  9.97it/s, recall_0.3=(0, 6206) / 7500]eval:  43%|████▎     | 1625/3769 [03:38<03:35,  9.95it/s, recall_0.3=(0, 6206) / 7500]eval:  43%|████▎     | 1625/3769 [03:38<03:35,  9.95it/s, recall_0.3=(0, 6207) / 7501]eval:  43%|████▎     | 1626/3769 [03:38<03:35,  9.95it/s, recall_0.3=(0, 6208) / 7502]eval:  43%|████▎     | 1627/3769 [03:38<03:33, 10.04it/s, recall_0.3=(0, 6208) / 7502]eval:  43%|████▎     | 1627/3769 [03:38<03:33, 10.04it/s, recall_0.3=(0, 6210) / 7504]eval:  43%|████▎     | 1628/3769 [03:38<03:33, 10.04it/s, recall_0.3=(0, 6212) / 7506]eval:  43%|████▎     | 1629/3769 [03:38<03:32, 10.07it/s, recall_0.3=(0, 6212) / 7506]eval:  43%|████▎     | 1629/3769 [03:38<03:32, 10.07it/s, recall_0.3=(0, 6217) / 7511]eval:  43%|████▎     | 1630/3769 [03:38<03:32, 10.07it/s, recall_0.3=(0, 6222) / 7516]eval:  43%|████▎     | 1631/3769 [03:38<03:33, 10.02it/s, recall_0.3=(0, 6222) / 7516]eval:  43%|████▎     | 1631/3769 [03:38<03:33, 10.02it/s, recall_0.3=(0, 6225) / 7519]eval:  43%|████▎     | 1632/3769 [03:38<03:33, 10.02it/s, recall_0.3=(0, 6228) / 7524]eval:  43%|████▎     | 1633/3769 [03:38<03:33, 10.00it/s, recall_0.3=(0, 6228) / 7524]eval:  43%|████▎     | 1633/3769 [03:39<03:33, 10.00it/s, recall_0.3=(0, 6229) / 7525]eval:  43%|████▎     | 1634/3769 [03:39<03:33, 10.00it/s, recall_0.3=(0, 6233) / 7530]eval:  43%|████▎     | 1635/3769 [03:39<03:34,  9.96it/s, recall_0.3=(0, 6233) / 7530]eval:  43%|████▎     | 1635/3769 [03:39<03:34,  9.96it/s, recall_0.3=(0, 6234) / 7531]eval:  43%|████▎     | 1636/3769 [03:39<03:35,  9.90it/s, recall_0.3=(0, 6234) / 7531]eval:  43%|████▎     | 1636/3769 [03:39<03:35,  9.90it/s, recall_0.3=(0, 6235) / 7532]eval:  43%|████▎     | 1637/3769 [03:39<03:35,  9.90it/s, recall_0.3=(0, 6237) / 7535]eval:  43%|████▎     | 1638/3769 [03:39<03:33,  9.97it/s, recall_0.3=(0, 6237) / 7535]eval:  43%|████▎     | 1638/3769 [03:39<03:33,  9.97it/s, recall_0.3=(0, 6241) / 7539]eval:  43%|████▎     | 1639/3769 [03:39<03:33,  9.97it/s, recall_0.3=(0, 6242) / 7540]eval:  44%|████▎     | 1640/3769 [03:39<03:31, 10.06it/s, recall_0.3=(0, 6242) / 7540]eval:  44%|████▎     | 1640/3769 [03:39<03:31, 10.06it/s, recall_0.3=(0, 6247) / 7546]eval:  44%|████▎     | 1641/3769 [03:39<03:31, 10.06it/s, recall_0.3=(0, 6252) / 7551]eval:  44%|████▎     | 1642/3769 [03:39<03:33,  9.97it/s, recall_0.3=(0, 6252) / 7551]eval:  44%|████▎     | 1642/3769 [03:39<03:33,  9.97it/s, recall_0.3=(0, 6259) / 7561]eval:  44%|████▎     | 1643/3769 [03:39<03:34,  9.89it/s, recall_0.3=(0, 6259) / 7561]eval:  44%|████▎     | 1643/3769 [03:40<03:34,  9.89it/s, recall_0.3=(0, 6271) / 7573]eval:  44%|████▎     | 1644/3769 [03:40<03:35,  9.85it/s, recall_0.3=(0, 6271) / 7573]eval:  44%|████▎     | 1644/3769 [03:40<03:35,  9.85it/s, recall_0.3=(0, 6271) / 7574]eval:  44%|████▎     | 1645/3769 [03:40<03:36,  9.80it/s, recall_0.3=(0, 6271) / 7574]eval:  44%|████▎     | 1645/3769 [03:40<03:36,  9.80it/s, recall_0.3=(0, 6272) / 7575]eval:  44%|████▎     | 1646/3769 [03:40<03:35,  9.84it/s, recall_0.3=(0, 6272) / 7575]eval:  44%|████▎     | 1646/3769 [03:40<03:35,  9.84it/s, recall_0.3=(0, 6275) / 7581]eval:  44%|████▎     | 1647/3769 [03:40<03:35,  9.84it/s, recall_0.3=(0, 6275) / 7581]eval:  44%|████▎     | 1647/3769 [03:40<03:35,  9.84it/s, recall_0.3=(0, 6280) / 7587]eval:  44%|████▎     | 1648/3769 [03:40<03:35,  9.84it/s, recall_0.3=(0, 6283) / 7590]eval:  44%|████▍     | 1649/3769 [03:40<03:33,  9.91it/s, recall_0.3=(0, 6283) / 7590]eval:  44%|████▍     | 1649/3769 [03:40<03:33,  9.91it/s, recall_0.3=(0, 6292) / 7603]eval:  44%|████▍     | 1650/3769 [03:40<03:33,  9.91it/s, recall_0.3=(0, 6297) / 7609]eval:  44%|████▍     | 1651/3769 [03:40<03:32,  9.97it/s, recall_0.3=(0, 6297) / 7609]eval:  44%|████▍     | 1651/3769 [03:40<03:32,  9.97it/s, recall_0.3=(0, 6305) / 7619]eval:  44%|████▍     | 1652/3769 [03:40<03:32,  9.95it/s, recall_0.3=(0, 6305) / 7619]eval:  44%|████▍     | 1652/3769 [03:40<03:32,  9.95it/s, recall_0.3=(0, 6308) / 7622]eval:  44%|████▍     | 1653/3769 [03:40<03:33,  9.93it/s, recall_0.3=(0, 6308) / 7622]eval:  44%|████▍     | 1653/3769 [03:41<03:33,  9.93it/s, recall_0.3=(0, 6309) / 7624]eval:  44%|████▍     | 1654/3769 [03:41<03:37,  9.74it/s, recall_0.3=(0, 6309) / 7624]eval:  44%|████▍     | 1654/3769 [03:41<03:37,  9.74it/s, recall_0.3=(0, 6314) / 7629]eval:  44%|████▍     | 1655/3769 [03:41<03:37,  9.74it/s, recall_0.3=(0, 6324) / 7640]eval:  44%|████▍     | 1656/3769 [03:41<03:35,  9.81it/s, recall_0.3=(0, 6324) / 7640]eval:  44%|████▍     | 1656/3769 [03:41<03:35,  9.81it/s, recall_0.3=(0, 6328) / 7644]eval:  44%|████▍     | 1657/3769 [03:41<03:34,  9.84it/s, recall_0.3=(0, 6328) / 7644]eval:  44%|████▍     | 1657/3769 [03:41<03:34,  9.84it/s, recall_0.3=(0, 6332) / 7649]eval:  44%|████▍     | 1658/3769 [03:41<03:34,  9.84it/s, recall_0.3=(0, 6333) / 7650]eval:  44%|████▍     | 1659/3769 [03:41<03:33,  9.88it/s, recall_0.3=(0, 6333) / 7650]eval:  44%|████▍     | 1659/3769 [03:41<03:33,  9.88it/s, recall_0.3=(0, 6335) / 7652]eval:  44%|████▍     | 1660/3769 [03:41<03:33,  9.88it/s, recall_0.3=(0, 6336) / 7653]eval:  44%|████▍     | 1661/3769 [03:41<03:32,  9.93it/s, recall_0.3=(0, 6336) / 7653]eval:  44%|████▍     | 1661/3769 [03:41<03:32,  9.93it/s, recall_0.3=(0, 6339) / 7656]eval:  44%|████▍     | 1662/3769 [03:41<03:32,  9.89it/s, recall_0.3=(0, 6339) / 7656]eval:  44%|████▍     | 1662/3769 [03:41<03:32,  9.89it/s, recall_0.3=(0, 6339) / 7658]eval:  44%|████▍     | 1663/3769 [03:42<03:32,  9.89it/s, recall_0.3=(0, 6346) / 7667]eval:  44%|████▍     | 1664/3769 [03:42<03:31,  9.93it/s, recall_0.3=(0, 6346) / 7667]eval:  44%|████▍     | 1664/3769 [03:42<03:31,  9.93it/s, recall_0.3=(0, 6349) / 7670]eval:  44%|████▍     | 1665/3769 [03:42<03:36,  9.73it/s, recall_0.3=(0, 6349) / 7670]eval:  44%|████▍     | 1665/3769 [03:42<03:36,  9.73it/s, recall_0.3=(0, 6353) / 7675]eval:  44%|████▍     | 1666/3769 [03:42<03:35,  9.77it/s, recall_0.3=(0, 6353) / 7675]eval:  44%|████▍     | 1666/3769 [03:42<03:35,  9.77it/s, recall_0.3=(0, 6354) / 7676]eval:  44%|████▍     | 1667/3769 [03:42<03:36,  9.72it/s, recall_0.3=(0, 6354) / 7676]eval:  44%|████▍     | 1667/3769 [03:42<03:36,  9.72it/s, recall_0.3=(0, 6355) / 7677]eval:  44%|████▍     | 1668/3769 [03:42<03:36,  9.72it/s, recall_0.3=(0, 6361) / 7684]eval:  44%|████▍     | 1669/3769 [03:42<03:36,  9.68it/s, recall_0.3=(0, 6361) / 7684]eval:  44%|████▍     | 1669/3769 [03:42<03:36,  9.68it/s, recall_0.3=(0, 6369) / 7692]eval:  44%|████▍     | 1670/3769 [03:42<03:36,  9.68it/s, recall_0.3=(0, 6375) / 7701]eval:  44%|████▍     | 1671/3769 [03:42<03:35,  9.72it/s, recall_0.3=(0, 6375) / 7701]eval:  44%|████▍     | 1671/3769 [03:42<03:35,  9.72it/s, recall_0.3=(0, 6379) / 7705]eval:  44%|████▍     | 1672/3769 [03:42<03:35,  9.72it/s, recall_0.3=(0, 6381) / 7708]eval:  44%|████▍     | 1673/3769 [03:42<03:33,  9.80it/s, recall_0.3=(0, 6381) / 7708]eval:  44%|████▍     | 1673/3769 [03:43<03:33,  9.80it/s, recall_0.3=(0, 6383) / 7710]eval:  44%|████▍     | 1674/3769 [03:43<03:34,  9.79it/s, recall_0.3=(0, 6383) / 7710]eval:  44%|████▍     | 1674/3769 [03:43<03:34,  9.79it/s, recall_0.3=(0, 6384) / 7711]eval:  44%|████▍     | 1675/3769 [03:43<03:33,  9.83it/s, recall_0.3=(0, 6384) / 7711]eval:  44%|████▍     | 1675/3769 [03:43<03:33,  9.83it/s, recall_0.3=(0, 6386) / 7713]eval:  44%|████▍     | 1676/3769 [03:43<03:33,  9.81it/s, recall_0.3=(0, 6386) / 7713]eval:  44%|████▍     | 1676/3769 [03:43<03:33,  9.81it/s, recall_0.3=(0, 6390) / 7717]eval:  44%|████▍     | 1677/3769 [03:43<03:35,  9.70it/s, recall_0.3=(0, 6390) / 7717]eval:  44%|████▍     | 1677/3769 [03:43<03:35,  9.70it/s, recall_0.3=(0, 6398) / 7726]eval:  45%|████▍     | 1678/3769 [03:43<03:34,  9.76it/s, recall_0.3=(0, 6398) / 7726]eval:  45%|████▍     | 1678/3769 [03:43<03:34,  9.76it/s, recall_0.3=(0, 6403) / 7732]eval:  45%|████▍     | 1679/3769 [03:43<03:34,  9.76it/s, recall_0.3=(0, 6408) / 7738]eval:  45%|████▍     | 1680/3769 [03:43<03:32,  9.83it/s, recall_0.3=(0, 6408) / 7738]eval:  45%|████▍     | 1680/3769 [03:43<03:32,  9.83it/s, recall_0.3=(0, 6411) / 7741]eval:  45%|████▍     | 1681/3769 [03:43<03:32,  9.83it/s, recall_0.3=(0, 6413) / 7743]eval:  45%|████▍     | 1682/3769 [03:43<03:30,  9.92it/s, recall_0.3=(0, 6413) / 7743]eval:  45%|████▍     | 1682/3769 [03:43<03:30,  9.92it/s, recall_0.3=(0, 6414) / 7744]eval:  45%|████▍     | 1683/3769 [03:44<03:30,  9.92it/s, recall_0.3=(0, 6416) / 7746]eval:  45%|████▍     | 1684/3769 [03:44<03:28, 10.00it/s, recall_0.3=(0, 6416) / 7746]eval:  45%|████▍     | 1684/3769 [03:44<03:28, 10.00it/s, recall_0.3=(0, 6421) / 7752]eval:  45%|████▍     | 1685/3769 [03:44<03:29,  9.93it/s, recall_0.3=(0, 6421) / 7752]eval:  45%|████▍     | 1685/3769 [03:44<03:29,  9.93it/s, recall_0.3=(0, 6424) / 7756]eval:  45%|████▍     | 1686/3769 [03:44<03:29,  9.93it/s, recall_0.3=(0, 6429) / 7761]eval:  45%|████▍     | 1687/3769 [03:44<03:29,  9.93it/s, recall_0.3=(0, 6429) / 7761]eval:  45%|████▍     | 1687/3769 [03:44<03:29,  9.93it/s, recall_0.3=(0, 6431) / 7764]eval:  45%|████▍     | 1688/3769 [03:44<03:29,  9.93it/s, recall_0.3=(0, 6437) / 7771]eval:  45%|████▍     | 1689/3769 [03:44<03:28,  9.97it/s, recall_0.3=(0, 6437) / 7771]eval:  45%|████▍     | 1689/3769 [03:44<03:28,  9.97it/s, recall_0.3=(0, 6439) / 7776]eval:  45%|████▍     | 1690/3769 [03:44<03:30,  9.89it/s, recall_0.3=(0, 6439) / 7776]eval:  45%|████▍     | 1690/3769 [03:44<03:30,  9.89it/s, recall_0.3=(0, 6439) / 7777]eval:  45%|████▍     | 1691/3769 [03:44<03:30,  9.89it/s, recall_0.3=(0, 6445) / 7783]eval:  45%|████▍     | 1692/3769 [03:44<03:26, 10.05it/s, recall_0.3=(0, 6445) / 7783]eval:  45%|████▍     | 1692/3769 [03:44<03:26, 10.05it/s, recall_0.3=(0, 6449) / 7789]eval:  45%|████▍     | 1693/3769 [03:45<03:26, 10.05it/s, recall_0.3=(0, 6456) / 7798]eval:  45%|████▍     | 1694/3769 [03:45<03:24, 10.12it/s, recall_0.3=(0, 6456) / 7798]eval:  45%|████▍     | 1694/3769 [03:45<03:24, 10.12it/s, recall_0.3=(0, 6459) / 7802]eval:  45%|████▍     | 1695/3769 [03:45<03:24, 10.12it/s, recall_0.3=(0, 6464) / 7809]eval:  45%|████▍     | 1696/3769 [03:45<03:23, 10.18it/s, recall_0.3=(0, 6464) / 7809]eval:  45%|████▍     | 1696/3769 [03:45<03:23, 10.18it/s, recall_0.3=(0, 6466) / 7811]eval:  45%|████▌     | 1697/3769 [03:45<03:23, 10.18it/s, recall_0.3=(0, 6467) / 7812]eval:  45%|████▌     | 1698/3769 [03:45<03:24, 10.13it/s, recall_0.3=(0, 6467) / 7812]eval:  45%|████▌     | 1698/3769 [03:45<03:24, 10.13it/s, recall_0.3=(0, 6469) / 7814]eval:  45%|████▌     | 1699/3769 [03:45<03:24, 10.13it/s, recall_0.3=(0, 6470) / 7816]eval:  45%|████▌     | 1700/3769 [03:45<03:22, 10.20it/s, recall_0.3=(0, 6470) / 7816]eval:  45%|████▌     | 1700/3769 [03:45<03:22, 10.20it/s, recall_0.3=(0, 6474) / 7820]eval:  45%|████▌     | 1701/3769 [03:45<03:22, 10.20it/s, recall_0.3=(0, 6478) / 7825]eval:  45%|████▌     | 1702/3769 [03:45<03:22, 10.21it/s, recall_0.3=(0, 6478) / 7825]eval:  45%|████▌     | 1702/3769 [03:45<03:22, 10.21it/s, recall_0.3=(0, 6480) / 7828]eval:  45%|████▌     | 1703/3769 [03:46<03:22, 10.21it/s, recall_0.3=(0, 6482) / 7830]eval:  45%|████▌     | 1704/3769 [03:46<03:23, 10.16it/s, recall_0.3=(0, 6482) / 7830]eval:  45%|████▌     | 1704/3769 [03:46<03:23, 10.16it/s, recall_0.3=(0, 6490) / 7838]eval:  45%|████▌     | 1705/3769 [03:46<03:23, 10.16it/s, recall_0.3=(0, 6494) / 7842]eval:  45%|████▌     | 1706/3769 [03:46<03:23, 10.13it/s, recall_0.3=(0, 6494) / 7842]eval:  45%|████▌     | 1706/3769 [03:46<03:23, 10.13it/s, recall_0.3=(0, 6506) / 7856]eval:  45%|████▌     | 1707/3769 [03:46<03:23, 10.13it/s, recall_0.3=(0, 6511) / 7861]eval:  45%|████▌     | 1708/3769 [03:46<03:22, 10.17it/s, recall_0.3=(0, 6511) / 7861]eval:  45%|████▌     | 1708/3769 [03:46<03:22, 10.17it/s, recall_0.3=(0, 6512) / 7862]eval:  45%|████▌     | 1709/3769 [03:46<03:22, 10.17it/s, recall_0.3=(0, 6513) / 7863]eval:  45%|████▌     | 1710/3769 [03:46<03:20, 10.26it/s, recall_0.3=(0, 6513) / 7863]eval:  45%|████▌     | 1710/3769 [03:46<03:20, 10.26it/s, recall_0.3=(0, 6517) / 7868]eval:  45%|████▌     | 1711/3769 [03:46<03:20, 10.26it/s, recall_0.3=(0, 6518) / 7870]eval:  45%|████▌     | 1712/3769 [03:46<03:20, 10.28it/s, recall_0.3=(0, 6518) / 7870]eval:  45%|████▌     | 1712/3769 [03:46<03:20, 10.28it/s, recall_0.3=(0, 6519) / 7871]eval:  45%|████▌     | 1713/3769 [03:47<03:19, 10.28it/s, recall_0.3=(0, 6521) / 7875]eval:  45%|████▌     | 1714/3769 [03:47<03:20, 10.24it/s, recall_0.3=(0, 6521) / 7875]eval:  45%|████▌     | 1714/3769 [03:47<03:20, 10.24it/s, recall_0.3=(0, 6521) / 7876]eval:  46%|████▌     | 1715/3769 [03:47<03:20, 10.24it/s, recall_0.3=(0, 6525) / 7881]eval:  46%|████▌     | 1716/3769 [03:47<03:20, 10.24it/s, recall_0.3=(0, 6525) / 7881]eval:  46%|████▌     | 1716/3769 [03:47<03:20, 10.24it/s, recall_0.3=(0, 6527) / 7883]eval:  46%|████▌     | 1717/3769 [03:47<03:20, 10.24it/s, recall_0.3=(0, 6529) / 7885]eval:  46%|████▌     | 1718/3769 [03:47<03:20, 10.22it/s, recall_0.3=(0, 6529) / 7885]eval:  46%|████▌     | 1718/3769 [03:47<03:20, 10.22it/s, recall_0.3=(0, 6533) / 7889]eval:  46%|████▌     | 1719/3769 [03:47<03:20, 10.22it/s, recall_0.3=(0, 6535) / 7891]eval:  46%|████▌     | 1720/3769 [03:47<03:19, 10.29it/s, recall_0.3=(0, 6535) / 7891]eval:  46%|████▌     | 1720/3769 [03:47<03:19, 10.29it/s, recall_0.3=(0, 6543) / 7899]eval:  46%|████▌     | 1721/3769 [03:47<03:19, 10.29it/s, recall_0.3=(0, 6544) / 7900]eval:  46%|████▌     | 1722/3769 [03:47<03:18, 10.32it/s, recall_0.3=(0, 6544) / 7900]eval:  46%|████▌     | 1722/3769 [03:47<03:18, 10.32it/s, recall_0.3=(0, 6550) / 7906]eval:  46%|████▌     | 1723/3769 [03:48<03:18, 10.32it/s, recall_0.3=(0, 6551) / 7907]eval:  46%|████▌     | 1724/3769 [03:48<03:18, 10.29it/s, recall_0.3=(0, 6551) / 7907]eval:  46%|████▌     | 1724/3769 [03:48<03:18, 10.29it/s, recall_0.3=(0, 6552) / 7908]eval:  46%|████▌     | 1725/3769 [03:48<03:18, 10.29it/s, recall_0.3=(0, 6553) / 7909]eval:  46%|████▌     | 1726/3769 [03:48<03:18, 10.32it/s, recall_0.3=(0, 6553) / 7909]eval:  46%|████▌     | 1726/3769 [03:48<03:18, 10.32it/s, recall_0.3=(0, 6556) / 7912]eval:  46%|████▌     | 1727/3769 [03:48<03:17, 10.32it/s, recall_0.3=(0, 6557) / 7913]eval:  46%|████▌     | 1728/3769 [03:48<03:17, 10.32it/s, recall_0.3=(0, 6557) / 7913]eval:  46%|████▌     | 1728/3769 [03:48<03:17, 10.32it/s, recall_0.3=(0, 6559) / 7915]eval:  46%|████▌     | 1729/3769 [03:48<03:17, 10.32it/s, recall_0.3=(0, 6562) / 7919]eval:  46%|████▌     | 1730/3769 [03:48<03:17, 10.32it/s, recall_0.3=(0, 6562) / 7919]eval:  46%|████▌     | 1730/3769 [03:48<03:17, 10.32it/s, recall_0.3=(0, 6571) / 7934]eval:  46%|████▌     | 1731/3769 [03:48<03:17, 10.32it/s, recall_0.3=(0, 6576) / 7940]eval:  46%|████▌     | 1732/3769 [03:48<03:20, 10.14it/s, recall_0.3=(0, 6576) / 7940]eval:  46%|████▌     | 1732/3769 [03:48<03:20, 10.14it/s, recall_0.3=(0, 6581) / 7945]eval:  46%|████▌     | 1733/3769 [03:48<03:20, 10.14it/s, recall_0.3=(0, 6582) / 7946]eval:  46%|████▌     | 1734/3769 [03:48<03:20, 10.14it/s, recall_0.3=(0, 6582) / 7946]eval:  46%|████▌     | 1734/3769 [03:49<03:20, 10.14it/s, recall_0.3=(0, 6584) / 7948]eval:  46%|████▌     | 1735/3769 [03:49<03:20, 10.14it/s, recall_0.3=(0, 6587) / 7951]eval:  46%|████▌     | 1736/3769 [03:49<03:20, 10.16it/s, recall_0.3=(0, 6587) / 7951]eval:  46%|████▌     | 1736/3769 [03:49<03:20, 10.16it/s, recall_0.3=(0, 6590) / 7955]eval:  46%|████▌     | 1737/3769 [03:49<03:20, 10.16it/s, recall_0.3=(0, 6600) / 7965]eval:  46%|████▌     | 1738/3769 [03:49<03:22, 10.02it/s, recall_0.3=(0, 6600) / 7965]eval:  46%|████▌     | 1738/3769 [03:49<03:22, 10.02it/s, recall_0.3=(0, 6607) / 7972]eval:  46%|████▌     | 1739/3769 [03:49<03:22, 10.02it/s, recall_0.3=(0, 6612) / 7980]eval:  46%|████▌     | 1740/3769 [03:49<03:21, 10.05it/s, recall_0.3=(0, 6612) / 7980]eval:  46%|████▌     | 1740/3769 [03:49<03:21, 10.05it/s, recall_0.3=(0, 6613) / 7981]eval:  46%|████▌     | 1741/3769 [03:49<03:21, 10.05it/s, recall_0.3=(0, 6616) / 7984]eval:  46%|████▌     | 1742/3769 [03:49<03:20, 10.09it/s, recall_0.3=(0, 6616) / 7984]eval:  46%|████▌     | 1742/3769 [03:49<03:20, 10.09it/s, recall_0.3=(0, 6619) / 7987]eval:  46%|████▌     | 1743/3769 [03:49<03:20, 10.09it/s, recall_0.3=(0, 6624) / 7993]eval:  46%|████▋     | 1744/3769 [03:49<03:19, 10.13it/s, recall_0.3=(0, 6624) / 7993]eval:  46%|████▋     | 1744/3769 [03:50<03:19, 10.13it/s, recall_0.3=(0, 6631) / 8003]eval:  46%|████▋     | 1745/3769 [03:50<03:19, 10.13it/s, recall_0.3=(0, 6636) / 8011]eval:  46%|████▋     | 1746/3769 [03:50<03:19, 10.13it/s, recall_0.3=(0, 6636) / 8011]eval:  46%|████▋     | 1746/3769 [03:50<03:19, 10.13it/s, recall_0.3=(0, 6641) / 8020]eval:  46%|████▋     | 1747/3769 [03:50<03:19, 10.13it/s, recall_0.3=(0, 6646) / 8026]eval:  46%|████▋     | 1748/3769 [03:50<03:17, 10.21it/s, recall_0.3=(0, 6646) / 8026]eval:  46%|████▋     | 1748/3769 [03:50<03:17, 10.21it/s, recall_0.3=(0, 6647) / 8027]eval:  46%|████▋     | 1749/3769 [03:50<03:17, 10.21it/s, recall_0.3=(0, 6648) / 8028]eval:  46%|████▋     | 1750/3769 [03:50<03:15, 10.31it/s, recall_0.3=(0, 6648) / 8028]eval:  46%|████▋     | 1750/3769 [03:50<03:15, 10.31it/s, recall_0.3=(0, 6649) / 8029]eval:  46%|████▋     | 1751/3769 [03:50<03:15, 10.31it/s, recall_0.3=(0, 6650) / 8030]eval:  46%|████▋     | 1752/3769 [03:50<03:16, 10.25it/s, recall_0.3=(0, 6650) / 8030]eval:  46%|████▋     | 1752/3769 [03:50<03:16, 10.25it/s, recall_0.3=(0, 6655) / 8035]eval:  47%|████▋     | 1753/3769 [03:50<03:16, 10.25it/s, recall_0.3=(0, 6667) / 8051]eval:  47%|████▋     | 1754/3769 [03:50<03:19, 10.12it/s, recall_0.3=(0, 6667) / 8051]eval:  47%|████▋     | 1754/3769 [03:51<03:19, 10.12it/s, recall_0.3=(0, 6671) / 8056]eval:  47%|████▋     | 1755/3769 [03:51<03:19, 10.12it/s, recall_0.3=(0, 6673) / 8058]eval:  47%|████▋     | 1756/3769 [03:51<03:20, 10.05it/s, recall_0.3=(0, 6673) / 8058]eval:  47%|████▋     | 1756/3769 [03:51<03:20, 10.05it/s, recall_0.3=(0, 6678) / 8063]eval:  47%|████▋     | 1757/3769 [03:51<03:20, 10.05it/s, recall_0.3=(0, 6681) / 8066]eval:  47%|████▋     | 1758/3769 [03:51<03:18, 10.12it/s, recall_0.3=(0, 6681) / 8066]eval:  47%|████▋     | 1758/3769 [03:51<03:18, 10.12it/s, recall_0.3=(0, 6686) / 8071]eval:  47%|████▋     | 1759/3769 [03:51<03:18, 10.12it/s, recall_0.3=(0, 6689) / 8075]eval:  47%|████▋     | 1760/3769 [03:51<03:16, 10.23it/s, recall_0.3=(0, 6689) / 8075]eval:  47%|████▋     | 1760/3769 [03:51<03:16, 10.23it/s, recall_0.3=(0, 6692) / 8079]eval:  47%|████▋     | 1761/3769 [03:51<03:16, 10.23it/s, recall_0.3=(0, 6694) / 8082]eval:  47%|████▋     | 1762/3769 [03:51<03:14, 10.31it/s, recall_0.3=(0, 6694) / 8082]eval:  47%|████▋     | 1762/3769 [03:51<03:14, 10.31it/s, recall_0.3=(0, 6702) / 8090]eval:  47%|████▋     | 1763/3769 [03:51<03:14, 10.31it/s, recall_0.3=(0, 6704) / 8092]eval:  47%|████▋     | 1764/3769 [03:51<03:13, 10.34it/s, recall_0.3=(0, 6704) / 8092]eval:  47%|████▋     | 1764/3769 [03:52<03:13, 10.34it/s, recall_0.3=(0, 6706) / 8095]eval:  47%|████▋     | 1765/3769 [03:52<03:13, 10.34it/s, recall_0.3=(0, 6708) / 8099]eval:  47%|████▋     | 1766/3769 [03:52<03:12, 10.41it/s, recall_0.3=(0, 6708) / 8099]eval:  47%|████▋     | 1766/3769 [03:52<03:12, 10.41it/s, recall_0.3=(0, 6717) / 8108]eval:  47%|████▋     | 1767/3769 [03:52<03:12, 10.41it/s, recall_0.3=(0, 6719) / 8110]eval:  47%|████▋     | 1768/3769 [03:52<03:13, 10.36it/s, recall_0.3=(0, 6719) / 8110]eval:  47%|████▋     | 1768/3769 [03:52<03:13, 10.36it/s, recall_0.3=(0, 6728) / 8121]eval:  47%|████▋     | 1769/3769 [03:52<03:13, 10.36it/s, recall_0.3=(0, 6730) / 8124]eval:  47%|████▋     | 1770/3769 [03:52<03:16, 10.17it/s, recall_0.3=(0, 6730) / 8124]eval:  47%|████▋     | 1770/3769 [03:52<03:16, 10.17it/s, recall_0.3=(0, 6732) / 8126]eval:  47%|████▋     | 1771/3769 [03:52<03:16, 10.17it/s, recall_0.3=(0, 6735) / 8130]eval:  47%|████▋     | 1772/3769 [03:52<03:17, 10.11it/s, recall_0.3=(0, 6735) / 8130]eval:  47%|████▋     | 1772/3769 [03:52<03:17, 10.11it/s, recall_0.3=(0, 6738) / 8142]eval:  47%|████▋     | 1773/3769 [03:52<03:17, 10.11it/s, recall_0.3=(0, 6742) / 8146]eval:  47%|████▋     | 1774/3769 [03:52<03:19,  9.99it/s, recall_0.3=(0, 6742) / 8146]eval:  47%|████▋     | 1774/3769 [03:53<03:19,  9.99it/s, recall_0.3=(0, 6747) / 8151]eval:  47%|████▋     | 1775/3769 [03:53<03:19,  9.99it/s, recall_0.3=(0, 6750) / 8154]eval:  47%|████▋     | 1776/3769 [03:53<03:18, 10.05it/s, recall_0.3=(0, 6750) / 8154]eval:  47%|████▋     | 1776/3769 [03:53<03:18, 10.05it/s, recall_0.3=(0, 6753) / 8157]eval:  47%|████▋     | 1777/3769 [03:53<03:18, 10.05it/s, recall_0.3=(0, 6756) / 8169]eval:  47%|████▋     | 1778/3769 [03:53<03:17, 10.09it/s, recall_0.3=(0, 6756) / 8169]eval:  47%|████▋     | 1778/3769 [03:53<03:17, 10.09it/s, recall_0.3=(0, 6758) / 8171]eval:  47%|████▋     | 1779/3769 [03:53<03:17, 10.09it/s, recall_0.3=(0, 6760) / 8173]eval:  47%|████▋     | 1780/3769 [03:53<03:17, 10.07it/s, recall_0.3=(0, 6760) / 8173]eval:  47%|████▋     | 1780/3769 [03:53<03:17, 10.07it/s, recall_0.3=(0, 6761) / 8174]eval:  47%|████▋     | 1781/3769 [03:53<03:17, 10.07it/s, recall_0.3=(0, 6763) / 8177]eval:  47%|████▋     | 1782/3769 [03:53<03:16, 10.13it/s, recall_0.3=(0, 6763) / 8177]eval:  47%|████▋     | 1782/3769 [03:53<03:16, 10.13it/s, recall_0.3=(0, 6768) / 8184]eval:  47%|████▋     | 1783/3769 [03:53<03:16, 10.13it/s, recall_0.3=(0, 6774) / 8190]eval:  47%|████▋     | 1784/3769 [03:53<03:14, 10.19it/s, recall_0.3=(0, 6774) / 8190]eval:  47%|████▋     | 1784/3769 [03:53<03:14, 10.19it/s, recall_0.3=(0, 6775) / 8191]eval:  47%|████▋     | 1785/3769 [03:54<03:14, 10.19it/s, recall_0.3=(0, 6776) / 8193]eval:  47%|████▋     | 1786/3769 [03:54<03:13, 10.23it/s, recall_0.3=(0, 6776) / 8193]eval:  47%|████▋     | 1786/3769 [03:54<03:13, 10.23it/s, recall_0.3=(0, 6787) / 8205]eval:  47%|████▋     | 1787/3769 [03:54<03:13, 10.23it/s, recall_0.3=(0, 6788) / 8207]eval:  47%|████▋     | 1788/3769 [03:54<03:12, 10.27it/s, recall_0.3=(0, 6788) / 8207]eval:  47%|████▋     | 1788/3769 [03:54<03:12, 10.27it/s, recall_0.3=(0, 6789) / 8208]eval:  47%|████▋     | 1789/3769 [03:54<03:12, 10.27it/s, recall_0.3=(0, 6791) / 8211]eval:  47%|████▋     | 1790/3769 [03:54<03:11, 10.34it/s, recall_0.3=(0, 6791) / 8211]eval:  47%|████▋     | 1790/3769 [03:54<03:11, 10.34it/s, recall_0.3=(0, 6792) / 8212]eval:  48%|████▊     | 1791/3769 [03:54<03:11, 10.34it/s, recall_0.3=(0, 6796) / 8216]eval:  48%|████▊     | 1792/3769 [03:54<03:12, 10.28it/s, recall_0.3=(0, 6796) / 8216]eval:  48%|████▊     | 1792/3769 [03:54<03:12, 10.28it/s, recall_0.3=(0, 6798) / 8219]eval:  48%|████▊     | 1793/3769 [03:54<03:12, 10.28it/s, recall_0.3=(0, 6801) / 8222]eval:  48%|████▊     | 1794/3769 [03:54<03:09, 10.40it/s, recall_0.3=(0, 6801) / 8222]eval:  48%|████▊     | 1794/3769 [03:54<03:09, 10.40it/s, recall_0.3=(0, 6802) / 8224]eval:  48%|████▊     | 1795/3769 [03:55<03:09, 10.40it/s, recall_0.3=(0, 6810) / 8236]eval:  48%|████▊     | 1796/3769 [03:55<03:12, 10.27it/s, recall_0.3=(0, 6810) / 8236]eval:  48%|████▊     | 1796/3769 [03:55<03:12, 10.27it/s, recall_0.3=(0, 6812) / 8238]eval:  48%|████▊     | 1797/3769 [03:55<03:12, 10.27it/s, recall_0.3=(0, 6813) / 8241]eval:  48%|████▊     | 1798/3769 [03:55<03:09, 10.38it/s, recall_0.3=(0, 6813) / 8241]eval:  48%|████▊     | 1798/3769 [03:55<03:09, 10.38it/s, recall_0.3=(0, 6822) / 8251]eval:  48%|████▊     | 1799/3769 [03:55<03:09, 10.38it/s, recall_0.3=(0, 6824) / 8253]eval:  48%|████▊     | 1800/3769 [03:55<03:09, 10.40it/s, recall_0.3=(0, 6824) / 8253]eval:  48%|████▊     | 1800/3769 [03:55<03:09, 10.40it/s, recall_0.3=(0, 6826) / 8256]eval:  48%|████▊     | 1801/3769 [03:55<03:09, 10.40it/s, recall_0.3=(0, 6828) / 8259]eval:  48%|████▊     | 1802/3769 [03:55<03:10, 10.30it/s, recall_0.3=(0, 6828) / 8259]eval:  48%|████▊     | 1802/3769 [03:55<03:10, 10.30it/s, recall_0.3=(0, 6833) / 8266]eval:  48%|████▊     | 1803/3769 [03:55<03:10, 10.30it/s, recall_0.3=(0, 6842) / 8276]eval:  48%|████▊     | 1804/3769 [03:55<03:10, 10.34it/s, recall_0.3=(0, 6842) / 8276]eval:  48%|████▊     | 1804/3769 [03:55<03:10, 10.34it/s, recall_0.3=(0, 6855) / 8289]eval:  48%|████▊     | 1805/3769 [03:56<03:09, 10.34it/s, recall_0.3=(0, 6863) / 8298]eval:  48%|████▊     | 1806/3769 [03:56<03:10, 10.28it/s, recall_0.3=(0, 6863) / 8298]eval:  48%|████▊     | 1806/3769 [03:56<03:10, 10.28it/s, recall_0.3=(0, 6864) / 8299]eval:  48%|████▊     | 1807/3769 [03:56<03:10, 10.28it/s, recall_0.3=(0, 6868) / 8303]eval:  48%|████▊     | 1808/3769 [03:56<03:09, 10.36it/s, recall_0.3=(0, 6868) / 8303]eval:  48%|████▊     | 1808/3769 [03:56<03:09, 10.36it/s, recall_0.3=(0, 6870) / 8305]eval:  48%|████▊     | 1809/3769 [03:56<03:09, 10.36it/s, recall_0.3=(0, 6871) / 8307]eval:  48%|████▊     | 1810/3769 [03:56<03:08, 10.37it/s, recall_0.3=(0, 6871) / 8307]eval:  48%|████▊     | 1810/3769 [03:56<03:08, 10.37it/s, recall_0.3=(0, 6872) / 8308]eval:  48%|████▊     | 1811/3769 [03:56<03:08, 10.37it/s, recall_0.3=(0, 6873) / 8309]eval:  48%|████▊     | 1812/3769 [03:56<03:06, 10.47it/s, recall_0.3=(0, 6873) / 8309]eval:  48%|████▊     | 1812/3769 [03:56<03:06, 10.47it/s, recall_0.3=(0, 6874) / 8311]eval:  48%|████▊     | 1813/3769 [03:56<03:06, 10.47it/s, recall_0.3=(0, 6886) / 8323]eval:  48%|████▊     | 1814/3769 [03:56<03:08, 10.36it/s, recall_0.3=(0, 6886) / 8323]eval:  48%|████▊     | 1814/3769 [03:56<03:08, 10.36it/s, recall_0.3=(0, 6887) / 8324]eval:  48%|████▊     | 1815/3769 [03:56<03:08, 10.36it/s, recall_0.3=(0, 6887) / 8325]eval:  48%|████▊     | 1816/3769 [03:56<03:07, 10.43it/s, recall_0.3=(0, 6887) / 8325]eval:  48%|████▊     | 1816/3769 [03:57<03:07, 10.43it/s, recall_0.3=(0, 6889) / 8328]eval:  48%|████▊     | 1817/3769 [03:57<03:07, 10.43it/s, recall_0.3=(0, 6891) / 8330]eval:  48%|████▊     | 1818/3769 [03:57<03:06, 10.48it/s, recall_0.3=(0, 6891) / 8330]eval:  48%|████▊     | 1818/3769 [03:57<03:06, 10.48it/s, recall_0.3=(0, 6896) / 8335]eval:  48%|████▊     | 1819/3769 [03:57<03:06, 10.48it/s, recall_0.3=(0, 6897) / 8336]eval:  48%|████▊     | 1820/3769 [03:57<03:08, 10.33it/s, recall_0.3=(0, 6897) / 8336]eval:  48%|████▊     | 1820/3769 [03:57<03:08, 10.33it/s, recall_0.3=(0, 6903) / 8345]eval:  48%|████▊     | 1821/3769 [03:57<03:08, 10.33it/s, recall_0.3=(0, 6912) / 8358]eval:  48%|████▊     | 1822/3769 [03:57<03:06, 10.42it/s, recall_0.3=(0, 6912) / 8358]eval:  48%|████▊     | 1822/3769 [03:57<03:06, 10.42it/s, recall_0.3=(0, 6914) / 8361]eval:  48%|████▊     | 1823/3769 [03:57<03:06, 10.42it/s, recall_0.3=(0, 6917) / 8364]eval:  48%|████▊     | 1824/3769 [03:57<03:06, 10.43it/s, recall_0.3=(0, 6917) / 8364]eval:  48%|████▊     | 1824/3769 [03:57<03:06, 10.43it/s, recall_0.3=(0, 6923) / 8372]eval:  48%|████▊     | 1825/3769 [03:57<03:06, 10.43it/s, recall_0.3=(0, 6932) / 8385]eval:  48%|████▊     | 1826/3769 [03:57<03:06, 10.41it/s, recall_0.3=(0, 6932) / 8385]eval:  48%|████▊     | 1826/3769 [03:58<03:06, 10.41it/s, recall_0.3=(0, 6939) / 8392]eval:  48%|████▊     | 1827/3769 [03:58<03:06, 10.41it/s, recall_0.3=(0, 6942) / 8396]eval:  49%|████▊     | 1828/3769 [03:58<03:07, 10.36it/s, recall_0.3=(0, 6942) / 8396]eval:  49%|████▊     | 1828/3769 [03:58<03:07, 10.36it/s, recall_0.3=(0, 6945) / 8401]eval:  49%|████▊     | 1829/3769 [03:58<03:07, 10.36it/s, recall_0.3=(0, 6947) / 8405]eval:  49%|████▊     | 1830/3769 [03:58<03:05, 10.43it/s, recall_0.3=(0, 6947) / 8405]eval:  49%|████▊     | 1830/3769 [03:58<03:05, 10.43it/s, recall_0.3=(0, 6948) / 8407]eval:  49%|████▊     | 1831/3769 [03:58<03:05, 10.43it/s, recall_0.3=(0, 6959) / 8419]eval:  49%|████▊     | 1832/3769 [03:58<03:05, 10.46it/s, recall_0.3=(0, 6959) / 8419]eval:  49%|████▊     | 1832/3769 [03:58<03:05, 10.46it/s, recall_0.3=(0, 6965) / 8427]eval:  49%|████▊     | 1833/3769 [03:58<03:05, 10.46it/s, recall_0.3=(0, 6966) / 8429]eval:  49%|████▊     | 1834/3769 [03:58<03:03, 10.53it/s, recall_0.3=(0, 6966) / 8429]eval:  49%|████▊     | 1834/3769 [03:58<03:03, 10.53it/s, recall_0.3=(0, 6967) / 8431]eval:  49%|████▊     | 1835/3769 [03:58<03:03, 10.53it/s, recall_0.3=(0, 6969) / 8433]eval:  49%|████▊     | 1836/3769 [03:58<03:05, 10.44it/s, recall_0.3=(0, 6969) / 8433]eval:  49%|████▊     | 1836/3769 [03:59<03:05, 10.44it/s, recall_0.3=(0, 6978) / 8446]eval:  49%|████▊     | 1837/3769 [03:59<03:05, 10.44it/s, recall_0.3=(0, 6985) / 8454]eval:  49%|████▉     | 1838/3769 [03:59<03:06, 10.34it/s, recall_0.3=(0, 6985) / 8454]eval:  49%|████▉     | 1838/3769 [03:59<03:06, 10.34it/s, recall_0.3=(0, 6990) / 8459]eval:  49%|████▉     | 1839/3769 [03:59<03:06, 10.34it/s, recall_0.3=(0, 6991) / 8460]eval:  49%|████▉     | 1840/3769 [03:59<03:06, 10.33it/s, recall_0.3=(0, 6991) / 8460]eval:  49%|████▉     | 1840/3769 [03:59<03:06, 10.33it/s, recall_0.3=(0, 6998) / 8468]eval:  49%|████▉     | 1841/3769 [03:59<03:06, 10.33it/s, recall_0.3=(0, 7006) / 8479]eval:  49%|████▉     | 1842/3769 [03:59<03:05, 10.40it/s, recall_0.3=(0, 7006) / 8479]eval:  49%|████▉     | 1842/3769 [03:59<03:05, 10.40it/s, recall_0.3=(0, 7006) / 8480]eval:  49%|████▉     | 1843/3769 [03:59<03:05, 10.40it/s, recall_0.3=(0, 7007) / 8482]eval:  49%|████▉     | 1844/3769 [03:59<03:03, 10.50it/s, recall_0.3=(0, 7007) / 8482]eval:  49%|████▉     | 1844/3769 [03:59<03:03, 10.50it/s, recall_0.3=(0, 7008) / 8483]eval:  49%|████▉     | 1845/3769 [03:59<03:03, 10.50it/s, recall_0.3=(0, 7010) / 8485]eval:  49%|████▉     | 1846/3769 [03:59<03:04, 10.41it/s, recall_0.3=(0, 7010) / 8485]eval:  49%|████▉     | 1846/3769 [03:59<03:04, 10.41it/s, recall_0.3=(0, 7011) / 8486]eval:  49%|████▉     | 1847/3769 [04:00<03:04, 10.41it/s, recall_0.3=(0, 7018) / 8495]eval:  49%|████▉     | 1848/3769 [04:00<03:03, 10.45it/s, recall_0.3=(0, 7018) / 8495]eval:  49%|████▉     | 1848/3769 [04:00<03:03, 10.45it/s, recall_0.3=(0, 7020) / 8497]eval:  49%|████▉     | 1849/3769 [04:00<03:03, 10.45it/s, recall_0.3=(0, 7022) / 8499]eval:  49%|████▉     | 1850/3769 [04:00<03:05, 10.33it/s, recall_0.3=(0, 7022) / 8499]eval:  49%|████▉     | 1850/3769 [04:00<03:05, 10.33it/s, recall_0.3=(0, 7028) / 8506]eval:  49%|████▉     | 1851/3769 [04:00<03:05, 10.33it/s, recall_0.3=(0, 7031) / 8509]eval:  49%|████▉     | 1852/3769 [04:00<03:04, 10.41it/s, recall_0.3=(0, 7031) / 8509]eval:  49%|████▉     | 1852/3769 [04:00<03:04, 10.41it/s, recall_0.3=(0, 7040) / 8521]eval:  49%|████▉     | 1853/3769 [04:00<03:03, 10.41it/s, recall_0.3=(0, 7047) / 8529]eval:  49%|████▉     | 1854/3769 [04:00<03:05, 10.32it/s, recall_0.3=(0, 7047) / 8529]eval:  49%|████▉     | 1854/3769 [04:00<03:05, 10.32it/s, recall_0.3=(0, 7048) / 8530]eval:  49%|████▉     | 1855/3769 [04:00<03:05, 10.32it/s, recall_0.3=(0, 7049) / 8533]eval:  49%|████▉     | 1856/3769 [04:00<03:05, 10.32it/s, recall_0.3=(0, 7049) / 8533]eval:  49%|████▉     | 1856/3769 [04:00<03:05, 10.32it/s, recall_0.3=(0, 7053) / 8538]eval:  49%|████▉     | 1857/3769 [04:01<03:05, 10.32it/s, recall_0.3=(0, 7057) / 8544]eval:  49%|████▉     | 1858/3769 [04:01<03:03, 10.41it/s, recall_0.3=(0, 7057) / 8544]eval:  49%|████▉     | 1858/3769 [04:01<03:03, 10.41it/s, recall_0.3=(0, 7064) / 8551]eval:  49%|████▉     | 1859/3769 [04:01<03:03, 10.41it/s, recall_0.3=(0, 7065) / 8552]eval:  49%|████▉     | 1860/3769 [04:01<03:02, 10.45it/s, recall_0.3=(0, 7065) / 8552]eval:  49%|████▉     | 1860/3769 [04:01<03:02, 10.45it/s, recall_0.3=(0, 7066) / 8553]eval:  49%|████▉     | 1861/3769 [04:01<03:02, 10.45it/s, recall_0.3=(0, 7069) / 8556]eval:  49%|████▉     | 1862/3769 [04:01<03:02, 10.46it/s, recall_0.3=(0, 7069) / 8556]eval:  49%|████▉     | 1862/3769 [04:01<03:02, 10.46it/s, recall_0.3=(0, 7076) / 8565]eval:  49%|████▉     | 1863/3769 [04:01<03:02, 10.46it/s, recall_0.3=(0, 7077) / 8567]eval:  49%|████▉     | 1864/3769 [04:01<03:01, 10.49it/s, recall_0.3=(0, 7077) / 8567]eval:  49%|████▉     | 1864/3769 [04:01<03:01, 10.49it/s, recall_0.3=(0, 7078) / 8568]eval:  49%|████▉     | 1865/3769 [04:01<03:01, 10.49it/s, recall_0.3=(0, 7080) / 8570]eval:  50%|████▉     | 1866/3769 [04:01<03:00, 10.56it/s, recall_0.3=(0, 7080) / 8570]eval:  50%|████▉     | 1866/3769 [04:01<03:00, 10.56it/s, recall_0.3=(0, 7083) / 8573]eval:  50%|████▉     | 1867/3769 [04:01<03:00, 10.56it/s, recall_0.3=(0, 7090) / 8585]eval:  50%|████▉     | 1868/3769 [04:01<03:00, 10.55it/s, recall_0.3=(0, 7090) / 8585]eval:  50%|████▉     | 1868/3769 [04:02<03:00, 10.55it/s, recall_0.3=(0, 7097) / 8593]eval:  50%|████▉     | 1869/3769 [04:02<03:00, 10.55it/s, recall_0.3=(0, 7099) / 8595]eval:  50%|████▉     | 1870/3769 [04:02<02:59, 10.58it/s, recall_0.3=(0, 7099) / 8595]eval:  50%|████▉     | 1870/3769 [04:02<02:59, 10.58it/s, recall_0.3=(0, 7100) / 8596]eval:  50%|████▉     | 1871/3769 [04:02<02:59, 10.58it/s, recall_0.3=(0, 7104) / 8602]eval:  50%|████▉     | 1872/3769 [04:02<02:58, 10.61it/s, recall_0.3=(0, 7104) / 8602]eval:  50%|████▉     | 1872/3769 [04:02<02:58, 10.61it/s, recall_0.3=(0, 7108) / 8606]eval:  50%|████▉     | 1873/3769 [04:02<02:58, 10.61it/s, recall_0.3=(0, 7109) / 8607]eval:  50%|████▉     | 1874/3769 [04:02<03:01, 10.46it/s, recall_0.3=(0, 7109) / 8607]eval:  50%|████▉     | 1874/3769 [04:02<03:01, 10.46it/s, recall_0.3=(0, 7110) / 8608]eval:  50%|████▉     | 1875/3769 [04:02<03:01, 10.46it/s, recall_0.3=(0, 7113) / 8613]eval:  50%|████▉     | 1876/3769 [04:02<03:01, 10.43it/s, recall_0.3=(0, 7113) / 8613]eval:  50%|████▉     | 1876/3769 [04:02<03:01, 10.43it/s, recall_0.3=(0, 7114) / 8614]eval:  50%|████▉     | 1877/3769 [04:02<03:01, 10.43it/s, recall_0.3=(0, 7119) / 8619]eval:  50%|████▉     | 1878/3769 [04:02<03:00, 10.50it/s, recall_0.3=(0, 7119) / 8619]eval:  50%|████▉     | 1878/3769 [04:03<03:00, 10.50it/s, recall_0.3=(0, 7127) / 8628]eval:  50%|████▉     | 1879/3769 [04:03<03:00, 10.50it/s, recall_0.3=(0, 7134) / 8636]eval:  50%|████▉     | 1880/3769 [04:03<03:01, 10.38it/s, recall_0.3=(0, 7134) / 8636]eval:  50%|████▉     | 1880/3769 [04:03<03:01, 10.38it/s, recall_0.3=(0, 7142) / 8644]eval:  50%|████▉     | 1881/3769 [04:03<03:01, 10.38it/s, recall_0.3=(0, 7143) / 8645]eval:  50%|████▉     | 1882/3769 [04:03<03:00, 10.48it/s, recall_0.3=(0, 7143) / 8645]eval:  50%|████▉     | 1882/3769 [04:03<03:00, 10.48it/s, recall_0.3=(0, 7144) / 8647]eval:  50%|████▉     | 1883/3769 [04:03<02:59, 10.48it/s, recall_0.3=(0, 7148) / 8652]eval:  50%|████▉     | 1884/3769 [04:03<02:59, 10.48it/s, recall_0.3=(0, 7148) / 8652]eval:  50%|████▉     | 1884/3769 [04:03<02:59, 10.48it/s, recall_0.3=(0, 7149) / 8653]eval:  50%|█████     | 1885/3769 [04:03<02:59, 10.48it/s, recall_0.3=(0, 7150) / 8654]eval:  50%|█████     | 1886/3769 [04:03<02:57, 10.59it/s, recall_0.3=(0, 7150) / 8654]eval:  50%|█████     | 1886/3769 [04:03<02:57, 10.59it/s, recall_0.3=(0, 7156) / 8662]eval:  50%|█████     | 1887/3769 [04:03<02:57, 10.59it/s, recall_0.3=(0, 7163) / 8670]eval:  50%|█████     | 1888/3769 [04:03<02:56, 10.63it/s, recall_0.3=(0, 7163) / 8670]eval:  50%|█████     | 1888/3769 [04:03<02:56, 10.63it/s, recall_0.3=(0, 7171) / 8682]eval:  50%|█████     | 1889/3769 [04:04<02:56, 10.63it/s, recall_0.3=(0, 7182) / 8694]eval:  50%|█████     | 1890/3769 [04:04<02:57, 10.58it/s, recall_0.3=(0, 7182) / 8694]eval:  50%|█████     | 1890/3769 [04:04<02:57, 10.58it/s, recall_0.3=(0, 7189) / 8701]eval:  50%|█████     | 1891/3769 [04:04<02:57, 10.58it/s, recall_0.3=(0, 7194) / 8706]eval:  50%|█████     | 1892/3769 [04:04<02:56, 10.63it/s, recall_0.3=(0, 7194) / 8706]eval:  50%|█████     | 1892/3769 [04:04<02:56, 10.63it/s, recall_0.3=(0, 7196) / 8709]eval:  50%|█████     | 1893/3769 [04:04<02:56, 10.63it/s, recall_0.3=(0, 7202) / 8716]eval:  50%|█████     | 1894/3769 [04:04<02:55, 10.67it/s, recall_0.3=(0, 7202) / 8716]eval:  50%|█████     | 1894/3769 [04:04<02:55, 10.67it/s, recall_0.3=(0, 7207) / 8722]eval:  50%|█████     | 1895/3769 [04:04<02:55, 10.67it/s, recall_0.3=(0, 7208) / 8723]eval:  50%|█████     | 1896/3769 [04:04<02:54, 10.71it/s, recall_0.3=(0, 7208) / 8723]eval:  50%|█████     | 1896/3769 [04:04<02:54, 10.71it/s, recall_0.3=(0, 7212) / 8728]eval:  50%|█████     | 1897/3769 [04:04<02:54, 10.71it/s, recall_0.3=(0, 7223) / 8739]eval:  50%|█████     | 1898/3769 [04:04<02:54, 10.71it/s, recall_0.3=(0, 7223) / 8739]eval:  50%|█████     | 1898/3769 [04:04<02:54, 10.71it/s, recall_0.3=(0, 7227) / 8745]eval:  50%|█████     | 1899/3769 [04:04<02:54, 10.71it/s, recall_0.3=(0, 7229) / 8747]eval:  50%|█████     | 1900/3769 [04:04<02:55, 10.68it/s, recall_0.3=(0, 7229) / 8747]eval:  50%|█████     | 1900/3769 [04:05<02:55, 10.68it/s, recall_0.3=(0, 7231) / 8749]eval:  50%|█████     | 1901/3769 [04:05<02:54, 10.68it/s, recall_0.3=(0, 7241) / 8759]eval:  50%|█████     | 1902/3769 [04:05<02:54, 10.71it/s, recall_0.3=(0, 7241) / 8759]eval:  50%|█████     | 1902/3769 [04:05<02:54, 10.71it/s, recall_0.3=(0, 7244) / 8762]eval:  50%|█████     | 1903/3769 [04:05<02:54, 10.71it/s, recall_0.3=(0, 7245) / 8763]eval:  51%|█████     | 1904/3769 [04:05<02:54, 10.69it/s, recall_0.3=(0, 7245) / 8763]eval:  51%|█████     | 1904/3769 [04:05<02:54, 10.69it/s, recall_0.3=(0, 7247) / 8765]eval:  51%|█████     | 1905/3769 [04:05<02:54, 10.69it/s, recall_0.3=(0, 7247) / 8766]eval:  51%|█████     | 1906/3769 [04:05<02:53, 10.75it/s, recall_0.3=(0, 7247) / 8766]eval:  51%|█████     | 1906/3769 [04:05<02:53, 10.75it/s, recall_0.3=(0, 7252) / 8771]eval:  51%|█████     | 1907/3769 [04:05<02:53, 10.75it/s, recall_0.3=(0, 7259) / 8778]eval:  51%|█████     | 1908/3769 [04:05<02:54, 10.69it/s, recall_0.3=(0, 7259) / 8778]eval:  51%|█████     | 1908/3769 [04:05<02:54, 10.69it/s, recall_0.3=(0, 7262) / 8781]eval:  51%|█████     | 1909/3769 [04:05<02:54, 10.69it/s, recall_0.3=(0, 7264) / 8784]eval:  51%|█████     | 1910/3769 [04:05<02:54, 10.68it/s, recall_0.3=(0, 7264) / 8784]eval:  51%|█████     | 1910/3769 [04:06<02:54, 10.68it/s, recall_0.3=(0, 7269) / 8789]eval:  51%|█████     | 1911/3769 [04:06<02:53, 10.68it/s, recall_0.3=(0, 7273) / 8793]eval:  51%|█████     | 1912/3769 [04:06<02:53, 10.71it/s, recall_0.3=(0, 7273) / 8793]eval:  51%|█████     | 1912/3769 [04:06<02:53, 10.71it/s, recall_0.3=(0, 7282) / 8802]eval:  51%|█████     | 1913/3769 [04:06<02:53, 10.71it/s, recall_0.3=(0, 7287) / 8808]eval:  51%|█████     | 1914/3769 [04:06<02:53, 10.70it/s, recall_0.3=(0, 7287) / 8808]eval:  51%|█████     | 1914/3769 [04:06<02:53, 10.70it/s, recall_0.3=(0, 7289) / 8810]eval:  51%|█████     | 1915/3769 [04:06<02:53, 10.70it/s, recall_0.3=(0, 7299) / 8820]eval:  51%|█████     | 1916/3769 [04:06<02:53, 10.66it/s, recall_0.3=(0, 7299) / 8820]eval:  51%|█████     | 1916/3769 [04:06<02:53, 10.66it/s, recall_0.3=(0, 7307) / 8829]eval:  51%|█████     | 1917/3769 [04:06<02:53, 10.66it/s, recall_0.3=(0, 7308) / 8831]eval:  51%|█████     | 1918/3769 [04:06<02:53, 10.69it/s, recall_0.3=(0, 7308) / 8831]eval:  51%|█████     | 1918/3769 [04:06<02:53, 10.69it/s, recall_0.3=(0, 7308) / 8832]eval:  51%|█████     | 1919/3769 [04:06<02:53, 10.69it/s, recall_0.3=(0, 7310) / 8835]eval:  51%|█████     | 1920/3769 [04:06<02:54, 10.60it/s, recall_0.3=(0, 7310) / 8835]eval:  51%|█████     | 1920/3769 [04:06<02:54, 10.60it/s, recall_0.3=(0, 7314) / 8839]eval:  51%|█████     | 1921/3769 [04:07<02:54, 10.60it/s, recall_0.3=(0, 7318) / 8844]eval:  51%|█████     | 1922/3769 [04:07<02:55, 10.53it/s, recall_0.3=(0, 7318) / 8844]eval:  51%|█████     | 1922/3769 [04:07<02:55, 10.53it/s, recall_0.3=(0, 7321) / 8848]eval:  51%|█████     | 1923/3769 [04:07<02:55, 10.53it/s, recall_0.3=(0, 7325) / 8852]eval:  51%|█████     | 1924/3769 [04:07<02:54, 10.58it/s, recall_0.3=(0, 7325) / 8852]eval:  51%|█████     | 1924/3769 [04:07<02:54, 10.58it/s, recall_0.3=(0, 7331) / 8860]eval:  51%|█████     | 1925/3769 [04:07<02:54, 10.58it/s, recall_0.3=(0, 7335) / 8864]eval:  51%|█████     | 1926/3769 [04:07<02:56, 10.46it/s, recall_0.3=(0, 7335) / 8864]eval:  51%|█████     | 1926/3769 [04:07<02:56, 10.46it/s, recall_0.3=(0, 7335) / 8865]eval:  51%|█████     | 1927/3769 [04:07<02:56, 10.46it/s, recall_0.3=(0, 7341) / 8871]eval:  51%|█████     | 1928/3769 [04:07<02:54, 10.56it/s, recall_0.3=(0, 7341) / 8871]eval:  51%|█████     | 1928/3769 [04:07<02:54, 10.56it/s, recall_0.3=(0, 7344) / 8874]eval:  51%|█████     | 1929/3769 [04:07<02:54, 10.56it/s, recall_0.3=(0, 7352) / 8882]eval:  51%|█████     | 1930/3769 [04:07<02:55, 10.45it/s, recall_0.3=(0, 7352) / 8882]eval:  51%|█████     | 1930/3769 [04:07<02:55, 10.45it/s, recall_0.3=(0, 7353) / 8884]eval:  51%|█████     | 1931/3769 [04:08<02:55, 10.45it/s, recall_0.3=(0, 7357) / 8888]eval:  51%|█████▏    | 1932/3769 [04:08<02:54, 10.53it/s, recall_0.3=(0, 7357) / 8888]eval:  51%|█████▏    | 1932/3769 [04:08<02:54, 10.53it/s, recall_0.3=(0, 7359) / 8891]eval:  51%|█████▏    | 1933/3769 [04:08<02:54, 10.53it/s, recall_0.3=(0, 7368) / 8900]eval:  51%|█████▏    | 1934/3769 [04:08<02:54, 10.49it/s, recall_0.3=(0, 7368) / 8900]eval:  51%|█████▏    | 1934/3769 [04:08<02:54, 10.49it/s, recall_0.3=(0, 7373) / 8907]eval:  51%|█████▏    | 1935/3769 [04:08<02:54, 10.49it/s, recall_0.3=(0, 7374) / 8908]eval:  51%|█████▏    | 1936/3769 [04:08<02:54, 10.51it/s, recall_0.3=(0, 7374) / 8908]eval:  51%|█████▏    | 1936/3769 [04:08<02:54, 10.51it/s, recall_0.3=(0, 7376) / 8910]eval:  51%|█████▏    | 1937/3769 [04:08<02:54, 10.51it/s, recall_0.3=(0, 7380) / 8914]eval:  51%|█████▏    | 1938/3769 [04:08<02:53, 10.55it/s, recall_0.3=(0, 7380) / 8914]eval:  51%|█████▏    | 1938/3769 [04:08<02:53, 10.55it/s, recall_0.3=(0, 7383) / 8917]eval:  51%|█████▏    | 1939/3769 [04:08<02:53, 10.55it/s, recall_0.3=(0, 7393) / 8927]eval:  51%|█████▏    | 1940/3769 [04:08<02:53, 10.56it/s, recall_0.3=(0, 7393) / 8927]eval:  51%|█████▏    | 1940/3769 [04:08<02:53, 10.56it/s, recall_0.3=(0, 7395) / 8929]eval:  51%|█████▏    | 1941/3769 [04:08<02:53, 10.56it/s, recall_0.3=(0, 7398) / 8933]eval:  52%|█████▏    | 1942/3769 [04:08<02:54, 10.45it/s, recall_0.3=(0, 7398) / 8933]eval:  52%|█████▏    | 1942/3769 [04:09<02:54, 10.45it/s, recall_0.3=(0, 7406) / 8942]eval:  52%|█████▏    | 1943/3769 [04:09<02:54, 10.45it/s, recall_0.3=(0, 7412) / 8952]eval:  52%|█████▏    | 1944/3769 [04:09<02:53, 10.51it/s, recall_0.3=(0, 7412) / 8952]eval:  52%|█████▏    | 1944/3769 [04:09<02:53, 10.51it/s, recall_0.3=(0, 7414) / 8954]eval:  52%|█████▏    | 1945/3769 [04:09<02:53, 10.51it/s, recall_0.3=(0, 7423) / 8963]eval:  52%|█████▏    | 1946/3769 [04:09<02:52, 10.56it/s, recall_0.3=(0, 7423) / 8963]eval:  52%|█████▏    | 1946/3769 [04:09<02:52, 10.56it/s, recall_0.3=(0, 7428) / 8968]eval:  52%|█████▏    | 1947/3769 [04:09<02:52, 10.56it/s, recall_0.3=(0, 7431) / 8972]eval:  52%|█████▏    | 1948/3769 [04:09<02:52, 10.53it/s, recall_0.3=(0, 7431) / 8972]eval:  52%|█████▏    | 1948/3769 [04:09<02:52, 10.53it/s, recall_0.3=(0, 7437) / 8978]eval:  52%|█████▏    | 1949/3769 [04:09<02:52, 10.53it/s, recall_0.3=(0, 7443) / 8985]eval:  52%|█████▏    | 1950/3769 [04:09<02:52, 10.54it/s, recall_0.3=(0, 7443) / 8985]eval:  52%|█████▏    | 1950/3769 [04:09<02:52, 10.54it/s, recall_0.3=(0, 7446) / 8988]eval:  52%|█████▏    | 1951/3769 [04:09<02:52, 10.54it/s, recall_0.3=(0, 7447) / 8992]eval:  52%|█████▏    | 1952/3769 [04:09<02:51, 10.58it/s, recall_0.3=(0, 7447) / 8992]eval:  52%|█████▏    | 1952/3769 [04:10<02:51, 10.58it/s, recall_0.3=(0, 7449) / 8994]eval:  52%|█████▏    | 1953/3769 [04:10<02:51, 10.58it/s, recall_0.3=(0, 7451) / 8997]eval:  52%|█████▏    | 1954/3769 [04:10<02:51, 10.59it/s, recall_0.3=(0, 7451) / 8997]eval:  52%|█████▏    | 1954/3769 [04:10<02:51, 10.59it/s, recall_0.3=(0, 7451) / 8998]eval:  52%|█████▏    | 1955/3769 [04:10<02:51, 10.59it/s, recall_0.3=(0, 7453) / 9000]eval:  52%|█████▏    | 1956/3769 [04:10<02:50, 10.66it/s, recall_0.3=(0, 7453) / 9000]eval:  52%|█████▏    | 1956/3769 [04:10<02:50, 10.66it/s, recall_0.3=(0, 7460) / 9008]eval:  52%|█████▏    | 1957/3769 [04:10<02:50, 10.66it/s, recall_0.3=(0, 7463) / 9012]eval:  52%|█████▏    | 1958/3769 [04:10<02:51, 10.55it/s, recall_0.3=(0, 7463) / 9012]eval:  52%|█████▏    | 1958/3769 [04:10<02:51, 10.55it/s, recall_0.3=(0, 7464) / 9014]eval:  52%|█████▏    | 1959/3769 [04:10<02:51, 10.55it/s, recall_0.3=(0, 7467) / 9018]eval:  52%|█████▏    | 1960/3769 [04:10<02:50, 10.59it/s, recall_0.3=(0, 7467) / 9018]eval:  52%|█████▏    | 1960/3769 [04:10<02:50, 10.59it/s, recall_0.3=(0, 7468) / 9021]eval:  52%|█████▏    | 1961/3769 [04:10<02:50, 10.59it/s, recall_0.3=(0, 7470) / 9023]eval:  52%|█████▏    | 1962/3769 [04:10<02:50, 10.62it/s, recall_0.3=(0, 7470) / 9023]eval:  52%|█████▏    | 1962/3769 [04:10<02:50, 10.62it/s, recall_0.3=(0, 7472) / 9025]eval:  52%|█████▏    | 1963/3769 [04:11<02:49, 10.62it/s, recall_0.3=(0, 7472) / 9026]eval:  52%|█████▏    | 1964/3769 [04:11<02:50, 10.56it/s, recall_0.3=(0, 7472) / 9026]eval:  52%|█████▏    | 1964/3769 [04:11<02:50, 10.56it/s, recall_0.3=(0, 7479) / 9034]eval:  52%|█████▏    | 1965/3769 [04:11<02:50, 10.56it/s, recall_0.3=(0, 7480) / 9036]eval:  52%|█████▏    | 1966/3769 [04:11<02:52, 10.47it/s, recall_0.3=(0, 7480) / 9036]eval:  52%|█████▏    | 1966/3769 [04:11<02:52, 10.47it/s, recall_0.3=(0, 7487) / 9045]eval:  52%|█████▏    | 1967/3769 [04:11<02:52, 10.47it/s, recall_0.3=(0, 7488) / 9046]eval:  52%|█████▏    | 1968/3769 [04:11<02:50, 10.57it/s, recall_0.3=(0, 7488) / 9046]eval:  52%|█████▏    | 1968/3769 [04:11<02:50, 10.57it/s, recall_0.3=(0, 7497) / 9058]eval:  52%|█████▏    | 1969/3769 [04:11<02:50, 10.57it/s, recall_0.3=(0, 7507) / 9068]eval:  52%|█████▏    | 1970/3769 [04:11<02:51, 10.46it/s, recall_0.3=(0, 7507) / 9068]eval:  52%|█████▏    | 1970/3769 [04:11<02:51, 10.46it/s, recall_0.3=(0, 7513) / 9076]eval:  52%|█████▏    | 1971/3769 [04:11<02:51, 10.46it/s, recall_0.3=(0, 7516) / 9079]eval:  52%|█████▏    | 1972/3769 [04:11<02:51, 10.49it/s, recall_0.3=(0, 7516) / 9079]eval:  52%|█████▏    | 1972/3769 [04:11<02:51, 10.49it/s, recall_0.3=(0, 7518) / 9082]eval:  52%|█████▏    | 1973/3769 [04:11<02:51, 10.49it/s, recall_0.3=(0, 7521) / 9085]eval:  52%|█████▏    | 1974/3769 [04:11<02:50, 10.52it/s, recall_0.3=(0, 7521) / 9085]eval:  52%|█████▏    | 1974/3769 [04:12<02:50, 10.52it/s, recall_0.3=(0, 7522) / 9086]eval:  52%|█████▏    | 1975/3769 [04:12<02:50, 10.52it/s, recall_0.3=(0, 7525) / 9089]eval:  52%|█████▏    | 1976/3769 [04:12<02:51, 10.43it/s, recall_0.3=(0, 7525) / 9089]eval:  52%|█████▏    | 1976/3769 [04:12<02:51, 10.43it/s, recall_0.3=(0, 7527) / 9092]eval:  52%|█████▏    | 1977/3769 [04:12<02:51, 10.43it/s, recall_0.3=(0, 7528) / 9094]eval:  52%|█████▏    | 1978/3769 [04:12<02:50, 10.49it/s, recall_0.3=(0, 7528) / 9094]eval:  52%|█████▏    | 1978/3769 [04:12<02:50, 10.49it/s, recall_0.3=(0, 7535) / 9101]eval:  53%|█████▎    | 1979/3769 [04:12<02:50, 10.49it/s, recall_0.3=(0, 7543) / 9110]eval:  53%|█████▎    | 1980/3769 [04:12<02:50, 10.52it/s, recall_0.3=(0, 7543) / 9110]eval:  53%|█████▎    | 1980/3769 [04:12<02:50, 10.52it/s, recall_0.3=(0, 7544) / 9111]eval:  53%|█████▎    | 1981/3769 [04:12<02:49, 10.52it/s, recall_0.3=(0, 7548) / 9115]eval:  53%|█████▎    | 1982/3769 [04:12<02:50, 10.50it/s, recall_0.3=(0, 7548) / 9115]eval:  53%|█████▎    | 1982/3769 [04:12<02:50, 10.50it/s, recall_0.3=(0, 7554) / 9122]eval:  53%|█████▎    | 1983/3769 [04:12<02:50, 10.50it/s, recall_0.3=(0, 7556) / 9125]eval:  53%|█████▎    | 1984/3769 [04:12<02:49, 10.51it/s, recall_0.3=(0, 7556) / 9125]eval:  53%|█████▎    | 1984/3769 [04:13<02:49, 10.51it/s, recall_0.3=(0, 7558) / 9129]eval:  53%|█████▎    | 1985/3769 [04:13<02:49, 10.51it/s, recall_0.3=(0, 7559) / 9130]eval:  53%|█████▎    | 1986/3769 [04:13<02:48, 10.57it/s, recall_0.3=(0, 7559) / 9130]eval:  53%|█████▎    | 1986/3769 [04:13<02:48, 10.57it/s, recall_0.3=(0, 7560) / 9132]eval:  53%|█████▎    | 1987/3769 [04:13<02:48, 10.57it/s, recall_0.3=(0, 7564) / 9136]eval:  53%|█████▎    | 1988/3769 [04:13<02:48, 10.57it/s, recall_0.3=(0, 7564) / 9136]eval:  53%|█████▎    | 1988/3769 [04:13<02:48, 10.57it/s, recall_0.3=(0, 7573) / 9146]eval:  53%|█████▎    | 1989/3769 [04:13<02:48, 10.57it/s, recall_0.3=(0, 7582) / 9156]eval:  53%|█████▎    | 1990/3769 [04:13<02:48, 10.55it/s, recall_0.3=(0, 7582) / 9156]eval:  53%|█████▎    | 1990/3769 [04:13<02:48, 10.55it/s, recall_0.3=(0, 7585) / 9159]eval:  53%|█████▎    | 1991/3769 [04:13<02:48, 10.55it/s, recall_0.3=(0, 7587) / 9161]eval:  53%|█████▎    | 1992/3769 [04:13<02:48, 10.57it/s, recall_0.3=(0, 7587) / 9161]eval:  53%|█████▎    | 1992/3769 [04:13<02:48, 10.57it/s, recall_0.3=(0, 7590) / 9164]eval:  53%|█████▎    | 1993/3769 [04:13<02:47, 10.57it/s, recall_0.3=(0, 7595) / 9170]eval:  53%|█████▎    | 1994/3769 [04:13<02:48, 10.56it/s, recall_0.3=(0, 7595) / 9170]eval:  53%|█████▎    | 1994/3769 [04:13<02:48, 10.56it/s, recall_0.3=(0, 7595) / 9171]eval:  53%|█████▎    | 1995/3769 [04:14<02:47, 10.56it/s, recall_0.3=(0, 7596) / 9174]eval:  53%|█████▎    | 1996/3769 [04:14<02:46, 10.64it/s, recall_0.3=(0, 7596) / 9174]eval:  53%|█████▎    | 1996/3769 [04:14<02:46, 10.64it/s, recall_0.3=(0, 7598) / 9176]eval:  53%|█████▎    | 1997/3769 [04:14<02:46, 10.64it/s, recall_0.3=(0, 7606) / 9185]eval:  53%|█████▎    | 1998/3769 [04:14<02:46, 10.65it/s, recall_0.3=(0, 7606) / 9185]eval:  53%|█████▎    | 1998/3769 [04:14<02:46, 10.65it/s, recall_0.3=(0, 7608) / 9187]eval:  53%|█████▎    | 1999/3769 [04:14<02:46, 10.65it/s, recall_0.3=(0, 7609) / 9188]eval:  53%|█████▎    | 2000/3769 [04:14<02:46, 10.64it/s, recall_0.3=(0, 7609) / 9188]eval:  53%|█████▎    | 2000/3769 [04:14<02:46, 10.64it/s, recall_0.3=(0, 7619) / 9201]eval:  53%|█████▎    | 2001/3769 [04:14<02:46, 10.64it/s, recall_0.3=(0, 7623) / 9205]eval:  53%|█████▎    | 2002/3769 [04:14<02:46, 10.63it/s, recall_0.3=(0, 7623) / 9205]eval:  53%|█████▎    | 2002/3769 [04:14<02:46, 10.63it/s, recall_0.3=(0, 7624) / 9206]eval:  53%|█████▎    | 2003/3769 [04:14<02:46, 10.63it/s, recall_0.3=(0, 7626) / 9208]eval:  53%|█████▎    | 2004/3769 [04:14<02:45, 10.69it/s, recall_0.3=(0, 7626) / 9208]eval:  53%|█████▎    | 2004/3769 [04:14<02:45, 10.69it/s, recall_0.3=(0, 7635) / 9217]eval:  53%|█████▎    | 2005/3769 [04:15<02:45, 10.69it/s, recall_0.3=(0, 7637) / 9220]eval:  53%|█████▎    | 2006/3769 [04:15<02:44, 10.70it/s, recall_0.3=(0, 7637) / 9220]eval:  53%|█████▎    | 2006/3769 [04:15<02:44, 10.70it/s, recall_0.3=(0, 7647) / 9235]eval:  53%|█████▎    | 2007/3769 [04:15<02:44, 10.70it/s, recall_0.3=(0, 7649) / 9238]eval:  53%|█████▎    | 2008/3769 [04:15<02:46, 10.60it/s, recall_0.3=(0, 7649) / 9238]eval:  53%|█████▎    | 2008/3769 [04:15<02:46, 10.60it/s, recall_0.3=(0, 7650) / 9239]eval:  53%|█████▎    | 2009/3769 [04:15<02:46, 10.60it/s, recall_0.3=(0, 7653) / 9245]eval:  53%|█████▎    | 2010/3769 [04:15<02:46, 10.58it/s, recall_0.3=(0, 7653) / 9245]eval:  53%|█████▎    | 2010/3769 [04:15<02:46, 10.58it/s, recall_0.3=(0, 7656) / 9248]eval:  53%|█████▎    | 2011/3769 [04:15<02:46, 10.58it/s, recall_0.3=(0, 7657) / 9249]eval:  53%|█████▎    | 2012/3769 [04:15<02:45, 10.63it/s, recall_0.3=(0, 7657) / 9249]eval:  53%|█████▎    | 2012/3769 [04:15<02:45, 10.63it/s, recall_0.3=(0, 7658) / 9251]eval:  53%|█████▎    | 2013/3769 [04:15<02:45, 10.63it/s, recall_0.3=(0, 7663) / 9258]eval:  53%|█████▎    | 2014/3769 [04:15<02:44, 10.70it/s, recall_0.3=(0, 7663) / 9258]eval:  53%|█████▎    | 2014/3769 [04:15<02:44, 10.70it/s, recall_0.3=(0, 7667) / 9262]eval:  53%|█████▎    | 2015/3769 [04:15<02:43, 10.70it/s, recall_0.3=(0, 7671) / 9267]eval:  53%|█████▎    | 2016/3769 [04:15<02:44, 10.62it/s, recall_0.3=(0, 7671) / 9267]eval:  53%|█████▎    | 2016/3769 [04:16<02:44, 10.62it/s, recall_0.3=(0, 7672) / 9268]eval:  54%|█████▎    | 2017/3769 [04:16<02:44, 10.62it/s, recall_0.3=(0, 7673) / 9270]eval:  54%|█████▎    | 2018/3769 [04:16<02:44, 10.61it/s, recall_0.3=(0, 7673) / 9270]eval:  54%|█████▎    | 2018/3769 [04:16<02:44, 10.61it/s, recall_0.3=(0, 7675) / 9272]eval:  54%|█████▎    | 2019/3769 [04:16<02:44, 10.61it/s, recall_0.3=(0, 7681) / 9279]eval:  54%|█████▎    | 2020/3769 [04:16<02:44, 10.61it/s, recall_0.3=(0, 7681) / 9279]eval:  54%|█████▎    | 2020/3769 [04:16<02:44, 10.61it/s, recall_0.3=(0, 7688) / 9286]eval:  54%|█████▎    | 2021/3769 [04:16<02:44, 10.61it/s, recall_0.3=(0, 7694) / 9292]eval:  54%|█████▎    | 2022/3769 [04:16<02:45, 10.53it/s, recall_0.3=(0, 7694) / 9292]eval:  54%|█████▎    | 2022/3769 [04:16<02:45, 10.53it/s, recall_0.3=(0, 7700) / 9300]eval:  54%|█████▎    | 2023/3769 [04:16<02:45, 10.53it/s, recall_0.3=(0, 7707) / 9308]eval:  54%|█████▎    | 2024/3769 [04:16<02:46, 10.47it/s, recall_0.3=(0, 7707) / 9308]eval:  54%|█████▎    | 2024/3769 [04:16<02:46, 10.47it/s, recall_0.3=(0, 7711) / 9312]eval:  54%|█████▎    | 2025/3769 [04:16<02:46, 10.47it/s, recall_0.3=(0, 7714) / 9316]eval:  54%|█████▍    | 2026/3769 [04:16<02:45, 10.53it/s, recall_0.3=(0, 7714) / 9316]eval:  54%|█████▍    | 2026/3769 [04:17<02:45, 10.53it/s, recall_0.3=(0, 7716) / 9319]eval:  54%|█████▍    | 2027/3769 [04:17<02:45, 10.53it/s, recall_0.3=(0, 7718) / 9322]eval:  54%|█████▍    | 2028/3769 [04:17<02:45, 10.54it/s, recall_0.3=(0, 7718) / 9322]eval:  54%|█████▍    | 2028/3769 [04:17<02:45, 10.54it/s, recall_0.3=(0, 7721) / 9325]eval:  54%|█████▍    | 2029/3769 [04:17<02:45, 10.54it/s, recall_0.3=(0, 7724) / 9329]eval:  54%|█████▍    | 2030/3769 [04:17<02:44, 10.57it/s, recall_0.3=(0, 7724) / 9329]eval:  54%|█████▍    | 2030/3769 [04:17<02:44, 10.57it/s, recall_0.3=(0, 7726) / 9331]eval:  54%|█████▍    | 2031/3769 [04:17<02:44, 10.57it/s, recall_0.3=(0, 7727) / 9333]eval:  54%|█████▍    | 2032/3769 [04:17<02:43, 10.63it/s, recall_0.3=(0, 7727) / 9333]eval:  54%|█████▍    | 2032/3769 [04:17<02:43, 10.63it/s, recall_0.3=(0, 7728) / 9336]eval:  54%|█████▍    | 2033/3769 [04:17<02:43, 10.63it/s, recall_0.3=(0, 7729) / 9337]eval:  54%|█████▍    | 2034/3769 [04:17<02:41, 10.74it/s, recall_0.3=(0, 7729) / 9337]eval:  54%|█████▍    | 2034/3769 [04:17<02:41, 10.74it/s, recall_0.3=(0, 7732) / 9340]eval:  54%|█████▍    | 2035/3769 [04:17<02:41, 10.74it/s, recall_0.3=(0, 7738) / 9347]eval:  54%|█████▍    | 2036/3769 [04:17<02:41, 10.74it/s, recall_0.3=(0, 7738) / 9347]eval:  54%|█████▍    | 2036/3769 [04:17<02:41, 10.74it/s, recall_0.3=(0, 7744) / 9353]eval:  54%|█████▍    | 2037/3769 [04:18<02:41, 10.74it/s, recall_0.3=(0, 7750) / 9360]eval:  54%|█████▍    | 2038/3769 [04:18<02:41, 10.69it/s, recall_0.3=(0, 7750) / 9360]eval:  54%|█████▍    | 2038/3769 [04:18<02:41, 10.69it/s, recall_0.3=(0, 7753) / 9363]eval:  54%|█████▍    | 2039/3769 [04:18<02:41, 10.69it/s, recall_0.3=(0, 7759) / 9371]eval:  54%|█████▍    | 2040/3769 [04:18<02:41, 10.70it/s, recall_0.3=(0, 7759) / 9371]eval:  54%|█████▍    | 2040/3769 [04:18<02:41, 10.70it/s, recall_0.3=(0, 7761) / 9374]eval:  54%|█████▍    | 2041/3769 [04:18<02:41, 10.70it/s, recall_0.3=(0, 7762) / 9375]eval:  54%|█████▍    | 2042/3769 [04:18<02:45, 10.46it/s, recall_0.3=(0, 7762) / 9375]eval:  54%|█████▍    | 2042/3769 [04:18<02:45, 10.46it/s, recall_0.3=(0, 7764) / 9377]eval:  54%|█████▍    | 2043/3769 [04:18<02:44, 10.46it/s, recall_0.3=(0, 7768) / 9382]eval:  54%|█████▍    | 2044/3769 [04:18<02:45, 10.41it/s, recall_0.3=(0, 7768) / 9382]eval:  54%|█████▍    | 2044/3769 [04:18<02:45, 10.41it/s, recall_0.3=(0, 7769) / 9384]eval:  54%|█████▍    | 2045/3769 [04:18<02:45, 10.41it/s, recall_0.3=(0, 7770) / 9385]eval:  54%|█████▍    | 2046/3769 [04:18<02:44, 10.46it/s, recall_0.3=(0, 7770) / 9385]eval:  54%|█████▍    | 2046/3769 [04:18<02:44, 10.46it/s, recall_0.3=(0, 7772) / 9387]eval:  54%|█████▍    | 2047/3769 [04:18<02:44, 10.46it/s, recall_0.3=(0, 7773) / 9390]eval:  54%|█████▍    | 2048/3769 [04:18<02:43, 10.53it/s, recall_0.3=(0, 7773) / 9390]eval:  54%|█████▍    | 2048/3769 [04:19<02:43, 10.53it/s, recall_0.3=(0, 7774) / 9391]eval:  54%|█████▍    | 2049/3769 [04:19<02:43, 10.53it/s, recall_0.3=(0, 7782) / 9401]eval:  54%|█████▍    | 2050/3769 [04:19<02:45, 10.42it/s, recall_0.3=(0, 7782) / 9401]eval:  54%|█████▍    | 2050/3769 [04:19<02:45, 10.42it/s, recall_0.3=(0, 7788) / 9410]eval:  54%|█████▍    | 2051/3769 [04:19<02:44, 10.42it/s, recall_0.3=(0, 7790) / 9412]eval:  54%|█████▍    | 2052/3769 [04:19<02:42, 10.57it/s, recall_0.3=(0, 7790) / 9412]eval:  54%|█████▍    | 2052/3769 [04:19<02:42, 10.57it/s, recall_0.3=(0, 7799) / 9424]eval:  54%|█████▍    | 2053/3769 [04:19<02:42, 10.57it/s, recall_0.3=(0, 7800) / 9425]eval:  54%|█████▍    | 2054/3769 [04:19<02:41, 10.60it/s, recall_0.3=(0, 7800) / 9425]eval:  54%|█████▍    | 2054/3769 [04:19<02:41, 10.60it/s, recall_0.3=(0, 7807) / 9434]eval:  55%|█████▍    | 2055/3769 [04:19<02:41, 10.60it/s, recall_0.3=(0, 7810) / 9438]eval:  55%|█████▍    | 2056/3769 [04:19<02:41, 10.61it/s, recall_0.3=(0, 7810) / 9438]eval:  55%|█████▍    | 2056/3769 [04:19<02:41, 10.61it/s, recall_0.3=(0, 7814) / 9443]eval:  55%|█████▍    | 2057/3769 [04:19<02:41, 10.61it/s, recall_0.3=(0, 7816) / 9445]eval:  55%|█████▍    | 2058/3769 [04:19<02:43, 10.48it/s, recall_0.3=(0, 7816) / 9445]eval:  55%|█████▍    | 2058/3769 [04:20<02:43, 10.48it/s, recall_0.3=(0, 7818) / 9448]eval:  55%|█████▍    | 2059/3769 [04:20<02:43, 10.48it/s, recall_0.3=(0, 7825) / 9457]eval:  55%|█████▍    | 2060/3769 [04:20<02:41, 10.56it/s, recall_0.3=(0, 7825) / 9457]eval:  55%|█████▍    | 2060/3769 [04:20<02:41, 10.56it/s, recall_0.3=(0, 7831) / 9464]eval:  55%|█████▍    | 2061/3769 [04:20<02:41, 10.56it/s, recall_0.3=(0, 7837) / 9473]eval:  55%|█████▍    | 2062/3769 [04:20<02:40, 10.60it/s, recall_0.3=(0, 7837) / 9473]eval:  55%|█████▍    | 2062/3769 [04:20<02:40, 10.60it/s, recall_0.3=(0, 7842) / 9478]eval:  55%|█████▍    | 2063/3769 [04:20<02:40, 10.60it/s, recall_0.3=(0, 7850) / 9486]eval:  55%|█████▍    | 2064/3769 [04:20<02:43, 10.45it/s, recall_0.3=(0, 7850) / 9486]eval:  55%|█████▍    | 2064/3769 [04:20<02:43, 10.45it/s, recall_0.3=(0, 7855) / 9492]eval:  55%|█████▍    | 2065/3769 [04:20<02:43, 10.45it/s, recall_0.3=(0, 7857) / 9494]eval:  55%|█████▍    | 2066/3769 [04:20<02:43, 10.41it/s, recall_0.3=(0, 7857) / 9494]eval:  55%|█████▍    | 2066/3769 [04:20<02:43, 10.41it/s, recall_0.3=(0, 7861) / 9498]eval:  55%|█████▍    | 2067/3769 [04:20<02:43, 10.41it/s, recall_0.3=(0, 7867) / 9507]eval:  55%|█████▍    | 2068/3769 [04:20<02:41, 10.50it/s, recall_0.3=(0, 7867) / 9507]eval:  55%|█████▍    | 2068/3769 [04:20<02:41, 10.50it/s, recall_0.3=(0, 7873) / 9514]eval:  55%|█████▍    | 2069/3769 [04:21<02:41, 10.50it/s, recall_0.3=(0, 7874) / 9515]eval:  55%|█████▍    | 2070/3769 [04:21<02:45, 10.25it/s, recall_0.3=(0, 7874) / 9515]eval:  55%|█████▍    | 2070/3769 [04:21<02:45, 10.25it/s, recall_0.3=(0, 7876) / 9518]eval:  55%|█████▍    | 2071/3769 [04:21<02:45, 10.25it/s, recall_0.3=(0, 7878) / 9520]eval:  55%|█████▍    | 2072/3769 [04:21<02:43, 10.37it/s, recall_0.3=(0, 7878) / 9520]eval:  55%|█████▍    | 2072/3769 [04:21<02:43, 10.37it/s, recall_0.3=(0, 7880) / 9524]eval:  55%|█████▌    | 2073/3769 [04:21<02:43, 10.37it/s, recall_0.3=(0, 7883) / 9527]eval:  55%|█████▌    | 2074/3769 [04:21<02:41, 10.51it/s, recall_0.3=(0, 7883) / 9527]eval:  55%|█████▌    | 2074/3769 [04:21<02:41, 10.51it/s, recall_0.3=(0, 7888) / 9532]eval:  55%|█████▌    | 2075/3769 [04:21<02:41, 10.51it/s, recall_0.3=(0, 7891) / 9536]eval:  55%|█████▌    | 2076/3769 [04:21<02:41, 10.51it/s, recall_0.3=(0, 7891) / 9536]eval:  55%|█████▌    | 2076/3769 [04:21<02:41, 10.51it/s, recall_0.3=(0, 7893) / 9538]eval:  55%|█████▌    | 2077/3769 [04:21<02:40, 10.51it/s, recall_0.3=(0, 7899) / 9545]eval:  55%|█████▌    | 2078/3769 [04:21<02:39, 10.58it/s, recall_0.3=(0, 7899) / 9545]eval:  55%|█████▌    | 2078/3769 [04:21<02:39, 10.58it/s, recall_0.3=(0, 7901) / 9547]eval:  55%|█████▌    | 2079/3769 [04:22<02:39, 10.58it/s, recall_0.3=(0, 7905) / 9552]eval:  55%|█████▌    | 2080/3769 [04:22<02:38, 10.66it/s, recall_0.3=(0, 7905) / 9552]eval:  55%|█████▌    | 2080/3769 [04:22<02:38, 10.66it/s, recall_0.3=(0, 7905) / 9553]eval:  55%|█████▌    | 2081/3769 [04:22<02:38, 10.66it/s, recall_0.3=(0, 7907) / 9556]eval:  55%|█████▌    | 2082/3769 [04:22<02:38, 10.65it/s, recall_0.3=(0, 7907) / 9556]eval:  55%|█████▌    | 2082/3769 [04:22<02:38, 10.65it/s, recall_0.3=(0, 7913) / 9563]eval:  55%|█████▌    | 2083/3769 [04:22<02:38, 10.65it/s, recall_0.3=(0, 7913) / 9564]eval:  55%|█████▌    | 2084/3769 [04:22<02:37, 10.67it/s, recall_0.3=(0, 7913) / 9564]eval:  55%|█████▌    | 2084/3769 [04:22<02:37, 10.67it/s, recall_0.3=(0, 7917) / 9568]eval:  55%|█████▌    | 2085/3769 [04:22<02:37, 10.67it/s, recall_0.3=(0, 7922) / 9575]eval:  55%|█████▌    | 2086/3769 [04:22<02:39, 10.58it/s, recall_0.3=(0, 7922) / 9575]eval:  55%|█████▌    | 2086/3769 [04:22<02:39, 10.58it/s, recall_0.3=(0, 7929) / 9584]eval:  55%|█████▌    | 2087/3769 [04:22<02:38, 10.58it/s, recall_0.3=(0, 7933) / 9588]eval:  55%|█████▌    | 2088/3769 [04:22<02:38, 10.64it/s, recall_0.3=(0, 7933) / 9588]eval:  55%|█████▌    | 2088/3769 [04:22<02:38, 10.64it/s, recall_0.3=(0, 7934) / 9591]eval:  55%|█████▌    | 2089/3769 [04:22<02:37, 10.64it/s, recall_0.3=(0, 7942) / 9601]eval:  55%|█████▌    | 2090/3769 [04:22<02:37, 10.63it/s, recall_0.3=(0, 7942) / 9601]eval:  55%|█████▌    | 2090/3769 [04:23<02:37, 10.63it/s, recall_0.3=(0, 7947) / 9608]eval:  55%|█████▌    | 2091/3769 [04:23<02:37, 10.63it/s, recall_0.3=(0, 7950) / 9618]eval:  56%|█████▌    | 2092/3769 [04:23<02:37, 10.62it/s, recall_0.3=(0, 7950) / 9618]eval:  56%|█████▌    | 2092/3769 [04:23<02:37, 10.62it/s, recall_0.3=(0, 7954) / 9622]eval:  56%|█████▌    | 2093/3769 [04:23<02:37, 10.62it/s, recall_0.3=(0, 7961) / 9629]eval:  56%|█████▌    | 2094/3769 [04:23<02:37, 10.63it/s, recall_0.3=(0, 7961) / 9629]eval:  56%|█████▌    | 2094/3769 [04:23<02:37, 10.63it/s, recall_0.3=(0, 7965) / 9634]eval:  56%|█████▌    | 2095/3769 [04:23<02:37, 10.63it/s, recall_0.3=(0, 7967) / 9636]eval:  56%|█████▌    | 2096/3769 [04:23<02:37, 10.63it/s, recall_0.3=(0, 7967) / 9636]eval:  56%|█████▌    | 2096/3769 [04:23<02:37, 10.63it/s, recall_0.3=(0, 7968) / 9638]eval:  56%|█████▌    | 2097/3769 [04:23<02:37, 10.63it/s, recall_0.3=(0, 7974) / 9644]eval:  56%|█████▌    | 2098/3769 [04:23<02:35, 10.72it/s, recall_0.3=(0, 7974) / 9644]eval:  56%|█████▌    | 2098/3769 [04:23<02:35, 10.72it/s, recall_0.3=(0, 7980) / 9650]eval:  56%|█████▌    | 2099/3769 [04:23<02:35, 10.72it/s, recall_0.3=(0, 7988) / 9658]eval:  56%|█████▌    | 2100/3769 [04:23<02:35, 10.70it/s, recall_0.3=(0, 7988) / 9658]eval:  56%|█████▌    | 2100/3769 [04:24<02:35, 10.70it/s, recall_0.3=(0, 7989) / 9659]eval:  56%|█████▌    | 2101/3769 [04:24<02:35, 10.70it/s, recall_0.3=(0, 7992) / 9662]eval:  56%|█████▌    | 2102/3769 [04:24<02:36, 10.65it/s, recall_0.3=(0, 7992) / 9662]eval:  56%|█████▌    | 2102/3769 [04:24<02:36, 10.65it/s, recall_0.3=(0, 7995) / 9666]eval:  56%|█████▌    | 2103/3769 [04:24<02:36, 10.65it/s, recall_0.3=(0, 7997) / 9668]eval:  56%|█████▌    | 2104/3769 [04:24<02:34, 10.75it/s, recall_0.3=(0, 7997) / 9668]eval:  56%|█████▌    | 2104/3769 [04:24<02:34, 10.75it/s, recall_0.3=(0, 8004) / 9677]eval:  56%|█████▌    | 2105/3769 [04:24<02:34, 10.75it/s, recall_0.3=(0, 8012) / 9686]eval:  56%|█████▌    | 2106/3769 [04:24<02:34, 10.75it/s, recall_0.3=(0, 8012) / 9686]eval:  56%|█████▌    | 2106/3769 [04:24<02:34, 10.75it/s, recall_0.3=(0, 8015) / 9690]eval:  56%|█████▌    | 2107/3769 [04:24<02:34, 10.75it/s, recall_0.3=(0, 8021) / 9696]eval:  56%|█████▌    | 2108/3769 [04:24<02:36, 10.60it/s, recall_0.3=(0, 8021) / 9696]eval:  56%|█████▌    | 2108/3769 [04:24<02:36, 10.60it/s, recall_0.3=(0, 8025) / 9700]eval:  56%|█████▌    | 2109/3769 [04:24<02:36, 10.60it/s, recall_0.3=(0, 8027) / 9704]eval:  56%|█████▌    | 2110/3769 [04:24<02:35, 10.66it/s, recall_0.3=(0, 8027) / 9704]eval:  56%|█████▌    | 2110/3769 [04:24<02:35, 10.66it/s, recall_0.3=(0, 8032) / 9710]eval:  56%|█████▌    | 2111/3769 [04:25<02:35, 10.66it/s, recall_0.3=(0, 8034) / 9713]eval:  56%|█████▌    | 2112/3769 [04:25<02:35, 10.68it/s, recall_0.3=(0, 8034) / 9713]eval:  56%|█████▌    | 2112/3769 [04:25<02:35, 10.68it/s, recall_0.3=(0, 8036) / 9715]eval:  56%|█████▌    | 2113/3769 [04:25<02:35, 10.68it/s, recall_0.3=(0, 8043) / 9724]eval:  56%|█████▌    | 2114/3769 [04:25<02:34, 10.74it/s, recall_0.3=(0, 8043) / 9724]eval:  56%|█████▌    | 2114/3769 [04:25<02:34, 10.74it/s, recall_0.3=(0, 8049) / 9730]eval:  56%|█████▌    | 2115/3769 [04:25<02:34, 10.74it/s, recall_0.3=(0, 8060) / 9742]eval:  56%|█████▌    | 2116/3769 [04:25<02:33, 10.74it/s, recall_0.3=(0, 8060) / 9742]eval:  56%|█████▌    | 2116/3769 [04:25<02:33, 10.74it/s, recall_0.3=(0, 8066) / 9748]eval:  56%|█████▌    | 2117/3769 [04:25<02:33, 10.74it/s, recall_0.3=(0, 8068) / 9752]eval:  56%|█████▌    | 2118/3769 [04:25<02:34, 10.69it/s, recall_0.3=(0, 8068) / 9752]eval:  56%|█████▌    | 2118/3769 [04:25<02:34, 10.69it/s, recall_0.3=(0, 8074) / 9760]eval:  56%|█████▌    | 2119/3769 [04:25<02:34, 10.69it/s, recall_0.3=(0, 8076) / 9764]eval:  56%|█████▌    | 2120/3769 [04:25<02:33, 10.71it/s, recall_0.3=(0, 8076) / 9764]eval:  56%|█████▌    | 2120/3769 [04:25<02:33, 10.71it/s, recall_0.3=(0, 8077) / 9766]eval:  56%|█████▋    | 2121/3769 [04:25<02:33, 10.71it/s, recall_0.3=(0, 8081) / 9770]eval:  56%|█████▋    | 2122/3769 [04:25<02:33, 10.71it/s, recall_0.3=(0, 8081) / 9770]eval:  56%|█████▋    | 2122/3769 [04:26<02:33, 10.71it/s, recall_0.3=(0, 8085) / 9774]eval:  56%|█████▋    | 2123/3769 [04:26<02:33, 10.71it/s, recall_0.3=(0, 8089) / 9778]eval:  56%|█████▋    | 2124/3769 [04:26<02:33, 10.70it/s, recall_0.3=(0, 8089) / 9778]eval:  56%|█████▋    | 2124/3769 [04:26<02:33, 10.70it/s, recall_0.3=(0, 8092) / 9781]eval:  56%|█████▋    | 2125/3769 [04:26<02:33, 10.70it/s, recall_0.3=(0, 8092) / 9783]eval:  56%|█████▋    | 2126/3769 [04:26<02:31, 10.82it/s, recall_0.3=(0, 8092) / 9783]eval:  56%|█████▋    | 2126/3769 [04:26<02:31, 10.82it/s, recall_0.3=(0, 8100) / 9796]eval:  56%|█████▋    | 2127/3769 [04:26<02:31, 10.82it/s, recall_0.3=(0, 8107) / 9805]eval:  56%|█████▋    | 2128/3769 [04:26<02:34, 10.62it/s, recall_0.3=(0, 8107) / 9805]eval:  56%|█████▋    | 2128/3769 [04:26<02:34, 10.62it/s, recall_0.3=(0, 8114) / 9816]eval:  56%|█████▋    | 2129/3769 [04:26<02:34, 10.62it/s, recall_0.3=(0, 8114) / 9819]eval:  57%|█████▋    | 2130/3769 [04:26<02:33, 10.65it/s, recall_0.3=(0, 8114) / 9819]eval:  57%|█████▋    | 2130/3769 [04:26<02:33, 10.65it/s, recall_0.3=(0, 8117) / 9822]eval:  57%|█████▋    | 2131/3769 [04:26<02:33, 10.65it/s, recall_0.3=(0, 8124) / 9830]eval:  57%|█████▋    | 2132/3769 [04:26<02:33, 10.67it/s, recall_0.3=(0, 8124) / 9830]eval:  57%|█████▋    | 2132/3769 [04:26<02:33, 10.67it/s, recall_0.3=(0, 8132) / 9838]eval:  57%|█████▋    | 2133/3769 [04:27<02:33, 10.67it/s, recall_0.3=(0, 8135) / 9842]eval:  57%|█████▋    | 2134/3769 [04:27<02:32, 10.69it/s, recall_0.3=(0, 8135) / 9842]eval:  57%|█████▋    | 2134/3769 [04:27<02:32, 10.69it/s, recall_0.3=(0, 8137) / 9844]eval:  57%|█████▋    | 2135/3769 [04:27<02:32, 10.69it/s, recall_0.3=(0, 8143) / 9852]eval:  57%|█████▋    | 2136/3769 [04:27<02:31, 10.75it/s, recall_0.3=(0, 8143) / 9852]eval:  57%|█████▋    | 2136/3769 [04:27<02:31, 10.75it/s, recall_0.3=(0, 8151) / 9862]eval:  57%|█████▋    | 2137/3769 [04:27<02:31, 10.75it/s, recall_0.3=(0, 8154) / 9866]eval:  57%|█████▋    | 2138/3769 [04:27<02:31, 10.76it/s, recall_0.3=(0, 8154) / 9866]eval:  57%|█████▋    | 2138/3769 [04:27<02:31, 10.76it/s, recall_0.3=(0, 8154) / 9867]eval:  57%|█████▋    | 2139/3769 [04:27<02:31, 10.76it/s, recall_0.3=(0, 8160) / 9873]eval:  57%|█████▋    | 2140/3769 [04:27<02:31, 10.74it/s, recall_0.3=(0, 8160) / 9873]eval:  57%|█████▋    | 2140/3769 [04:27<02:31, 10.74it/s, recall_0.3=(0, 8165) / 9878]eval:  57%|█████▋    | 2141/3769 [04:27<02:31, 10.74it/s, recall_0.3=(0, 8166) / 9880]eval:  57%|█████▋    | 2142/3769 [04:27<02:31, 10.76it/s, recall_0.3=(0, 8166) / 9880]eval:  57%|█████▋    | 2142/3769 [04:27<02:31, 10.76it/s, recall_0.3=(0, 8173) / 9887]eval:  57%|█████▋    | 2143/3769 [04:28<02:31, 10.76it/s, recall_0.3=(0, 8181) / 9899]eval:  57%|█████▋    | 2144/3769 [04:28<02:31, 10.70it/s, recall_0.3=(0, 8181) / 9899]eval:  57%|█████▋    | 2144/3769 [04:28<02:31, 10.70it/s, recall_0.3=(0, 8183) / 9902]eval:  57%|█████▋    | 2145/3769 [04:28<02:31, 10.70it/s, recall_0.3=(0, 8185) / 9905]eval:  57%|█████▋    | 2146/3769 [04:28<02:30, 10.78it/s, recall_0.3=(0, 8185) / 9905]eval:  57%|█████▋    | 2146/3769 [04:28<02:30, 10.78it/s, recall_0.3=(0, 8187) / 9907]eval:  57%|█████▋    | 2147/3769 [04:28<02:30, 10.78it/s, recall_0.3=(0, 8193) / 9916]eval:  57%|█████▋    | 2148/3769 [04:28<02:29, 10.83it/s, recall_0.3=(0, 8193) / 9916]eval:  57%|█████▋    | 2148/3769 [04:28<02:29, 10.83it/s, recall_0.3=(0, 8194) / 9917]eval:  57%|█████▋    | 2149/3769 [04:28<02:29, 10.83it/s, recall_0.3=(0, 8200) / 9926]eval:  57%|█████▋    | 2150/3769 [04:28<02:28, 10.87it/s, recall_0.3=(0, 8200) / 9926]eval:  57%|█████▋    | 2150/3769 [04:28<02:28, 10.87it/s, recall_0.3=(0, 8211) / 9937]eval:  57%|█████▋    | 2151/3769 [04:28<02:28, 10.87it/s, recall_0.3=(0, 8214) / 9940]eval:  57%|█████▋    | 2152/3769 [04:28<02:30, 10.71it/s, recall_0.3=(0, 8214) / 9940]eval:  57%|█████▋    | 2152/3769 [04:28<02:30, 10.71it/s, recall_0.3=(0, 8217) / 9943]eval:  57%|█████▋    | 2153/3769 [04:28<02:30, 10.71it/s, recall_0.3=(0, 8220) / 9948]eval:  57%|█████▋    | 2154/3769 [04:28<02:29, 10.77it/s, recall_0.3=(0, 8220) / 9948]eval:  57%|█████▋    | 2154/3769 [04:29<02:29, 10.77it/s, recall_0.3=(0, 8221) / 9950]eval:  57%|█████▋    | 2155/3769 [04:29<02:29, 10.77it/s, recall_0.3=(0, 8224) / 9954]eval:  57%|█████▋    | 2156/3769 [04:29<02:29, 10.75it/s, recall_0.3=(0, 8224) / 9954]eval:  57%|█████▋    | 2156/3769 [04:29<02:29, 10.75it/s, recall_0.3=(0, 8228) / 9960]eval:  57%|█████▋    | 2157/3769 [04:29<02:29, 10.75it/s, recall_0.3=(0, 8237) / 9975]eval:  57%|█████▋    | 2158/3769 [04:29<02:30, 10.72it/s, recall_0.3=(0, 8237) / 9975]eval:  57%|█████▋    | 2158/3769 [04:29<02:30, 10.72it/s, recall_0.3=(0, 8237) / 9976]eval:  57%|█████▋    | 2159/3769 [04:29<02:30, 10.72it/s, recall_0.3=(0, 8239) / 9979]eval:  57%|█████▋    | 2160/3769 [04:29<02:29, 10.77it/s, recall_0.3=(0, 8239) / 9979]eval:  57%|█████▋    | 2160/3769 [04:29<02:29, 10.77it/s, recall_0.3=(0, 8240) / 9981]eval:  57%|█████▋    | 2161/3769 [04:29<02:29, 10.77it/s, recall_0.3=(0, 8241) / 9982]eval:  57%|█████▋    | 2162/3769 [04:29<02:30, 10.68it/s, recall_0.3=(0, 8241) / 9982]eval:  57%|█████▋    | 2162/3769 [04:29<02:30, 10.68it/s, recall_0.3=(0, 8244) / 9985]eval:  57%|█████▋    | 2163/3769 [04:29<02:30, 10.68it/s, recall_0.3=(0, 8246) / 9988]eval:  57%|█████▋    | 2164/3769 [04:29<02:31, 10.58it/s, recall_0.3=(0, 8246) / 9988]eval:  57%|█████▋    | 2164/3769 [04:29<02:31, 10.58it/s, recall_0.3=(0, 8250) / 9994]eval:  57%|█████▋    | 2165/3769 [04:30<02:31, 10.58it/s, recall_0.3=(0, 8257) / 10002]eval:  57%|█████▋    | 2166/3769 [04:30<02:30, 10.62it/s, recall_0.3=(0, 8257) / 10002]eval:  57%|█████▋    | 2166/3769 [04:30<02:30, 10.62it/s, recall_0.3=(0, 8259) / 10005]eval:  57%|█████▋    | 2167/3769 [04:30<02:30, 10.62it/s, recall_0.3=(0, 8268) / 10017]eval:  58%|█████▊    | 2168/3769 [04:30<02:30, 10.61it/s, recall_0.3=(0, 8268) / 10017]eval:  58%|█████▊    | 2168/3769 [04:30<02:30, 10.61it/s, recall_0.3=(0, 8271) / 10023]eval:  58%|█████▊    | 2169/3769 [04:30<02:30, 10.61it/s, recall_0.3=(0, 8277) / 10029]eval:  58%|█████▊    | 2170/3769 [04:30<02:30, 10.62it/s, recall_0.3=(0, 8277) / 10029]eval:  58%|█████▊    | 2170/3769 [04:30<02:30, 10.62it/s, recall_0.3=(0, 8278) / 10032]eval:  58%|█████▊    | 2171/3769 [04:30<02:30, 10.62it/s, recall_0.3=(0, 8281) / 10035]eval:  58%|█████▊    | 2172/3769 [04:30<02:29, 10.69it/s, recall_0.3=(0, 8281) / 10035]eval:  58%|█████▊    | 2172/3769 [04:30<02:29, 10.69it/s, recall_0.3=(0, 8287) / 10042]eval:  58%|█████▊    | 2173/3769 [04:30<02:29, 10.69it/s, recall_0.3=(0, 8297) / 10052]eval:  58%|█████▊    | 2174/3769 [04:30<02:30, 10.62it/s, recall_0.3=(0, 8297) / 10052]eval:  58%|█████▊    | 2174/3769 [04:30<02:30, 10.62it/s, recall_0.3=(0, 8305) / 10062]eval:  58%|█████▊    | 2175/3769 [04:31<02:30, 10.62it/s, recall_0.3=(0, 8307) / 10064]eval:  58%|█████▊    | 2176/3769 [04:31<02:31, 10.52it/s, recall_0.3=(0, 8307) / 10064]eval:  58%|█████▊    | 2176/3769 [04:31<02:31, 10.52it/s, recall_0.3=(0, 8307) / 10065]eval:  58%|█████▊    | 2177/3769 [04:31<02:31, 10.52it/s, recall_0.3=(0, 8308) / 10068]eval:  58%|█████▊    | 2178/3769 [04:31<02:29, 10.66it/s, recall_0.3=(0, 8308) / 10068]eval:  58%|█████▊    | 2178/3769 [04:31<02:29, 10.66it/s, recall_0.3=(0, 8313) / 10073]eval:  58%|█████▊    | 2179/3769 [04:31<02:29, 10.66it/s, recall_0.3=(0, 8317) / 10081]eval:  58%|█████▊    | 2180/3769 [04:31<02:29, 10.66it/s, recall_0.3=(0, 8317) / 10081]eval:  58%|█████▊    | 2180/3769 [04:31<02:29, 10.66it/s, recall_0.3=(0, 8321) / 10085]eval:  58%|█████▊    | 2181/3769 [04:31<02:28, 10.66it/s, recall_0.3=(0, 8327) / 10091]eval:  58%|█████▊    | 2182/3769 [04:31<02:27, 10.72it/s, recall_0.3=(0, 8327) / 10091]eval:  58%|█████▊    | 2182/3769 [04:31<02:27, 10.72it/s, recall_0.3=(0, 8337) / 10104]eval:  58%|█████▊    | 2183/3769 [04:31<02:27, 10.72it/s, recall_0.3=(0, 8347) / 10115]eval:  58%|█████▊    | 2184/3769 [04:31<02:27, 10.72it/s, recall_0.3=(0, 8347) / 10115]eval:  58%|█████▊    | 2184/3769 [04:31<02:27, 10.72it/s, recall_0.3=(0, 8349) / 10117]eval:  58%|█████▊    | 2185/3769 [04:31<02:27, 10.72it/s, recall_0.3=(0, 8351) / 10119]eval:  58%|█████▊    | 2186/3769 [04:31<02:28, 10.69it/s, recall_0.3=(0, 8351) / 10119]eval:  58%|█████▊    | 2186/3769 [04:32<02:28, 10.69it/s, recall_0.3=(0, 8353) / 10121]eval:  58%|█████▊    | 2187/3769 [04:32<02:27, 10.69it/s, recall_0.3=(0, 8354) / 10123]eval:  58%|█████▊    | 2188/3769 [04:32<02:27, 10.71it/s, recall_0.3=(0, 8354) / 10123]eval:  58%|█████▊    | 2188/3769 [04:32<02:27, 10.71it/s, recall_0.3=(0, 8362) / 10131]eval:  58%|█████▊    | 2189/3769 [04:32<02:27, 10.71it/s, recall_0.3=(0, 8366) / 10135]eval:  58%|█████▊    | 2190/3769 [04:32<02:27, 10.71it/s, recall_0.3=(0, 8366) / 10135]eval:  58%|█████▊    | 2190/3769 [04:32<02:27, 10.71it/s, recall_0.3=(0, 8369) / 10138]eval:  58%|█████▊    | 2191/3769 [04:32<02:27, 10.71it/s, recall_0.3=(0, 8371) / 10141]eval:  58%|█████▊    | 2192/3769 [04:32<02:27, 10.72it/s, recall_0.3=(0, 8371) / 10141]eval:  58%|█████▊    | 2192/3769 [04:32<02:27, 10.72it/s, recall_0.3=(0, 8383) / 10153]eval:  58%|█████▊    | 2193/3769 [04:32<02:27, 10.72it/s, recall_0.3=(0, 8385) / 10155]eval:  58%|█████▊    | 2194/3769 [04:32<02:28, 10.61it/s, recall_0.3=(0, 8385) / 10155]eval:  58%|█████▊    | 2194/3769 [04:32<02:28, 10.61it/s, recall_0.3=(0, 8386) / 10159]eval:  58%|█████▊    | 2195/3769 [04:32<02:28, 10.61it/s, recall_0.3=(0, 8386) / 10161]eval:  58%|█████▊    | 2196/3769 [04:32<02:26, 10.75it/s, recall_0.3=(0, 8386) / 10161]eval:  58%|█████▊    | 2196/3769 [04:32<02:26, 10.75it/s, recall_0.3=(0, 8390) / 10167]eval:  58%|█████▊    | 2197/3769 [04:33<02:26, 10.75it/s, recall_0.3=(0, 8392) / 10169]eval:  58%|█████▊    | 2198/3769 [04:33<02:28, 10.61it/s, recall_0.3=(0, 8392) / 10169]eval:  58%|█████▊    | 2198/3769 [04:33<02:28, 10.61it/s, recall_0.3=(0, 8395) / 10173]eval:  58%|█████▊    | 2199/3769 [04:33<02:27, 10.61it/s, recall_0.3=(0, 8400) / 10178]eval:  58%|█████▊    | 2200/3769 [04:33<02:28, 10.57it/s, recall_0.3=(0, 8400) / 10178]eval:  58%|█████▊    | 2200/3769 [04:33<02:28, 10.57it/s, recall_0.3=(0, 8402) / 10181]eval:  58%|█████▊    | 2201/3769 [04:33<02:28, 10.57it/s, recall_0.3=(0, 8405) / 10184]eval:  58%|█████▊    | 2202/3769 [04:33<02:27, 10.63it/s, recall_0.3=(0, 8405) / 10184]eval:  58%|█████▊    | 2202/3769 [04:33<02:27, 10.63it/s, recall_0.3=(0, 8411) / 10191]eval:  58%|█████▊    | 2203/3769 [04:33<02:27, 10.63it/s, recall_0.3=(0, 8415) / 10196]eval:  58%|█████▊    | 2204/3769 [04:33<02:28, 10.53it/s, recall_0.3=(0, 8415) / 10196]eval:  58%|█████▊    | 2204/3769 [04:33<02:28, 10.53it/s, recall_0.3=(0, 8422) / 10204]eval:  59%|█████▊    | 2205/3769 [04:33<02:28, 10.53it/s, recall_0.3=(0, 8422) / 10205]eval:  59%|█████▊    | 2206/3769 [04:33<02:26, 10.67it/s, recall_0.3=(0, 8422) / 10205]eval:  59%|█████▊    | 2206/3769 [04:33<02:26, 10.67it/s, recall_0.3=(0, 8427) / 10210]eval:  59%|█████▊    | 2207/3769 [04:34<02:26, 10.67it/s, recall_0.3=(0, 8433) / 10216]eval:  59%|█████▊    | 2208/3769 [04:34<02:25, 10.73it/s, recall_0.3=(0, 8433) / 10216]eval:  59%|█████▊    | 2208/3769 [04:34<02:25, 10.73it/s, recall_0.3=(0, 8437) / 10220]eval:  59%|█████▊    | 2209/3769 [04:34<02:25, 10.73it/s, recall_0.3=(0, 8441) / 10224]eval:  59%|█████▊    | 2210/3769 [04:34<02:25, 10.73it/s, recall_0.3=(0, 8441) / 10224]eval:  59%|█████▊    | 2210/3769 [04:34<02:25, 10.73it/s, recall_0.3=(0, 8442) / 10225]eval:  59%|█████▊    | 2211/3769 [04:34<02:25, 10.73it/s, recall_0.3=(0, 8443) / 10226]eval:  59%|█████▊    | 2212/3769 [04:34<02:24, 10.79it/s, recall_0.3=(0, 8443) / 10226]eval:  59%|█████▊    | 2212/3769 [04:34<02:24, 10.79it/s, recall_0.3=(0, 8446) / 10229]eval:  59%|█████▊    | 2213/3769 [04:34<02:24, 10.79it/s, recall_0.3=(0, 8451) / 10234]eval:  59%|█████▊    | 2214/3769 [04:34<02:25, 10.72it/s, recall_0.3=(0, 8451) / 10234]eval:  59%|█████▊    | 2214/3769 [04:34<02:25, 10.72it/s, recall_0.3=(0, 8458) / 10244]eval:  59%|█████▉    | 2215/3769 [04:34<02:25, 10.72it/s, recall_0.3=(0, 8463) / 10249]eval:  59%|█████▉    | 2216/3769 [04:34<02:27, 10.53it/s, recall_0.3=(0, 8463) / 10249]eval:  59%|█████▉    | 2216/3769 [04:34<02:27, 10.53it/s, recall_0.3=(0, 8470) / 10257]eval:  59%|█████▉    | 2217/3769 [04:34<02:27, 10.53it/s, recall_0.3=(0, 8473) / 10260]eval:  59%|█████▉    | 2218/3769 [04:34<02:26, 10.62it/s, recall_0.3=(0, 8473) / 10260]eval:  59%|█████▉    | 2218/3769 [04:35<02:26, 10.62it/s, recall_0.3=(0, 8479) / 10266]eval:  59%|█████▉    | 2219/3769 [04:35<02:25, 10.62it/s, recall_0.3=(0, 8481) / 10268]eval:  59%|█████▉    | 2220/3769 [04:35<02:25, 10.67it/s, recall_0.3=(0, 8481) / 10268]eval:  59%|█████▉    | 2220/3769 [04:35<02:25, 10.67it/s, recall_0.3=(0, 8482) / 10269]eval:  59%|█████▉    | 2221/3769 [04:35<02:25, 10.67it/s, recall_0.3=(0, 8486) / 10273]eval:  59%|█████▉    | 2222/3769 [04:35<02:24, 10.71it/s, recall_0.3=(0, 8486) / 10273]eval:  59%|█████▉    | 2222/3769 [04:35<02:24, 10.71it/s, recall_0.3=(0, 8487) / 10274]eval:  59%|█████▉    | 2223/3769 [04:35<02:24, 10.71it/s, recall_0.3=(0, 8496) / 10283]eval:  59%|█████▉    | 2224/3769 [04:35<02:23, 10.77it/s, recall_0.3=(0, 8496) / 10283]eval:  59%|█████▉    | 2224/3769 [04:35<02:23, 10.77it/s, recall_0.3=(0, 8496) / 10284]eval:  59%|█████▉    | 2225/3769 [04:35<02:23, 10.77it/s, recall_0.3=(0, 8497) / 10285]eval:  59%|█████▉    | 2226/3769 [04:35<02:23, 10.75it/s, recall_0.3=(0, 8497) / 10285]eval:  59%|█████▉    | 2226/3769 [04:35<02:23, 10.75it/s, recall_0.3=(0, 8498) / 10286]eval:  59%|█████▉    | 2227/3769 [04:35<02:23, 10.75it/s, recall_0.3=(0, 8503) / 10292]eval:  59%|█████▉    | 2228/3769 [04:35<02:22, 10.79it/s, recall_0.3=(0, 8503) / 10292]eval:  59%|█████▉    | 2228/3769 [04:35<02:22, 10.79it/s, recall_0.3=(0, 8512) / 10304]eval:  59%|█████▉    | 2229/3769 [04:36<02:22, 10.79it/s, recall_0.3=(0, 8515) / 10308]eval:  59%|█████▉    | 2230/3769 [04:36<02:23, 10.73it/s, recall_0.3=(0, 8515) / 10308]eval:  59%|█████▉    | 2230/3769 [04:36<02:23, 10.73it/s, recall_0.3=(0, 8517) / 10310]eval:  59%|█████▉    | 2231/3769 [04:36<02:23, 10.73it/s, recall_0.3=(0, 8522) / 10317]eval:  59%|█████▉    | 2232/3769 [04:36<02:24, 10.66it/s, recall_0.3=(0, 8522) / 10317]eval:  59%|█████▉    | 2232/3769 [04:36<02:24, 10.66it/s, recall_0.3=(0, 8523) / 10318]eval:  59%|█████▉    | 2233/3769 [04:36<02:24, 10.66it/s, recall_0.3=(0, 8528) / 10324]eval:  59%|█████▉    | 2234/3769 [04:36<02:23, 10.67it/s, recall_0.3=(0, 8528) / 10324]eval:  59%|█████▉    | 2234/3769 [04:36<02:23, 10.67it/s, recall_0.3=(0, 8530) / 10326]eval:  59%|█████▉    | 2235/3769 [04:36<02:23, 10.67it/s, recall_0.3=(0, 8533) / 10330]eval:  59%|█████▉    | 2236/3769 [04:36<02:24, 10.61it/s, recall_0.3=(0, 8533) / 10330]eval:  59%|█████▉    | 2236/3769 [04:36<02:24, 10.61it/s, recall_0.3=(0, 8535) / 10332]eval:  59%|█████▉    | 2237/3769 [04:36<02:24, 10.61it/s, recall_0.3=(0, 8537) / 10334]eval:  59%|█████▉    | 2238/3769 [04:36<02:24, 10.62it/s, recall_0.3=(0, 8537) / 10334]eval:  59%|█████▉    | 2238/3769 [04:36<02:24, 10.62it/s, recall_0.3=(0, 8540) / 10337]eval:  59%|█████▉    | 2239/3769 [04:37<02:24, 10.62it/s, recall_0.3=(0, 8543) / 10340]eval:  59%|█████▉    | 2240/3769 [04:37<02:23, 10.68it/s, recall_0.3=(0, 8543) / 10340]eval:  59%|█████▉    | 2240/3769 [04:37<02:23, 10.68it/s, recall_0.3=(0, 8550) / 10348]eval:  59%|█████▉    | 2241/3769 [04:37<02:23, 10.68it/s, recall_0.3=(0, 8553) / 10351]eval:  59%|█████▉    | 2242/3769 [04:37<02:23, 10.61it/s, recall_0.3=(0, 8553) / 10351]eval:  59%|█████▉    | 2242/3769 [04:37<02:23, 10.61it/s, recall_0.3=(0, 8562) / 10361]eval:  60%|█████▉    | 2243/3769 [04:37<02:23, 10.61it/s, recall_0.3=(0, 8565) / 10364]eval:  60%|█████▉    | 2244/3769 [04:37<02:24, 10.57it/s, recall_0.3=(0, 8565) / 10364]eval:  60%|█████▉    | 2244/3769 [04:37<02:24, 10.57it/s, recall_0.3=(0, 8565) / 10365]eval:  60%|█████▉    | 2245/3769 [04:37<02:24, 10.57it/s, recall_0.3=(0, 8566) / 10366]eval:  60%|█████▉    | 2246/3769 [04:37<02:23, 10.62it/s, recall_0.3=(0, 8566) / 10366]eval:  60%|█████▉    | 2246/3769 [04:37<02:23, 10.62it/s, recall_0.3=(0, 8573) / 10373]eval:  60%|█████▉    | 2247/3769 [04:37<02:23, 10.62it/s, recall_0.3=(0, 8582) / 10383]eval:  60%|█████▉    | 2248/3769 [04:37<02:22, 10.65it/s, recall_0.3=(0, 8582) / 10383]eval:  60%|█████▉    | 2248/3769 [04:37<02:22, 10.65it/s, recall_0.3=(0, 8591) / 10394]eval:  60%|█████▉    | 2249/3769 [04:37<02:22, 10.65it/s, recall_0.3=(0, 8599) / 10402]eval:  60%|█████▉    | 2250/3769 [04:37<02:22, 10.67it/s, recall_0.3=(0, 8599) / 10402]eval:  60%|█████▉    | 2250/3769 [04:38<02:22, 10.67it/s, recall_0.3=(0, 8606) / 10411]eval:  60%|█████▉    | 2251/3769 [04:38<02:22, 10.67it/s, recall_0.3=(0, 8613) / 10421]eval:  60%|█████▉    | 2252/3769 [04:38<02:22, 10.61it/s, recall_0.3=(0, 8613) / 10421]eval:  60%|█████▉    | 2252/3769 [04:38<02:22, 10.61it/s, recall_0.3=(0, 8614) / 10422]eval:  60%|█████▉    | 2253/3769 [04:38<02:22, 10.61it/s, recall_0.3=(0, 8618) / 10426]eval:  60%|█████▉    | 2254/3769 [04:38<02:23, 10.57it/s, recall_0.3=(0, 8618) / 10426]eval:  60%|█████▉    | 2254/3769 [04:38<02:23, 10.57it/s, recall_0.3=(0, 8629) / 10439]eval:  60%|█████▉    | 2255/3769 [04:38<02:23, 10.57it/s, recall_0.3=(0, 8630) / 10442]eval:  60%|█████▉    | 2256/3769 [04:38<02:22, 10.63it/s, recall_0.3=(0, 8630) / 10442]eval:  60%|█████▉    | 2256/3769 [04:38<02:22, 10.63it/s, recall_0.3=(0, 8632) / 10445]eval:  60%|█████▉    | 2257/3769 [04:38<02:22, 10.63it/s, recall_0.3=(0, 8634) / 10449]eval:  60%|█████▉    | 2258/3769 [04:38<02:21, 10.65it/s, recall_0.3=(0, 8634) / 10449]eval:  60%|█████▉    | 2258/3769 [04:38<02:21, 10.65it/s, recall_0.3=(0, 8636) / 10451]eval:  60%|█████▉    | 2259/3769 [04:38<02:21, 10.65it/s, recall_0.3=(0, 8643) / 10459]eval:  60%|█████▉    | 2260/3769 [04:38<02:23, 10.54it/s, recall_0.3=(0, 8643) / 10459]eval:  60%|█████▉    | 2260/3769 [04:38<02:23, 10.54it/s, recall_0.3=(0, 8646) / 10464]eval:  60%|█████▉    | 2261/3769 [04:39<02:23, 10.54it/s, recall_0.3=(0, 8649) / 10468]eval:  60%|██████    | 2262/3769 [04:39<02:24, 10.46it/s, recall_0.3=(0, 8649) / 10468]eval:  60%|██████    | 2262/3769 [04:39<02:24, 10.46it/s, recall_0.3=(0, 8657) / 10476]eval:  60%|██████    | 2263/3769 [04:39<02:24, 10.46it/s, recall_0.3=(0, 8663) / 10483]eval:  60%|██████    | 2264/3769 [04:39<02:27, 10.22it/s, recall_0.3=(0, 8663) / 10483]eval:  60%|██████    | 2264/3769 [04:39<02:27, 10.22it/s, recall_0.3=(0, 8664) / 10485]eval:  60%|██████    | 2265/3769 [04:39<02:27, 10.22it/s, recall_0.3=(0, 8667) / 10488]eval:  60%|██████    | 2266/3769 [04:39<02:28, 10.13it/s, recall_0.3=(0, 8667) / 10488]eval:  60%|██████    | 2266/3769 [04:39<02:28, 10.13it/s, recall_0.3=(0, 8676) / 10497]eval:  60%|██████    | 2267/3769 [04:39<02:28, 10.13it/s, recall_0.3=(0, 8682) / 10505]eval:  60%|██████    | 2268/3769 [04:39<02:29, 10.06it/s, recall_0.3=(0, 8682) / 10505]eval:  60%|██████    | 2268/3769 [04:39<02:29, 10.06it/s, recall_0.3=(0, 8688) / 10514]eval:  60%|██████    | 2269/3769 [04:39<02:29, 10.06it/s, recall_0.3=(0, 8691) / 10517]eval:  60%|██████    | 2270/3769 [04:39<02:28, 10.09it/s, recall_0.3=(0, 8691) / 10517]eval:  60%|██████    | 2270/3769 [04:39<02:28, 10.09it/s, recall_0.3=(0, 8693) / 10519]eval:  60%|██████    | 2271/3769 [04:40<02:28, 10.09it/s, recall_0.3=(0, 8699) / 10525]eval:  60%|██████    | 2272/3769 [04:40<02:25, 10.25it/s, recall_0.3=(0, 8699) / 10525]eval:  60%|██████    | 2272/3769 [04:40<02:25, 10.25it/s, recall_0.3=(0, 8700) / 10526]eval:  60%|██████    | 2273/3769 [04:40<02:25, 10.25it/s, recall_0.3=(0, 8702) / 10532]eval:  60%|██████    | 2274/3769 [04:40<02:23, 10.42it/s, recall_0.3=(0, 8702) / 10532]eval:  60%|██████    | 2274/3769 [04:40<02:23, 10.42it/s, recall_0.3=(0, 8702) / 10533]eval:  60%|██████    | 2275/3769 [04:40<02:23, 10.42it/s, recall_0.3=(0, 8705) / 10538]eval:  60%|██████    | 2276/3769 [04:40<02:21, 10.54it/s, recall_0.3=(0, 8705) / 10538]eval:  60%|██████    | 2276/3769 [04:40<02:21, 10.54it/s, recall_0.3=(0, 8706) / 10540]eval:  60%|██████    | 2277/3769 [04:40<02:21, 10.54it/s, recall_0.3=(0, 8708) / 10542]eval:  60%|██████    | 2278/3769 [04:40<02:21, 10.52it/s, recall_0.3=(0, 8708) / 10542]eval:  60%|██████    | 2278/3769 [04:40<02:21, 10.52it/s, recall_0.3=(0, 8709) / 10543]eval:  60%|██████    | 2279/3769 [04:40<02:21, 10.52it/s, recall_0.3=(0, 8711) / 10545]eval:  60%|██████    | 2280/3769 [04:40<02:21, 10.53it/s, recall_0.3=(0, 8711) / 10545]eval:  60%|██████    | 2280/3769 [04:40<02:21, 10.53it/s, recall_0.3=(0, 8720) / 10554]eval:  61%|██████    | 2281/3769 [04:41<02:21, 10.53it/s, recall_0.3=(0, 8721) / 10556]eval:  61%|██████    | 2282/3769 [04:41<02:19, 10.65it/s, recall_0.3=(0, 8721) / 10556]eval:  61%|██████    | 2282/3769 [04:41<02:19, 10.65it/s, recall_0.3=(0, 8722) / 10558]eval:  61%|██████    | 2283/3769 [04:41<02:19, 10.65it/s, recall_0.3=(0, 8724) / 10560]eval:  61%|██████    | 2284/3769 [04:41<02:19, 10.65it/s, recall_0.3=(0, 8724) / 10560]eval:  61%|██████    | 2284/3769 [04:41<02:19, 10.65it/s, recall_0.3=(0, 8728) / 10564]eval:  61%|██████    | 2285/3769 [04:41<02:19, 10.65it/s, recall_0.3=(0, 8729) / 10566]eval:  61%|██████    | 2286/3769 [04:41<02:18, 10.68it/s, recall_0.3=(0, 8729) / 10566]eval:  61%|██████    | 2286/3769 [04:41<02:18, 10.68it/s, recall_0.3=(0, 8730) / 10567]eval:  61%|██████    | 2287/3769 [04:41<02:18, 10.68it/s, recall_0.3=(0, 8730) / 10568]eval:  61%|██████    | 2288/3769 [04:41<02:17, 10.80it/s, recall_0.3=(0, 8730) / 10568]eval:  61%|██████    | 2288/3769 [04:41<02:17, 10.80it/s, recall_0.3=(0, 8734) / 10572]eval:  61%|██████    | 2289/3769 [04:41<02:17, 10.80it/s, recall_0.3=(0, 8738) / 10577]eval:  61%|██████    | 2290/3769 [04:41<02:16, 10.80it/s, recall_0.3=(0, 8738) / 10577]eval:  61%|██████    | 2290/3769 [04:41<02:16, 10.80it/s, recall_0.3=(0, 8742) / 10581]eval:  61%|██████    | 2291/3769 [04:41<02:16, 10.80it/s, recall_0.3=(0, 8751) / 10591]eval:  61%|██████    | 2292/3769 [04:41<02:17, 10.71it/s, recall_0.3=(0, 8751) / 10591]eval:  61%|██████    | 2292/3769 [04:42<02:17, 10.71it/s, recall_0.3=(0, 8752) / 10592]eval:  61%|██████    | 2293/3769 [04:42<02:17, 10.71it/s, recall_0.3=(0, 8757) / 10598]eval:  61%|██████    | 2294/3769 [04:42<02:16, 10.77it/s, recall_0.3=(0, 8757) / 10598]eval:  61%|██████    | 2294/3769 [04:42<02:16, 10.77it/s, recall_0.3=(0, 8763) / 10605]eval:  61%|██████    | 2295/3769 [04:42<02:16, 10.77it/s, recall_0.3=(0, 8764) / 10606]eval:  61%|██████    | 2296/3769 [04:42<02:16, 10.76it/s, recall_0.3=(0, 8764) / 10606]eval:  61%|██████    | 2296/3769 [04:42<02:16, 10.76it/s, recall_0.3=(0, 8767) / 10609]eval:  61%|██████    | 2297/3769 [04:42<02:16, 10.76it/s, recall_0.3=(0, 8768) / 10611]eval:  61%|██████    | 2298/3769 [04:42<02:16, 10.81it/s, recall_0.3=(0, 8768) / 10611]eval:  61%|██████    | 2298/3769 [04:42<02:16, 10.81it/s, recall_0.3=(0, 8769) / 10612]eval:  61%|██████    | 2299/3769 [04:42<02:15, 10.81it/s, recall_0.3=(0, 8773) / 10616]eval:  61%|██████    | 2300/3769 [04:42<02:15, 10.83it/s, recall_0.3=(0, 8773) / 10616]eval:  61%|██████    | 2300/3769 [04:42<02:15, 10.83it/s, recall_0.3=(0, 8778) / 10621]eval:  61%|██████    | 2301/3769 [04:42<02:15, 10.83it/s, recall_0.3=(0, 8784) / 10628]eval:  61%|██████    | 2302/3769 [04:42<02:17, 10.70it/s, recall_0.3=(0, 8784) / 10628]eval:  61%|██████    | 2302/3769 [04:42<02:17, 10.70it/s, recall_0.3=(0, 8786) / 10630]eval:  61%|██████    | 2303/3769 [04:43<02:16, 10.70it/s, recall_0.3=(0, 8787) / 10631]eval:  61%|██████    | 2304/3769 [04:43<02:17, 10.66it/s, recall_0.3=(0, 8787) / 10631]eval:  61%|██████    | 2304/3769 [04:43<02:17, 10.66it/s, recall_0.3=(0, 8789) / 10634]eval:  61%|██████    | 2305/3769 [04:43<02:17, 10.66it/s, recall_0.3=(0, 8793) / 10639]eval:  61%|██████    | 2306/3769 [04:43<02:16, 10.72it/s, recall_0.3=(0, 8793) / 10639]eval:  61%|██████    | 2306/3769 [04:43<02:16, 10.72it/s, recall_0.3=(0, 8805) / 10651]eval:  61%|██████    | 2307/3769 [04:43<02:16, 10.72it/s, recall_0.3=(0, 8806) / 10652]eval:  61%|██████    | 2308/3769 [04:43<02:17, 10.65it/s, recall_0.3=(0, 8806) / 10652]eval:  61%|██████    | 2308/3769 [04:43<02:17, 10.65it/s, recall_0.3=(0, 8814) / 10660]eval:  61%|██████▏   | 2309/3769 [04:43<02:17, 10.65it/s, recall_0.3=(0, 8815) / 10661]eval:  61%|██████▏   | 2310/3769 [04:43<02:16, 10.69it/s, recall_0.3=(0, 8815) / 10661]eval:  61%|██████▏   | 2310/3769 [04:43<02:16, 10.69it/s, recall_0.3=(0, 8824) / 10671]eval:  61%|██████▏   | 2311/3769 [04:43<02:16, 10.69it/s, recall_0.3=(0, 8826) / 10674]eval:  61%|██████▏   | 2312/3769 [04:43<02:16, 10.70it/s, recall_0.3=(0, 8826) / 10674]eval:  61%|██████▏   | 2312/3769 [04:43<02:16, 10.70it/s, recall_0.3=(0, 8828) / 10677]eval:  61%|██████▏   | 2313/3769 [04:43<02:16, 10.70it/s, recall_0.3=(0, 8833) / 10684]eval:  61%|██████▏   | 2314/3769 [04:43<02:15, 10.77it/s, recall_0.3=(0, 8833) / 10684]eval:  61%|██████▏   | 2314/3769 [04:44<02:15, 10.77it/s, recall_0.3=(0, 8835) / 10686]eval:  61%|██████▏   | 2315/3769 [04:44<02:14, 10.77it/s, recall_0.3=(0, 8836) / 10687]eval:  61%|██████▏   | 2316/3769 [04:44<02:14, 10.77it/s, recall_0.3=(0, 8836) / 10687]eval:  61%|██████▏   | 2316/3769 [04:44<02:14, 10.77it/s, recall_0.3=(0, 8837) / 10691]eval:  61%|██████▏   | 2317/3769 [04:44<02:14, 10.77it/s, recall_0.3=(0, 8844) / 10698]eval:  62%|██████▏   | 2318/3769 [04:44<02:16, 10.66it/s, recall_0.3=(0, 8844) / 10698]eval:  62%|██████▏   | 2318/3769 [04:44<02:16, 10.66it/s, recall_0.3=(0, 8845) / 10699]eval:  62%|██████▏   | 2319/3769 [04:44<02:16, 10.66it/s, recall_0.3=(0, 8848) / 10703]eval:  62%|██████▏   | 2320/3769 [04:44<02:15, 10.70it/s, recall_0.3=(0, 8848) / 10703]eval:  62%|██████▏   | 2320/3769 [04:44<02:15, 10.70it/s, recall_0.3=(0, 8851) / 10706]eval:  62%|██████▏   | 2321/3769 [04:44<02:15, 10.70it/s, recall_0.3=(0, 8852) / 10708]eval:  62%|██████▏   | 2322/3769 [04:44<02:17, 10.53it/s, recall_0.3=(0, 8852) / 10708]eval:  62%|██████▏   | 2322/3769 [04:44<02:17, 10.53it/s, recall_0.3=(0, 8860) / 10717]eval:  62%|██████▏   | 2323/3769 [04:44<02:17, 10.53it/s, recall_0.3=(0, 8867) / 10726]eval:  62%|██████▏   | 2324/3769 [04:44<02:16, 10.60it/s, recall_0.3=(0, 8867) / 10726]eval:  62%|██████▏   | 2324/3769 [04:45<02:16, 10.60it/s, recall_0.3=(0, 8870) / 10729]eval:  62%|██████▏   | 2325/3769 [04:45<02:16, 10.60it/s, recall_0.3=(0, 8875) / 10736]eval:  62%|██████▏   | 2326/3769 [04:45<02:14, 10.71it/s, recall_0.3=(0, 8875) / 10736]eval:  62%|██████▏   | 2326/3769 [04:45<02:14, 10.71it/s, recall_0.3=(0, 8877) / 10738]eval:  62%|██████▏   | 2327/3769 [04:45<02:14, 10.71it/s, recall_0.3=(0, 8880) / 10742]eval:  62%|██████▏   | 2328/3769 [04:45<02:13, 10.79it/s, recall_0.3=(0, 8880) / 10742]eval:  62%|██████▏   | 2328/3769 [04:45<02:13, 10.79it/s, recall_0.3=(0, 8887) / 10750]eval:  62%|██████▏   | 2329/3769 [04:45<02:13, 10.79it/s, recall_0.3=(0, 8888) / 10751]eval:  62%|██████▏   | 2330/3769 [04:45<02:13, 10.81it/s, recall_0.3=(0, 8888) / 10751]eval:  62%|██████▏   | 2330/3769 [04:45<02:13, 10.81it/s, recall_0.3=(0, 8889) / 10754]eval:  62%|██████▏   | 2331/3769 [04:45<02:13, 10.81it/s, recall_0.3=(0, 8897) / 10763]eval:  62%|██████▏   | 2332/3769 [04:45<02:12, 10.83it/s, recall_0.3=(0, 8897) / 10763]eval:  62%|██████▏   | 2332/3769 [04:45<02:12, 10.83it/s, recall_0.3=(0, 8897) / 10764]eval:  62%|██████▏   | 2333/3769 [04:45<02:12, 10.83it/s, recall_0.3=(0, 8906) / 10773]eval:  62%|██████▏   | 2334/3769 [04:45<02:12, 10.80it/s, recall_0.3=(0, 8906) / 10773]eval:  62%|██████▏   | 2334/3769 [04:45<02:12, 10.80it/s, recall_0.3=(0, 8914) / 10783]eval:  62%|██████▏   | 2335/3769 [04:46<02:12, 10.80it/s, recall_0.3=(0, 8915) / 10784]eval:  62%|██████▏   | 2336/3769 [04:46<02:12, 10.80it/s, recall_0.3=(0, 8915) / 10784]eval:  62%|██████▏   | 2336/3769 [04:46<02:12, 10.80it/s, recall_0.3=(0, 8918) / 10787]eval:  62%|██████▏   | 2337/3769 [04:46<02:12, 10.80it/s, recall_0.3=(0, 8927) / 10796]eval:  62%|██████▏   | 2338/3769 [04:46<02:12, 10.81it/s, recall_0.3=(0, 8927) / 10796]eval:  62%|██████▏   | 2338/3769 [04:46<02:12, 10.81it/s, recall_0.3=(0, 8935) / 10804]eval:  62%|██████▏   | 2339/3769 [04:46<02:12, 10.81it/s, recall_0.3=(0, 8937) / 10811]eval:  62%|██████▏   | 2340/3769 [04:46<02:12, 10.76it/s, recall_0.3=(0, 8937) / 10811]eval:  62%|██████▏   | 2340/3769 [04:46<02:12, 10.76it/s, recall_0.3=(0, 8938) / 10813]eval:  62%|██████▏   | 2341/3769 [04:46<02:12, 10.76it/s, recall_0.3=(0, 8941) / 10817]eval:  62%|██████▏   | 2342/3769 [04:46<02:12, 10.80it/s, recall_0.3=(0, 8941) / 10817]eval:  62%|██████▏   | 2342/3769 [04:46<02:12, 10.80it/s, recall_0.3=(0, 8942) / 10818]eval:  62%|██████▏   | 2343/3769 [04:46<02:12, 10.80it/s, recall_0.3=(0, 8944) / 10820]eval:  62%|██████▏   | 2344/3769 [04:46<02:12, 10.79it/s, recall_0.3=(0, 8944) / 10820]eval:  62%|██████▏   | 2344/3769 [04:46<02:12, 10.79it/s, recall_0.3=(0, 8944) / 10821]eval:  62%|██████▏   | 2345/3769 [04:46<02:12, 10.79it/s, recall_0.3=(0, 8945) / 10822]eval:  62%|██████▏   | 2346/3769 [04:46<02:11, 10.85it/s, recall_0.3=(0, 8945) / 10822]eval:  62%|██████▏   | 2346/3769 [04:47<02:11, 10.85it/s, recall_0.3=(0, 8951) / 10828]eval:  62%|██████▏   | 2347/3769 [04:47<02:11, 10.85it/s, recall_0.3=(0, 8952) / 10829]eval:  62%|██████▏   | 2348/3769 [04:47<02:11, 10.85it/s, recall_0.3=(0, 8952) / 10829]eval:  62%|██████▏   | 2348/3769 [04:47<02:11, 10.85it/s, recall_0.3=(0, 8953) / 10831]eval:  62%|██████▏   | 2349/3769 [04:47<02:10, 10.85it/s, recall_0.3=(0, 8963) / 10841]eval:  62%|██████▏   | 2350/3769 [04:47<02:10, 10.85it/s, recall_0.3=(0, 8963) / 10841]eval:  62%|██████▏   | 2350/3769 [04:47<02:10, 10.85it/s, recall_0.3=(0, 8964) / 10842]eval:  62%|██████▏   | 2351/3769 [04:47<02:10, 10.85it/s, recall_0.3=(0, 8971) / 10849]eval:  62%|██████▏   | 2352/3769 [04:47<02:10, 10.88it/s, recall_0.3=(0, 8971) / 10849]eval:  62%|██████▏   | 2352/3769 [04:47<02:10, 10.88it/s, recall_0.3=(0, 8977) / 10855]eval:  62%|██████▏   | 2353/3769 [04:47<02:10, 10.88it/s, recall_0.3=(0, 8985) / 10867]eval:  62%|██████▏   | 2354/3769 [04:47<02:10, 10.86it/s, recall_0.3=(0, 8985) / 10867]eval:  62%|██████▏   | 2354/3769 [04:47<02:10, 10.86it/s, recall_0.3=(0, 8987) / 10870]eval:  62%|██████▏   | 2355/3769 [04:47<02:10, 10.86it/s, recall_0.3=(0, 8992) / 10876]eval:  63%|██████▎   | 2356/3769 [04:47<02:10, 10.83it/s, recall_0.3=(0, 8992) / 10876]eval:  63%|██████▎   | 2356/3769 [04:47<02:10, 10.83it/s, recall_0.3=(0, 8998) / 10885]eval:  63%|██████▎   | 2357/3769 [04:48<02:10, 10.83it/s, recall_0.3=(0, 8999) / 10889]eval:  63%|██████▎   | 2358/3769 [04:48<02:10, 10.82it/s, recall_0.3=(0, 8999) / 10889]eval:  63%|██████▎   | 2358/3769 [04:48<02:10, 10.82it/s, recall_0.3=(0, 9000) / 10891]eval:  63%|██████▎   | 2359/3769 [04:48<02:10, 10.82it/s, recall_0.3=(0, 9007) / 10899]eval:  63%|██████▎   | 2360/3769 [04:48<02:11, 10.74it/s, recall_0.3=(0, 9007) / 10899]eval:  63%|██████▎   | 2360/3769 [04:48<02:11, 10.74it/s, recall_0.3=(0, 9011) / 10903]eval:  63%|██████▎   | 2361/3769 [04:48<02:11, 10.74it/s, recall_0.3=(0, 9011) / 10904]eval:  63%|██████▎   | 2362/3769 [04:48<02:10, 10.76it/s, recall_0.3=(0, 9011) / 10904]eval:  63%|██████▎   | 2362/3769 [04:48<02:10, 10.76it/s, recall_0.3=(0, 9012) / 10905]eval:  63%|██████▎   | 2363/3769 [04:48<02:10, 10.76it/s, recall_0.3=(0, 9015) / 10908]eval:  63%|██████▎   | 2364/3769 [04:48<02:10, 10.81it/s, recall_0.3=(0, 9015) / 10908]eval:  63%|██████▎   | 2364/3769 [04:48<02:10, 10.81it/s, recall_0.3=(0, 9015) / 10909]eval:  63%|██████▎   | 2365/3769 [04:48<02:09, 10.81it/s, recall_0.3=(0, 9021) / 10916]eval:  63%|██████▎   | 2366/3769 [04:48<02:09, 10.82it/s, recall_0.3=(0, 9021) / 10916]eval:  63%|██████▎   | 2366/3769 [04:48<02:09, 10.82it/s, recall_0.3=(0, 9022) / 10917]eval:  63%|██████▎   | 2367/3769 [04:49<02:09, 10.82it/s, recall_0.3=(0, 9026) / 10921]eval:  63%|██████▎   | 2368/3769 [04:49<02:10, 10.70it/s, recall_0.3=(0, 9026) / 10921]eval:  63%|██████▎   | 2368/3769 [04:49<02:10, 10.70it/s, recall_0.3=(0, 9036) / 10931]eval:  63%|██████▎   | 2369/3769 [04:49<02:10, 10.70it/s, recall_0.3=(0, 9038) / 10933]eval:  63%|██████▎   | 2370/3769 [04:49<02:11, 10.65it/s, recall_0.3=(0, 9038) / 10933]eval:  63%|██████▎   | 2370/3769 [04:49<02:11, 10.65it/s, recall_0.3=(0, 9040) / 10935]eval:  63%|██████▎   | 2371/3769 [04:49<02:11, 10.65it/s, recall_0.3=(0, 9047) / 10942]eval:  63%|██████▎   | 2372/3769 [04:49<02:11, 10.64it/s, recall_0.3=(0, 9047) / 10942]eval:  63%|██████▎   | 2372/3769 [04:49<02:11, 10.64it/s, recall_0.3=(0, 9057) / 10954]eval:  63%|██████▎   | 2373/3769 [04:49<02:11, 10.64it/s, recall_0.3=(0, 9062) / 10961]eval:  63%|██████▎   | 2374/3769 [04:49<02:12, 10.55it/s, recall_0.3=(0, 9062) / 10961]eval:  63%|██████▎   | 2374/3769 [04:49<02:12, 10.55it/s, recall_0.3=(0, 9068) / 10969]eval:  63%|██████▎   | 2375/3769 [04:49<02:12, 10.55it/s, recall_0.3=(0, 9068) / 10970]eval:  63%|██████▎   | 2376/3769 [04:49<02:10, 10.66it/s, recall_0.3=(0, 9068) / 10970]eval:  63%|██████▎   | 2376/3769 [04:49<02:10, 10.66it/s, recall_0.3=(0, 9071) / 10973]eval:  63%|██████▎   | 2377/3769 [04:49<02:10, 10.66it/s, recall_0.3=(0, 9071) / 10974]eval:  63%|██████▎   | 2378/3769 [04:49<02:10, 10.69it/s, recall_0.3=(0, 9071) / 10974]eval:  63%|██████▎   | 2378/3769 [04:50<02:10, 10.69it/s, recall_0.3=(0, 9079) / 10982]eval:  63%|██████▎   | 2379/3769 [04:50<02:10, 10.69it/s, recall_0.3=(0, 9085) / 10989]eval:  63%|██████▎   | 2380/3769 [04:50<02:09, 10.72it/s, recall_0.3=(0, 9085) / 10989]eval:  63%|██████▎   | 2380/3769 [04:50<02:09, 10.72it/s, recall_0.3=(0, 9091) / 10995]eval:  63%|██████▎   | 2381/3769 [04:50<02:09, 10.72it/s, recall_0.3=(0, 9095) / 11001]eval:  63%|██████▎   | 2382/3769 [04:50<02:09, 10.71it/s, recall_0.3=(0, 9095) / 11001]eval:  63%|██████▎   | 2382/3769 [04:50<02:09, 10.71it/s, recall_0.3=(0, 9095) / 11003]eval:  63%|██████▎   | 2383/3769 [04:50<02:09, 10.71it/s, recall_0.3=(0, 9096) / 11004]eval:  63%|██████▎   | 2384/3769 [04:50<02:08, 10.77it/s, recall_0.3=(0, 9096) / 11004]eval:  63%|██████▎   | 2384/3769 [04:50<02:08, 10.77it/s, recall_0.3=(0, 9098) / 11006]eval:  63%|██████▎   | 2385/3769 [04:50<02:08, 10.77it/s, recall_0.3=(0, 9106) / 11016]eval:  63%|██████▎   | 2386/3769 [04:50<02:07, 10.81it/s, recall_0.3=(0, 9106) / 11016]eval:  63%|██████▎   | 2386/3769 [04:50<02:07, 10.81it/s, recall_0.3=(0, 9110) / 11023]eval:  63%|██████▎   | 2387/3769 [04:50<02:07, 10.81it/s, recall_0.3=(0, 9110) / 11024]eval:  63%|██████▎   | 2388/3769 [04:50<02:06, 10.88it/s, recall_0.3=(0, 9110) / 11024]eval:  63%|██████▎   | 2388/3769 [04:50<02:06, 10.88it/s, recall_0.3=(0, 9116) / 11032]eval:  63%|██████▎   | 2389/3769 [04:51<02:06, 10.88it/s, recall_0.3=(0, 9121) / 11038]eval:  63%|██████▎   | 2390/3769 [04:51<02:08, 10.76it/s, recall_0.3=(0, 9121) / 11038]eval:  63%|██████▎   | 2390/3769 [04:51<02:08, 10.76it/s, recall_0.3=(0, 9121) / 11039]eval:  63%|██████▎   | 2391/3769 [04:51<02:08, 10.76it/s, recall_0.3=(0, 9123) / 11041]eval:  63%|██████▎   | 2392/3769 [04:51<02:07, 10.84it/s, recall_0.3=(0, 9123) / 11041]eval:  63%|██████▎   | 2392/3769 [04:51<02:07, 10.84it/s, recall_0.3=(0, 9127) / 11046]eval:  63%|██████▎   | 2393/3769 [04:51<02:06, 10.84it/s, recall_0.3=(0, 9131) / 11051]eval:  64%|██████▎   | 2394/3769 [04:51<02:06, 10.85it/s, recall_0.3=(0, 9131) / 11051]eval:  64%|██████▎   | 2394/3769 [04:51<02:06, 10.85it/s, recall_0.3=(0, 9131) / 11052]eval:  64%|██████▎   | 2395/3769 [04:51<02:06, 10.85it/s, recall_0.3=(0, 9143) / 11067]eval:  64%|██████▎   | 2396/3769 [04:51<02:08, 10.72it/s, recall_0.3=(0, 9143) / 11067]eval:  64%|██████▎   | 2396/3769 [04:51<02:08, 10.72it/s, recall_0.3=(0, 9149) / 11076]eval:  64%|██████▎   | 2397/3769 [04:51<02:08, 10.72it/s, recall_0.3=(0, 9155) / 11082]eval:  64%|██████▎   | 2398/3769 [04:51<02:08, 10.67it/s, recall_0.3=(0, 9155) / 11082]eval:  64%|██████▎   | 2398/3769 [04:51<02:08, 10.67it/s, recall_0.3=(0, 9156) / 11083]eval:  64%|██████▎   | 2399/3769 [04:51<02:08, 10.67it/s, recall_0.3=(0, 9159) / 11086]eval:  64%|██████▎   | 2400/3769 [04:51<02:07, 10.70it/s, recall_0.3=(0, 9159) / 11086]eval:  64%|██████▎   | 2400/3769 [04:52<02:07, 10.70it/s, recall_0.3=(0, 9160) / 11087]eval:  64%|██████▎   | 2401/3769 [04:52<02:07, 10.70it/s, recall_0.3=(0, 9163) / 11090]eval:  64%|██████▎   | 2402/3769 [04:52<02:07, 10.76it/s, recall_0.3=(0, 9163) / 11090]eval:  64%|██████▎   | 2402/3769 [04:52<02:07, 10.76it/s, recall_0.3=(0, 9177) / 11106]eval:  64%|██████▍   | 2403/3769 [04:52<02:06, 10.76it/s, recall_0.3=(0, 9187) / 11119]eval:  64%|██████▍   | 2404/3769 [04:52<02:07, 10.75it/s, recall_0.3=(0, 9187) / 11119]eval:  64%|██████▍   | 2404/3769 [04:52<02:07, 10.75it/s, recall_0.3=(0, 9191) / 11124]eval:  64%|██████▍   | 2405/3769 [04:52<02:06, 10.75it/s, recall_0.3=(0, 9193) / 11126]eval:  64%|██████▍   | 2406/3769 [04:52<02:06, 10.73it/s, recall_0.3=(0, 9193) / 11126]eval:  64%|██████▍   | 2406/3769 [04:52<02:06, 10.73it/s, recall_0.3=(0, 9198) / 11132]eval:  64%|██████▍   | 2407/3769 [04:52<02:06, 10.73it/s, recall_0.3=(0, 9205) / 11140]eval:  64%|██████▍   | 2408/3769 [04:52<02:06, 10.73it/s, recall_0.3=(0, 9205) / 11140]eval:  64%|██████▍   | 2408/3769 [04:52<02:06, 10.73it/s, recall_0.3=(0, 9208) / 11144]eval:  64%|██████▍   | 2409/3769 [04:52<02:06, 10.73it/s, recall_0.3=(0, 9213) / 11153]eval:  64%|██████▍   | 2410/3769 [04:52<02:07, 10.67it/s, recall_0.3=(0, 9213) / 11153]eval:  64%|██████▍   | 2410/3769 [04:53<02:07, 10.67it/s, recall_0.3=(0, 9214) / 11154]eval:  64%|██████▍   | 2411/3769 [04:53<02:07, 10.67it/s, recall_0.3=(0, 9218) / 11159]eval:  64%|██████▍   | 2412/3769 [04:53<02:07, 10.62it/s, recall_0.3=(0, 9218) / 11159]eval:  64%|██████▍   | 2412/3769 [04:53<02:07, 10.62it/s, recall_0.3=(0, 9222) / 11165]eval:  64%|██████▍   | 2413/3769 [04:53<02:07, 10.62it/s, recall_0.3=(0, 9228) / 11172]eval:  64%|██████▍   | 2414/3769 [04:53<02:09, 10.49it/s, recall_0.3=(0, 9228) / 11172]eval:  64%|██████▍   | 2414/3769 [04:53<02:09, 10.49it/s, recall_0.3=(0, 9238) / 11183]eval:  64%|██████▍   | 2415/3769 [04:53<02:09, 10.49it/s, recall_0.3=(0, 9243) / 11192]eval:  64%|██████▍   | 2416/3769 [04:53<02:08, 10.52it/s, recall_0.3=(0, 9243) / 11192]eval:  64%|██████▍   | 2416/3769 [04:53<02:08, 10.52it/s, recall_0.3=(0, 9244) / 11193]eval:  64%|██████▍   | 2417/3769 [04:53<02:08, 10.52it/s, recall_0.3=(0, 9250) / 11199]eval:  64%|██████▍   | 2418/3769 [04:53<02:07, 10.60it/s, recall_0.3=(0, 9250) / 11199]eval:  64%|██████▍   | 2418/3769 [04:53<02:07, 10.60it/s, recall_0.3=(0, 9254) / 11203]eval:  64%|██████▍   | 2419/3769 [04:53<02:07, 10.60it/s, recall_0.3=(0, 9261) / 11211]eval:  64%|██████▍   | 2420/3769 [04:53<02:07, 10.58it/s, recall_0.3=(0, 9261) / 11211]eval:  64%|██████▍   | 2420/3769 [04:53<02:07, 10.58it/s, recall_0.3=(0, 9263) / 11213]eval:  64%|██████▍   | 2421/3769 [04:54<02:07, 10.58it/s, recall_0.3=(0, 9266) / 11217]eval:  64%|██████▍   | 2422/3769 [04:54<02:06, 10.64it/s, recall_0.3=(0, 9266) / 11217]eval:  64%|██████▍   | 2422/3769 [04:54<02:06, 10.64it/s, recall_0.3=(0, 9270) / 11222]eval:  64%|██████▍   | 2423/3769 [04:54<02:06, 10.64it/s, recall_0.3=(0, 9274) / 11226]eval:  64%|██████▍   | 2424/3769 [04:54<02:06, 10.65it/s, recall_0.3=(0, 9274) / 11226]eval:  64%|██████▍   | 2424/3769 [04:54<02:06, 10.65it/s, recall_0.3=(0, 9276) / 11228]eval:  64%|██████▍   | 2425/3769 [04:54<02:06, 10.65it/s, recall_0.3=(0, 9278) / 11230]eval:  64%|██████▍   | 2426/3769 [04:54<02:07, 10.55it/s, recall_0.3=(0, 9278) / 11230]eval:  64%|██████▍   | 2426/3769 [04:54<02:07, 10.55it/s, recall_0.3=(0, 9283) / 11237]eval:  64%|██████▍   | 2427/3769 [04:54<02:07, 10.55it/s, recall_0.3=(0, 9290) / 11245]eval:  64%|██████▍   | 2428/3769 [04:54<02:08, 10.47it/s, recall_0.3=(0, 9290) / 11245]eval:  64%|██████▍   | 2428/3769 [04:54<02:08, 10.47it/s, recall_0.3=(0, 9292) / 11247]eval:  64%|██████▍   | 2429/3769 [04:54<02:07, 10.47it/s, recall_0.3=(0, 9298) / 11256]eval:  64%|██████▍   | 2430/3769 [04:54<02:07, 10.51it/s, recall_0.3=(0, 9298) / 11256]eval:  64%|██████▍   | 2430/3769 [04:54<02:07, 10.51it/s, recall_0.3=(0, 9305) / 11263]eval:  64%|██████▍   | 2431/3769 [04:55<02:07, 10.51it/s, recall_0.3=(0, 9311) / 11270]eval:  65%|██████▍   | 2432/3769 [04:55<02:08, 10.44it/s, recall_0.3=(0, 9311) / 11270]eval:  65%|██████▍   | 2432/3769 [04:55<02:08, 10.44it/s, recall_0.3=(0, 9312) / 11271]eval:  65%|██████▍   | 2433/3769 [04:55<02:07, 10.44it/s, recall_0.3=(0, 9317) / 11277]eval:  65%|██████▍   | 2434/3769 [04:55<02:08, 10.42it/s, recall_0.3=(0, 9317) / 11277]eval:  65%|██████▍   | 2434/3769 [04:55<02:08, 10.42it/s, recall_0.3=(0, 9320) / 11280]eval:  65%|██████▍   | 2435/3769 [04:55<02:07, 10.42it/s, recall_0.3=(0, 9321) / 11281]eval:  65%|██████▍   | 2436/3769 [04:55<02:06, 10.56it/s, recall_0.3=(0, 9321) / 11281]eval:  65%|██████▍   | 2436/3769 [04:55<02:06, 10.56it/s, recall_0.3=(0, 9325) / 11285]eval:  65%|██████▍   | 2437/3769 [04:55<02:06, 10.56it/s, recall_0.3=(0, 9327) / 11287]eval:  65%|██████▍   | 2438/3769 [04:55<02:07, 10.43it/s, recall_0.3=(0, 9327) / 11287]eval:  65%|██████▍   | 2438/3769 [04:55<02:07, 10.43it/s, recall_0.3=(0, 9337) / 11297]eval:  65%|██████▍   | 2439/3769 [04:55<02:07, 10.43it/s, recall_0.3=(0, 9338) / 11298]eval:  65%|██████▍   | 2440/3769 [04:55<02:06, 10.47it/s, recall_0.3=(0, 9338) / 11298]eval:  65%|██████▍   | 2440/3769 [04:55<02:06, 10.47it/s, recall_0.3=(0, 9346) / 11308]eval:  65%|██████▍   | 2441/3769 [04:55<02:06, 10.47it/s, recall_0.3=(0, 9348) / 11311]eval:  65%|██████▍   | 2442/3769 [04:55<02:05, 10.54it/s, recall_0.3=(0, 9348) / 11311]eval:  65%|██████▍   | 2442/3769 [04:56<02:05, 10.54it/s, recall_0.3=(0, 9352) / 11318]eval:  65%|██████▍   | 2443/3769 [04:56<02:05, 10.54it/s, recall_0.3=(0, 9360) / 11327]eval:  65%|██████▍   | 2444/3769 [04:56<02:12, 10.03it/s, recall_0.3=(0, 9360) / 11327]eval:  65%|██████▍   | 2444/3769 [04:56<02:12, 10.03it/s, recall_0.3=(0, 9366) / 11333]eval:  65%|██████▍   | 2445/3769 [04:56<02:11, 10.03it/s, recall_0.3=(0, 9369) / 11336]eval:  65%|██████▍   | 2446/3769 [04:56<02:09, 10.21it/s, recall_0.3=(0, 9369) / 11336]eval:  65%|██████▍   | 2446/3769 [04:56<02:09, 10.21it/s, recall_0.3=(0, 9373) / 11340]eval:  65%|██████▍   | 2447/3769 [04:56<02:09, 10.21it/s, recall_0.3=(0, 9377) / 11344]eval:  65%|██████▍   | 2448/3769 [04:56<02:07, 10.40it/s, recall_0.3=(0, 9377) / 11344]eval:  65%|██████▍   | 2448/3769 [04:56<02:07, 10.40it/s, recall_0.3=(0, 9378) / 11346]eval:  65%|██████▍   | 2449/3769 [04:56<02:06, 10.40it/s, recall_0.3=(0, 9381) / 11349]eval:  65%|██████▌   | 2450/3769 [04:56<02:06, 10.47it/s, recall_0.3=(0, 9381) / 11349]eval:  65%|██████▌   | 2450/3769 [04:56<02:06, 10.47it/s, recall_0.3=(0, 9387) / 11355]eval:  65%|██████▌   | 2451/3769 [04:56<02:05, 10.47it/s, recall_0.3=(0, 9388) / 11356]eval:  65%|██████▌   | 2452/3769 [04:56<02:04, 10.56it/s, recall_0.3=(0, 9388) / 11356]eval:  65%|██████▌   | 2452/3769 [04:57<02:04, 10.56it/s, recall_0.3=(0, 9398) / 11366]eval:  65%|██████▌   | 2453/3769 [04:57<02:04, 10.56it/s, recall_0.3=(0, 9399) / 11367]eval:  65%|██████▌   | 2454/3769 [04:57<02:05, 10.48it/s, recall_0.3=(0, 9399) / 11367]eval:  65%|██████▌   | 2454/3769 [04:57<02:05, 10.48it/s, recall_0.3=(0, 9400) / 11369]eval:  65%|██████▌   | 2455/3769 [04:57<02:05, 10.48it/s, recall_0.3=(0, 9404) / 11374]eval:  65%|██████▌   | 2456/3769 [04:57<02:06, 10.40it/s, recall_0.3=(0, 9404) / 11374]eval:  65%|██████▌   | 2456/3769 [04:57<02:06, 10.40it/s, recall_0.3=(0, 9405) / 11375]eval:  65%|██████▌   | 2457/3769 [04:57<02:06, 10.40it/s, recall_0.3=(0, 9418) / 11390]eval:  65%|██████▌   | 2458/3769 [04:57<02:04, 10.55it/s, recall_0.3=(0, 9418) / 11390]eval:  65%|██████▌   | 2458/3769 [04:57<02:04, 10.55it/s, recall_0.3=(0, 9419) / 11392]eval:  65%|██████▌   | 2459/3769 [04:57<02:04, 10.55it/s, recall_0.3=(0, 9421) / 11394]eval:  65%|██████▌   | 2460/3769 [04:57<02:03, 10.60it/s, recall_0.3=(0, 9421) / 11394]eval:  65%|██████▌   | 2460/3769 [04:57<02:03, 10.60it/s, recall_0.3=(0, 9423) / 11397]eval:  65%|██████▌   | 2461/3769 [04:57<02:03, 10.60it/s, recall_0.3=(0, 9428) / 11404]eval:  65%|██████▌   | 2462/3769 [04:57<02:03, 10.61it/s, recall_0.3=(0, 9428) / 11404]eval:  65%|██████▌   | 2462/3769 [04:57<02:03, 10.61it/s, recall_0.3=(0, 9430) / 11407]eval:  65%|██████▌   | 2463/3769 [04:58<02:03, 10.61it/s, recall_0.3=(0, 9443) / 11420]eval:  65%|██████▌   | 2464/3769 [04:58<02:02, 10.62it/s, recall_0.3=(0, 9443) / 11420]eval:  65%|██████▌   | 2464/3769 [04:58<02:02, 10.62it/s, recall_0.3=(0, 9453) / 11430]eval:  65%|██████▌   | 2465/3769 [04:58<02:02, 10.62it/s, recall_0.3=(0, 9454) / 11431]eval:  65%|██████▌   | 2466/3769 [04:58<02:02, 10.61it/s, recall_0.3=(0, 9454) / 11431]eval:  65%|██████▌   | 2466/3769 [04:58<02:02, 10.61it/s, recall_0.3=(0, 9463) / 11443]eval:  65%|██████▌   | 2467/3769 [04:58<02:02, 10.61it/s, recall_0.3=(0, 9469) / 11449]eval:  65%|██████▌   | 2468/3769 [04:58<02:02, 10.58it/s, recall_0.3=(0, 9469) / 11449]eval:  65%|██████▌   | 2468/3769 [04:58<02:02, 10.58it/s, recall_0.3=(0, 9469) / 11450]eval:  66%|██████▌   | 2469/3769 [04:58<02:02, 10.58it/s, recall_0.3=(0, 9472) / 11454]eval:  66%|██████▌   | 2470/3769 [04:58<02:01, 10.67it/s, recall_0.3=(0, 9472) / 11454]eval:  66%|██████▌   | 2470/3769 [04:58<02:01, 10.67it/s, recall_0.3=(0, 9485) / 11469]eval:  66%|██████▌   | 2471/3769 [04:58<02:01, 10.67it/s, recall_0.3=(0, 9490) / 11475]eval:  66%|██████▌   | 2472/3769 [04:58<02:02, 10.61it/s, recall_0.3=(0, 9490) / 11475]eval:  66%|██████▌   | 2472/3769 [04:58<02:02, 10.61it/s, recall_0.3=(0, 9500) / 11485]eval:  66%|██████▌   | 2473/3769 [04:59<02:02, 10.61it/s, recall_0.3=(0, 9504) / 11489]eval:  66%|██████▌   | 2474/3769 [04:59<02:03, 10.52it/s, recall_0.3=(0, 9504) / 11489]eval:  66%|██████▌   | 2474/3769 [04:59<02:03, 10.52it/s, recall_0.3=(0, 9507) / 11492]eval:  66%|██████▌   | 2475/3769 [04:59<02:03, 10.52it/s, recall_0.3=(0, 9513) / 11499]eval:  66%|██████▌   | 2476/3769 [04:59<02:02, 10.54it/s, recall_0.3=(0, 9513) / 11499]eval:  66%|██████▌   | 2476/3769 [04:59<02:02, 10.54it/s, recall_0.3=(0, 9513) / 11502]eval:  66%|██████▌   | 2477/3769 [04:59<02:02, 10.54it/s, recall_0.3=(0, 9519) / 11511]eval:  66%|██████▌   | 2478/3769 [04:59<02:02, 10.55it/s, recall_0.3=(0, 9519) / 11511]eval:  66%|██████▌   | 2478/3769 [04:59<02:02, 10.55it/s, recall_0.3=(0, 9521) / 11513]eval:  66%|██████▌   | 2479/3769 [04:59<02:02, 10.55it/s, recall_0.3=(0, 9528) / 11523]eval:  66%|██████▌   | 2480/3769 [04:59<02:01, 10.58it/s, recall_0.3=(0, 9528) / 11523]eval:  66%|██████▌   | 2480/3769 [04:59<02:01, 10.58it/s, recall_0.3=(0, 9531) / 11526]eval:  66%|██████▌   | 2481/3769 [04:59<02:01, 10.58it/s, recall_0.3=(0, 9538) / 11534]eval:  66%|██████▌   | 2482/3769 [04:59<02:01, 10.62it/s, recall_0.3=(0, 9538) / 11534]eval:  66%|██████▌   | 2482/3769 [04:59<02:01, 10.62it/s, recall_0.3=(0, 9545) / 11542]eval:  66%|██████▌   | 2483/3769 [04:59<02:01, 10.62it/s, recall_0.3=(0, 9545) / 11544]eval:  66%|██████▌   | 2484/3769 [04:59<02:00, 10.63it/s, recall_0.3=(0, 9545) / 11544]eval:  66%|██████▌   | 2484/3769 [05:00<02:00, 10.63it/s, recall_0.3=(0, 9549) / 11548]eval:  66%|██████▌   | 2485/3769 [05:00<02:00, 10.63it/s, recall_0.3=(0, 9556) / 11556]eval:  66%|██████▌   | 2486/3769 [05:00<02:01, 10.57it/s, recall_0.3=(0, 9556) / 11556]eval:  66%|██████▌   | 2486/3769 [05:00<02:01, 10.57it/s, recall_0.3=(0, 9556) / 11559]eval:  66%|██████▌   | 2487/3769 [05:00<02:01, 10.57it/s, recall_0.3=(0, 9562) / 11565]eval:  66%|██████▌   | 2488/3769 [05:00<02:00, 10.64it/s, recall_0.3=(0, 9562) / 11565]eval:  66%|██████▌   | 2488/3769 [05:00<02:00, 10.64it/s, recall_0.3=(0, 9573) / 11577]eval:  66%|██████▌   | 2489/3769 [05:00<02:00, 10.64it/s, recall_0.3=(0, 9579) / 11583]eval:  66%|██████▌   | 2490/3769 [05:00<02:01, 10.56it/s, recall_0.3=(0, 9579) / 11583]eval:  66%|██████▌   | 2490/3769 [05:00<02:01, 10.56it/s, recall_0.3=(0, 9580) / 11585]eval:  66%|██████▌   | 2491/3769 [05:00<02:01, 10.56it/s, recall_0.3=(0, 9582) / 11587]eval:  66%|██████▌   | 2492/3769 [05:00<02:00, 10.60it/s, recall_0.3=(0, 9582) / 11587]eval:  66%|██████▌   | 2492/3769 [05:00<02:00, 10.60it/s, recall_0.3=(0, 9587) / 11592]eval:  66%|██████▌   | 2493/3769 [05:00<02:00, 10.60it/s, recall_0.3=(0, 9592) / 11599]eval:  66%|██████▌   | 2494/3769 [05:00<02:01, 10.50it/s, recall_0.3=(0, 9592) / 11599]eval:  66%|██████▌   | 2494/3769 [05:01<02:01, 10.50it/s, recall_0.3=(0, 9603) / 11610]eval:  66%|██████▌   | 2495/3769 [05:01<02:01, 10.50it/s, recall_0.3=(0, 9615) / 11623]eval:  66%|██████▌   | 2496/3769 [05:01<02:00, 10.52it/s, recall_0.3=(0, 9615) / 11623]eval:  66%|██████▌   | 2496/3769 [05:01<02:00, 10.52it/s, recall_0.3=(0, 9616) / 11624]eval:  66%|██████▋   | 2497/3769 [05:01<02:00, 10.52it/s, recall_0.3=(0, 9619) / 11627]eval:  66%|██████▋   | 2498/3769 [05:01<01:59, 10.61it/s, recall_0.3=(0, 9619) / 11627]eval:  66%|██████▋   | 2498/3769 [05:01<01:59, 10.61it/s, recall_0.3=(0, 9623) / 11631]eval:  66%|██████▋   | 2499/3769 [05:01<01:59, 10.61it/s, recall_0.3=(0, 9631) / 11639]eval:  66%|██████▋   | 2500/3769 [05:01<02:00, 10.56it/s, recall_0.3=(0, 9631) / 11639]eval:  66%|██████▋   | 2500/3769 [05:01<02:00, 10.56it/s, recall_0.3=(0, 9638) / 11647]eval:  66%|██████▋   | 2501/3769 [05:01<02:00, 10.56it/s, recall_0.3=(0, 9640) / 11649]eval:  66%|██████▋   | 2502/3769 [05:01<02:00, 10.48it/s, recall_0.3=(0, 9640) / 11649]eval:  66%|██████▋   | 2502/3769 [05:01<02:00, 10.48it/s, recall_0.3=(0, 9643) / 11652]eval:  66%|██████▋   | 2503/3769 [05:01<02:00, 10.48it/s, recall_0.3=(0, 9645) / 11654]eval:  66%|██████▋   | 2504/3769 [05:01<02:00, 10.50it/s, recall_0.3=(0, 9645) / 11654]eval:  66%|██████▋   | 2504/3769 [05:01<02:00, 10.50it/s, recall_0.3=(0, 9647) / 11657]eval:  66%|██████▋   | 2505/3769 [05:02<02:00, 10.50it/s, recall_0.3=(0, 9657) / 11667]eval:  66%|██████▋   | 2506/3769 [05:02<01:59, 10.58it/s, recall_0.3=(0, 9657) / 11667]eval:  66%|██████▋   | 2506/3769 [05:02<01:59, 10.58it/s, recall_0.3=(0, 9659) / 11669]eval:  67%|██████▋   | 2507/3769 [05:02<01:59, 10.58it/s, recall_0.3=(0, 9662) / 11672]eval:  67%|██████▋   | 2508/3769 [05:02<01:58, 10.65it/s, recall_0.3=(0, 9662) / 11672]eval:  67%|██████▋   | 2508/3769 [05:02<01:58, 10.65it/s, recall_0.3=(0, 9665) / 11675]eval:  67%|██████▋   | 2509/3769 [05:02<01:58, 10.65it/s, recall_0.3=(0, 9671) / 11682]eval:  67%|██████▋   | 2510/3769 [05:02<01:57, 10.72it/s, recall_0.3=(0, 9671) / 11682]eval:  67%|██████▋   | 2510/3769 [05:02<01:57, 10.72it/s, recall_0.3=(0, 9680) / 11693]eval:  67%|██████▋   | 2511/3769 [05:02<01:57, 10.72it/s, recall_0.3=(0, 9689) / 11702]eval:  67%|██████▋   | 2512/3769 [05:02<01:57, 10.67it/s, recall_0.3=(0, 9689) / 11702]eval:  67%|██████▋   | 2512/3769 [05:02<01:57, 10.67it/s, recall_0.3=(0, 9695) / 11709]eval:  67%|██████▋   | 2513/3769 [05:02<01:57, 10.67it/s, recall_0.3=(0, 9696) / 11710]eval:  67%|██████▋   | 2514/3769 [05:02<01:58, 10.63it/s, recall_0.3=(0, 9696) / 11710]eval:  67%|██████▋   | 2514/3769 [05:02<01:58, 10.63it/s, recall_0.3=(0, 9697) / 11711]eval:  67%|██████▋   | 2515/3769 [05:02<01:57, 10.63it/s, recall_0.3=(0, 9702) / 11717]eval:  67%|██████▋   | 2516/3769 [05:02<01:57, 10.63it/s, recall_0.3=(0, 9702) / 11717]eval:  67%|██████▋   | 2516/3769 [05:03<01:57, 10.63it/s, recall_0.3=(0, 9704) / 11720]eval:  67%|██████▋   | 2517/3769 [05:03<01:57, 10.63it/s, recall_0.3=(0, 9712) / 11728]eval:  67%|██████▋   | 2518/3769 [05:03<01:58, 10.53it/s, recall_0.3=(0, 9712) / 11728]eval:  67%|██████▋   | 2518/3769 [05:03<01:58, 10.53it/s, recall_0.3=(0, 9720) / 11740]eval:  67%|██████▋   | 2519/3769 [05:03<01:58, 10.53it/s, recall_0.3=(0, 9721) / 11742]eval:  67%|██████▋   | 2520/3769 [05:03<01:57, 10.59it/s, recall_0.3=(0, 9721) / 11742]eval:  67%|██████▋   | 2520/3769 [05:03<01:57, 10.59it/s, recall_0.3=(0, 9723) / 11744]eval:  67%|██████▋   | 2521/3769 [05:03<01:57, 10.59it/s, recall_0.3=(0, 9727) / 11748]eval:  67%|██████▋   | 2522/3769 [05:03<01:57, 10.57it/s, recall_0.3=(0, 9727) / 11748]eval:  67%|██████▋   | 2522/3769 [05:03<01:57, 10.57it/s, recall_0.3=(0, 9730) / 11751]eval:  67%|██████▋   | 2523/3769 [05:03<01:57, 10.57it/s, recall_0.3=(0, 9734) / 11755]eval:  67%|██████▋   | 2524/3769 [05:03<01:57, 10.57it/s, recall_0.3=(0, 9734) / 11755]eval:  67%|██████▋   | 2524/3769 [05:03<01:57, 10.57it/s, recall_0.3=(0, 9740) / 11761]eval:  67%|██████▋   | 2525/3769 [05:03<01:57, 10.57it/s, recall_0.3=(0, 9744) / 11767]eval:  67%|██████▋   | 2526/3769 [05:03<01:57, 10.59it/s, recall_0.3=(0, 9744) / 11767]eval:  67%|██████▋   | 2526/3769 [05:04<01:57, 10.59it/s, recall_0.3=(0, 9748) / 11771]eval:  67%|██████▋   | 2527/3769 [05:04<01:57, 10.59it/s, recall_0.3=(0, 9753) / 11777]eval:  67%|██████▋   | 2528/3769 [05:04<01:56, 10.63it/s, recall_0.3=(0, 9753) / 11777]eval:  67%|██████▋   | 2528/3769 [05:04<01:56, 10.63it/s, recall_0.3=(0, 9763) / 11787]eval:  67%|██████▋   | 2529/3769 [05:04<01:56, 10.63it/s, recall_0.3=(0, 9764) / 11788]eval:  67%|██████▋   | 2530/3769 [05:04<01:56, 10.60it/s, recall_0.3=(0, 9764) / 11788]eval:  67%|██████▋   | 2530/3769 [05:04<01:56, 10.60it/s, recall_0.3=(0, 9767) / 11792]eval:  67%|██████▋   | 2531/3769 [05:04<01:56, 10.60it/s, recall_0.3=(0, 9775) / 11800]eval:  67%|██████▋   | 2532/3769 [05:04<01:57, 10.56it/s, recall_0.3=(0, 9775) / 11800]eval:  67%|██████▋   | 2532/3769 [05:04<01:57, 10.56it/s, recall_0.3=(0, 9781) / 11806]eval:  67%|██████▋   | 2533/3769 [05:04<01:57, 10.56it/s, recall_0.3=(0, 9782) / 11810]eval:  67%|██████▋   | 2534/3769 [05:04<01:57, 10.55it/s, recall_0.3=(0, 9782) / 11810]eval:  67%|██████▋   | 2534/3769 [05:04<01:57, 10.55it/s, recall_0.3=(0, 9788) / 11818]eval:  67%|██████▋   | 2535/3769 [05:04<01:56, 10.55it/s, recall_0.3=(0, 9795) / 11828]eval:  67%|██████▋   | 2536/3769 [05:04<01:56, 10.59it/s, recall_0.3=(0, 9795) / 11828]eval:  67%|██████▋   | 2536/3769 [05:04<01:56, 10.59it/s, recall_0.3=(0, 9800) / 11835]eval:  67%|██████▋   | 2537/3769 [05:05<01:56, 10.59it/s, recall_0.3=(0, 9801) / 11836]eval:  67%|██████▋   | 2538/3769 [05:05<01:57, 10.47it/s, recall_0.3=(0, 9801) / 11836]eval:  67%|██████▋   | 2538/3769 [05:05<01:57, 10.47it/s, recall_0.3=(0, 9805) / 11840]eval:  67%|██████▋   | 2539/3769 [05:05<01:57, 10.47it/s, recall_0.3=(0, 9808) / 11846]eval:  67%|██████▋   | 2540/3769 [05:05<02:00, 10.20it/s, recall_0.3=(0, 9808) / 11846]eval:  67%|██████▋   | 2540/3769 [05:05<02:00, 10.20it/s, recall_0.3=(0, 9811) / 11851]eval:  67%|██████▋   | 2541/3769 [05:05<02:00, 10.20it/s, recall_0.3=(0, 9814) / 11855]eval:  67%|██████▋   | 2542/3769 [05:05<02:00, 10.19it/s, recall_0.3=(0, 9814) / 11855]eval:  67%|██████▋   | 2542/3769 [05:05<02:00, 10.19it/s, recall_0.3=(0, 9815) / 11856]eval:  67%|██████▋   | 2543/3769 [05:05<02:00, 10.19it/s, recall_0.3=(0, 9815) / 11859]eval:  67%|██████▋   | 2544/3769 [05:05<02:02, 10.00it/s, recall_0.3=(0, 9815) / 11859]eval:  67%|██████▋   | 2544/3769 [05:05<02:02, 10.00it/s, recall_0.3=(0, 9823) / 11868]eval:  68%|██████▊   | 2545/3769 [05:05<02:02, 10.00it/s, recall_0.3=(0, 9830) / 11878]eval:  68%|██████▊   | 2546/3769 [05:05<02:07,  9.63it/s, recall_0.3=(0, 9830) / 11878]eval:  68%|██████▊   | 2546/3769 [05:06<02:07,  9.63it/s, recall_0.3=(0, 9839) / 11887]eval:  68%|██████▊   | 2547/3769 [05:06<02:16,  8.98it/s, recall_0.3=(0, 9839) / 11887]eval:  68%|██████▊   | 2547/3769 [05:06<02:16,  8.98it/s, recall_0.3=(0, 9841) / 11896]eval:  68%|██████▊   | 2548/3769 [05:06<02:18,  8.83it/s, recall_0.3=(0, 9841) / 11896]eval:  68%|██████▊   | 2548/3769 [05:06<02:18,  8.83it/s, recall_0.3=(0, 9844) / 11900]eval:  68%|██████▊   | 2549/3769 [05:06<02:21,  8.64it/s, recall_0.3=(0, 9844) / 11900]eval:  68%|██████▊   | 2549/3769 [05:06<02:21,  8.64it/s, recall_0.3=(0, 9847) / 11904]eval:  68%|██████▊   | 2550/3769 [05:06<02:26,  8.30it/s, recall_0.3=(0, 9847) / 11904]eval:  68%|██████▊   | 2550/3769 [05:06<02:26,  8.30it/s, recall_0.3=(0, 9848) / 11905]eval:  68%|██████▊   | 2551/3769 [05:06<02:30,  8.11it/s, recall_0.3=(0, 9848) / 11905]eval:  68%|██████▊   | 2551/3769 [05:06<02:30,  8.11it/s, recall_0.3=(0, 9850) / 11908]eval:  68%|██████▊   | 2552/3769 [05:06<02:25,  8.39it/s, recall_0.3=(0, 9850) / 11908]eval:  68%|██████▊   | 2552/3769 [05:06<02:25,  8.39it/s, recall_0.3=(0, 9852) / 11910]eval:  68%|██████▊   | 2553/3769 [05:06<02:23,  8.45it/s, recall_0.3=(0, 9852) / 11910]eval:  68%|██████▊   | 2553/3769 [05:06<02:23,  8.45it/s, recall_0.3=(0, 9863) / 11922]eval:  68%|██████▊   | 2554/3769 [05:06<02:28,  8.18it/s, recall_0.3=(0, 9863) / 11922]eval:  68%|██████▊   | 2554/3769 [05:07<02:28,  8.18it/s, recall_0.3=(0, 9873) / 11934]eval:  68%|██████▊   | 2555/3769 [05:07<02:29,  8.13it/s, recall_0.3=(0, 9873) / 11934]eval:  68%|██████▊   | 2555/3769 [05:07<02:29,  8.13it/s, recall_0.3=(0, 9879) / 11940]eval:  68%|██████▊   | 2556/3769 [05:07<02:33,  7.92it/s, recall_0.3=(0, 9879) / 11940]eval:  68%|██████▊   | 2556/3769 [05:07<02:33,  7.92it/s, recall_0.3=(0, 9880) / 11942]eval:  68%|██████▊   | 2557/3769 [05:07<02:26,  8.26it/s, recall_0.3=(0, 9880) / 11942]eval:  68%|██████▊   | 2557/3769 [05:07<02:26,  8.26it/s, recall_0.3=(0, 9885) / 11948]eval:  68%|██████▊   | 2558/3769 [05:07<02:25,  8.30it/s, recall_0.3=(0, 9885) / 11948]eval:  68%|██████▊   | 2558/3769 [05:07<02:25,  8.30it/s, recall_0.3=(0, 9890) / 11953]eval:  68%|██████▊   | 2559/3769 [05:07<02:30,  8.02it/s, recall_0.3=(0, 9890) / 11953]eval:  68%|██████▊   | 2559/3769 [05:07<02:30,  8.02it/s, recall_0.3=(0, 9892) / 11955]eval:  68%|██████▊   | 2560/3769 [05:07<02:29,  8.08it/s, recall_0.3=(0, 9892) / 11955]eval:  68%|██████▊   | 2560/3769 [05:07<02:29,  8.08it/s, recall_0.3=(0, 9898) / 11963]eval:  68%|██████▊   | 2561/3769 [05:07<02:33,  7.88it/s, recall_0.3=(0, 9898) / 11963]eval:  68%|██████▊   | 2561/3769 [05:07<02:33,  7.88it/s, recall_0.3=(0, 9902) / 11967]eval:  68%|██████▊   | 2562/3769 [05:07<02:26,  8.26it/s, recall_0.3=(0, 9902) / 11967]eval:  68%|██████▊   | 2562/3769 [05:08<02:26,  8.26it/s, recall_0.3=(0, 9904) / 11970]eval:  68%|██████▊   | 2563/3769 [05:08<02:26,  8.23it/s, recall_0.3=(0, 9904) / 11970]eval:  68%|██████▊   | 2563/3769 [05:08<02:26,  8.23it/s, recall_0.3=(0, 9909) / 11975]eval:  68%|██████▊   | 2564/3769 [05:08<02:27,  8.15it/s, recall_0.3=(0, 9909) / 11975]eval:  68%|██████▊   | 2564/3769 [05:08<02:27,  8.15it/s, recall_0.3=(0, 9909) / 11978]eval:  68%|██████▊   | 2565/3769 [05:08<02:26,  8.20it/s, recall_0.3=(0, 9909) / 11978]eval:  68%|██████▊   | 2565/3769 [05:08<02:26,  8.20it/s, recall_0.3=(0, 9913) / 11983]eval:  68%|██████▊   | 2566/3769 [05:08<02:23,  8.40it/s, recall_0.3=(0, 9913) / 11983]eval:  68%|██████▊   | 2566/3769 [05:08<02:23,  8.40it/s, recall_0.3=(0, 9914) / 11984]eval:  68%|██████▊   | 2567/3769 [05:08<02:25,  8.24it/s, recall_0.3=(0, 9914) / 11984]eval:  68%|██████▊   | 2567/3769 [05:08<02:25,  8.24it/s, recall_0.3=(0, 9916) / 11987]eval:  68%|██████▊   | 2568/3769 [05:08<02:29,  8.01it/s, recall_0.3=(0, 9916) / 11987]eval:  68%|██████▊   | 2568/3769 [05:08<02:29,  8.01it/s, recall_0.3=(0, 9917) / 11988]eval:  68%|██████▊   | 2569/3769 [05:08<02:25,  8.25it/s, recall_0.3=(0, 9917) / 11988]eval:  68%|██████▊   | 2569/3769 [05:08<02:25,  8.25it/s, recall_0.3=(0, 9919) / 11990]eval:  68%|██████▊   | 2570/3769 [05:08<02:29,  8.00it/s, recall_0.3=(0, 9919) / 11990]eval:  68%|██████▊   | 2570/3769 [05:09<02:29,  8.00it/s, recall_0.3=(0, 9920) / 11991]eval:  68%|██████▊   | 2571/3769 [05:09<02:29,  8.01it/s, recall_0.3=(0, 9920) / 11991]eval:  68%|██████▊   | 2571/3769 [05:09<02:29,  8.01it/s, recall_0.3=(0, 9925) / 11997]eval:  68%|██████▊   | 2572/3769 [05:09<02:29,  8.00it/s, recall_0.3=(0, 9925) / 11997]eval:  68%|██████▊   | 2572/3769 [05:09<02:29,  8.00it/s, recall_0.3=(0, 9928) / 12002]eval:  68%|██████▊   | 2573/3769 [05:09<02:31,  7.88it/s, recall_0.3=(0, 9928) / 12002]eval:  68%|██████▊   | 2573/3769 [05:09<02:31,  7.88it/s, recall_0.3=(0, 9934) / 12008]eval:  68%|██████▊   | 2574/3769 [05:09<02:28,  8.05it/s, recall_0.3=(0, 9934) / 12008]eval:  68%|██████▊   | 2574/3769 [05:09<02:28,  8.05it/s, recall_0.3=(0, 9938) / 12015]eval:  68%|██████▊   | 2575/3769 [05:09<02:30,  7.93it/s, recall_0.3=(0, 9938) / 12015]eval:  68%|██████▊   | 2575/3769 [05:09<02:30,  7.93it/s, recall_0.3=(0, 9942) / 12020]eval:  68%|██████▊   | 2576/3769 [05:09<02:31,  7.89it/s, recall_0.3=(0, 9942) / 12020]eval:  68%|██████▊   | 2576/3769 [05:09<02:31,  7.89it/s, recall_0.3=(0, 9947) / 12025]eval:  68%|██████▊   | 2577/3769 [05:09<02:27,  8.10it/s, recall_0.3=(0, 9947) / 12025]eval:  68%|██████▊   | 2577/3769 [05:09<02:27,  8.10it/s, recall_0.3=(0, 9952) / 12035]eval:  68%|██████▊   | 2578/3769 [05:09<02:31,  7.86it/s, recall_0.3=(0, 9952) / 12035]eval:  68%|██████▊   | 2578/3769 [05:10<02:31,  7.86it/s, recall_0.3=(0, 9954) / 12037]eval:  68%|██████▊   | 2579/3769 [05:10<02:30,  7.92it/s, recall_0.3=(0, 9954) / 12037]eval:  68%|██████▊   | 2579/3769 [05:10<02:30,  7.92it/s, recall_0.3=(0, 9959) / 12042]eval:  68%|██████▊   | 2580/3769 [05:10<02:29,  7.95it/s, recall_0.3=(0, 9959) / 12042]eval:  68%|██████▊   | 2580/3769 [05:10<02:29,  7.95it/s, recall_0.3=(0, 9961) / 12044]eval:  68%|██████▊   | 2581/3769 [05:10<02:33,  7.75it/s, recall_0.3=(0, 9961) / 12044]eval:  68%|██████▊   | 2581/3769 [05:10<02:33,  7.75it/s, recall_0.3=(0, 9965) / 12048]eval:  69%|██████▊   | 2582/3769 [05:10<02:31,  7.84it/s, recall_0.3=(0, 9965) / 12048]eval:  69%|██████▊   | 2582/3769 [05:10<02:31,  7.84it/s, recall_0.3=(0, 9968) / 12051]eval:  69%|██████▊   | 2583/3769 [05:10<02:25,  8.14it/s, recall_0.3=(0, 9968) / 12051]eval:  69%|██████▊   | 2583/3769 [05:10<02:25,  8.14it/s, recall_0.3=(0, 9980) / 12064]eval:  69%|██████▊   | 2584/3769 [05:10<02:27,  8.06it/s, recall_0.3=(0, 9980) / 12064]eval:  69%|██████▊   | 2584/3769 [05:10<02:27,  8.06it/s, recall_0.3=(0, 9981) / 12065]eval:  69%|██████▊   | 2585/3769 [05:10<02:28,  7.96it/s, recall_0.3=(0, 9981) / 12065]eval:  69%|██████▊   | 2585/3769 [05:10<02:28,  7.96it/s, recall_0.3=(0, 9986) / 12071]eval:  69%|██████▊   | 2586/3769 [05:10<02:27,  7.99it/s, recall_0.3=(0, 9986) / 12071]eval:  69%|██████▊   | 2586/3769 [05:11<02:27,  7.99it/s, recall_0.3=(0, 9990) / 12075]eval:  69%|██████▊   | 2587/3769 [05:11<02:27,  7.99it/s, recall_0.3=(0, 9990) / 12075]eval:  69%|██████▊   | 2587/3769 [05:11<02:27,  7.99it/s, recall_0.3=(0, 9993) / 12078]eval:  69%|██████▊   | 2588/3769 [05:11<02:27,  8.02it/s, recall_0.3=(0, 9993) / 12078]eval:  69%|██████▊   | 2588/3769 [05:11<02:27,  8.02it/s, recall_0.3=(0, 9999) / 12084]eval:  69%|██████▊   | 2589/3769 [05:11<02:25,  8.12it/s, recall_0.3=(0, 9999) / 12084]eval:  69%|██████▊   | 2589/3769 [05:11<02:25,  8.12it/s, recall_0.3=(0, 10005) / 12093]eval:  69%|██████▊   | 2590/3769 [05:11<02:22,  8.27it/s, recall_0.3=(0, 10005) / 12093]eval:  69%|██████▊   | 2590/3769 [05:11<02:22,  8.27it/s, recall_0.3=(0, 10006) / 12096]eval:  69%|██████▊   | 2591/3769 [05:11<02:27,  7.97it/s, recall_0.3=(0, 10006) / 12096]eval:  69%|██████▊   | 2591/3769 [05:11<02:27,  7.97it/s, recall_0.3=(0, 10010) / 12101]eval:  69%|██████▉   | 2592/3769 [05:11<02:32,  7.72it/s, recall_0.3=(0, 10010) / 12101]eval:  69%|██████▉   | 2592/3769 [05:11<02:32,  7.72it/s, recall_0.3=(0, 10021) / 12116]eval:  69%|██████▉   | 2593/3769 [05:11<02:33,  7.68it/s, recall_0.3=(0, 10021) / 12116]eval:  69%|██████▉   | 2593/3769 [05:11<02:33,  7.68it/s, recall_0.3=(0, 10028) / 12123]eval:  69%|██████▉   | 2594/3769 [05:11<02:44,  7.15it/s, recall_0.3=(0, 10028) / 12123]eval:  69%|██████▉   | 2594/3769 [05:12<02:44,  7.15it/s, recall_0.3=(0, 10033) / 12129]eval:  69%|██████▉   | 2595/3769 [05:12<02:44,  7.13it/s, recall_0.3=(0, 10033) / 12129]eval:  69%|██████▉   | 2595/3769 [05:12<02:44,  7.13it/s, recall_0.3=(0, 10039) / 12136]eval:  69%|██████▉   | 2596/3769 [05:12<02:46,  7.05it/s, recall_0.3=(0, 10039) / 12136]eval:  69%|██████▉   | 2596/3769 [05:12<02:46,  7.05it/s, recall_0.3=(0, 10042) / 12139]eval:  69%|██████▉   | 2597/3769 [05:12<02:38,  7.39it/s, recall_0.3=(0, 10042) / 12139]eval:  69%|██████▉   | 2597/3769 [05:12<02:38,  7.39it/s, recall_0.3=(0, 10043) / 12144]eval:  69%|██████▉   | 2598/3769 [05:12<02:39,  7.35it/s, recall_0.3=(0, 10043) / 12144]eval:  69%|██████▉   | 2598/3769 [05:12<02:39,  7.35it/s, recall_0.3=(0, 10046) / 12147]eval:  69%|██████▉   | 2599/3769 [05:12<02:38,  7.38it/s, recall_0.3=(0, 10046) / 12147]eval:  69%|██████▉   | 2599/3769 [05:12<02:38,  7.38it/s, recall_0.3=(0, 10048) / 12149]eval:  69%|██████▉   | 2600/3769 [05:12<02:30,  7.74it/s, recall_0.3=(0, 10048) / 12149]eval:  69%|██████▉   | 2600/3769 [05:12<02:30,  7.74it/s, recall_0.3=(0, 10054) / 12155]eval:  69%|██████▉   | 2601/3769 [05:12<02:30,  7.78it/s, recall_0.3=(0, 10054) / 12155]eval:  69%|██████▉   | 2601/3769 [05:12<02:30,  7.78it/s, recall_0.3=(0, 10058) / 12159]eval:  69%|██████▉   | 2602/3769 [05:12<02:27,  7.94it/s, recall_0.3=(0, 10058) / 12159]eval:  69%|██████▉   | 2602/3769 [05:13<02:27,  7.94it/s, recall_0.3=(0, 10062) / 12163]eval:  69%|██████▉   | 2603/3769 [05:13<02:25,  8.02it/s, recall_0.3=(0, 10062) / 12163]eval:  69%|██████▉   | 2603/3769 [05:13<02:25,  8.02it/s, recall_0.3=(0, 10065) / 12167]eval:  69%|██████▉   | 2604/3769 [05:13<02:20,  8.30it/s, recall_0.3=(0, 10065) / 12167]eval:  69%|██████▉   | 2604/3769 [05:13<02:20,  8.30it/s, recall_0.3=(0, 10070) / 12172]eval:  69%|██████▉   | 2605/3769 [05:13<02:16,  8.56it/s, recall_0.3=(0, 10070) / 12172]eval:  69%|██████▉   | 2605/3769 [05:13<02:16,  8.56it/s, recall_0.3=(0, 10071) / 12173]eval:  69%|██████▉   | 2606/3769 [05:13<02:16,  8.54it/s, recall_0.3=(0, 10071) / 12173]eval:  69%|██████▉   | 2606/3769 [05:13<02:16,  8.54it/s, recall_0.3=(0, 10078) / 12182]eval:  69%|██████▉   | 2607/3769 [05:13<02:13,  8.70it/s, recall_0.3=(0, 10078) / 12182]eval:  69%|██████▉   | 2607/3769 [05:13<02:13,  8.70it/s, recall_0.3=(0, 10080) / 12184]eval:  69%|██████▉   | 2608/3769 [05:13<02:15,  8.54it/s, recall_0.3=(0, 10080) / 12184]eval:  69%|██████▉   | 2608/3769 [05:13<02:15,  8.54it/s, recall_0.3=(0, 10082) / 12189]eval:  69%|██████▉   | 2609/3769 [05:13<02:16,  8.52it/s, recall_0.3=(0, 10082) / 12189]eval:  69%|██████▉   | 2609/3769 [05:13<02:16,  8.52it/s, recall_0.3=(0, 10086) / 12194]eval:  69%|██████▉   | 2610/3769 [05:13<02:23,  8.09it/s, recall_0.3=(0, 10086) / 12194]eval:  69%|██████▉   | 2610/3769 [05:14<02:23,  8.09it/s, recall_0.3=(0, 10091) / 12203]eval:  69%|██████▉   | 2611/3769 [05:14<02:21,  8.16it/s, recall_0.3=(0, 10091) / 12203]eval:  69%|██████▉   | 2611/3769 [05:14<02:21,  8.16it/s, recall_0.3=(0, 10102) / 12214]eval:  69%|██████▉   | 2612/3769 [05:14<02:21,  8.20it/s, recall_0.3=(0, 10102) / 12214]eval:  69%|██████▉   | 2612/3769 [05:14<02:21,  8.20it/s, recall_0.3=(0, 10110) / 12224]eval:  69%|██████▉   | 2613/3769 [05:14<02:24,  7.98it/s, recall_0.3=(0, 10110) / 12224]eval:  69%|██████▉   | 2613/3769 [05:14<02:24,  7.98it/s, recall_0.3=(0, 10111) / 12226]eval:  69%|██████▉   | 2614/3769 [05:14<02:22,  8.11it/s, recall_0.3=(0, 10111) / 12226]eval:  69%|██████▉   | 2614/3769 [05:14<02:22,  8.11it/s, recall_0.3=(0, 10111) / 12227]eval:  69%|██████▉   | 2615/3769 [05:14<02:16,  8.48it/s, recall_0.3=(0, 10111) / 12227]eval:  69%|██████▉   | 2615/3769 [05:14<02:16,  8.48it/s, recall_0.3=(0, 10120) / 12237]eval:  69%|██████▉   | 2616/3769 [05:14<02:19,  8.27it/s, recall_0.3=(0, 10120) / 12237]eval:  69%|██████▉   | 2616/3769 [05:14<02:19,  8.27it/s, recall_0.3=(0, 10122) / 12239]eval:  69%|██████▉   | 2617/3769 [05:14<02:20,  8.22it/s, recall_0.3=(0, 10122) / 12239]eval:  69%|██████▉   | 2617/3769 [05:14<02:20,  8.22it/s, recall_0.3=(0, 10128) / 12246]eval:  69%|██████▉   | 2618/3769 [05:14<02:26,  7.88it/s, recall_0.3=(0, 10128) / 12246]eval:  69%|██████▉   | 2618/3769 [05:15<02:26,  7.88it/s, recall_0.3=(0, 10131) / 12249]eval:  69%|██████▉   | 2619/3769 [05:15<02:25,  7.88it/s, recall_0.3=(0, 10131) / 12249]eval:  69%|██████▉   | 2619/3769 [05:15<02:25,  7.88it/s, recall_0.3=(0, 10136) / 12257]eval:  70%|██████▉   | 2620/3769 [05:15<02:22,  8.04it/s, recall_0.3=(0, 10136) / 12257]eval:  70%|██████▉   | 2620/3769 [05:15<02:22,  8.04it/s, recall_0.3=(0, 10142) / 12263]eval:  70%|██████▉   | 2621/3769 [05:15<02:21,  8.11it/s, recall_0.3=(0, 10142) / 12263]eval:  70%|██████▉   | 2621/3769 [05:15<02:21,  8.11it/s, recall_0.3=(0, 10145) / 12268]eval:  70%|██████▉   | 2622/3769 [05:15<02:26,  7.81it/s, recall_0.3=(0, 10145) / 12268]eval:  70%|██████▉   | 2622/3769 [05:15<02:26,  7.81it/s, recall_0.3=(0, 10146) / 12269]eval:  70%|██████▉   | 2623/3769 [05:15<02:25,  7.88it/s, recall_0.3=(0, 10146) / 12269]eval:  70%|██████▉   | 2623/3769 [05:15<02:25,  7.88it/s, recall_0.3=(0, 10146) / 12270]eval:  70%|██████▉   | 2624/3769 [05:15<02:24,  7.93it/s, recall_0.3=(0, 10146) / 12270]eval:  70%|██████▉   | 2624/3769 [05:15<02:24,  7.93it/s, recall_0.3=(0, 10148) / 12272]eval:  70%|██████▉   | 2625/3769 [05:15<02:19,  8.23it/s, recall_0.3=(0, 10148) / 12272]eval:  70%|██████▉   | 2625/3769 [05:15<02:19,  8.23it/s, recall_0.3=(0, 10149) / 12273]eval:  70%|██████▉   | 2626/3769 [05:15<02:21,  8.08it/s, recall_0.3=(0, 10149) / 12273]eval:  70%|██████▉   | 2626/3769 [05:16<02:21,  8.08it/s, recall_0.3=(0, 10163) / 12288]eval:  70%|██████▉   | 2627/3769 [05:16<02:16,  8.34it/s, recall_0.3=(0, 10163) / 12288]eval:  70%|██████▉   | 2627/3769 [05:16<02:16,  8.34it/s, recall_0.3=(0, 10165) / 12290]eval:  70%|██████▉   | 2628/3769 [05:16<02:22,  8.02it/s, recall_0.3=(0, 10165) / 12290]eval:  70%|██████▉   | 2628/3769 [05:16<02:22,  8.02it/s, recall_0.3=(0, 10168) / 12299]eval:  70%|██████▉   | 2629/3769 [05:16<02:22,  7.99it/s, recall_0.3=(0, 10168) / 12299]eval:  70%|██████▉   | 2629/3769 [05:16<02:22,  7.99it/s, recall_0.3=(0, 10169) / 12300]eval:  70%|██████▉   | 2630/3769 [05:16<02:22,  8.02it/s, recall_0.3=(0, 10169) / 12300]eval:  70%|██████▉   | 2630/3769 [05:16<02:22,  8.02it/s, recall_0.3=(0, 10171) / 12302]eval:  70%|██████▉   | 2631/3769 [05:16<02:22,  8.01it/s, recall_0.3=(0, 10171) / 12302]eval:  70%|██████▉   | 2631/3769 [05:16<02:22,  8.01it/s, recall_0.3=(0, 10177) / 12308]eval:  70%|██████▉   | 2632/3769 [05:16<02:22,  7.97it/s, recall_0.3=(0, 10177) / 12308]eval:  70%|██████▉   | 2632/3769 [05:16<02:22,  7.97it/s, recall_0.3=(0, 10179) / 12310]eval:  70%|██████▉   | 2633/3769 [05:16<02:18,  8.21it/s, recall_0.3=(0, 10179) / 12310]eval:  70%|██████▉   | 2633/3769 [05:16<02:18,  8.21it/s, recall_0.3=(0, 10181) / 12312]eval:  70%|██████▉   | 2634/3769 [05:16<02:23,  7.91it/s, recall_0.3=(0, 10181) / 12312]eval:  70%|██████▉   | 2634/3769 [05:17<02:23,  7.91it/s, recall_0.3=(0, 10183) / 12315]eval:  70%|██████▉   | 2635/3769 [05:17<02:23,  7.92it/s, recall_0.3=(0, 10183) / 12315]eval:  70%|██████▉   | 2635/3769 [05:17<02:23,  7.92it/s, recall_0.3=(0, 10192) / 12325]eval:  70%|██████▉   | 2636/3769 [05:17<02:25,  7.80it/s, recall_0.3=(0, 10192) / 12325]eval:  70%|██████▉   | 2636/3769 [05:17<02:25,  7.80it/s, recall_0.3=(0, 10194) / 12327]eval:  70%|██████▉   | 2637/3769 [05:17<02:20,  8.07it/s, recall_0.3=(0, 10194) / 12327]eval:  70%|██████▉   | 2637/3769 [05:17<02:20,  8.07it/s, recall_0.3=(0, 10195) / 12330]eval:  70%|██████▉   | 2638/3769 [05:17<02:21,  8.01it/s, recall_0.3=(0, 10195) / 12330]eval:  70%|██████▉   | 2638/3769 [05:17<02:21,  8.01it/s, recall_0.3=(0, 10200) / 12335]eval:  70%|███████   | 2639/3769 [05:17<02:22,  7.93it/s, recall_0.3=(0, 10200) / 12335]eval:  70%|███████   | 2639/3769 [05:17<02:22,  7.93it/s, recall_0.3=(0, 10202) / 12337]eval:  70%|███████   | 2640/3769 [05:17<02:23,  7.89it/s, recall_0.3=(0, 10202) / 12337]eval:  70%|███████   | 2640/3769 [05:17<02:23,  7.89it/s, recall_0.3=(0, 10211) / 12348]eval:  70%|███████   | 2641/3769 [05:17<02:17,  8.18it/s, recall_0.3=(0, 10211) / 12348]eval:  70%|███████   | 2641/3769 [05:17<02:17,  8.18it/s, recall_0.3=(0, 10217) / 12355]eval:  70%|███████   | 2642/3769 [05:17<02:23,  7.88it/s, recall_0.3=(0, 10217) / 12355]eval:  70%|███████   | 2642/3769 [05:18<02:23,  7.88it/s, recall_0.3=(0, 10219) / 12358]eval:  70%|███████   | 2643/3769 [05:18<02:19,  8.05it/s, recall_0.3=(0, 10219) / 12358]eval:  70%|███████   | 2643/3769 [05:18<02:19,  8.05it/s, recall_0.3=(0, 10225) / 12365]eval:  70%|███████   | 2644/3769 [05:18<02:20,  8.03it/s, recall_0.3=(0, 10225) / 12365]eval:  70%|███████   | 2644/3769 [05:18<02:20,  8.03it/s, recall_0.3=(0, 10226) / 12366]eval:  70%|███████   | 2645/3769 [05:18<02:19,  8.06it/s, recall_0.3=(0, 10226) / 12366]eval:  70%|███████   | 2645/3769 [05:18<02:19,  8.06it/s, recall_0.3=(0, 10228) / 12369]eval:  70%|███████   | 2646/3769 [05:18<02:18,  8.09it/s, recall_0.3=(0, 10228) / 12369]eval:  70%|███████   | 2646/3769 [05:18<02:18,  8.09it/s, recall_0.3=(0, 10229) / 12370]eval:  70%|███████   | 2647/3769 [05:18<02:17,  8.15it/s, recall_0.3=(0, 10229) / 12370]eval:  70%|███████   | 2647/3769 [05:18<02:17,  8.15it/s, recall_0.3=(0, 10231) / 12373]eval:  70%|███████   | 2648/3769 [05:18<02:17,  8.17it/s, recall_0.3=(0, 10231) / 12373]eval:  70%|███████   | 2648/3769 [05:18<02:17,  8.17it/s, recall_0.3=(0, 10235) / 12378]eval:  70%|███████   | 2649/3769 [05:18<02:12,  8.48it/s, recall_0.3=(0, 10235) / 12378]eval:  70%|███████   | 2649/3769 [05:18<02:12,  8.48it/s, recall_0.3=(0, 10241) / 12386]eval:  70%|███████   | 2650/3769 [05:18<02:14,  8.34it/s, recall_0.3=(0, 10241) / 12386]eval:  70%|███████   | 2650/3769 [05:19<02:14,  8.34it/s, recall_0.3=(0, 10245) / 12390]eval:  70%|███████   | 2651/3769 [05:19<02:19,  8.04it/s, recall_0.3=(0, 10245) / 12390]eval:  70%|███████   | 2651/3769 [05:19<02:19,  8.04it/s, recall_0.3=(0, 10251) / 12397]eval:  70%|███████   | 2652/3769 [05:19<02:20,  7.92it/s, recall_0.3=(0, 10251) / 12397]eval:  70%|███████   | 2652/3769 [05:19<02:20,  7.92it/s, recall_0.3=(0, 10252) / 12398]eval:  70%|███████   | 2653/3769 [05:19<02:21,  7.90it/s, recall_0.3=(0, 10252) / 12398]eval:  70%|███████   | 2653/3769 [05:19<02:21,  7.90it/s, recall_0.3=(0, 10262) / 12412]eval:  70%|███████   | 2654/3769 [05:19<02:21,  7.89it/s, recall_0.3=(0, 10262) / 12412]eval:  70%|███████   | 2654/3769 [05:19<02:21,  7.89it/s, recall_0.3=(0, 10263) / 12416]eval:  70%|███████   | 2655/3769 [05:19<02:18,  8.05it/s, recall_0.3=(0, 10263) / 12416]eval:  70%|███████   | 2655/3769 [05:19<02:18,  8.05it/s, recall_0.3=(0, 10264) / 12417]eval:  70%|███████   | 2656/3769 [05:19<02:21,  7.85it/s, recall_0.3=(0, 10264) / 12417]eval:  70%|███████   | 2656/3769 [05:19<02:21,  7.85it/s, recall_0.3=(0, 10269) / 12424]eval:  70%|███████   | 2657/3769 [05:19<02:22,  7.82it/s, recall_0.3=(0, 10269) / 12424]eval:  70%|███████   | 2657/3769 [05:19<02:22,  7.82it/s, recall_0.3=(0, 10273) / 12428]eval:  71%|███████   | 2658/3769 [05:19<02:21,  7.86it/s, recall_0.3=(0, 10273) / 12428]eval:  71%|███████   | 2658/3769 [05:20<02:21,  7.86it/s, recall_0.3=(0, 10274) / 12429]eval:  71%|███████   | 2659/3769 [05:20<02:19,  7.95it/s, recall_0.3=(0, 10274) / 12429]eval:  71%|███████   | 2659/3769 [05:20<02:19,  7.95it/s, recall_0.3=(0, 10275) / 12430]eval:  71%|███████   | 2660/3769 [05:20<02:19,  7.96it/s, recall_0.3=(0, 10275) / 12430]eval:  71%|███████   | 2660/3769 [05:20<02:19,  7.96it/s, recall_0.3=(0, 10277) / 12432]eval:  71%|███████   | 2661/3769 [05:20<02:21,  7.81it/s, recall_0.3=(0, 10277) / 12432]eval:  71%|███████   | 2661/3769 [05:20<02:21,  7.81it/s, recall_0.3=(0, 10280) / 12435]eval:  71%|███████   | 2662/3769 [05:20<02:17,  8.05it/s, recall_0.3=(0, 10280) / 12435]eval:  71%|███████   | 2662/3769 [05:20<02:17,  8.05it/s, recall_0.3=(0, 10281) / 12436]eval:  71%|███████   | 2663/3769 [05:20<02:19,  7.95it/s, recall_0.3=(0, 10281) / 12436]eval:  71%|███████   | 2663/3769 [05:20<02:19,  7.95it/s, recall_0.3=(0, 10282) / 12437]eval:  71%|███████   | 2664/3769 [05:20<02:17,  8.04it/s, recall_0.3=(0, 10282) / 12437]eval:  71%|███████   | 2664/3769 [05:20<02:17,  8.04it/s, recall_0.3=(0, 10283) / 12438]eval:  71%|███████   | 2665/3769 [05:20<02:19,  7.91it/s, recall_0.3=(0, 10283) / 12438]eval:  71%|███████   | 2665/3769 [05:20<02:19,  7.91it/s, recall_0.3=(0, 10286) / 12441]eval:  71%|███████   | 2666/3769 [05:20<02:14,  8.18it/s, recall_0.3=(0, 10286) / 12441]eval:  71%|███████   | 2666/3769 [05:21<02:14,  8.18it/s, recall_0.3=(0, 10287) / 12443]eval:  71%|███████   | 2667/3769 [05:21<02:09,  8.50it/s, recall_0.3=(0, 10287) / 12443]eval:  71%|███████   | 2667/3769 [05:21<02:09,  8.50it/s, recall_0.3=(0, 10290) / 12456]eval:  71%|███████   | 2668/3769 [05:21<02:17,  8.01it/s, recall_0.3=(0, 10290) / 12456]eval:  71%|███████   | 2668/3769 [05:21<02:17,  8.01it/s, recall_0.3=(0, 10296) / 12462]eval:  71%|███████   | 2669/3769 [05:21<02:13,  8.25it/s, recall_0.3=(0, 10296) / 12462]eval:  71%|███████   | 2669/3769 [05:21<02:13,  8.25it/s, recall_0.3=(0, 10297) / 12463]eval:  71%|███████   | 2670/3769 [05:21<02:18,  7.92it/s, recall_0.3=(0, 10297) / 12463]eval:  71%|███████   | 2670/3769 [05:21<02:18,  7.92it/s, recall_0.3=(0, 10301) / 12467]eval:  71%|███████   | 2671/3769 [05:21<02:18,  7.94it/s, recall_0.3=(0, 10301) / 12467]eval:  71%|███████   | 2671/3769 [05:21<02:18,  7.94it/s, recall_0.3=(0, 10305) / 12473]eval:  71%|███████   | 2672/3769 [05:21<02:17,  7.96it/s, recall_0.3=(0, 10305) / 12473]eval:  71%|███████   | 2672/3769 [05:21<02:17,  7.96it/s, recall_0.3=(0, 10309) / 12479]eval:  71%|███████   | 2673/3769 [05:21<02:14,  8.17it/s, recall_0.3=(0, 10309) / 12479]eval:  71%|███████   | 2673/3769 [05:21<02:14,  8.17it/s, recall_0.3=(0, 10312) / 12482]eval:  71%|███████   | 2674/3769 [05:21<02:17,  7.98it/s, recall_0.3=(0, 10312) / 12482]eval:  71%|███████   | 2674/3769 [05:22<02:17,  7.98it/s, recall_0.3=(0, 10318) / 12492]eval:  71%|███████   | 2675/3769 [05:22<02:17,  7.95it/s, recall_0.3=(0, 10318) / 12492]eval:  71%|███████   | 2675/3769 [05:22<02:17,  7.95it/s, recall_0.3=(0, 10320) / 12494]eval:  71%|███████   | 2676/3769 [05:22<02:18,  7.92it/s, recall_0.3=(0, 10320) / 12494]eval:  71%|███████   | 2676/3769 [05:22<02:18,  7.92it/s, recall_0.3=(0, 10322) / 12496]eval:  71%|███████   | 2677/3769 [05:22<02:17,  7.95it/s, recall_0.3=(0, 10322) / 12496]eval:  71%|███████   | 2677/3769 [05:22<02:17,  7.95it/s, recall_0.3=(0, 10325) / 12500]eval:  71%|███████   | 2678/3769 [05:22<02:15,  8.04it/s, recall_0.3=(0, 10325) / 12500]eval:  71%|███████   | 2678/3769 [05:22<02:15,  8.04it/s, recall_0.3=(0, 10326) / 12502]eval:  71%|███████   | 2679/3769 [05:22<02:17,  7.95it/s, recall_0.3=(0, 10326) / 12502]eval:  71%|███████   | 2679/3769 [05:22<02:17,  7.95it/s, recall_0.3=(0, 10327) / 12503]eval:  71%|███████   | 2680/3769 [05:22<02:10,  8.33it/s, recall_0.3=(0, 10327) / 12503]eval:  71%|███████   | 2680/3769 [05:22<02:10,  8.33it/s, recall_0.3=(0, 10332) / 12508]eval:  71%|███████   | 2681/3769 [05:22<02:14,  8.08it/s, recall_0.3=(0, 10332) / 12508]eval:  71%|███████   | 2681/3769 [05:22<02:14,  8.08it/s, recall_0.3=(0, 10338) / 12516]eval:  71%|███████   | 2682/3769 [05:22<02:14,  8.10it/s, recall_0.3=(0, 10338) / 12516]eval:  71%|███████   | 2682/3769 [05:23<02:14,  8.10it/s, recall_0.3=(0, 10341) / 12520]eval:  71%|███████   | 2683/3769 [05:23<02:16,  7.98it/s, recall_0.3=(0, 10341) / 12520]eval:  71%|███████   | 2683/3769 [05:23<02:16,  7.98it/s, recall_0.3=(0, 10343) / 12523]eval:  71%|███████   | 2684/3769 [05:23<02:14,  8.08it/s, recall_0.3=(0, 10343) / 12523]eval:  71%|███████   | 2684/3769 [05:23<02:14,  8.08it/s, recall_0.3=(0, 10348) / 12530]eval:  71%|███████   | 2685/3769 [05:23<02:11,  8.22it/s, recall_0.3=(0, 10348) / 12530]eval:  71%|███████   | 2685/3769 [05:23<02:11,  8.22it/s, recall_0.3=(0, 10350) / 12532]eval:  71%|███████▏  | 2686/3769 [05:23<02:13,  8.13it/s, recall_0.3=(0, 10350) / 12532]eval:  71%|███████▏  | 2686/3769 [05:23<02:13,  8.13it/s, recall_0.3=(0, 10351) / 12533]eval:  71%|███████▏  | 2687/3769 [05:23<02:13,  8.10it/s, recall_0.3=(0, 10351) / 12533]eval:  71%|███████▏  | 2687/3769 [05:23<02:13,  8.10it/s, recall_0.3=(0, 10352) / 12534]eval:  71%|███████▏  | 2688/3769 [05:23<02:17,  7.87it/s, recall_0.3=(0, 10352) / 12534]eval:  71%|███████▏  | 2688/3769 [05:23<02:17,  7.87it/s, recall_0.3=(0, 10354) / 12536]eval:  71%|███████▏  | 2689/3769 [05:23<02:16,  7.92it/s, recall_0.3=(0, 10354) / 12536]eval:  71%|███████▏  | 2689/3769 [05:23<02:16,  7.92it/s, recall_0.3=(0, 10355) / 12537]eval:  71%|███████▏  | 2690/3769 [05:23<02:17,  7.86it/s, recall_0.3=(0, 10355) / 12537]eval:  71%|███████▏  | 2690/3769 [05:24<02:17,  7.86it/s, recall_0.3=(0, 10360) / 12542]eval:  71%|███████▏  | 2691/3769 [05:24<02:15,  7.95it/s, recall_0.3=(0, 10360) / 12542]eval:  71%|███████▏  | 2691/3769 [05:24<02:15,  7.95it/s, recall_0.3=(0, 10362) / 12545]eval:  71%|███████▏  | 2692/3769 [05:24<02:11,  8.20it/s, recall_0.3=(0, 10362) / 12545]eval:  71%|███████▏  | 2692/3769 [05:24<02:11,  8.20it/s, recall_0.3=(0, 10365) / 12548]eval:  71%|███████▏  | 2693/3769 [05:24<02:06,  8.48it/s, recall_0.3=(0, 10365) / 12548]eval:  71%|███████▏  | 2693/3769 [05:24<02:06,  8.48it/s, recall_0.3=(0, 10371) / 12555]eval:  71%|███████▏  | 2694/3769 [05:24<02:14,  8.01it/s, recall_0.3=(0, 10371) / 12555]eval:  71%|███████▏  | 2694/3769 [05:24<02:14,  8.01it/s, recall_0.3=(0, 10372) / 12556]eval:  72%|███████▏  | 2695/3769 [05:24<02:14,  8.01it/s, recall_0.3=(0, 10372) / 12556]eval:  72%|███████▏  | 2695/3769 [05:24<02:14,  8.01it/s, recall_0.3=(0, 10378) / 12564]eval:  72%|███████▏  | 2696/3769 [05:24<02:12,  8.10it/s, recall_0.3=(0, 10378) / 12564]eval:  72%|███████▏  | 2696/3769 [05:24<02:12,  8.10it/s, recall_0.3=(0, 10379) / 12565]eval:  72%|███████▏  | 2697/3769 [05:24<02:10,  8.22it/s, recall_0.3=(0, 10379) / 12565]eval:  72%|███████▏  | 2697/3769 [05:24<02:10,  8.22it/s, recall_0.3=(0, 10383) / 12569]eval:  72%|███████▏  | 2698/3769 [05:24<02:05,  8.50it/s, recall_0.3=(0, 10383) / 12569]eval:  72%|███████▏  | 2698/3769 [05:24<02:05,  8.50it/s, recall_0.3=(0, 10392) / 12578]eval:  72%|███████▏  | 2699/3769 [05:24<02:08,  8.31it/s, recall_0.3=(0, 10392) / 12578]eval:  72%|███████▏  | 2699/3769 [05:25<02:08,  8.31it/s, recall_0.3=(0, 10393) / 12580]eval:  72%|███████▏  | 2700/3769 [05:25<02:09,  8.26it/s, recall_0.3=(0, 10393) / 12580]eval:  72%|███████▏  | 2700/3769 [05:25<02:09,  8.26it/s, recall_0.3=(0, 10395) / 12582]eval:  72%|███████▏  | 2701/3769 [05:25<02:07,  8.40it/s, recall_0.3=(0, 10395) / 12582]eval:  72%|███████▏  | 2701/3769 [05:25<02:07,  8.40it/s, recall_0.3=(0, 10401) / 12590]eval:  72%|███████▏  | 2702/3769 [05:25<02:10,  8.16it/s, recall_0.3=(0, 10401) / 12590]eval:  72%|███████▏  | 2702/3769 [05:25<02:10,  8.16it/s, recall_0.3=(0, 10402) / 12592]eval:  72%|███████▏  | 2703/3769 [05:25<02:08,  8.29it/s, recall_0.3=(0, 10402) / 12592]eval:  72%|███████▏  | 2703/3769 [05:25<02:08,  8.29it/s, recall_0.3=(0, 10404) / 12594]eval:  72%|███████▏  | 2704/3769 [05:25<02:07,  8.35it/s, recall_0.3=(0, 10404) / 12594]eval:  72%|███████▏  | 2704/3769 [05:25<02:07,  8.35it/s, recall_0.3=(0, 10406) / 12596]eval:  72%|███████▏  | 2705/3769 [05:25<02:11,  8.09it/s, recall_0.3=(0, 10406) / 12596]eval:  72%|███████▏  | 2705/3769 [05:25<02:11,  8.09it/s, recall_0.3=(0, 10408) / 12599]eval:  72%|███████▏  | 2706/3769 [05:25<02:10,  8.12it/s, recall_0.3=(0, 10408) / 12599]eval:  72%|███████▏  | 2706/3769 [05:25<02:10,  8.12it/s, recall_0.3=(0, 10414) / 12605]eval:  72%|███████▏  | 2707/3769 [05:25<02:10,  8.16it/s, recall_0.3=(0, 10414) / 12605]eval:  72%|███████▏  | 2707/3769 [05:26<02:10,  8.16it/s, recall_0.3=(0, 10424) / 12615]eval:  72%|███████▏  | 2708/3769 [05:26<02:10,  8.10it/s, recall_0.3=(0, 10424) / 12615]eval:  72%|███████▏  | 2708/3769 [05:26<02:10,  8.10it/s, recall_0.3=(0, 10427) / 12618]eval:  72%|███████▏  | 2709/3769 [05:26<02:11,  8.08it/s, recall_0.3=(0, 10427) / 12618]eval:  72%|███████▏  | 2709/3769 [05:26<02:11,  8.08it/s, recall_0.3=(0, 10439) / 12632]eval:  72%|███████▏  | 2710/3769 [05:26<02:11,  8.07it/s, recall_0.3=(0, 10439) / 12632]eval:  72%|███████▏  | 2710/3769 [05:26<02:11,  8.07it/s, recall_0.3=(0, 10441) / 12634]eval:  72%|███████▏  | 2711/3769 [05:26<02:09,  8.18it/s, recall_0.3=(0, 10441) / 12634]eval:  72%|███████▏  | 2711/3769 [05:26<02:09,  8.18it/s, recall_0.3=(0, 10441) / 12635]eval:  72%|███████▏  | 2712/3769 [05:26<02:10,  8.11it/s, recall_0.3=(0, 10441) / 12635]eval:  72%|███████▏  | 2712/3769 [05:26<02:10,  8.11it/s, recall_0.3=(0, 10449) / 12647]eval:  72%|███████▏  | 2713/3769 [05:26<02:09,  8.13it/s, recall_0.3=(0, 10449) / 12647]eval:  72%|███████▏  | 2713/3769 [05:26<02:09,  8.13it/s, recall_0.3=(0, 10450) / 12648]eval:  72%|███████▏  | 2714/3769 [05:26<02:08,  8.18it/s, recall_0.3=(0, 10450) / 12648]eval:  72%|███████▏  | 2714/3769 [05:26<02:08,  8.18it/s, recall_0.3=(0, 10452) / 12650]eval:  72%|███████▏  | 2715/3769 [05:26<02:10,  8.05it/s, recall_0.3=(0, 10452) / 12650]eval:  72%|███████▏  | 2715/3769 [05:27<02:10,  8.05it/s, recall_0.3=(0, 10453) / 12652]eval:  72%|███████▏  | 2716/3769 [05:27<02:11,  7.99it/s, recall_0.3=(0, 10453) / 12652]eval:  72%|███████▏  | 2716/3769 [05:27<02:11,  7.99it/s, recall_0.3=(0, 10456) / 12655]eval:  72%|███████▏  | 2717/3769 [05:27<02:12,  7.97it/s, recall_0.3=(0, 10456) / 12655]eval:  72%|███████▏  | 2717/3769 [05:27<02:12,  7.97it/s, recall_0.3=(0, 10457) / 12656]eval:  72%|███████▏  | 2718/3769 [05:27<02:12,  7.96it/s, recall_0.3=(0, 10457) / 12656]eval:  72%|███████▏  | 2718/3769 [05:27<02:12,  7.96it/s, recall_0.3=(0, 10462) / 12661]eval:  72%|███████▏  | 2719/3769 [05:27<02:14,  7.80it/s, recall_0.3=(0, 10462) / 12661]eval:  72%|███████▏  | 2719/3769 [05:27<02:14,  7.80it/s, recall_0.3=(0, 10473) / 12675]eval:  72%|███████▏  | 2720/3769 [05:27<02:14,  7.79it/s, recall_0.3=(0, 10473) / 12675]eval:  72%|███████▏  | 2720/3769 [05:27<02:14,  7.79it/s, recall_0.3=(0, 10480) / 12684]eval:  72%|███████▏  | 2721/3769 [05:27<02:10,  8.01it/s, recall_0.3=(0, 10480) / 12684]eval:  72%|███████▏  | 2721/3769 [05:27<02:10,  8.01it/s, recall_0.3=(0, 10481) / 12685]eval:  72%|███████▏  | 2722/3769 [05:27<02:12,  7.90it/s, recall_0.3=(0, 10481) / 12685]eval:  72%|███████▏  | 2722/3769 [05:27<02:12,  7.90it/s, recall_0.3=(0, 10487) / 12691]eval:  72%|███████▏  | 2723/3769 [05:27<02:12,  7.88it/s, recall_0.3=(0, 10487) / 12691]eval:  72%|███████▏  | 2723/3769 [05:28<02:12,  7.88it/s, recall_0.3=(0, 10494) / 12702]eval:  72%|███████▏  | 2724/3769 [05:28<02:12,  7.91it/s, recall_0.3=(0, 10494) / 12702]eval:  72%|███████▏  | 2724/3769 [05:28<02:12,  7.91it/s, recall_0.3=(0, 10496) / 12705]eval:  72%|███████▏  | 2725/3769 [05:28<02:06,  8.24it/s, recall_0.3=(0, 10496) / 12705]eval:  72%|███████▏  | 2725/3769 [05:28<02:06,  8.24it/s, recall_0.3=(0, 10498) / 12707]eval:  72%|███████▏  | 2726/3769 [05:28<02:05,  8.28it/s, recall_0.3=(0, 10498) / 12707]eval:  72%|███████▏  | 2726/3769 [05:28<02:05,  8.28it/s, recall_0.3=(0, 10500) / 12709]eval:  72%|███████▏  | 2727/3769 [05:28<02:08,  8.14it/s, recall_0.3=(0, 10500) / 12709]eval:  72%|███████▏  | 2727/3769 [05:28<02:08,  8.14it/s, recall_0.3=(0, 10508) / 12718]eval:  72%|███████▏  | 2728/3769 [05:28<02:09,  8.06it/s, recall_0.3=(0, 10508) / 12718]eval:  72%|███████▏  | 2728/3769 [05:28<02:09,  8.06it/s, recall_0.3=(0, 10509) / 12721]eval:  72%|███████▏  | 2729/3769 [05:28<02:06,  8.23it/s, recall_0.3=(0, 10509) / 12721]eval:  72%|███████▏  | 2729/3769 [05:28<02:06,  8.23it/s, recall_0.3=(0, 10510) / 12722]eval:  72%|███████▏  | 2730/3769 [05:28<02:09,  8.01it/s, recall_0.3=(0, 10510) / 12722]eval:  72%|███████▏  | 2730/3769 [05:28<02:09,  8.01it/s, recall_0.3=(0, 10510) / 12723]eval:  72%|███████▏  | 2731/3769 [05:28<02:09,  8.04it/s, recall_0.3=(0, 10510) / 12723]eval:  72%|███████▏  | 2731/3769 [05:29<02:09,  8.04it/s, recall_0.3=(0, 10514) / 12730]eval:  72%|███████▏  | 2732/3769 [05:29<02:09,  8.00it/s, recall_0.3=(0, 10514) / 12730]eval:  72%|███████▏  | 2732/3769 [05:29<02:09,  8.00it/s, recall_0.3=(0, 10522) / 12738]eval:  73%|███████▎  | 2733/3769 [05:29<02:11,  7.89it/s, recall_0.3=(0, 10522) / 12738]eval:  73%|███████▎  | 2733/3769 [05:29<02:11,  7.89it/s, recall_0.3=(0, 10524) / 12741]eval:  73%|███████▎  | 2734/3769 [05:29<02:09,  7.98it/s, recall_0.3=(0, 10524) / 12741]eval:  73%|███████▎  | 2734/3769 [05:29<02:09,  7.98it/s, recall_0.3=(0, 10524) / 12742]eval:  73%|███████▎  | 2735/3769 [05:29<02:07,  8.14it/s, recall_0.3=(0, 10524) / 12742]eval:  73%|███████▎  | 2735/3769 [05:29<02:07,  8.14it/s, recall_0.3=(0, 10530) / 12750]eval:  73%|███████▎  | 2736/3769 [05:29<02:02,  8.44it/s, recall_0.3=(0, 10530) / 12750]eval:  73%|███████▎  | 2736/3769 [05:29<02:02,  8.44it/s, recall_0.3=(0, 10531) / 12751]eval:  73%|███████▎  | 2737/3769 [05:29<02:00,  8.58it/s, recall_0.3=(0, 10531) / 12751]eval:  73%|███████▎  | 2737/3769 [05:29<02:00,  8.58it/s, recall_0.3=(0, 10534) / 12755]eval:  73%|███████▎  | 2738/3769 [05:29<02:10,  7.92it/s, recall_0.3=(0, 10534) / 12755]eval:  73%|███████▎  | 2738/3769 [05:29<02:10,  7.92it/s, recall_0.3=(0, 10535) / 12757]eval:  73%|███████▎  | 2739/3769 [05:29<02:09,  7.93it/s, recall_0.3=(0, 10535) / 12757]eval:  73%|███████▎  | 2739/3769 [05:30<02:09,  7.93it/s, recall_0.3=(0, 10543) / 12765]eval:  73%|███████▎  | 2740/3769 [05:30<02:07,  8.05it/s, recall_0.3=(0, 10543) / 12765]eval:  73%|███████▎  | 2740/3769 [05:30<02:07,  8.05it/s, recall_0.3=(0, 10550) / 12772]eval:  73%|███████▎  | 2741/3769 [05:30<02:04,  8.28it/s, recall_0.3=(0, 10550) / 12772]eval:  73%|███████▎  | 2741/3769 [05:30<02:04,  8.28it/s, recall_0.3=(0, 10557) / 12779]eval:  73%|███████▎  | 2742/3769 [05:30<02:08,  7.97it/s, recall_0.3=(0, 10557) / 12779]eval:  73%|███████▎  | 2742/3769 [05:30<02:08,  7.97it/s, recall_0.3=(0, 10563) / 12785]eval:  73%|███████▎  | 2743/3769 [05:30<02:07,  8.06it/s, recall_0.3=(0, 10563) / 12785]eval:  73%|███████▎  | 2743/3769 [05:30<02:07,  8.06it/s, recall_0.3=(0, 10565) / 12787]eval:  73%|███████▎  | 2744/3769 [05:30<02:07,  8.04it/s, recall_0.3=(0, 10565) / 12787]eval:  73%|███████▎  | 2744/3769 [05:30<02:07,  8.04it/s, recall_0.3=(0, 10576) / 12798]eval:  73%|███████▎  | 2745/3769 [05:30<02:09,  7.92it/s, recall_0.3=(0, 10576) / 12798]eval:  73%|███████▎  | 2745/3769 [05:30<02:09,  7.92it/s, recall_0.3=(0, 10580) / 12803]eval:  73%|███████▎  | 2746/3769 [05:30<02:07,  8.04it/s, recall_0.3=(0, 10580) / 12803]eval:  73%|███████▎  | 2746/3769 [05:30<02:07,  8.04it/s, recall_0.3=(0, 10580) / 12804]eval:  73%|███████▎  | 2747/3769 [05:30<02:08,  7.96it/s, recall_0.3=(0, 10580) / 12804]eval:  73%|███████▎  | 2747/3769 [05:31<02:08,  7.96it/s, recall_0.3=(0, 10583) / 12807]eval:  73%|███████▎  | 2748/3769 [05:31<02:06,  8.05it/s, recall_0.3=(0, 10583) / 12807]eval:  73%|███████▎  | 2748/3769 [05:31<02:06,  8.05it/s, recall_0.3=(0, 10584) / 12808]eval:  73%|███████▎  | 2749/3769 [05:31<02:04,  8.19it/s, recall_0.3=(0, 10584) / 12808]eval:  73%|███████▎  | 2749/3769 [05:31<02:04,  8.19it/s, recall_0.3=(0, 10591) / 12816]eval:  73%|███████▎  | 2750/3769 [05:31<02:08,  7.95it/s, recall_0.3=(0, 10591) / 12816]eval:  73%|███████▎  | 2750/3769 [05:31<02:08,  7.95it/s, recall_0.3=(0, 10600) / 12826]eval:  73%|███████▎  | 2751/3769 [05:31<02:04,  8.16it/s, recall_0.3=(0, 10600) / 12826]eval:  73%|███████▎  | 2751/3769 [05:31<02:04,  8.16it/s, recall_0.3=(0, 10603) / 12831]eval:  73%|███████▎  | 2752/3769 [05:31<02:07,  8.00it/s, recall_0.3=(0, 10603) / 12831]eval:  73%|███████▎  | 2752/3769 [05:31<02:07,  8.00it/s, recall_0.3=(0, 10605) / 12833]eval:  73%|███████▎  | 2753/3769 [05:31<02:02,  8.30it/s, recall_0.3=(0, 10605) / 12833]eval:  73%|███████▎  | 2753/3769 [05:31<02:02,  8.30it/s, recall_0.3=(0, 10611) / 12839]eval:  73%|███████▎  | 2754/3769 [05:31<02:06,  7.99it/s, recall_0.3=(0, 10611) / 12839]eval:  73%|███████▎  | 2754/3769 [05:31<02:06,  7.99it/s, recall_0.3=(0, 10617) / 12845]eval:  73%|███████▎  | 2755/3769 [05:31<02:06,  8.00it/s, recall_0.3=(0, 10617) / 12845]eval:  73%|███████▎  | 2755/3769 [05:32<02:06,  8.00it/s, recall_0.3=(0, 10620) / 12848]eval:  73%|███████▎  | 2756/3769 [05:32<02:06,  8.03it/s, recall_0.3=(0, 10620) / 12848]eval:  73%|███████▎  | 2756/3769 [05:32<02:06,  8.03it/s, recall_0.3=(0, 10622) / 12851]eval:  73%|███████▎  | 2757/3769 [05:32<02:05,  8.07it/s, recall_0.3=(0, 10622) / 12851]eval:  73%|███████▎  | 2757/3769 [05:32<02:05,  8.07it/s, recall_0.3=(0, 10626) / 12858]eval:  73%|███████▎  | 2758/3769 [05:32<02:05,  8.03it/s, recall_0.3=(0, 10626) / 12858]eval:  73%|███████▎  | 2758/3769 [05:32<02:05,  8.03it/s, recall_0.3=(0, 10631) / 12866]eval:  73%|███████▎  | 2759/3769 [05:32<02:03,  8.19it/s, recall_0.3=(0, 10631) / 12866]eval:  73%|███████▎  | 2759/3769 [05:32<02:03,  8.19it/s, recall_0.3=(0, 10637) / 12872]eval:  73%|███████▎  | 2760/3769 [05:32<02:02,  8.21it/s, recall_0.3=(0, 10637) / 12872]eval:  73%|███████▎  | 2760/3769 [05:32<02:02,  8.21it/s, recall_0.3=(0, 10646) / 12884]eval:  73%|███████▎  | 2761/3769 [05:32<02:03,  8.17it/s, recall_0.3=(0, 10646) / 12884]eval:  73%|███████▎  | 2761/3769 [05:32<02:03,  8.17it/s, recall_0.3=(0, 10648) / 12890]eval:  73%|███████▎  | 2762/3769 [05:32<02:02,  8.22it/s, recall_0.3=(0, 10648) / 12890]eval:  73%|███████▎  | 2762/3769 [05:32<02:02,  8.22it/s, recall_0.3=(0, 10653) / 12895]eval:  73%|███████▎  | 2763/3769 [05:32<02:01,  8.25it/s, recall_0.3=(0, 10653) / 12895]eval:  73%|███████▎  | 2763/3769 [05:33<02:01,  8.25it/s, recall_0.3=(0, 10657) / 12900]eval:  73%|███████▎  | 2764/3769 [05:33<01:57,  8.53it/s, recall_0.3=(0, 10657) / 12900]eval:  73%|███████▎  | 2764/3769 [05:33<01:57,  8.53it/s, recall_0.3=(0, 10663) / 12907]eval:  73%|███████▎  | 2765/3769 [05:33<02:03,  8.15it/s, recall_0.3=(0, 10663) / 12907]eval:  73%|███████▎  | 2765/3769 [05:33<02:03,  8.15it/s, recall_0.3=(0, 10664) / 12909]eval:  73%|███████▎  | 2766/3769 [05:33<02:03,  8.15it/s, recall_0.3=(0, 10664) / 12909]eval:  73%|███████▎  | 2766/3769 [05:33<02:03,  8.15it/s, recall_0.3=(0, 10670) / 12918]eval:  73%|███████▎  | 2767/3769 [05:33<02:03,  8.13it/s, recall_0.3=(0, 10670) / 12918]eval:  73%|███████▎  | 2767/3769 [05:33<02:03,  8.13it/s, recall_0.3=(0, 10673) / 12921]eval:  73%|███████▎  | 2768/3769 [05:33<02:03,  8.11it/s, recall_0.3=(0, 10673) / 12921]eval:  73%|███████▎  | 2768/3769 [05:33<02:03,  8.11it/s, recall_0.3=(0, 10683) / 12934]eval:  73%|███████▎  | 2769/3769 [05:33<02:03,  8.07it/s, recall_0.3=(0, 10683) / 12934]eval:  73%|███████▎  | 2769/3769 [05:33<02:03,  8.07it/s, recall_0.3=(0, 10688) / 12939]eval:  73%|███████▎  | 2770/3769 [05:33<02:05,  7.94it/s, recall_0.3=(0, 10688) / 12939]eval:  73%|███████▎  | 2770/3769 [05:33<02:05,  7.94it/s, recall_0.3=(0, 10691) / 12944]eval:  74%|███████▎  | 2771/3769 [05:33<02:07,  7.85it/s, recall_0.3=(0, 10691) / 12944]eval:  74%|███████▎  | 2771/3769 [05:34<02:07,  7.85it/s, recall_0.3=(0, 10693) / 12946]eval:  74%|███████▎  | 2772/3769 [05:34<02:07,  7.84it/s, recall_0.3=(0, 10693) / 12946]eval:  74%|███████▎  | 2772/3769 [05:34<02:07,  7.84it/s, recall_0.3=(0, 10695) / 12949]eval:  74%|███████▎  | 2773/3769 [05:34<02:02,  8.12it/s, recall_0.3=(0, 10695) / 12949]eval:  74%|███████▎  | 2773/3769 [05:34<02:02,  8.12it/s, recall_0.3=(0, 10702) / 12956]eval:  74%|███████▎  | 2774/3769 [05:34<02:04,  8.01it/s, recall_0.3=(0, 10702) / 12956]eval:  74%|███████▎  | 2774/3769 [05:34<02:04,  8.01it/s, recall_0.3=(0, 10705) / 12962]eval:  74%|███████▎  | 2775/3769 [05:34<02:01,  8.16it/s, recall_0.3=(0, 10705) / 12962]eval:  74%|███████▎  | 2775/3769 [05:34<02:01,  8.16it/s, recall_0.3=(0, 10709) / 12967]eval:  74%|███████▎  | 2776/3769 [05:34<02:01,  8.14it/s, recall_0.3=(0, 10709) / 12967]eval:  74%|███████▎  | 2776/3769 [05:34<02:01,  8.14it/s, recall_0.3=(0, 10723) / 12983]eval:  74%|███████▎  | 2777/3769 [05:34<02:02,  8.12it/s, recall_0.3=(0, 10723) / 12983]eval:  74%|███████▎  | 2777/3769 [05:34<02:02,  8.12it/s, recall_0.3=(0, 10724) / 12985]eval:  74%|███████▎  | 2778/3769 [05:34<02:02,  8.09it/s, recall_0.3=(0, 10724) / 12985]eval:  74%|███████▎  | 2778/3769 [05:34<02:02,  8.09it/s, recall_0.3=(0, 10736) / 12998]eval:  74%|███████▎  | 2779/3769 [05:34<02:00,  8.22it/s, recall_0.3=(0, 10736) / 12998]eval:  74%|███████▎  | 2779/3769 [05:34<02:00,  8.22it/s, recall_0.3=(0, 10738) / 13000]eval:  74%|███████▍  | 2780/3769 [05:34<01:57,  8.39it/s, recall_0.3=(0, 10738) / 13000]eval:  74%|███████▍  | 2780/3769 [05:35<01:57,  8.39it/s, recall_0.3=(0, 10743) / 13006]eval:  74%|███████▍  | 2781/3769 [05:35<01:56,  8.51it/s, recall_0.3=(0, 10743) / 13006]eval:  74%|███████▍  | 2781/3769 [05:35<01:56,  8.51it/s, recall_0.3=(0, 10747) / 13012]eval:  74%|███████▍  | 2782/3769 [05:35<02:01,  8.15it/s, recall_0.3=(0, 10747) / 13012]eval:  74%|███████▍  | 2782/3769 [05:35<02:01,  8.15it/s, recall_0.3=(0, 10749) / 13016]eval:  74%|███████▍  | 2783/3769 [05:35<01:59,  8.22it/s, recall_0.3=(0, 10749) / 13016]eval:  74%|███████▍  | 2783/3769 [05:35<01:59,  8.22it/s, recall_0.3=(0, 10750) / 13017]eval:  74%|███████▍  | 2784/3769 [05:35<02:00,  8.19it/s, recall_0.3=(0, 10750) / 13017]eval:  74%|███████▍  | 2784/3769 [05:35<02:00,  8.19it/s, recall_0.3=(0, 10756) / 13025]eval:  74%|███████▍  | 2785/3769 [05:35<01:59,  8.22it/s, recall_0.3=(0, 10756) / 13025]eval:  74%|███████▍  | 2785/3769 [05:35<01:59,  8.22it/s, recall_0.3=(0, 10758) / 13028]eval:  74%|███████▍  | 2786/3769 [05:35<02:02,  8.03it/s, recall_0.3=(0, 10758) / 13028]eval:  74%|███████▍  | 2786/3769 [05:35<02:02,  8.03it/s, recall_0.3=(0, 10761) / 13031]eval:  74%|███████▍  | 2787/3769 [05:35<02:01,  8.07it/s, recall_0.3=(0, 10761) / 13031]eval:  74%|███████▍  | 2787/3769 [05:35<02:01,  8.07it/s, recall_0.3=(0, 10768) / 13038]eval:  74%|███████▍  | 2788/3769 [05:35<02:02,  7.98it/s, recall_0.3=(0, 10768) / 13038]eval:  74%|███████▍  | 2788/3769 [05:36<02:02,  7.98it/s, recall_0.3=(0, 10773) / 13046]eval:  74%|███████▍  | 2789/3769 [05:36<02:02,  8.01it/s, recall_0.3=(0, 10773) / 13046]eval:  74%|███████▍  | 2789/3769 [05:36<02:02,  8.01it/s, recall_0.3=(0, 10778) / 13053]eval:  74%|███████▍  | 2790/3769 [05:36<02:00,  8.15it/s, recall_0.3=(0, 10778) / 13053]eval:  74%|███████▍  | 2790/3769 [05:36<02:00,  8.15it/s, recall_0.3=(0, 10784) / 13062]eval:  74%|███████▍  | 2791/3769 [05:36<02:00,  8.14it/s, recall_0.3=(0, 10784) / 13062]eval:  74%|███████▍  | 2791/3769 [05:36<02:00,  8.14it/s, recall_0.3=(0, 10787) / 13065]eval:  74%|███████▍  | 2792/3769 [05:36<01:58,  8.21it/s, recall_0.3=(0, 10787) / 13065]eval:  74%|███████▍  | 2792/3769 [05:36<01:58,  8.21it/s, recall_0.3=(0, 10791) / 13069]eval:  74%|███████▍  | 2793/3769 [05:36<01:55,  8.45it/s, recall_0.3=(0, 10791) / 13069]eval:  74%|███████▍  | 2793/3769 [05:36<01:55,  8.45it/s, recall_0.3=(0, 10799) / 13079]eval:  74%|███████▍  | 2794/3769 [05:36<01:59,  8.13it/s, recall_0.3=(0, 10799) / 13079]eval:  74%|███████▍  | 2794/3769 [05:36<01:59,  8.13it/s, recall_0.3=(0, 10803) / 13083]eval:  74%|███████▍  | 2795/3769 [05:36<01:59,  8.15it/s, recall_0.3=(0, 10803) / 13083]eval:  74%|███████▍  | 2795/3769 [05:36<01:59,  8.15it/s, recall_0.3=(0, 10803) / 13085]eval:  74%|███████▍  | 2796/3769 [05:36<02:01,  8.04it/s, recall_0.3=(0, 10803) / 13085]eval:  74%|███████▍  | 2796/3769 [05:37<02:01,  8.04it/s, recall_0.3=(0, 10804) / 13086]eval:  74%|███████▍  | 2797/3769 [05:37<01:57,  8.26it/s, recall_0.3=(0, 10804) / 13086]eval:  74%|███████▍  | 2797/3769 [05:37<01:57,  8.26it/s, recall_0.3=(0, 10806) / 13088]eval:  74%|███████▍  | 2798/3769 [05:37<01:58,  8.20it/s, recall_0.3=(0, 10806) / 13088]eval:  74%|███████▍  | 2798/3769 [05:37<01:58,  8.20it/s, recall_0.3=(0, 10808) / 13091]eval:  74%|███████▍  | 2799/3769 [05:37<01:59,  8.13it/s, recall_0.3=(0, 10808) / 13091]eval:  74%|███████▍  | 2799/3769 [05:37<01:59,  8.13it/s, recall_0.3=(0, 10817) / 13100]eval:  74%|███████▍  | 2800/3769 [05:37<01:59,  8.11it/s, recall_0.3=(0, 10817) / 13100]eval:  74%|███████▍  | 2800/3769 [05:37<01:59,  8.11it/s, recall_0.3=(0, 10823) / 13106]eval:  74%|███████▍  | 2801/3769 [05:37<01:59,  8.11it/s, recall_0.3=(0, 10823) / 13106]eval:  74%|███████▍  | 2801/3769 [05:37<01:59,  8.11it/s, recall_0.3=(0, 10826) / 13109]eval:  74%|███████▍  | 2802/3769 [05:37<01:59,  8.07it/s, recall_0.3=(0, 10826) / 13109]eval:  74%|███████▍  | 2802/3769 [05:37<01:59,  8.07it/s, recall_0.3=(0, 10835) / 13118]eval:  74%|███████▍  | 2803/3769 [05:37<02:01,  7.97it/s, recall_0.3=(0, 10835) / 13118]eval:  74%|███████▍  | 2803/3769 [05:37<02:01,  7.97it/s, recall_0.3=(0, 10838) / 13121]eval:  74%|███████▍  | 2804/3769 [05:37<02:01,  7.97it/s, recall_0.3=(0, 10838) / 13121]eval:  74%|███████▍  | 2804/3769 [05:38<02:01,  7.97it/s, recall_0.3=(0, 10841) / 13124]eval:  74%|███████▍  | 2805/3769 [05:38<01:57,  8.18it/s, recall_0.3=(0, 10841) / 13124]eval:  74%|███████▍  | 2805/3769 [05:38<01:57,  8.18it/s, recall_0.3=(0, 10841) / 13125]eval:  74%|███████▍  | 2806/3769 [05:38<01:58,  8.10it/s, recall_0.3=(0, 10841) / 13125]eval:  74%|███████▍  | 2806/3769 [05:38<01:58,  8.10it/s, recall_0.3=(0, 10848) / 13133]eval:  74%|███████▍  | 2807/3769 [05:38<01:59,  8.06it/s, recall_0.3=(0, 10848) / 13133]eval:  74%|███████▍  | 2807/3769 [05:38<01:59,  8.06it/s, recall_0.3=(0, 10848) / 13134]eval:  75%|███████▍  | 2808/3769 [05:38<01:58,  8.14it/s, recall_0.3=(0, 10848) / 13134]eval:  75%|███████▍  | 2808/3769 [05:38<01:58,  8.14it/s, recall_0.3=(0, 10854) / 13140]eval:  75%|███████▍  | 2809/3769 [05:38<01:58,  8.13it/s, recall_0.3=(0, 10854) / 13140]eval:  75%|███████▍  | 2809/3769 [05:38<01:58,  8.13it/s, recall_0.3=(0, 10855) / 13143]eval:  75%|███████▍  | 2810/3769 [05:38<01:57,  8.15it/s, recall_0.3=(0, 10855) / 13143]eval:  75%|███████▍  | 2810/3769 [05:38<01:57,  8.15it/s, recall_0.3=(0, 10859) / 13147]eval:  75%|███████▍  | 2811/3769 [05:38<01:58,  8.07it/s, recall_0.3=(0, 10859) / 13147]eval:  75%|███████▍  | 2811/3769 [05:38<01:58,  8.07it/s, recall_0.3=(0, 10870) / 13159]eval:  75%|███████▍  | 2812/3769 [05:38<01:59,  8.02it/s, recall_0.3=(0, 10870) / 13159]eval:  75%|███████▍  | 2812/3769 [05:39<01:59,  8.02it/s, recall_0.3=(0, 10877) / 13166]eval:  75%|███████▍  | 2813/3769 [05:39<02:00,  7.93it/s, recall_0.3=(0, 10877) / 13166]eval:  75%|███████▍  | 2813/3769 [05:39<02:00,  7.93it/s, recall_0.3=(0, 10879) / 13169]eval:  75%|███████▍  | 2814/3769 [05:39<01:57,  8.14it/s, recall_0.3=(0, 10879) / 13169]eval:  75%|███████▍  | 2814/3769 [05:39<01:57,  8.14it/s, recall_0.3=(0, 10886) / 13176]eval:  75%|███████▍  | 2815/3769 [05:39<01:58,  8.06it/s, recall_0.3=(0, 10886) / 13176]eval:  75%|███████▍  | 2815/3769 [05:39<01:58,  8.06it/s, recall_0.3=(0, 10901) / 13192]eval:  75%|███████▍  | 2816/3769 [05:39<01:54,  8.36it/s, recall_0.3=(0, 10901) / 13192]eval:  75%|███████▍  | 2816/3769 [05:39<01:54,  8.36it/s, recall_0.3=(0, 10906) / 13197]eval:  75%|███████▍  | 2817/3769 [05:39<01:55,  8.26it/s, recall_0.3=(0, 10906) / 13197]eval:  75%|███████▍  | 2817/3769 [05:39<01:55,  8.26it/s, recall_0.3=(0, 10912) / 13206]eval:  75%|███████▍  | 2818/3769 [05:39<01:57,  8.12it/s, recall_0.3=(0, 10912) / 13206]eval:  75%|███████▍  | 2818/3769 [05:39<01:57,  8.12it/s, recall_0.3=(0, 10918) / 13214]eval:  75%|███████▍  | 2819/3769 [05:39<02:02,  7.79it/s, recall_0.3=(0, 10918) / 13214]eval:  75%|███████▍  | 2819/3769 [05:39<02:02,  7.79it/s, recall_0.3=(0, 10923) / 13220]eval:  75%|███████▍  | 2820/3769 [05:39<02:00,  7.91it/s, recall_0.3=(0, 10923) / 13220]eval:  75%|███████▍  | 2820/3769 [05:40<02:00,  7.91it/s, recall_0.3=(0, 10925) / 13225]eval:  75%|███████▍  | 2821/3769 [05:40<01:58,  8.03it/s, recall_0.3=(0, 10925) / 13225]eval:  75%|███████▍  | 2821/3769 [05:40<01:58,  8.03it/s, recall_0.3=(0, 10926) / 13226]eval:  75%|███████▍  | 2822/3769 [05:40<02:01,  7.78it/s, recall_0.3=(0, 10926) / 13226]eval:  75%|███████▍  | 2822/3769 [05:40<02:01,  7.78it/s, recall_0.3=(0, 10934) / 13234]eval:  75%|███████▍  | 2823/3769 [05:40<02:05,  7.51it/s, recall_0.3=(0, 10934) / 13234]eval:  75%|███████▍  | 2823/3769 [05:40<02:05,  7.51it/s, recall_0.3=(0, 10935) / 13236]eval:  75%|███████▍  | 2824/3769 [05:40<02:04,  7.62it/s, recall_0.3=(0, 10935) / 13236]eval:  75%|███████▍  | 2824/3769 [05:40<02:04,  7.62it/s, recall_0.3=(0, 10938) / 13239]eval:  75%|███████▍  | 2825/3769 [05:40<02:02,  7.72it/s, recall_0.3=(0, 10938) / 13239]eval:  75%|███████▍  | 2825/3769 [05:40<02:02,  7.72it/s, recall_0.3=(0, 10942) / 13243]eval:  75%|███████▍  | 2826/3769 [05:40<02:06,  7.43it/s, recall_0.3=(0, 10942) / 13243]eval:  75%|███████▍  | 2826/3769 [05:40<02:06,  7.43it/s, recall_0.3=(0, 10944) / 13245]eval:  75%|███████▌  | 2827/3769 [05:40<02:02,  7.70it/s, recall_0.3=(0, 10944) / 13245]eval:  75%|███████▌  | 2827/3769 [05:40<02:02,  7.70it/s, recall_0.3=(0, 10945) / 13246]eval:  75%|███████▌  | 2828/3769 [05:40<01:57,  8.00it/s, recall_0.3=(0, 10945) / 13246]eval:  75%|███████▌  | 2828/3769 [05:41<01:57,  8.00it/s, recall_0.3=(0, 10952) / 13253]eval:  75%|███████▌  | 2829/3769 [05:41<01:55,  8.16it/s, recall_0.3=(0, 10952) / 13253]eval:  75%|███████▌  | 2829/3769 [05:41<01:55,  8.16it/s, recall_0.3=(0, 10953) / 13255]eval:  75%|███████▌  | 2830/3769 [05:41<01:58,  7.92it/s, recall_0.3=(0, 10953) / 13255]eval:  75%|███████▌  | 2830/3769 [05:41<01:58,  7.92it/s, recall_0.3=(0, 10955) / 13258]eval:  75%|███████▌  | 2831/3769 [05:41<01:57,  7.97it/s, recall_0.3=(0, 10955) / 13258]eval:  75%|███████▌  | 2831/3769 [05:41<01:57,  7.97it/s, recall_0.3=(0, 10957) / 13260]eval:  75%|███████▌  | 2832/3769 [05:41<01:58,  7.89it/s, recall_0.3=(0, 10957) / 13260]eval:  75%|███████▌  | 2832/3769 [05:41<01:58,  7.89it/s, recall_0.3=(0, 10961) / 13264]eval:  75%|███████▌  | 2833/3769 [05:41<01:57,  7.99it/s, recall_0.3=(0, 10961) / 13264]eval:  75%|███████▌  | 2833/3769 [05:41<01:57,  7.99it/s, recall_0.3=(0, 10967) / 13270]eval:  75%|███████▌  | 2834/3769 [05:41<01:56,  8.01it/s, recall_0.3=(0, 10967) / 13270]eval:  75%|███████▌  | 2834/3769 [05:41<01:56,  8.01it/s, recall_0.3=(0, 10967) / 13271]eval:  75%|███████▌  | 2835/3769 [05:41<01:56,  8.04it/s, recall_0.3=(0, 10967) / 13271]eval:  75%|███████▌  | 2835/3769 [05:41<01:56,  8.04it/s, recall_0.3=(0, 10973) / 13277]eval:  75%|███████▌  | 2836/3769 [05:41<01:55,  8.09it/s, recall_0.3=(0, 10973) / 13277]eval:  75%|███████▌  | 2836/3769 [05:42<01:55,  8.09it/s, recall_0.3=(0, 10981) / 13285]eval:  75%|███████▌  | 2837/3769 [05:42<01:57,  7.97it/s, recall_0.3=(0, 10981) / 13285]eval:  75%|███████▌  | 2837/3769 [05:42<01:57,  7.97it/s, recall_0.3=(0, 10985) / 13290]eval:  75%|███████▌  | 2838/3769 [05:42<01:55,  8.06it/s, recall_0.3=(0, 10985) / 13290]eval:  75%|███████▌  | 2838/3769 [05:42<01:55,  8.06it/s, recall_0.3=(0, 10988) / 13293]eval:  75%|███████▌  | 2839/3769 [05:42<01:56,  7.95it/s, recall_0.3=(0, 10988) / 13293]eval:  75%|███████▌  | 2839/3769 [05:42<01:56,  7.95it/s, recall_0.3=(0, 10990) / 13296]eval:  75%|███████▌  | 2840/3769 [05:42<01:58,  7.83it/s, recall_0.3=(0, 10990) / 13296]eval:  75%|███████▌  | 2840/3769 [05:42<01:58,  7.83it/s, recall_0.3=(0, 10991) / 13297]eval:  75%|███████▌  | 2841/3769 [05:42<01:54,  8.11it/s, recall_0.3=(0, 10991) / 13297]eval:  75%|███████▌  | 2841/3769 [05:42<01:54,  8.11it/s, recall_0.3=(0, 10995) / 13302]eval:  75%|███████▌  | 2842/3769 [05:42<01:53,  8.15it/s, recall_0.3=(0, 10995) / 13302]eval:  75%|███████▌  | 2842/3769 [05:42<01:53,  8.15it/s, recall_0.3=(0, 11003) / 13310]eval:  75%|███████▌  | 2843/3769 [05:42<01:56,  7.98it/s, recall_0.3=(0, 11003) / 13310]eval:  75%|███████▌  | 2843/3769 [05:42<01:56,  7.98it/s, recall_0.3=(0, 11004) / 13311]eval:  75%|███████▌  | 2844/3769 [05:42<01:55,  8.02it/s, recall_0.3=(0, 11004) / 13311]eval:  75%|███████▌  | 2844/3769 [05:43<01:55,  8.02it/s, recall_0.3=(0, 11007) / 13315]eval:  75%|███████▌  | 2845/3769 [05:43<01:50,  8.36it/s, recall_0.3=(0, 11007) / 13315]eval:  75%|███████▌  | 2845/3769 [05:43<01:50,  8.36it/s, recall_0.3=(0, 11013) / 13321]eval:  76%|███████▌  | 2846/3769 [05:43<01:53,  8.11it/s, recall_0.3=(0, 11013) / 13321]eval:  76%|███████▌  | 2846/3769 [05:43<01:53,  8.11it/s, recall_0.3=(0, 11015) / 13323]eval:  76%|███████▌  | 2847/3769 [05:43<01:51,  8.26it/s, recall_0.3=(0, 11015) / 13323]eval:  76%|███████▌  | 2847/3769 [05:43<01:51,  8.26it/s, recall_0.3=(0, 11025) / 13334]eval:  76%|███████▌  | 2848/3769 [05:43<01:53,  8.10it/s, recall_0.3=(0, 11025) / 13334]eval:  76%|███████▌  | 2848/3769 [05:43<01:53,  8.10it/s, recall_0.3=(0, 11028) / 13337]eval:  76%|███████▌  | 2849/3769 [05:43<01:53,  8.08it/s, recall_0.3=(0, 11028) / 13337]eval:  76%|███████▌  | 2849/3769 [05:43<01:53,  8.08it/s, recall_0.3=(0, 11028) / 13338]eval:  76%|███████▌  | 2850/3769 [05:43<01:54,  8.03it/s, recall_0.3=(0, 11028) / 13338]eval:  76%|███████▌  | 2850/3769 [05:43<01:54,  8.03it/s, recall_0.3=(0, 11035) / 13347]eval:  76%|███████▌  | 2851/3769 [05:43<01:54,  8.00it/s, recall_0.3=(0, 11035) / 13347]eval:  76%|███████▌  | 2851/3769 [05:43<01:54,  8.00it/s, recall_0.3=(0, 11037) / 13349]eval:  76%|███████▌  | 2852/3769 [05:43<01:52,  8.15it/s, recall_0.3=(0, 11037) / 13349]eval:  76%|███████▌  | 2852/3769 [05:44<01:52,  8.15it/s, recall_0.3=(0, 11041) / 13353]eval:  76%|███████▌  | 2853/3769 [05:44<01:53,  8.09it/s, recall_0.3=(0, 11041) / 13353]eval:  76%|███████▌  | 2853/3769 [05:44<01:53,  8.09it/s, recall_0.3=(0, 11043) / 13357]eval:  76%|███████▌  | 2854/3769 [05:44<01:54,  7.96it/s, recall_0.3=(0, 11043) / 13357]eval:  76%|███████▌  | 2854/3769 [05:44<01:54,  7.96it/s, recall_0.3=(0, 11048) / 13362]eval:  76%|███████▌  | 2855/3769 [05:44<01:53,  8.08it/s, recall_0.3=(0, 11048) / 13362]eval:  76%|███████▌  | 2855/3769 [05:44<01:53,  8.08it/s, recall_0.3=(0, 11049) / 13365]eval:  76%|███████▌  | 2856/3769 [05:44<01:52,  8.11it/s, recall_0.3=(0, 11049) / 13365]eval:  76%|███████▌  | 2856/3769 [05:44<01:52,  8.11it/s, recall_0.3=(0, 11051) / 13368]eval:  76%|███████▌  | 2857/3769 [05:44<01:51,  8.16it/s, recall_0.3=(0, 11051) / 13368]eval:  76%|███████▌  | 2857/3769 [05:44<01:51,  8.16it/s, recall_0.3=(0, 11054) / 13371]eval:  76%|███████▌  | 2858/3769 [05:44<01:53,  8.05it/s, recall_0.3=(0, 11054) / 13371]eval:  76%|███████▌  | 2858/3769 [05:44<01:53,  8.05it/s, recall_0.3=(0, 11055) / 13373]eval:  76%|███████▌  | 2859/3769 [05:44<01:48,  8.35it/s, recall_0.3=(0, 11055) / 13373]eval:  76%|███████▌  | 2859/3769 [05:44<01:48,  8.35it/s, recall_0.3=(0, 11063) / 13384]eval:  76%|███████▌  | 2860/3769 [05:44<01:47,  8.44it/s, recall_0.3=(0, 11063) / 13384]eval:  76%|███████▌  | 2860/3769 [05:45<01:47,  8.44it/s, recall_0.3=(0, 11069) / 13392]eval:  76%|███████▌  | 2861/3769 [05:45<01:51,  8.14it/s, recall_0.3=(0, 11069) / 13392]eval:  76%|███████▌  | 2861/3769 [05:45<01:51,  8.14it/s, recall_0.3=(0, 11070) / 13393]eval:  76%|███████▌  | 2862/3769 [05:45<01:52,  8.05it/s, recall_0.3=(0, 11070) / 13393]eval:  76%|███████▌  | 2862/3769 [05:45<01:52,  8.05it/s, recall_0.3=(0, 11074) / 13397]eval:  76%|███████▌  | 2863/3769 [05:45<01:51,  8.13it/s, recall_0.3=(0, 11074) / 13397]eval:  76%|███████▌  | 2863/3769 [05:45<01:51,  8.13it/s, recall_0.3=(0, 11076) / 13399]eval:  76%|███████▌  | 2864/3769 [05:45<01:49,  8.25it/s, recall_0.3=(0, 11076) / 13399]eval:  76%|███████▌  | 2864/3769 [05:45<01:49,  8.25it/s, recall_0.3=(0, 11081) / 13406]eval:  76%|███████▌  | 2865/3769 [05:45<01:51,  8.12it/s, recall_0.3=(0, 11081) / 13406]eval:  76%|███████▌  | 2865/3769 [05:45<01:51,  8.12it/s, recall_0.3=(0, 11093) / 13418]eval:  76%|███████▌  | 2866/3769 [05:45<01:52,  8.05it/s, recall_0.3=(0, 11093) / 13418]eval:  76%|███████▌  | 2866/3769 [05:45<01:52,  8.05it/s, recall_0.3=(0, 11094) / 13419]eval:  76%|███████▌  | 2867/3769 [05:45<01:50,  8.16it/s, recall_0.3=(0, 11094) / 13419]eval:  76%|███████▌  | 2867/3769 [05:45<01:50,  8.16it/s, recall_0.3=(0, 11095) / 13420]eval:  76%|███████▌  | 2868/3769 [05:45<01:49,  8.20it/s, recall_0.3=(0, 11095) / 13420]eval:  76%|███████▌  | 2868/3769 [05:46<01:49,  8.20it/s, recall_0.3=(0, 11097) / 13422]eval:  76%|███████▌  | 2869/3769 [05:46<01:48,  8.26it/s, recall_0.3=(0, 11097) / 13422]eval:  76%|███████▌  | 2869/3769 [05:46<01:48,  8.26it/s, recall_0.3=(0, 11099) / 13425]eval:  76%|███████▌  | 2870/3769 [05:46<01:45,  8.56it/s, recall_0.3=(0, 11099) / 13425]eval:  76%|███████▌  | 2870/3769 [05:46<01:45,  8.56it/s, recall_0.3=(0, 11100) / 13426]eval:  76%|███████▌  | 2871/3769 [05:46<01:49,  8.17it/s, recall_0.3=(0, 11100) / 13426]eval:  76%|███████▌  | 2871/3769 [05:46<01:49,  8.17it/s, recall_0.3=(0, 11104) / 13430]eval:  76%|███████▌  | 2872/3769 [05:46<01:47,  8.31it/s, recall_0.3=(0, 11104) / 13430]eval:  76%|███████▌  | 2872/3769 [05:46<01:47,  8.31it/s, recall_0.3=(0, 11104) / 13431]eval:  76%|███████▌  | 2873/3769 [05:46<01:48,  8.29it/s, recall_0.3=(0, 11104) / 13431]eval:  76%|███████▌  | 2873/3769 [05:46<01:48,  8.29it/s, recall_0.3=(0, 11105) / 13432]eval:  76%|███████▋  | 2874/3769 [05:46<01:50,  8.08it/s, recall_0.3=(0, 11105) / 13432]eval:  76%|███████▋  | 2874/3769 [05:46<01:50,  8.08it/s, recall_0.3=(0, 11106) / 13433]eval:  76%|███████▋  | 2875/3769 [05:46<01:50,  8.10it/s, recall_0.3=(0, 11106) / 13433]eval:  76%|███████▋  | 2875/3769 [05:46<01:50,  8.10it/s, recall_0.3=(0, 11107) / 13434]eval:  76%|███████▋  | 2876/3769 [05:46<01:50,  8.11it/s, recall_0.3=(0, 11107) / 13434]eval:  76%|███████▋  | 2876/3769 [05:47<01:50,  8.11it/s, recall_0.3=(0, 11109) / 13436]eval:  76%|███████▋  | 2877/3769 [05:47<01:50,  8.06it/s, recall_0.3=(0, 11109) / 13436]eval:  76%|███████▋  | 2877/3769 [05:47<01:50,  8.06it/s, recall_0.3=(0, 11114) / 13443]eval:  76%|███████▋  | 2878/3769 [05:47<01:48,  8.19it/s, recall_0.3=(0, 11114) / 13443]eval:  76%|███████▋  | 2878/3769 [05:47<01:48,  8.19it/s, recall_0.3=(0, 11118) / 13452]eval:  76%|███████▋  | 2879/3769 [05:47<01:46,  8.33it/s, recall_0.3=(0, 11118) / 13452]eval:  76%|███████▋  | 2879/3769 [05:47<01:46,  8.33it/s, recall_0.3=(0, 11127) / 13462]eval:  76%|███████▋  | 2880/3769 [05:47<01:46,  8.33it/s, recall_0.3=(0, 11127) / 13462]eval:  76%|███████▋  | 2880/3769 [05:47<01:46,  8.33it/s, recall_0.3=(0, 11128) / 13463]eval:  76%|███████▋  | 2881/3769 [05:47<01:47,  8.27it/s, recall_0.3=(0, 11128) / 13463]eval:  76%|███████▋  | 2881/3769 [05:47<01:47,  8.27it/s, recall_0.3=(0, 11140) / 13477]eval:  76%|███████▋  | 2882/3769 [05:47<01:51,  7.97it/s, recall_0.3=(0, 11140) / 13477]eval:  76%|███████▋  | 2882/3769 [05:47<01:51,  7.97it/s, recall_0.3=(0, 11142) / 13480]eval:  76%|███████▋  | 2883/3769 [05:47<01:48,  8.13it/s, recall_0.3=(0, 11142) / 13480]eval:  76%|███████▋  | 2883/3769 [05:47<01:48,  8.13it/s, recall_0.3=(0, 11144) / 13484]eval:  77%|███████▋  | 2884/3769 [05:47<01:50,  8.00it/s, recall_0.3=(0, 11144) / 13484]eval:  77%|███████▋  | 2884/3769 [05:47<01:50,  8.00it/s, recall_0.3=(0, 11152) / 13492]eval:  77%|███████▋  | 2885/3769 [05:47<01:47,  8.22it/s, recall_0.3=(0, 11152) / 13492]eval:  77%|███████▋  | 2885/3769 [05:48<01:47,  8.22it/s, recall_0.3=(0, 11154) / 13495]eval:  77%|███████▋  | 2886/3769 [05:48<01:45,  8.40it/s, recall_0.3=(0, 11154) / 13495]eval:  77%|███████▋  | 2886/3769 [05:48<01:45,  8.40it/s, recall_0.3=(0, 11156) / 13497]eval:  77%|███████▋  | 2887/3769 [05:48<01:47,  8.23it/s, recall_0.3=(0, 11156) / 13497]eval:  77%|███████▋  | 2887/3769 [05:48<01:47,  8.23it/s, recall_0.3=(0, 11161) / 13503]eval:  77%|███████▋  | 2888/3769 [05:48<01:45,  8.37it/s, recall_0.3=(0, 11161) / 13503]eval:  77%|███████▋  | 2888/3769 [05:48<01:45,  8.37it/s, recall_0.3=(0, 11162) / 13505]eval:  77%|███████▋  | 2889/3769 [05:48<01:45,  8.32it/s, recall_0.3=(0, 11162) / 13505]eval:  77%|███████▋  | 2889/3769 [05:48<01:45,  8.32it/s, recall_0.3=(0, 11164) / 13507]eval:  77%|███████▋  | 2890/3769 [05:48<01:50,  7.93it/s, recall_0.3=(0, 11164) / 13507]eval:  77%|███████▋  | 2890/3769 [05:48<01:50,  7.93it/s, recall_0.3=(0, 11166) / 13509]eval:  77%|███████▋  | 2891/3769 [05:48<01:48,  8.10it/s, recall_0.3=(0, 11166) / 13509]eval:  77%|███████▋  | 2891/3769 [05:48<01:48,  8.10it/s, recall_0.3=(0, 11167) / 13512]eval:  77%|███████▋  | 2892/3769 [05:48<01:47,  8.16it/s, recall_0.3=(0, 11167) / 13512]eval:  77%|███████▋  | 2892/3769 [05:48<01:47,  8.16it/s, recall_0.3=(0, 11170) / 13516]eval:  77%|███████▋  | 2893/3769 [05:48<01:47,  8.11it/s, recall_0.3=(0, 11170) / 13516]eval:  77%|███████▋  | 2893/3769 [05:49<01:47,  8.11it/s, recall_0.3=(0, 11173) / 13519]eval:  77%|███████▋  | 2894/3769 [05:49<01:44,  8.33it/s, recall_0.3=(0, 11173) / 13519]eval:  77%|███████▋  | 2894/3769 [05:49<01:44,  8.33it/s, recall_0.3=(0, 11176) / 13523]eval:  77%|███████▋  | 2895/3769 [05:49<01:47,  8.10it/s, recall_0.3=(0, 11176) / 13523]eval:  77%|███████▋  | 2895/3769 [05:49<01:47,  8.10it/s, recall_0.3=(0, 11181) / 13530]eval:  77%|███████▋  | 2896/3769 [05:49<01:48,  8.01it/s, recall_0.3=(0, 11181) / 13530]eval:  77%|███████▋  | 2896/3769 [05:49<01:48,  8.01it/s, recall_0.3=(0, 11182) / 13531]eval:  77%|███████▋  | 2897/3769 [05:49<01:44,  8.32it/s, recall_0.3=(0, 11182) / 13531]eval:  77%|███████▋  | 2897/3769 [05:49<01:44,  8.32it/s, recall_0.3=(0, 11191) / 13542]eval:  77%|███████▋  | 2898/3769 [05:49<01:45,  8.27it/s, recall_0.3=(0, 11191) / 13542]eval:  77%|███████▋  | 2898/3769 [05:49<01:45,  8.27it/s, recall_0.3=(0, 11192) / 13543]eval:  77%|███████▋  | 2899/3769 [05:49<01:46,  8.15it/s, recall_0.3=(0, 11192) / 13543]eval:  77%|███████▋  | 2899/3769 [05:49<01:46,  8.15it/s, recall_0.3=(0, 11193) / 13544]eval:  77%|███████▋  | 2900/3769 [05:49<01:46,  8.18it/s, recall_0.3=(0, 11193) / 13544]eval:  77%|███████▋  | 2900/3769 [05:49<01:46,  8.18it/s, recall_0.3=(0, 11196) / 13547]eval:  77%|███████▋  | 2901/3769 [05:49<01:44,  8.29it/s, recall_0.3=(0, 11196) / 13547]eval:  77%|███████▋  | 2901/3769 [05:50<01:44,  8.29it/s, recall_0.3=(0, 11200) / 13553]eval:  77%|███████▋  | 2902/3769 [05:50<01:50,  7.88it/s, recall_0.3=(0, 11200) / 13553]eval:  77%|███████▋  | 2902/3769 [05:50<01:50,  7.88it/s, recall_0.3=(0, 11201) / 13554]eval:  77%|███████▋  | 2903/3769 [05:50<01:49,  7.91it/s, recall_0.3=(0, 11201) / 13554]eval:  77%|███████▋  | 2903/3769 [05:50<01:49,  7.91it/s, recall_0.3=(0, 11201) / 13555]eval:  77%|███████▋  | 2904/3769 [05:50<01:48,  7.95it/s, recall_0.3=(0, 11201) / 13555]eval:  77%|███████▋  | 2904/3769 [05:50<01:48,  7.95it/s, recall_0.3=(0, 11206) / 13561]eval:  77%|███████▋  | 2905/3769 [05:50<01:45,  8.15it/s, recall_0.3=(0, 11206) / 13561]eval:  77%|███████▋  | 2905/3769 [05:50<01:45,  8.15it/s, recall_0.3=(0, 11209) / 13564]eval:  77%|███████▋  | 2906/3769 [05:50<01:49,  7.88it/s, recall_0.3=(0, 11209) / 13564]eval:  77%|███████▋  | 2906/3769 [05:50<01:49,  7.88it/s, recall_0.3=(0, 11211) / 13566]eval:  77%|███████▋  | 2907/3769 [05:50<01:46,  8.11it/s, recall_0.3=(0, 11211) / 13566]eval:  77%|███████▋  | 2907/3769 [05:50<01:46,  8.11it/s, recall_0.3=(0, 11215) / 13571]eval:  77%|███████▋  | 2908/3769 [05:50<01:46,  8.11it/s, recall_0.3=(0, 11215) / 13571]eval:  77%|███████▋  | 2908/3769 [05:50<01:46,  8.11it/s, recall_0.3=(0, 11216) / 13572]eval:  77%|███████▋  | 2909/3769 [05:50<01:46,  8.08it/s, recall_0.3=(0, 11216) / 13572]eval:  77%|███████▋  | 2909/3769 [05:51<01:46,  8.08it/s, recall_0.3=(0, 11219) / 13575]eval:  77%|███████▋  | 2910/3769 [05:51<01:45,  8.14it/s, recall_0.3=(0, 11219) / 13575]eval:  77%|███████▋  | 2910/3769 [05:51<01:45,  8.14it/s, recall_0.3=(0, 11224) / 13581]eval:  77%|███████▋  | 2911/3769 [05:51<01:45,  8.13it/s, recall_0.3=(0, 11224) / 13581]eval:  77%|███████▋  | 2911/3769 [05:51<01:45,  8.13it/s, recall_0.3=(0, 11231) / 13589]eval:  77%|███████▋  | 2912/3769 [05:51<01:43,  8.29it/s, recall_0.3=(0, 11231) / 13589]eval:  77%|███████▋  | 2912/3769 [05:51<01:43,  8.29it/s, recall_0.3=(0, 11233) / 13592]eval:  77%|███████▋  | 2913/3769 [05:51<01:40,  8.54it/s, recall_0.3=(0, 11233) / 13592]eval:  77%|███████▋  | 2913/3769 [05:51<01:40,  8.54it/s, recall_0.3=(0, 11241) / 13601]eval:  77%|███████▋  | 2914/3769 [05:51<01:49,  7.81it/s, recall_0.3=(0, 11241) / 13601]eval:  77%|███████▋  | 2914/3769 [05:51<01:49,  7.81it/s, recall_0.3=(0, 11241) / 13602]eval:  77%|███████▋  | 2915/3769 [05:51<01:46,  7.98it/s, recall_0.3=(0, 11241) / 13602]eval:  77%|███████▋  | 2915/3769 [05:51<01:46,  7.98it/s, recall_0.3=(0, 11249) / 13611]eval:  77%|███████▋  | 2916/3769 [05:51<01:46,  8.01it/s, recall_0.3=(0, 11249) / 13611]eval:  77%|███████▋  | 2916/3769 [05:51<01:46,  8.01it/s, recall_0.3=(0, 11252) / 13615]eval:  77%|███████▋  | 2917/3769 [05:51<01:47,  7.95it/s, recall_0.3=(0, 11252) / 13615]eval:  77%|███████▋  | 2917/3769 [05:52<01:47,  7.95it/s, recall_0.3=(0, 11253) / 13616]eval:  77%|███████▋  | 2918/3769 [05:52<01:45,  8.10it/s, recall_0.3=(0, 11253) / 13616]eval:  77%|███████▋  | 2918/3769 [05:52<01:45,  8.10it/s, recall_0.3=(0, 11257) / 13622]eval:  77%|███████▋  | 2919/3769 [05:52<01:45,  8.06it/s, recall_0.3=(0, 11257) / 13622]eval:  77%|███████▋  | 2919/3769 [05:52<01:45,  8.06it/s, recall_0.3=(0, 11258) / 13623]eval:  77%|███████▋  | 2920/3769 [05:52<01:44,  8.16it/s, recall_0.3=(0, 11258) / 13623]eval:  77%|███████▋  | 2920/3769 [05:52<01:44,  8.16it/s, recall_0.3=(0, 11259) / 13624]eval:  78%|███████▊  | 2921/3769 [05:52<01:42,  8.26it/s, recall_0.3=(0, 11259) / 13624]eval:  78%|███████▊  | 2921/3769 [05:52<01:42,  8.26it/s, recall_0.3=(0, 11261) / 13626]eval:  78%|███████▊  | 2922/3769 [05:52<01:41,  8.34it/s, recall_0.3=(0, 11261) / 13626]eval:  78%|███████▊  | 2922/3769 [05:52<01:41,  8.34it/s, recall_0.3=(0, 11269) / 13634]eval:  78%|███████▊  | 2923/3769 [05:52<01:44,  8.12it/s, recall_0.3=(0, 11269) / 13634]eval:  78%|███████▊  | 2923/3769 [05:52<01:44,  8.12it/s, recall_0.3=(0, 11270) / 13635]eval:  78%|███████▊  | 2924/3769 [05:52<01:45,  8.03it/s, recall_0.3=(0, 11270) / 13635]eval:  78%|███████▊  | 2924/3769 [05:52<01:45,  8.03it/s, recall_0.3=(0, 11272) / 13638]eval:  78%|███████▊  | 2925/3769 [05:52<01:44,  8.09it/s, recall_0.3=(0, 11272) / 13638]eval:  78%|███████▊  | 2925/3769 [05:53<01:44,  8.09it/s, recall_0.3=(0, 11277) / 13644]eval:  78%|███████▊  | 2926/3769 [05:53<01:45,  8.00it/s, recall_0.3=(0, 11277) / 13644]eval:  78%|███████▊  | 2926/3769 [05:53<01:45,  8.00it/s, recall_0.3=(0, 11279) / 13648]eval:  78%|███████▊  | 2927/3769 [05:53<01:45,  7.96it/s, recall_0.3=(0, 11279) / 13648]eval:  78%|███████▊  | 2927/3769 [05:53<01:45,  7.96it/s, recall_0.3=(0, 11280) / 13649]eval:  78%|███████▊  | 2928/3769 [05:53<01:43,  8.10it/s, recall_0.3=(0, 11280) / 13649]eval:  78%|███████▊  | 2928/3769 [05:53<01:43,  8.10it/s, recall_0.3=(0, 11287) / 13659]eval:  78%|███████▊  | 2929/3769 [05:53<01:45,  7.97it/s, recall_0.3=(0, 11287) / 13659]eval:  78%|███████▊  | 2929/3769 [05:53<01:45,  7.97it/s, recall_0.3=(0, 11290) / 13662]eval:  78%|███████▊  | 2930/3769 [05:53<01:39,  8.42it/s, recall_0.3=(0, 11290) / 13662]eval:  78%|███████▊  | 2930/3769 [05:53<01:39,  8.42it/s, recall_0.3=(0, 11291) / 13663]eval:  78%|███████▊  | 2931/3769 [05:53<01:39,  8.45it/s, recall_0.3=(0, 11291) / 13663]eval:  78%|███████▊  | 2931/3769 [05:53<01:39,  8.45it/s, recall_0.3=(0, 11296) / 13668]eval:  78%|███████▊  | 2932/3769 [05:53<01:41,  8.26it/s, recall_0.3=(0, 11296) / 13668]eval:  78%|███████▊  | 2932/3769 [05:53<01:41,  8.26it/s, recall_0.3=(0, 11297) / 13669]eval:  78%|███████▊  | 2933/3769 [05:53<01:41,  8.25it/s, recall_0.3=(0, 11297) / 13669]eval:  78%|███████▊  | 2933/3769 [05:53<01:41,  8.25it/s, recall_0.3=(0, 11301) / 13673]eval:  78%|███████▊  | 2934/3769 [05:53<01:41,  8.25it/s, recall_0.3=(0, 11301) / 13673]eval:  78%|███████▊  | 2934/3769 [05:54<01:41,  8.25it/s, recall_0.3=(0, 11310) / 13683]eval:  78%|███████▊  | 2935/3769 [05:54<01:42,  8.13it/s, recall_0.3=(0, 11310) / 13683]eval:  78%|███████▊  | 2935/3769 [05:54<01:42,  8.13it/s, recall_0.3=(0, 11314) / 13688]eval:  78%|███████▊  | 2936/3769 [05:54<01:40,  8.28it/s, recall_0.3=(0, 11314) / 13688]eval:  78%|███████▊  | 2936/3769 [05:54<01:40,  8.28it/s, recall_0.3=(0, 11315) / 13689]eval:  78%|███████▊  | 2937/3769 [05:54<01:41,  8.23it/s, recall_0.3=(0, 11315) / 13689]eval:  78%|███████▊  | 2937/3769 [05:54<01:41,  8.23it/s, recall_0.3=(0, 11316) / 13690]eval:  78%|███████▊  | 2938/3769 [05:54<01:39,  8.34it/s, recall_0.3=(0, 11316) / 13690]eval:  78%|███████▊  | 2938/3769 [05:54<01:39,  8.34it/s, recall_0.3=(0, 11322) / 13697]eval:  78%|███████▊  | 2939/3769 [05:54<01:40,  8.25it/s, recall_0.3=(0, 11322) / 13697]eval:  78%|███████▊  | 2939/3769 [05:54<01:40,  8.25it/s, recall_0.3=(0, 11331) / 13708]eval:  78%|███████▊  | 2940/3769 [05:54<01:42,  8.10it/s, recall_0.3=(0, 11331) / 13708]eval:  78%|███████▊  | 2940/3769 [05:54<01:42,  8.10it/s, recall_0.3=(0, 11339) / 13718]eval:  78%|███████▊  | 2941/3769 [05:54<01:40,  8.21it/s, recall_0.3=(0, 11339) / 13718]eval:  78%|███████▊  | 2941/3769 [05:54<01:40,  8.21it/s, recall_0.3=(0, 11340) / 13719]eval:  78%|███████▊  | 2942/3769 [05:54<01:40,  8.23it/s, recall_0.3=(0, 11340) / 13719]eval:  78%|███████▊  | 2942/3769 [05:55<01:40,  8.23it/s, recall_0.3=(0, 11343) / 13722]eval:  78%|███████▊  | 2943/3769 [05:55<01:39,  8.27it/s, recall_0.3=(0, 11343) / 13722]eval:  78%|███████▊  | 2943/3769 [05:55<01:39,  8.27it/s, recall_0.3=(0, 11344) / 13723]eval:  78%|███████▊  | 2944/3769 [05:55<01:39,  8.30it/s, recall_0.3=(0, 11344) / 13723]eval:  78%|███████▊  | 2944/3769 [05:55<01:39,  8.30it/s, recall_0.3=(0, 11349) / 13730]eval:  78%|███████▊  | 2945/3769 [05:55<01:40,  8.17it/s, recall_0.3=(0, 11349) / 13730]eval:  78%|███████▊  | 2945/3769 [05:55<01:40,  8.17it/s, recall_0.3=(0, 11354) / 13736]eval:  78%|███████▊  | 2946/3769 [05:55<01:39,  8.25it/s, recall_0.3=(0, 11354) / 13736]eval:  78%|███████▊  | 2946/3769 [05:55<01:39,  8.25it/s, recall_0.3=(0, 11359) / 13741]eval:  78%|███████▊  | 2947/3769 [05:55<01:42,  8.03it/s, recall_0.3=(0, 11359) / 13741]eval:  78%|███████▊  | 2947/3769 [05:55<01:42,  8.03it/s, recall_0.3=(0, 11361) / 13743]eval:  78%|███████▊  | 2948/3769 [05:55<01:41,  8.12it/s, recall_0.3=(0, 11361) / 13743]eval:  78%|███████▊  | 2948/3769 [05:55<01:41,  8.12it/s, recall_0.3=(0, 11363) / 13748]eval:  78%|███████▊  | 2949/3769 [05:55<01:38,  8.30it/s, recall_0.3=(0, 11363) / 13748]eval:  78%|███████▊  | 2949/3769 [05:55<01:38,  8.30it/s, recall_0.3=(0, 11364) / 13752]eval:  78%|███████▊  | 2950/3769 [05:55<01:37,  8.44it/s, recall_0.3=(0, 11364) / 13752]eval:  78%|███████▊  | 2950/3769 [05:56<01:37,  8.44it/s, recall_0.3=(0, 11365) / 13753]eval:  78%|███████▊  | 2951/3769 [05:56<01:36,  8.45it/s, recall_0.3=(0, 11365) / 13753]eval:  78%|███████▊  | 2951/3769 [05:56<01:36,  8.45it/s, recall_0.3=(0, 11372) / 13762]eval:  78%|███████▊  | 2952/3769 [05:56<01:36,  8.49it/s, recall_0.3=(0, 11372) / 13762]eval:  78%|███████▊  | 2952/3769 [05:56<01:36,  8.49it/s, recall_0.3=(0, 11377) / 13768]eval:  78%|███████▊  | 2953/3769 [05:56<01:35,  8.56it/s, recall_0.3=(0, 11377) / 13768]eval:  78%|███████▊  | 2953/3769 [05:56<01:35,  8.56it/s, recall_0.3=(0, 11386) / 13777]eval:  78%|███████▊  | 2954/3769 [05:56<01:39,  8.20it/s, recall_0.3=(0, 11386) / 13777]eval:  78%|███████▊  | 2954/3769 [05:56<01:39,  8.20it/s, recall_0.3=(0, 11388) / 13779]eval:  78%|███████▊  | 2955/3769 [05:56<01:39,  8.22it/s, recall_0.3=(0, 11388) / 13779]eval:  78%|███████▊  | 2955/3769 [05:56<01:39,  8.22it/s, recall_0.3=(0, 11392) / 13784]eval:  78%|███████▊  | 2956/3769 [05:56<01:38,  8.22it/s, recall_0.3=(0, 11392) / 13784]eval:  78%|███████▊  | 2956/3769 [05:56<01:38,  8.22it/s, recall_0.3=(0, 11395) / 13787]eval:  78%|███████▊  | 2957/3769 [05:56<01:35,  8.46it/s, recall_0.3=(0, 11395) / 13787]eval:  78%|███████▊  | 2957/3769 [05:56<01:35,  8.46it/s, recall_0.3=(0, 11395) / 13788]eval:  78%|███████▊  | 2958/3769 [05:56<01:38,  8.22it/s, recall_0.3=(0, 11395) / 13788]eval:  78%|███████▊  | 2958/3769 [05:57<01:38,  8.22it/s, recall_0.3=(0, 11398) / 13792]eval:  79%|███████▊  | 2959/3769 [05:57<01:38,  8.20it/s, recall_0.3=(0, 11398) / 13792]eval:  79%|███████▊  | 2959/3769 [05:57<01:38,  8.20it/s, recall_0.3=(0, 11404) / 13801]eval:  79%|███████▊  | 2960/3769 [05:57<01:38,  8.23it/s, recall_0.3=(0, 11404) / 13801]eval:  79%|███████▊  | 2960/3769 [05:57<01:38,  8.23it/s, recall_0.3=(0, 11405) / 13802]eval:  79%|███████▊  | 2961/3769 [05:57<01:37,  8.27it/s, recall_0.3=(0, 11405) / 13802]eval:  79%|███████▊  | 2961/3769 [05:57<01:37,  8.27it/s, recall_0.3=(0, 11406) / 13805]eval:  79%|███████▊  | 2962/3769 [05:57<01:37,  8.32it/s, recall_0.3=(0, 11406) / 13805]eval:  79%|███████▊  | 2962/3769 [05:57<01:37,  8.32it/s, recall_0.3=(0, 11410) / 13814]eval:  79%|███████▊  | 2963/3769 [05:57<01:38,  8.20it/s, recall_0.3=(0, 11410) / 13814]eval:  79%|███████▊  | 2963/3769 [05:57<01:38,  8.20it/s, recall_0.3=(0, 11411) / 13815]eval:  79%|███████▊  | 2964/3769 [05:57<01:41,  7.90it/s, recall_0.3=(0, 11411) / 13815]eval:  79%|███████▊  | 2964/3769 [05:57<01:41,  7.90it/s, recall_0.3=(0, 11412) / 13816]eval:  79%|███████▊  | 2965/3769 [05:57<01:42,  7.86it/s, recall_0.3=(0, 11412) / 13816]eval:  79%|███████▊  | 2965/3769 [05:57<01:42,  7.86it/s, recall_0.3=(0, 11413) / 13818]eval:  79%|███████▊  | 2966/3769 [05:57<01:47,  7.45it/s, recall_0.3=(0, 11413) / 13818]eval:  79%|███████▊  | 2966/3769 [05:58<01:47,  7.45it/s, recall_0.3=(0, 11416) / 13821]eval:  79%|███████▊  | 2967/3769 [05:58<01:48,  7.42it/s, recall_0.3=(0, 11416) / 13821]eval:  79%|███████▊  | 2967/3769 [05:58<01:48,  7.42it/s, recall_0.3=(0, 11431) / 13838]eval:  79%|███████▊  | 2968/3769 [05:58<01:49,  7.29it/s, recall_0.3=(0, 11431) / 13838]eval:  79%|███████▊  | 2968/3769 [05:58<01:49,  7.29it/s, recall_0.3=(0, 11433) / 13845]eval:  79%|███████▉  | 2969/3769 [05:58<01:49,  7.30it/s, recall_0.3=(0, 11433) / 13845]eval:  79%|███████▉  | 2969/3769 [05:58<01:49,  7.30it/s, recall_0.3=(0, 11440) / 13852]eval:  79%|███████▉  | 2970/3769 [05:58<01:48,  7.37it/s, recall_0.3=(0, 11440) / 13852]eval:  79%|███████▉  | 2970/3769 [05:58<01:48,  7.37it/s, recall_0.3=(0, 11442) / 13854]eval:  79%|███████▉  | 2971/3769 [05:58<01:47,  7.41it/s, recall_0.3=(0, 11442) / 13854]eval:  79%|███████▉  | 2971/3769 [05:58<01:47,  7.41it/s, recall_0.3=(0, 11443) / 13855]eval:  79%|███████▉  | 2972/3769 [05:58<01:45,  7.52it/s, recall_0.3=(0, 11443) / 13855]eval:  79%|███████▉  | 2972/3769 [05:58<01:45,  7.52it/s, recall_0.3=(0, 11444) / 13856]eval:  79%|███████▉  | 2973/3769 [05:58<01:42,  7.78it/s, recall_0.3=(0, 11444) / 13856]eval:  79%|███████▉  | 2973/3769 [05:58<01:42,  7.78it/s, recall_0.3=(0, 11446) / 13858]eval:  79%|███████▉  | 2974/3769 [05:58<01:41,  7.87it/s, recall_0.3=(0, 11446) / 13858]eval:  79%|███████▉  | 2974/3769 [05:59<01:41,  7.87it/s, recall_0.3=(0, 11454) / 13866]eval:  79%|███████▉  | 2975/3769 [05:59<01:40,  7.86it/s, recall_0.3=(0, 11454) / 13866]eval:  79%|███████▉  | 2975/3769 [05:59<01:40,  7.86it/s, recall_0.3=(0, 11456) / 13872]eval:  79%|███████▉  | 2976/3769 [05:59<01:40,  7.90it/s, recall_0.3=(0, 11456) / 13872]eval:  79%|███████▉  | 2976/3769 [05:59<01:40,  7.90it/s, recall_0.3=(0, 11457) / 13873]eval:  79%|███████▉  | 2977/3769 [05:59<01:37,  8.11it/s, recall_0.3=(0, 11457) / 13873]eval:  79%|███████▉  | 2977/3769 [05:59<01:37,  8.11it/s, recall_0.3=(0, 11462) / 13882]eval:  79%|███████▉  | 2978/3769 [05:59<01:39,  7.92it/s, recall_0.3=(0, 11462) / 13882]eval:  79%|███████▉  | 2978/3769 [05:59<01:39,  7.92it/s, recall_0.3=(0, 11466) / 13886]eval:  79%|███████▉  | 2979/3769 [05:59<01:40,  7.84it/s, recall_0.3=(0, 11466) / 13886]eval:  79%|███████▉  | 2979/3769 [05:59<01:40,  7.84it/s, recall_0.3=(0, 11469) / 13889]eval:  79%|███████▉  | 2980/3769 [05:59<01:38,  8.03it/s, recall_0.3=(0, 11469) / 13889]eval:  79%|███████▉  | 2980/3769 [05:59<01:38,  8.03it/s, recall_0.3=(0, 11470) / 13890]eval:  79%|███████▉  | 2981/3769 [05:59<01:35,  8.21it/s, recall_0.3=(0, 11470) / 13890]eval:  79%|███████▉  | 2981/3769 [05:59<01:35,  8.21it/s, recall_0.3=(0, 11474) / 13896]eval:  79%|███████▉  | 2982/3769 [05:59<01:37,  8.03it/s, recall_0.3=(0, 11474) / 13896]eval:  79%|███████▉  | 2982/3769 [06:00<01:37,  8.03it/s, recall_0.3=(0, 11481) / 13906]eval:  79%|███████▉  | 2983/3769 [06:00<01:38,  7.96it/s, recall_0.3=(0, 11481) / 13906]eval:  79%|███████▉  | 2983/3769 [06:00<01:38,  7.96it/s, recall_0.3=(0, 11484) / 13913]eval:  79%|███████▉  | 2984/3769 [06:00<01:39,  7.92it/s, recall_0.3=(0, 11484) / 13913]eval:  79%|███████▉  | 2984/3769 [06:00<01:39,  7.92it/s, recall_0.3=(0, 11488) / 13917]eval:  79%|███████▉  | 2985/3769 [06:00<01:36,  8.12it/s, recall_0.3=(0, 11488) / 13917]eval:  79%|███████▉  | 2985/3769 [06:00<01:36,  8.12it/s, recall_0.3=(0, 11491) / 13921]eval:  79%|███████▉  | 2986/3769 [06:00<01:36,  8.13it/s, recall_0.3=(0, 11491) / 13921]eval:  79%|███████▉  | 2986/3769 [06:00<01:36,  8.13it/s, recall_0.3=(0, 11505) / 13937]eval:  79%|███████▉  | 2987/3769 [06:00<01:37,  8.00it/s, recall_0.3=(0, 11505) / 13937]eval:  79%|███████▉  | 2987/3769 [06:00<01:37,  8.00it/s, recall_0.3=(0, 11509) / 13941]eval:  79%|███████▉  | 2988/3769 [06:00<01:37,  8.02it/s, recall_0.3=(0, 11509) / 13941]eval:  79%|███████▉  | 2988/3769 [06:00<01:37,  8.02it/s, recall_0.3=(0, 11516) / 13948]eval:  79%|███████▉  | 2989/3769 [06:00<01:36,  8.11it/s, recall_0.3=(0, 11516) / 13948]eval:  79%|███████▉  | 2989/3769 [06:00<01:36,  8.11it/s, recall_0.3=(0, 11517) / 13952]eval:  79%|███████▉  | 2990/3769 [06:00<01:36,  8.11it/s, recall_0.3=(0, 11517) / 13952]eval:  79%|███████▉  | 2990/3769 [06:01<01:36,  8.11it/s, recall_0.3=(0, 11524) / 13959]eval:  79%|███████▉  | 2991/3769 [06:01<01:36,  8.08it/s, recall_0.3=(0, 11524) / 13959]eval:  79%|███████▉  | 2991/3769 [06:01<01:36,  8.08it/s, recall_0.3=(0, 11526) / 13961]eval:  79%|███████▉  | 2992/3769 [06:01<01:36,  8.03it/s, recall_0.3=(0, 11526) / 13961]eval:  79%|███████▉  | 2992/3769 [06:01<01:36,  8.03it/s, recall_0.3=(0, 11531) / 13966]eval:  79%|███████▉  | 2993/3769 [06:01<01:35,  8.14it/s, recall_0.3=(0, 11531) / 13966]eval:  79%|███████▉  | 2993/3769 [06:01<01:35,  8.14it/s, recall_0.3=(0, 11538) / 13974]eval:  79%|███████▉  | 2994/3769 [06:01<01:34,  8.20it/s, recall_0.3=(0, 11538) / 13974]eval:  79%|███████▉  | 2994/3769 [06:01<01:34,  8.20it/s, recall_0.3=(0, 11545) / 13981]eval:  79%|███████▉  | 2995/3769 [06:01<01:36,  8.02it/s, recall_0.3=(0, 11545) / 13981]eval:  79%|███████▉  | 2995/3769 [06:01<01:36,  8.02it/s, recall_0.3=(0, 11552) / 13989]eval:  79%|███████▉  | 2996/3769 [06:01<01:34,  8.17it/s, recall_0.3=(0, 11552) / 13989]eval:  79%|███████▉  | 2996/3769 [06:01<01:34,  8.17it/s, recall_0.3=(0, 11554) / 13991]eval:  80%|███████▉  | 2997/3769 [06:01<01:35,  8.09it/s, recall_0.3=(0, 11554) / 13991]eval:  80%|███████▉  | 2997/3769 [06:01<01:35,  8.09it/s, recall_0.3=(0, 11556) / 13993]eval:  80%|███████▉  | 2998/3769 [06:01<01:36,  8.01it/s, recall_0.3=(0, 11556) / 13993]eval:  80%|███████▉  | 2998/3769 [06:02<01:36,  8.01it/s, recall_0.3=(0, 11557) / 13994]eval:  80%|███████▉  | 2999/3769 [06:02<01:36,  7.97it/s, recall_0.3=(0, 11557) / 13994]eval:  80%|███████▉  | 2999/3769 [06:02<01:36,  7.97it/s, recall_0.3=(0, 11559) / 13996]eval:  80%|███████▉  | 3000/3769 [06:02<01:35,  8.02it/s, recall_0.3=(0, 11559) / 13996]eval:  80%|███████▉  | 3000/3769 [06:02<01:35,  8.02it/s, recall_0.3=(0, 11563) / 14000]eval:  80%|███████▉  | 3001/3769 [06:02<01:36,  7.94it/s, recall_0.3=(0, 11563) / 14000]eval:  80%|███████▉  | 3001/3769 [06:02<01:36,  7.94it/s, recall_0.3=(0, 11570) / 14008]eval:  80%|███████▉  | 3002/3769 [06:02<01:37,  7.83it/s, recall_0.3=(0, 11570) / 14008]eval:  80%|███████▉  | 3002/3769 [06:02<01:37,  7.83it/s, recall_0.3=(0, 11572) / 14010]eval:  80%|███████▉  | 3003/3769 [06:02<01:36,  7.91it/s, recall_0.3=(0, 11572) / 14010]eval:  80%|███████▉  | 3003/3769 [06:02<01:36,  7.91it/s, recall_0.3=(0, 11575) / 14015]eval:  80%|███████▉  | 3004/3769 [06:02<01:35,  7.97it/s, recall_0.3=(0, 11575) / 14015]eval:  80%|███████▉  | 3004/3769 [06:02<01:35,  7.97it/s, recall_0.3=(0, 11583) / 14023]eval:  80%|███████▉  | 3005/3769 [06:02<01:36,  7.90it/s, recall_0.3=(0, 11583) / 14023]eval:  80%|███████▉  | 3005/3769 [06:02<01:36,  7.90it/s, recall_0.3=(0, 11588) / 14031]eval:  80%|███████▉  | 3006/3769 [06:02<01:35,  8.01it/s, recall_0.3=(0, 11588) / 14031]eval:  80%|███████▉  | 3006/3769 [06:03<01:35,  8.01it/s, recall_0.3=(0, 11589) / 14032]eval:  80%|███████▉  | 3007/3769 [06:03<01:34,  8.10it/s, recall_0.3=(0, 11589) / 14032]eval:  80%|███████▉  | 3007/3769 [06:03<01:34,  8.10it/s, recall_0.3=(0, 11590) / 14033]eval:  80%|███████▉  | 3008/3769 [06:03<01:31,  8.29it/s, recall_0.3=(0, 11590) / 14033]eval:  80%|███████▉  | 3008/3769 [06:03<01:31,  8.29it/s, recall_0.3=(0, 11591) / 14035]eval:  80%|███████▉  | 3009/3769 [06:03<01:32,  8.18it/s, recall_0.3=(0, 11591) / 14035]eval:  80%|███████▉  | 3009/3769 [06:03<01:32,  8.18it/s, recall_0.3=(0, 11595) / 14040]eval:  80%|███████▉  | 3010/3769 [06:03<01:31,  8.33it/s, recall_0.3=(0, 11595) / 14040]eval:  80%|███████▉  | 3010/3769 [06:03<01:31,  8.33it/s, recall_0.3=(0, 11600) / 14045]eval:  80%|███████▉  | 3011/3769 [06:03<01:33,  8.08it/s, recall_0.3=(0, 11600) / 14045]eval:  80%|███████▉  | 3011/3769 [06:03<01:33,  8.08it/s, recall_0.3=(0, 11613) / 14061]eval:  80%|███████▉  | 3012/3769 [06:03<01:32,  8.20it/s, recall_0.3=(0, 11613) / 14061]eval:  80%|███████▉  | 3012/3769 [06:03<01:32,  8.20it/s, recall_0.3=(0, 11616) / 14064]eval:  80%|███████▉  | 3013/3769 [06:03<01:30,  8.32it/s, recall_0.3=(0, 11616) / 14064]eval:  80%|███████▉  | 3013/3769 [06:03<01:30,  8.32it/s, recall_0.3=(0, 11617) / 14065]eval:  80%|███████▉  | 3014/3769 [06:03<01:31,  8.26it/s, recall_0.3=(0, 11617) / 14065]eval:  80%|███████▉  | 3014/3769 [06:04<01:31,  8.26it/s, recall_0.3=(0, 11624) / 14072]eval:  80%|███████▉  | 3015/3769 [06:04<01:31,  8.23it/s, recall_0.3=(0, 11624) / 14072]eval:  80%|███████▉  | 3015/3769 [06:04<01:31,  8.23it/s, recall_0.3=(0, 11627) / 14077]eval:  80%|████████  | 3016/3769 [06:04<01:28,  8.47it/s, recall_0.3=(0, 11627) / 14077]eval:  80%|████████  | 3016/3769 [06:04<01:28,  8.47it/s, recall_0.3=(0, 11629) / 14079]eval:  80%|████████  | 3017/3769 [06:04<01:27,  8.58it/s, recall_0.3=(0, 11629) / 14079]eval:  80%|████████  | 3017/3769 [06:04<01:27,  8.58it/s, recall_0.3=(0, 11631) / 14081]eval:  80%|████████  | 3018/3769 [06:04<01:31,  8.21it/s, recall_0.3=(0, 11631) / 14081]eval:  80%|████████  | 3018/3769 [06:04<01:31,  8.21it/s, recall_0.3=(0, 11632) / 14082]eval:  80%|████████  | 3019/3769 [06:04<01:29,  8.39it/s, recall_0.3=(0, 11632) / 14082]eval:  80%|████████  | 3019/3769 [06:04<01:29,  8.39it/s, recall_0.3=(0, 11636) / 14088]eval:  80%|████████  | 3020/3769 [06:04<01:28,  8.44it/s, recall_0.3=(0, 11636) / 14088]eval:  80%|████████  | 3020/3769 [06:04<01:28,  8.44it/s, recall_0.3=(0, 11639) / 14091]eval:  80%|████████  | 3021/3769 [06:04<01:28,  8.43it/s, recall_0.3=(0, 11639) / 14091]eval:  80%|████████  | 3021/3769 [06:04<01:28,  8.43it/s, recall_0.3=(0, 11644) / 14097]eval:  80%|████████  | 3022/3769 [06:04<01:28,  8.44it/s, recall_0.3=(0, 11644) / 14097]eval:  80%|████████  | 3022/3769 [06:05<01:28,  8.44it/s, recall_0.3=(0, 11649) / 14103]eval:  80%|████████  | 3023/3769 [06:05<01:30,  8.20it/s, recall_0.3=(0, 11649) / 14103]eval:  80%|████████  | 3023/3769 [06:05<01:30,  8.20it/s, recall_0.3=(0, 11655) / 14109]eval:  80%|████████  | 3024/3769 [06:05<01:29,  8.32it/s, recall_0.3=(0, 11655) / 14109]eval:  80%|████████  | 3024/3769 [06:05<01:29,  8.32it/s, recall_0.3=(0, 11661) / 14116]eval:  80%|████████  | 3025/3769 [06:05<01:29,  8.31it/s, recall_0.3=(0, 11661) / 14116]eval:  80%|████████  | 3025/3769 [06:05<01:29,  8.31it/s, recall_0.3=(0, 11669) / 14124]eval:  80%|████████  | 3026/3769 [06:05<01:29,  8.33it/s, recall_0.3=(0, 11669) / 14124]eval:  80%|████████  | 3026/3769 [06:05<01:29,  8.33it/s, recall_0.3=(0, 11670) / 14125]eval:  80%|████████  | 3027/3769 [06:05<01:29,  8.27it/s, recall_0.3=(0, 11670) / 14125]eval:  80%|████████  | 3027/3769 [06:05<01:29,  8.27it/s, recall_0.3=(0, 11673) / 14128]eval:  80%|████████  | 3028/3769 [06:05<01:28,  8.34it/s, recall_0.3=(0, 11673) / 14128]eval:  80%|████████  | 3028/3769 [06:05<01:28,  8.34it/s, recall_0.3=(0, 11682) / 14137]eval:  80%|████████  | 3029/3769 [06:05<01:28,  8.37it/s, recall_0.3=(0, 11682) / 14137]eval:  80%|████████  | 3029/3769 [06:05<01:28,  8.37it/s, recall_0.3=(0, 11683) / 14138]eval:  80%|████████  | 3030/3769 [06:05<01:28,  8.35it/s, recall_0.3=(0, 11683) / 14138]eval:  80%|████████  | 3030/3769 [06:05<01:28,  8.35it/s, recall_0.3=(0, 11684) / 14140]eval:  80%|████████  | 3031/3769 [06:05<01:28,  8.37it/s, recall_0.3=(0, 11684) / 14140]eval:  80%|████████  | 3031/3769 [06:06<01:28,  8.37it/s, recall_0.3=(0, 11689) / 14147]eval:  80%|████████  | 3032/3769 [06:06<01:27,  8.41it/s, recall_0.3=(0, 11689) / 14147]eval:  80%|████████  | 3032/3769 [06:06<01:27,  8.41it/s, recall_0.3=(0, 11696) / 14154]eval:  80%|████████  | 3033/3769 [06:06<01:27,  8.43it/s, recall_0.3=(0, 11696) / 14154]eval:  80%|████████  | 3033/3769 [06:06<01:27,  8.43it/s, recall_0.3=(0, 11702) / 14160]eval:  80%|████████  | 3034/3769 [06:06<01:30,  8.14it/s, recall_0.3=(0, 11702) / 14160]eval:  80%|████████  | 3034/3769 [06:06<01:30,  8.14it/s, recall_0.3=(0, 11707) / 14165]eval:  81%|████████  | 3035/3769 [06:06<01:29,  8.19it/s, recall_0.3=(0, 11707) / 14165]eval:  81%|████████  | 3035/3769 [06:06<01:29,  8.19it/s, recall_0.3=(0, 11715) / 14173]eval:  81%|████████  | 3036/3769 [06:06<01:31,  8.03it/s, recall_0.3=(0, 11715) / 14173]eval:  81%|████████  | 3036/3769 [06:06<01:31,  8.03it/s, recall_0.3=(0, 11719) / 14177]eval:  81%|████████  | 3037/3769 [06:06<01:30,  8.08it/s, recall_0.3=(0, 11719) / 14177]eval:  81%|████████  | 3037/3769 [06:06<01:30,  8.08it/s, recall_0.3=(0, 11723) / 14181]eval:  81%|████████  | 3038/3769 [06:06<01:28,  8.22it/s, recall_0.3=(0, 11723) / 14181]eval:  81%|████████  | 3038/3769 [06:06<01:28,  8.22it/s, recall_0.3=(0, 11726) / 14185]eval:  81%|████████  | 3039/3769 [06:06<01:28,  8.25it/s, recall_0.3=(0, 11726) / 14185]eval:  81%|████████  | 3039/3769 [06:07<01:28,  8.25it/s, recall_0.3=(0, 11737) / 14196]eval:  81%|████████  | 3040/3769 [06:07<01:30,  8.08it/s, recall_0.3=(0, 11737) / 14196]eval:  81%|████████  | 3040/3769 [06:07<01:30,  8.08it/s, recall_0.3=(0, 11744) / 14203]eval:  81%|████████  | 3041/3769 [06:07<01:28,  8.21it/s, recall_0.3=(0, 11744) / 14203]eval:  81%|████████  | 3041/3769 [06:07<01:28,  8.21it/s, recall_0.3=(0, 11748) / 14207]eval:  81%|████████  | 3042/3769 [06:07<01:25,  8.46it/s, recall_0.3=(0, 11748) / 14207]eval:  81%|████████  | 3042/3769 [06:07<01:25,  8.46it/s, recall_0.3=(0, 11750) / 14209]eval:  81%|████████  | 3043/3769 [06:07<01:29,  8.10it/s, recall_0.3=(0, 11750) / 14209]eval:  81%|████████  | 3043/3769 [06:07<01:29,  8.10it/s, recall_0.3=(0, 11752) / 14211]eval:  81%|████████  | 3044/3769 [06:07<01:28,  8.23it/s, recall_0.3=(0, 11752) / 14211]eval:  81%|████████  | 3044/3769 [06:07<01:28,  8.23it/s, recall_0.3=(0, 11756) / 14215]eval:  81%|████████  | 3045/3769 [06:07<01:25,  8.51it/s, recall_0.3=(0, 11756) / 14215]eval:  81%|████████  | 3045/3769 [06:07<01:25,  8.51it/s, recall_0.3=(0, 11764) / 14223]eval:  81%|████████  | 3046/3769 [06:07<01:29,  8.09it/s, recall_0.3=(0, 11764) / 14223]eval:  81%|████████  | 3046/3769 [06:07<01:29,  8.09it/s, recall_0.3=(0, 11768) / 14227]eval:  81%|████████  | 3047/3769 [06:07<01:26,  8.37it/s, recall_0.3=(0, 11768) / 14227]eval:  81%|████████  | 3047/3769 [06:08<01:26,  8.37it/s, recall_0.3=(0, 11770) / 14230]eval:  81%|████████  | 3048/3769 [06:08<01:26,  8.29it/s, recall_0.3=(0, 11770) / 14230]eval:  81%|████████  | 3048/3769 [06:08<01:26,  8.29it/s, recall_0.3=(0, 11771) / 14231]eval:  81%|████████  | 3049/3769 [06:08<01:27,  8.27it/s, recall_0.3=(0, 11771) / 14231]eval:  81%|████████  | 3049/3769 [06:08<01:27,  8.27it/s, recall_0.3=(0, 11777) / 14237]eval:  81%|████████  | 3050/3769 [06:08<01:28,  8.16it/s, recall_0.3=(0, 11777) / 14237]eval:  81%|████████  | 3050/3769 [06:08<01:28,  8.16it/s, recall_0.3=(0, 11781) / 14241]eval:  81%|████████  | 3051/3769 [06:08<01:26,  8.26it/s, recall_0.3=(0, 11781) / 14241]eval:  81%|████████  | 3051/3769 [06:08<01:26,  8.26it/s, recall_0.3=(0, 11784) / 14244]eval:  81%|████████  | 3052/3769 [06:08<01:27,  8.22it/s, recall_0.3=(0, 11784) / 14244]eval:  81%|████████  | 3052/3769 [06:08<01:27,  8.22it/s, recall_0.3=(0, 11789) / 14249]eval:  81%|████████  | 3053/3769 [06:08<01:27,  8.17it/s, recall_0.3=(0, 11789) / 14249]eval:  81%|████████  | 3053/3769 [06:08<01:27,  8.17it/s, recall_0.3=(0, 11793) / 14254]eval:  81%|████████  | 3054/3769 [06:08<01:28,  8.12it/s, recall_0.3=(0, 11793) / 14254]eval:  81%|████████  | 3054/3769 [06:08<01:28,  8.12it/s, recall_0.3=(0, 11802) / 14263]eval:  81%|████████  | 3055/3769 [06:08<01:26,  8.24it/s, recall_0.3=(0, 11802) / 14263]eval:  81%|████████  | 3055/3769 [06:09<01:26,  8.24it/s, recall_0.3=(0, 11804) / 14265]eval:  81%|████████  | 3056/3769 [06:09<01:28,  8.06it/s, recall_0.3=(0, 11804) / 14265]eval:  81%|████████  | 3056/3769 [06:09<01:28,  8.06it/s, recall_0.3=(0, 11812) / 14274]eval:  81%|████████  | 3057/3769 [06:09<01:27,  8.13it/s, recall_0.3=(0, 11812) / 14274]eval:  81%|████████  | 3057/3769 [06:09<01:27,  8.13it/s, recall_0.3=(0, 11817) / 14279]eval:  81%|████████  | 3058/3769 [06:09<01:26,  8.25it/s, recall_0.3=(0, 11817) / 14279]eval:  81%|████████  | 3058/3769 [06:09<01:26,  8.25it/s, recall_0.3=(0, 11819) / 14281]eval:  81%|████████  | 3059/3769 [06:09<01:28,  8.01it/s, recall_0.3=(0, 11819) / 14281]eval:  81%|████████  | 3059/3769 [06:09<01:28,  8.01it/s, recall_0.3=(0, 11823) / 14285]eval:  81%|████████  | 3060/3769 [06:09<01:26,  8.17it/s, recall_0.3=(0, 11823) / 14285]eval:  81%|████████  | 3060/3769 [06:09<01:26,  8.17it/s, recall_0.3=(0, 11829) / 14291]eval:  81%|████████  | 3061/3769 [06:09<01:24,  8.37it/s, recall_0.3=(0, 11829) / 14291]eval:  81%|████████  | 3061/3769 [06:09<01:24,  8.37it/s, recall_0.3=(0, 11830) / 14295]eval:  81%|████████  | 3062/3769 [06:09<01:23,  8.49it/s, recall_0.3=(0, 11830) / 14295]eval:  81%|████████  | 3062/3769 [06:09<01:23,  8.49it/s, recall_0.3=(0, 11841) / 14310]eval:  81%|████████▏ | 3063/3769 [06:09<01:26,  8.14it/s, recall_0.3=(0, 11841) / 14310]eval:  81%|████████▏ | 3063/3769 [06:09<01:26,  8.14it/s, recall_0.3=(0, 11847) / 14316]eval:  81%|████████▏ | 3064/3769 [06:09<01:27,  8.05it/s, recall_0.3=(0, 11847) / 14316]eval:  81%|████████▏ | 3064/3769 [06:10<01:27,  8.05it/s, recall_0.3=(0, 11852) / 14322]eval:  81%|████████▏ | 3065/3769 [06:10<01:25,  8.25it/s, recall_0.3=(0, 11852) / 14322]eval:  81%|████████▏ | 3065/3769 [06:10<01:25,  8.25it/s, recall_0.3=(0, 11856) / 14326]eval:  81%|████████▏ | 3066/3769 [06:10<01:28,  7.93it/s, recall_0.3=(0, 11856) / 14326]eval:  81%|████████▏ | 3066/3769 [06:10<01:28,  7.93it/s, recall_0.3=(0, 11861) / 14331]eval:  81%|████████▏ | 3067/3769 [06:10<01:27,  8.07it/s, recall_0.3=(0, 11861) / 14331]eval:  81%|████████▏ | 3067/3769 [06:10<01:27,  8.07it/s, recall_0.3=(0, 11869) / 14342]eval:  81%|████████▏ | 3068/3769 [06:10<01:28,  7.95it/s, recall_0.3=(0, 11869) / 14342]eval:  81%|████████▏ | 3068/3769 [06:10<01:28,  7.95it/s, recall_0.3=(0, 11876) / 14350]eval:  81%|████████▏ | 3069/3769 [06:10<01:31,  7.63it/s, recall_0.3=(0, 11876) / 14350]eval:  81%|████████▏ | 3069/3769 [06:10<01:31,  7.63it/s, recall_0.3=(0, 11878) / 14352]eval:  81%|████████▏ | 3070/3769 [06:10<01:30,  7.69it/s, recall_0.3=(0, 11878) / 14352]eval:  81%|████████▏ | 3070/3769 [06:10<01:30,  7.69it/s, recall_0.3=(0, 11882) / 14357]eval:  81%|████████▏ | 3071/3769 [06:10<01:29,  7.82it/s, recall_0.3=(0, 11882) / 14357]eval:  81%|████████▏ | 3071/3769 [06:11<01:29,  7.82it/s, recall_0.3=(0, 11896) / 14375]eval:  82%|████████▏ | 3072/3769 [06:11<01:26,  8.03it/s, recall_0.3=(0, 11896) / 14375]eval:  82%|████████▏ | 3072/3769 [06:11<01:26,  8.03it/s, recall_0.3=(0, 11897) / 14377]eval:  82%|████████▏ | 3073/3769 [06:11<01:28,  7.85it/s, recall_0.3=(0, 11897) / 14377]eval:  82%|████████▏ | 3073/3769 [06:11<01:28,  7.85it/s, recall_0.3=(0, 11902) / 14382]eval:  82%|████████▏ | 3074/3769 [06:11<01:26,  8.02it/s, recall_0.3=(0, 11902) / 14382]eval:  82%|████████▏ | 3074/3769 [06:11<01:26,  8.02it/s, recall_0.3=(0, 11904) / 14387]eval:  82%|████████▏ | 3075/3769 [06:11<01:25,  8.10it/s, recall_0.3=(0, 11904) / 14387]eval:  82%|████████▏ | 3075/3769 [06:11<01:25,  8.10it/s, recall_0.3=(0, 11905) / 14388]eval:  82%|████████▏ | 3076/3769 [06:11<01:24,  8.20it/s, recall_0.3=(0, 11905) / 14388]eval:  82%|████████▏ | 3076/3769 [06:11<01:24,  8.20it/s, recall_0.3=(0, 11906) / 14389]eval:  82%|████████▏ | 3077/3769 [06:11<01:23,  8.30it/s, recall_0.3=(0, 11906) / 14389]eval:  82%|████████▏ | 3077/3769 [06:11<01:23,  8.30it/s, recall_0.3=(0, 11909) / 14394]eval:  82%|████████▏ | 3078/3769 [06:11<01:26,  8.01it/s, recall_0.3=(0, 11909) / 14394]eval:  82%|████████▏ | 3078/3769 [06:11<01:26,  8.01it/s, recall_0.3=(0, 11918) / 14405]eval:  82%|████████▏ | 3079/3769 [06:11<01:24,  8.21it/s, recall_0.3=(0, 11918) / 14405]eval:  82%|████████▏ | 3079/3769 [06:11<01:24,  8.21it/s, recall_0.3=(0, 11925) / 14412]eval:  82%|████████▏ | 3080/3769 [06:11<01:23,  8.20it/s, recall_0.3=(0, 11925) / 14412]eval:  82%|████████▏ | 3080/3769 [06:12<01:23,  8.20it/s, recall_0.3=(0, 11939) / 14429]eval:  82%|████████▏ | 3081/3769 [06:12<01:25,  8.09it/s, recall_0.3=(0, 11939) / 14429]eval:  82%|████████▏ | 3081/3769 [06:12<01:25,  8.09it/s, recall_0.3=(0, 11940) / 14432]eval:  82%|████████▏ | 3082/3769 [06:12<01:25,  8.08it/s, recall_0.3=(0, 11940) / 14432]eval:  82%|████████▏ | 3082/3769 [06:12<01:25,  8.08it/s, recall_0.3=(0, 11944) / 14436]eval:  82%|████████▏ | 3083/3769 [06:12<01:26,  7.95it/s, recall_0.3=(0, 11944) / 14436]eval:  82%|████████▏ | 3083/3769 [06:12<01:26,  7.95it/s, recall_0.3=(0, 11944) / 14437]eval:  82%|████████▏ | 3084/3769 [06:12<01:24,  8.12it/s, recall_0.3=(0, 11944) / 14437]eval:  82%|████████▏ | 3084/3769 [06:12<01:24,  8.12it/s, recall_0.3=(0, 11950) / 14445]eval:  82%|████████▏ | 3085/3769 [06:12<01:26,  7.88it/s, recall_0.3=(0, 11950) / 14445]eval:  82%|████████▏ | 3085/3769 [06:12<01:26,  7.88it/s, recall_0.3=(0, 11954) / 14449]eval:  82%|████████▏ | 3086/3769 [06:12<01:25,  7.94it/s, recall_0.3=(0, 11954) / 14449]eval:  82%|████████▏ | 3086/3769 [06:12<01:25,  7.94it/s, recall_0.3=(0, 11961) / 14457]eval:  82%|████████▏ | 3087/3769 [06:12<01:26,  7.91it/s, recall_0.3=(0, 11961) / 14457]eval:  82%|████████▏ | 3087/3769 [06:12<01:26,  7.91it/s, recall_0.3=(0, 11964) / 14460]eval:  82%|████████▏ | 3088/3769 [06:12<01:25,  7.99it/s, recall_0.3=(0, 11964) / 14460]eval:  82%|████████▏ | 3088/3769 [06:13<01:25,  7.99it/s, recall_0.3=(0, 11967) / 14463]eval:  82%|████████▏ | 3089/3769 [06:13<01:21,  8.32it/s, recall_0.3=(0, 11967) / 14463]eval:  82%|████████▏ | 3089/3769 [06:13<01:21,  8.32it/s, recall_0.3=(0, 11969) / 14466]eval:  82%|████████▏ | 3090/3769 [06:13<01:24,  8.07it/s, recall_0.3=(0, 11969) / 14466]eval:  82%|████████▏ | 3090/3769 [06:13<01:24,  8.07it/s, recall_0.3=(0, 11976) / 14473]eval:  82%|████████▏ | 3091/3769 [06:13<01:24,  8.01it/s, recall_0.3=(0, 11976) / 14473]eval:  82%|████████▏ | 3091/3769 [06:13<01:24,  8.01it/s, recall_0.3=(0, 11984) / 14482]eval:  82%|████████▏ | 3092/3769 [06:13<01:20,  8.38it/s, recall_0.3=(0, 11984) / 14482]eval:  82%|████████▏ | 3092/3769 [06:13<01:20,  8.38it/s, recall_0.3=(0, 11987) / 14486]eval:  82%|████████▏ | 3093/3769 [06:13<01:24,  7.96it/s, recall_0.3=(0, 11987) / 14486]eval:  82%|████████▏ | 3093/3769 [06:13<01:24,  7.96it/s, recall_0.3=(0, 11988) / 14487]eval:  82%|████████▏ | 3094/3769 [06:13<01:24,  8.00it/s, recall_0.3=(0, 11988) / 14487]eval:  82%|████████▏ | 3094/3769 [06:13<01:24,  8.00it/s, recall_0.3=(0, 11992) / 14491]eval:  82%|████████▏ | 3095/3769 [06:13<01:23,  8.05it/s, recall_0.3=(0, 11992) / 14491]eval:  82%|████████▏ | 3095/3769 [06:13<01:23,  8.05it/s, recall_0.3=(0, 11994) / 14495]eval:  82%|████████▏ | 3096/3769 [06:13<01:25,  7.87it/s, recall_0.3=(0, 11994) / 14495]eval:  82%|████████▏ | 3096/3769 [06:14<01:25,  7.87it/s, recall_0.3=(0, 12001) / 14505]eval:  82%|████████▏ | 3097/3769 [06:14<01:25,  7.83it/s, recall_0.3=(0, 12001) / 14505]eval:  82%|████████▏ | 3097/3769 [06:14<01:25,  7.83it/s, recall_0.3=(0, 12007) / 14514]eval:  82%|████████▏ | 3098/3769 [06:14<01:24,  7.92it/s, recall_0.3=(0, 12007) / 14514]eval:  82%|████████▏ | 3098/3769 [06:14<01:24,  7.92it/s, recall_0.3=(0, 12009) / 14516]eval:  82%|████████▏ | 3099/3769 [06:14<01:24,  7.90it/s, recall_0.3=(0, 12009) / 14516]eval:  82%|████████▏ | 3099/3769 [06:14<01:24,  7.90it/s, recall_0.3=(0, 12015) / 14524]eval:  82%|████████▏ | 3100/3769 [06:14<01:20,  8.28it/s, recall_0.3=(0, 12015) / 14524]eval:  82%|████████▏ | 3100/3769 [06:14<01:20,  8.28it/s, recall_0.3=(0, 12019) / 14528]eval:  82%|████████▏ | 3101/3769 [06:14<01:24,  7.86it/s, recall_0.3=(0, 12019) / 14528]eval:  82%|████████▏ | 3101/3769 [06:14<01:24,  7.86it/s, recall_0.3=(0, 12022) / 14541]eval:  82%|████████▏ | 3102/3769 [06:14<01:22,  8.04it/s, recall_0.3=(0, 12022) / 14541]eval:  82%|████████▏ | 3102/3769 [06:14<01:22,  8.04it/s, recall_0.3=(0, 12023) / 14542]eval:  82%|████████▏ | 3103/3769 [06:14<01:26,  7.73it/s, recall_0.3=(0, 12023) / 14542]eval:  82%|████████▏ | 3103/3769 [06:14<01:26,  7.73it/s, recall_0.3=(0, 12024) / 14543]eval:  82%|████████▏ | 3104/3769 [06:14<01:22,  8.11it/s, recall_0.3=(0, 12024) / 14543]eval:  82%|████████▏ | 3104/3769 [06:15<01:22,  8.11it/s, recall_0.3=(0, 12025) / 14544]eval:  82%|████████▏ | 3105/3769 [06:15<01:22,  8.04it/s, recall_0.3=(0, 12025) / 14544]eval:  82%|████████▏ | 3105/3769 [06:15<01:22,  8.04it/s, recall_0.3=(0, 12027) / 14546]eval:  82%|████████▏ | 3106/3769 [06:15<01:22,  8.08it/s, recall_0.3=(0, 12027) / 14546]eval:  82%|████████▏ | 3106/3769 [06:15<01:22,  8.08it/s, recall_0.3=(0, 12028) / 14547]eval:  82%|████████▏ | 3107/3769 [06:15<01:17,  8.51it/s, recall_0.3=(0, 12028) / 14547]eval:  82%|████████▏ | 3107/3769 [06:15<01:17,  8.51it/s, recall_0.3=(0, 12031) / 14551]eval:  82%|████████▏ | 3108/3769 [06:15<01:23,  7.88it/s, recall_0.3=(0, 12031) / 14551]eval:  82%|████████▏ | 3108/3769 [06:15<01:23,  7.88it/s, recall_0.3=(0, 12037) / 14557]eval:  82%|████████▏ | 3109/3769 [06:15<01:24,  7.85it/s, recall_0.3=(0, 12037) / 14557]eval:  82%|████████▏ | 3109/3769 [06:15<01:24,  7.85it/s, recall_0.3=(0, 12042) / 14562]eval:  83%|████████▎ | 3110/3769 [06:15<01:23,  7.85it/s, recall_0.3=(0, 12042) / 14562]eval:  83%|████████▎ | 3110/3769 [06:15<01:23,  7.85it/s, recall_0.3=(0, 12045) / 14570]eval:  83%|████████▎ | 3111/3769 [06:15<01:24,  7.83it/s, recall_0.3=(0, 12045) / 14570]eval:  83%|████████▎ | 3111/3769 [06:15<01:24,  7.83it/s, recall_0.3=(0, 12046) / 14571]eval:  83%|████████▎ | 3112/3769 [06:15<01:22,  7.93it/s, recall_0.3=(0, 12046) / 14571]eval:  83%|████████▎ | 3112/3769 [06:16<01:22,  7.93it/s, recall_0.3=(0, 12047) / 14572]eval:  83%|████████▎ | 3113/3769 [06:16<01:21,  8.03it/s, recall_0.3=(0, 12047) / 14572]eval:  83%|████████▎ | 3113/3769 [06:16<01:21,  8.03it/s, recall_0.3=(0, 12052) / 14577]eval:  83%|████████▎ | 3114/3769 [06:16<01:22,  7.96it/s, recall_0.3=(0, 12052) / 14577]eval:  83%|████████▎ | 3114/3769 [06:16<01:22,  7.96it/s, recall_0.3=(0, 12054) / 14579]eval:  83%|████████▎ | 3115/3769 [06:16<01:20,  8.16it/s, recall_0.3=(0, 12054) / 14579]eval:  83%|████████▎ | 3115/3769 [06:16<01:20,  8.16it/s, recall_0.3=(0, 12055) / 14581]eval:  83%|████████▎ | 3116/3769 [06:16<01:19,  8.22it/s, recall_0.3=(0, 12055) / 14581]eval:  83%|████████▎ | 3116/3769 [06:16<01:19,  8.22it/s, recall_0.3=(0, 12056) / 14583]eval:  83%|████████▎ | 3117/3769 [06:16<01:19,  8.24it/s, recall_0.3=(0, 12056) / 14583]eval:  83%|████████▎ | 3117/3769 [06:16<01:19,  8.24it/s, recall_0.3=(0, 12057) / 14584]eval:  83%|████████▎ | 3118/3769 [06:16<01:22,  7.93it/s, recall_0.3=(0, 12057) / 14584]eval:  83%|████████▎ | 3118/3769 [06:16<01:22,  7.93it/s, recall_0.3=(0, 12062) / 14590]eval:  83%|████████▎ | 3119/3769 [06:16<01:21,  7.96it/s, recall_0.3=(0, 12062) / 14590]eval:  83%|████████▎ | 3119/3769 [06:16<01:21,  7.96it/s, recall_0.3=(0, 12065) / 14593]eval:  83%|████████▎ | 3120/3769 [06:16<01:20,  8.06it/s, recall_0.3=(0, 12065) / 14593]eval:  83%|████████▎ | 3120/3769 [06:17<01:20,  8.06it/s, recall_0.3=(0, 12070) / 14599]eval:  83%|████████▎ | 3121/3769 [06:17<01:20,  8.02it/s, recall_0.3=(0, 12070) / 14599]eval:  83%|████████▎ | 3121/3769 [06:17<01:20,  8.02it/s, recall_0.3=(0, 12072) / 14601]eval:  83%|████████▎ | 3122/3769 [06:17<01:20,  8.07it/s, recall_0.3=(0, 12072) / 14601]eval:  83%|████████▎ | 3122/3769 [06:17<01:20,  8.07it/s, recall_0.3=(0, 12075) / 14604]eval:  83%|████████▎ | 3123/3769 [06:17<01:20,  8.05it/s, recall_0.3=(0, 12075) / 14604]eval:  83%|████████▎ | 3123/3769 [06:17<01:20,  8.05it/s, recall_0.3=(0, 12076) / 14605]eval:  83%|████████▎ | 3124/3769 [06:17<01:20,  8.03it/s, recall_0.3=(0, 12076) / 14605]eval:  83%|████████▎ | 3124/3769 [06:17<01:20,  8.03it/s, recall_0.3=(0, 12081) / 14615]eval:  83%|████████▎ | 3125/3769 [06:17<01:20,  8.03it/s, recall_0.3=(0, 12081) / 14615]eval:  83%|████████▎ | 3125/3769 [06:17<01:20,  8.03it/s, recall_0.3=(0, 12087) / 14622]eval:  83%|████████▎ | 3126/3769 [06:17<01:18,  8.16it/s, recall_0.3=(0, 12087) / 14622]eval:  83%|████████▎ | 3126/3769 [06:17<01:18,  8.16it/s, recall_0.3=(0, 12089) / 14625]eval:  83%|████████▎ | 3127/3769 [06:17<01:20,  7.93it/s, recall_0.3=(0, 12089) / 14625]eval:  83%|████████▎ | 3127/3769 [06:17<01:20,  7.93it/s, recall_0.3=(0, 12093) / 14629]eval:  83%|████████▎ | 3128/3769 [06:17<01:17,  8.25it/s, recall_0.3=(0, 12093) / 14629]eval:  83%|████████▎ | 3128/3769 [06:18<01:17,  8.25it/s, recall_0.3=(0, 12095) / 14638]eval:  83%|████████▎ | 3129/3769 [06:18<01:18,  8.17it/s, recall_0.3=(0, 12095) / 14638]eval:  83%|████████▎ | 3129/3769 [06:18<01:18,  8.17it/s, recall_0.3=(0, 12098) / 14641]eval:  83%|████████▎ | 3130/3769 [06:18<01:18,  8.16it/s, recall_0.3=(0, 12098) / 14641]eval:  83%|████████▎ | 3130/3769 [06:18<01:18,  8.16it/s, recall_0.3=(0, 12100) / 14643]eval:  83%|████████▎ | 3131/3769 [06:18<01:19,  8.03it/s, recall_0.3=(0, 12100) / 14643]eval:  83%|████████▎ | 3131/3769 [06:18<01:19,  8.03it/s, recall_0.3=(0, 12100) / 14644]eval:  83%|████████▎ | 3132/3769 [06:18<01:19,  8.02it/s, recall_0.3=(0, 12100) / 14644]eval:  83%|████████▎ | 3132/3769 [06:18<01:19,  8.02it/s, recall_0.3=(0, 12103) / 14647]eval:  83%|████████▎ | 3133/3769 [06:18<01:18,  8.14it/s, recall_0.3=(0, 12103) / 14647]eval:  83%|████████▎ | 3133/3769 [06:18<01:18,  8.14it/s, recall_0.3=(0, 12104) / 14648]eval:  83%|████████▎ | 3134/3769 [06:18<01:18,  8.12it/s, recall_0.3=(0, 12104) / 14648]eval:  83%|████████▎ | 3134/3769 [06:18<01:18,  8.12it/s, recall_0.3=(0, 12105) / 14649]eval:  83%|████████▎ | 3135/3769 [06:18<01:19,  8.00it/s, recall_0.3=(0, 12105) / 14649]eval:  83%|████████▎ | 3135/3769 [06:18<01:19,  8.00it/s, recall_0.3=(0, 12107) / 14651]eval:  83%|████████▎ | 3136/3769 [06:18<01:19,  7.98it/s, recall_0.3=(0, 12107) / 14651]eval:  83%|████████▎ | 3136/3769 [06:19<01:19,  7.98it/s, recall_0.3=(0, 12115) / 14661]eval:  83%|████████▎ | 3137/3769 [06:19<01:18,  8.02it/s, recall_0.3=(0, 12115) / 14661]eval:  83%|████████▎ | 3137/3769 [06:19<01:18,  8.02it/s, recall_0.3=(0, 12121) / 14668]eval:  83%|████████▎ | 3138/3769 [06:19<01:18,  8.02it/s, recall_0.3=(0, 12121) / 14668]eval:  83%|████████▎ | 3138/3769 [06:19<01:18,  8.02it/s, recall_0.3=(0, 12124) / 14671]eval:  83%|████████▎ | 3139/3769 [06:19<01:18,  8.01it/s, recall_0.3=(0, 12124) / 14671]eval:  83%|████████▎ | 3139/3769 [06:19<01:18,  8.01it/s, recall_0.3=(0, 12126) / 14673]eval:  83%|████████▎ | 3140/3769 [06:19<01:19,  7.94it/s, recall_0.3=(0, 12126) / 14673]eval:  83%|████████▎ | 3140/3769 [06:19<01:19,  7.94it/s, recall_0.3=(0, 12135) / 14683]eval:  83%|████████▎ | 3141/3769 [06:19<01:18,  7.96it/s, recall_0.3=(0, 12135) / 14683]eval:  83%|████████▎ | 3141/3769 [06:19<01:18,  7.96it/s, recall_0.3=(0, 12142) / 14691]eval:  83%|████████▎ | 3142/3769 [06:19<01:17,  8.05it/s, recall_0.3=(0, 12142) / 14691]eval:  83%|████████▎ | 3142/3769 [06:19<01:17,  8.05it/s, recall_0.3=(0, 12152) / 14701]eval:  83%|████████▎ | 3143/3769 [06:19<01:17,  8.03it/s, recall_0.3=(0, 12152) / 14701]eval:  83%|████████▎ | 3143/3769 [06:19<01:17,  8.03it/s, recall_0.3=(0, 12154) / 14703]eval:  83%|████████▎ | 3144/3769 [06:19<01:15,  8.32it/s, recall_0.3=(0, 12154) / 14703]eval:  83%|████████▎ | 3144/3769 [06:20<01:15,  8.32it/s, recall_0.3=(0, 12155) / 14704]eval:  83%|████████▎ | 3145/3769 [06:20<01:14,  8.41it/s, recall_0.3=(0, 12155) / 14704]eval:  83%|████████▎ | 3145/3769 [06:20<01:14,  8.41it/s, recall_0.3=(0, 12158) / 14707]eval:  83%|████████▎ | 3146/3769 [06:20<01:17,  8.00it/s, recall_0.3=(0, 12158) / 14707]eval:  83%|████████▎ | 3146/3769 [06:20<01:17,  8.00it/s, recall_0.3=(0, 12158) / 14708]eval:  83%|████████▎ | 3147/3769 [06:20<01:19,  7.85it/s, recall_0.3=(0, 12158) / 14708]eval:  83%|████████▎ | 3147/3769 [06:20<01:19,  7.85it/s, recall_0.3=(0, 12165) / 14715]eval:  84%|████████▎ | 3148/3769 [06:20<01:17,  7.99it/s, recall_0.3=(0, 12165) / 14715]eval:  84%|████████▎ | 3148/3769 [06:20<01:17,  7.99it/s, recall_0.3=(0, 12170) / 14720]eval:  84%|████████▎ | 3149/3769 [06:20<01:15,  8.17it/s, recall_0.3=(0, 12170) / 14720]eval:  84%|████████▎ | 3149/3769 [06:20<01:15,  8.17it/s, recall_0.3=(0, 12171) / 14721]eval:  84%|████████▎ | 3150/3769 [06:20<01:14,  8.29it/s, recall_0.3=(0, 12171) / 14721]eval:  84%|████████▎ | 3150/3769 [06:20<01:14,  8.29it/s, recall_0.3=(0, 12172) / 14722]eval:  84%|████████▎ | 3151/3769 [06:20<01:17,  8.02it/s, recall_0.3=(0, 12172) / 14722]eval:  84%|████████▎ | 3151/3769 [06:20<01:17,  8.02it/s, recall_0.3=(0, 12176) / 14727]eval:  84%|████████▎ | 3152/3769 [06:20<01:15,  8.18it/s, recall_0.3=(0, 12176) / 14727]eval:  84%|████████▎ | 3152/3769 [06:21<01:15,  8.18it/s, recall_0.3=(0, 12182) / 14734]eval:  84%|████████▎ | 3153/3769 [06:21<01:17,  7.96it/s, recall_0.3=(0, 12182) / 14734]eval:  84%|████████▎ | 3153/3769 [06:21<01:17,  7.96it/s, recall_0.3=(0, 12189) / 14741]eval:  84%|████████▎ | 3154/3769 [06:21<01:17,  7.91it/s, recall_0.3=(0, 12189) / 14741]eval:  84%|████████▎ | 3154/3769 [06:21<01:17,  7.91it/s, recall_0.3=(0, 12191) / 14743]eval:  84%|████████▎ | 3155/3769 [06:21<01:18,  7.85it/s, recall_0.3=(0, 12191) / 14743]eval:  84%|████████▎ | 3155/3769 [06:21<01:18,  7.85it/s, recall_0.3=(0, 12193) / 14745]eval:  84%|████████▎ | 3156/3769 [06:21<01:15,  8.08it/s, recall_0.3=(0, 12193) / 14745]eval:  84%|████████▎ | 3156/3769 [06:21<01:15,  8.08it/s, recall_0.3=(0, 12202) / 14756]eval:  84%|████████▍ | 3157/3769 [06:21<01:14,  8.18it/s, recall_0.3=(0, 12202) / 14756]eval:  84%|████████▍ | 3157/3769 [06:21<01:14,  8.18it/s, recall_0.3=(0, 12203) / 14757]eval:  84%|████████▍ | 3158/3769 [06:21<01:16,  7.99it/s, recall_0.3=(0, 12203) / 14757]eval:  84%|████████▍ | 3158/3769 [06:21<01:16,  7.99it/s, recall_0.3=(0, 12209) / 14765]eval:  84%|████████▍ | 3159/3769 [06:21<01:18,  7.82it/s, recall_0.3=(0, 12209) / 14765]eval:  84%|████████▍ | 3159/3769 [06:21<01:18,  7.82it/s, recall_0.3=(0, 12217) / 14775]eval:  84%|████████▍ | 3160/3769 [06:21<01:16,  7.97it/s, recall_0.3=(0, 12217) / 14775]eval:  84%|████████▍ | 3160/3769 [06:22<01:16,  7.97it/s, recall_0.3=(0, 12218) / 14776]eval:  84%|████████▍ | 3161/3769 [06:22<01:14,  8.12it/s, recall_0.3=(0, 12218) / 14776]eval:  84%|████████▍ | 3161/3769 [06:22<01:14,  8.12it/s, recall_0.3=(0, 12219) / 14777]eval:  84%|████████▍ | 3162/3769 [06:22<01:13,  8.27it/s, recall_0.3=(0, 12219) / 14777]eval:  84%|████████▍ | 3162/3769 [06:22<01:13,  8.27it/s, recall_0.3=(0, 12219) / 14778]eval:  84%|████████▍ | 3163/3769 [06:22<01:15,  8.01it/s, recall_0.3=(0, 12219) / 14778]eval:  84%|████████▍ | 3163/3769 [06:22<01:15,  8.01it/s, recall_0.3=(0, 12221) / 14780]eval:  84%|████████▍ | 3164/3769 [06:22<01:14,  8.09it/s, recall_0.3=(0, 12221) / 14780]eval:  84%|████████▍ | 3164/3769 [06:22<01:14,  8.09it/s, recall_0.3=(0, 12222) / 14781]eval:  84%|████████▍ | 3165/3769 [06:22<01:12,  8.35it/s, recall_0.3=(0, 12222) / 14781]eval:  84%|████████▍ | 3165/3769 [06:22<01:12,  8.35it/s, recall_0.3=(0, 12224) / 14783]eval:  84%|████████▍ | 3166/3769 [06:22<01:14,  8.14it/s, recall_0.3=(0, 12224) / 14783]eval:  84%|████████▍ | 3166/3769 [06:22<01:14,  8.14it/s, recall_0.3=(0, 12231) / 14791]eval:  84%|████████▍ | 3167/3769 [06:22<01:14,  8.05it/s, recall_0.3=(0, 12231) / 14791]eval:  84%|████████▍ | 3167/3769 [06:22<01:14,  8.05it/s, recall_0.3=(0, 12232) / 14792]eval:  84%|████████▍ | 3168/3769 [06:22<01:13,  8.15it/s, recall_0.3=(0, 12232) / 14792]eval:  84%|████████▍ | 3168/3769 [06:23<01:13,  8.15it/s, recall_0.3=(0, 12235) / 14795]eval:  84%|████████▍ | 3169/3769 [06:23<01:11,  8.44it/s, recall_0.3=(0, 12235) / 14795]eval:  84%|████████▍ | 3169/3769 [06:23<01:11,  8.44it/s, recall_0.3=(0, 12237) / 14797]eval:  84%|████████▍ | 3170/3769 [06:23<01:14,  8.02it/s, recall_0.3=(0, 12237) / 14797]eval:  84%|████████▍ | 3170/3769 [06:23<01:14,  8.02it/s, recall_0.3=(0, 12244) / 14806]eval:  84%|████████▍ | 3171/3769 [06:23<01:14,  8.00it/s, recall_0.3=(0, 12244) / 14806]eval:  84%|████████▍ | 3171/3769 [06:23<01:14,  8.00it/s, recall_0.3=(0, 12251) / 14815]eval:  84%|████████▍ | 3172/3769 [06:23<01:11,  8.36it/s, recall_0.3=(0, 12251) / 14815]eval:  84%|████████▍ | 3172/3769 [06:23<01:11,  8.36it/s, recall_0.3=(0, 12253) / 14818]eval:  84%|████████▍ | 3173/3769 [06:23<01:10,  8.41it/s, recall_0.3=(0, 12253) / 14818]eval:  84%|████████▍ | 3173/3769 [06:23<01:10,  8.41it/s, recall_0.3=(0, 12258) / 14824]eval:  84%|████████▍ | 3174/3769 [06:23<01:11,  8.28it/s, recall_0.3=(0, 12258) / 14824]eval:  84%|████████▍ | 3174/3769 [06:23<01:11,  8.28it/s, recall_0.3=(0, 12266) / 14832]eval:  84%|████████▍ | 3175/3769 [06:23<01:10,  8.46it/s, recall_0.3=(0, 12266) / 14832]eval:  84%|████████▍ | 3175/3769 [06:23<01:10,  8.46it/s, recall_0.3=(0, 12270) / 14836]eval:  84%|████████▍ | 3176/3769 [06:23<01:14,  7.96it/s, recall_0.3=(0, 12270) / 14836]eval:  84%|████████▍ | 3176/3769 [06:24<01:14,  7.96it/s, recall_0.3=(0, 12271) / 14837]eval:  84%|████████▍ | 3177/3769 [06:24<01:11,  8.26it/s, recall_0.3=(0, 12271) / 14837]eval:  84%|████████▍ | 3177/3769 [06:24<01:11,  8.26it/s, recall_0.3=(0, 12281) / 14847]eval:  84%|████████▍ | 3178/3769 [06:24<01:11,  8.23it/s, recall_0.3=(0, 12281) / 14847]eval:  84%|████████▍ | 3178/3769 [06:24<01:11,  8.23it/s, recall_0.3=(0, 12282) / 14849]eval:  84%|████████▍ | 3179/3769 [06:24<01:13,  8.01it/s, recall_0.3=(0, 12282) / 14849]eval:  84%|████████▍ | 3179/3769 [06:24<01:13,  8.01it/s, recall_0.3=(0, 12287) / 14855]eval:  84%|████████▍ | 3180/3769 [06:24<01:13,  8.04it/s, recall_0.3=(0, 12287) / 14855]eval:  84%|████████▍ | 3180/3769 [06:24<01:13,  8.04it/s, recall_0.3=(0, 12290) / 14859]eval:  84%|████████▍ | 3181/3769 [06:24<01:13,  8.03it/s, recall_0.3=(0, 12290) / 14859]eval:  84%|████████▍ | 3181/3769 [06:24<01:13,  8.03it/s, recall_0.3=(0, 12294) / 14863]eval:  84%|████████▍ | 3182/3769 [06:24<01:12,  8.06it/s, recall_0.3=(0, 12294) / 14863]eval:  84%|████████▍ | 3182/3769 [06:24<01:12,  8.06it/s, recall_0.3=(0, 12298) / 14867]eval:  84%|████████▍ | 3183/3769 [06:24<01:11,  8.22it/s, recall_0.3=(0, 12298) / 14867]eval:  84%|████████▍ | 3183/3769 [06:24<01:11,  8.22it/s, recall_0.3=(0, 12304) / 14873]eval:  84%|████████▍ | 3184/3769 [06:24<01:13,  7.99it/s, recall_0.3=(0, 12304) / 14873]eval:  84%|████████▍ | 3184/3769 [06:25<01:13,  7.99it/s, recall_0.3=(0, 12305) / 14874]eval:  85%|████████▍ | 3185/3769 [06:25<01:12,  8.09it/s, recall_0.3=(0, 12305) / 14874]eval:  85%|████████▍ | 3185/3769 [06:25<01:12,  8.09it/s, recall_0.3=(0, 12308) / 14879]eval:  85%|████████▍ | 3186/3769 [06:25<01:10,  8.27it/s, recall_0.3=(0, 12308) / 14879]eval:  85%|████████▍ | 3186/3769 [06:25<01:10,  8.27it/s, recall_0.3=(0, 12316) / 14888]eval:  85%|████████▍ | 3187/3769 [06:25<01:09,  8.36it/s, recall_0.3=(0, 12316) / 14888]eval:  85%|████████▍ | 3187/3769 [06:25<01:09,  8.36it/s, recall_0.3=(0, 12325) / 14902]eval:  85%|████████▍ | 3188/3769 [06:25<01:13,  7.92it/s, recall_0.3=(0, 12325) / 14902]eval:  85%|████████▍ | 3188/3769 [06:25<01:13,  7.92it/s, recall_0.3=(0, 12331) / 14908]eval:  85%|████████▍ | 3189/3769 [06:25<01:12,  8.01it/s, recall_0.3=(0, 12331) / 14908]eval:  85%|████████▍ | 3189/3769 [06:25<01:12,  8.01it/s, recall_0.3=(0, 12333) / 14910]eval:  85%|████████▍ | 3190/3769 [06:25<01:11,  8.05it/s, recall_0.3=(0, 12333) / 14910]eval:  85%|████████▍ | 3190/3769 [06:25<01:11,  8.05it/s, recall_0.3=(0, 12334) / 14912]eval:  85%|████████▍ | 3191/3769 [06:25<01:12,  7.97it/s, recall_0.3=(0, 12334) / 14912]eval:  85%|████████▍ | 3191/3769 [06:25<01:12,  7.97it/s, recall_0.3=(0, 12337) / 14918]eval:  85%|████████▍ | 3192/3769 [06:25<01:10,  8.24it/s, recall_0.3=(0, 12337) / 14918]eval:  85%|████████▍ | 3192/3769 [06:25<01:10,  8.24it/s, recall_0.3=(0, 12339) / 14920]eval:  85%|████████▍ | 3193/3769 [06:25<01:08,  8.44it/s, recall_0.3=(0, 12339) / 14920]eval:  85%|████████▍ | 3193/3769 [06:26<01:08,  8.44it/s, recall_0.3=(0, 12345) / 14927]eval:  85%|████████▍ | 3194/3769 [06:26<01:11,  8.01it/s, recall_0.3=(0, 12345) / 14927]eval:  85%|████████▍ | 3194/3769 [06:26<01:11,  8.01it/s, recall_0.3=(0, 12346) / 14928]eval:  85%|████████▍ | 3195/3769 [06:26<01:10,  8.14it/s, recall_0.3=(0, 12346) / 14928]eval:  85%|████████▍ | 3195/3769 [06:26<01:10,  8.14it/s, recall_0.3=(0, 12347) / 14931]eval:  85%|████████▍ | 3196/3769 [06:26<01:11,  7.96it/s, recall_0.3=(0, 12347) / 14931]eval:  85%|████████▍ | 3196/3769 [06:26<01:11,  7.96it/s, recall_0.3=(0, 12353) / 14941]eval:  85%|████████▍ | 3197/3769 [06:26<01:12,  7.93it/s, recall_0.3=(0, 12353) / 14941]eval:  85%|████████▍ | 3197/3769 [06:26<01:12,  7.93it/s, recall_0.3=(0, 12354) / 14944]eval:  85%|████████▍ | 3198/3769 [06:26<01:10,  8.05it/s, recall_0.3=(0, 12354) / 14944]eval:  85%|████████▍ | 3198/3769 [06:26<01:10,  8.05it/s, recall_0.3=(0, 12358) / 14948]eval:  85%|████████▍ | 3199/3769 [06:26<01:12,  7.88it/s, recall_0.3=(0, 12358) / 14948]eval:  85%|████████▍ | 3199/3769 [06:26<01:12,  7.88it/s, recall_0.3=(0, 12366) / 14957]eval:  85%|████████▍ | 3200/3769 [06:26<01:10,  8.04it/s, recall_0.3=(0, 12366) / 14957]eval:  85%|████████▍ | 3200/3769 [06:26<01:10,  8.04it/s, recall_0.3=(0, 12375) / 14968]eval:  85%|████████▍ | 3201/3769 [06:26<01:07,  8.36it/s, recall_0.3=(0, 12375) / 14968]eval:  85%|████████▍ | 3201/3769 [06:27<01:07,  8.36it/s, recall_0.3=(0, 12378) / 14971]eval:  85%|████████▍ | 3202/3769 [06:27<01:08,  8.28it/s, recall_0.3=(0, 12378) / 14971]eval:  85%|████████▍ | 3202/3769 [06:27<01:08,  8.28it/s, recall_0.3=(0, 12388) / 14982]eval:  85%|████████▍ | 3203/3769 [06:27<01:08,  8.21it/s, recall_0.3=(0, 12388) / 14982]eval:  85%|████████▍ | 3203/3769 [06:27<01:08,  8.21it/s, recall_0.3=(0, 12396) / 14992]eval:  85%|████████▌ | 3204/3769 [06:27<01:08,  8.21it/s, recall_0.3=(0, 12396) / 14992]eval:  85%|████████▌ | 3204/3769 [06:27<01:08,  8.21it/s, recall_0.3=(0, 12397) / 14997]eval:  85%|████████▌ | 3205/3769 [06:27<01:09,  8.13it/s, recall_0.3=(0, 12397) / 14997]eval:  85%|████████▌ | 3205/3769 [06:27<01:09,  8.13it/s, recall_0.3=(0, 12398) / 14998]eval:  85%|████████▌ | 3206/3769 [06:27<01:08,  8.16it/s, recall_0.3=(0, 12398) / 14998]eval:  85%|████████▌ | 3206/3769 [06:27<01:08,  8.16it/s, recall_0.3=(0, 12400) / 15000]eval:  85%|████████▌ | 3207/3769 [06:27<01:09,  8.06it/s, recall_0.3=(0, 12400) / 15000]eval:  85%|████████▌ | 3207/3769 [06:27<01:09,  8.06it/s, recall_0.3=(0, 12401) / 15001]eval:  85%|████████▌ | 3208/3769 [06:27<01:08,  8.16it/s, recall_0.3=(0, 12401) / 15001]eval:  85%|████████▌ | 3208/3769 [06:27<01:08,  8.16it/s, recall_0.3=(0, 12404) / 15004]eval:  85%|████████▌ | 3209/3769 [06:27<01:07,  8.27it/s, recall_0.3=(0, 12404) / 15004]eval:  85%|████████▌ | 3209/3769 [06:28<01:07,  8.27it/s, recall_0.3=(0, 12406) / 15007]eval:  85%|████████▌ | 3210/3769 [06:28<01:08,  8.12it/s, recall_0.3=(0, 12406) / 15007]eval:  85%|████████▌ | 3210/3769 [06:28<01:08,  8.12it/s, recall_0.3=(0, 12408) / 15010]eval:  85%|████████▌ | 3211/3769 [06:28<01:06,  8.41it/s, recall_0.3=(0, 12408) / 15010]eval:  85%|████████▌ | 3211/3769 [06:28<01:06,  8.41it/s, recall_0.3=(0, 12411) / 15013]eval:  85%|████████▌ | 3212/3769 [06:28<01:05,  8.55it/s, recall_0.3=(0, 12411) / 15013]eval:  85%|████████▌ | 3212/3769 [06:28<01:05,  8.55it/s, recall_0.3=(0, 12413) / 15015]eval:  85%|████████▌ | 3213/3769 [06:28<01:05,  8.48it/s, recall_0.3=(0, 12413) / 15015]eval:  85%|████████▌ | 3213/3769 [06:28<01:05,  8.48it/s, recall_0.3=(0, 12420) / 15025]eval:  85%|████████▌ | 3214/3769 [06:28<01:06,  8.37it/s, recall_0.3=(0, 12420) / 15025]eval:  85%|████████▌ | 3214/3769 [06:28<01:06,  8.37it/s, recall_0.3=(0, 12427) / 15032]eval:  85%|████████▌ | 3215/3769 [06:28<01:05,  8.48it/s, recall_0.3=(0, 12427) / 15032]eval:  85%|████████▌ | 3215/3769 [06:28<01:05,  8.48it/s, recall_0.3=(0, 12428) / 15034]eval:  85%|████████▌ | 3216/3769 [06:28<01:06,  8.32it/s, recall_0.3=(0, 12428) / 15034]eval:  85%|████████▌ | 3216/3769 [06:28<01:06,  8.32it/s, recall_0.3=(0, 12429) / 15035]eval:  85%|████████▌ | 3217/3769 [06:28<01:04,  8.61it/s, recall_0.3=(0, 12429) / 15035]eval:  85%|████████▌ | 3217/3769 [06:29<01:04,  8.61it/s, recall_0.3=(0, 12432) / 15038]eval:  85%|████████▌ | 3218/3769 [06:29<01:06,  8.29it/s, recall_0.3=(0, 12432) / 15038]eval:  85%|████████▌ | 3218/3769 [06:29<01:06,  8.29it/s, recall_0.3=(0, 12435) / 15041]eval:  85%|████████▌ | 3219/3769 [06:29<01:06,  8.29it/s, recall_0.3=(0, 12435) / 15041]eval:  85%|████████▌ | 3219/3769 [06:29<01:06,  8.29it/s, recall_0.3=(0, 12438) / 15045]eval:  85%|████████▌ | 3220/3769 [06:29<01:05,  8.39it/s, recall_0.3=(0, 12438) / 15045]eval:  85%|████████▌ | 3220/3769 [06:29<01:05,  8.39it/s, recall_0.3=(0, 12441) / 15048]eval:  85%|████████▌ | 3221/3769 [06:29<01:06,  8.22it/s, recall_0.3=(0, 12441) / 15048]eval:  85%|████████▌ | 3221/3769 [06:29<01:06,  8.22it/s, recall_0.3=(0, 12442) / 15050]eval:  85%|████████▌ | 3222/3769 [06:29<01:04,  8.43it/s, recall_0.3=(0, 12442) / 15050]eval:  85%|████████▌ | 3222/3769 [06:29<01:04,  8.43it/s, recall_0.3=(0, 12443) / 15052]eval:  86%|████████▌ | 3223/3769 [06:29<01:03,  8.61it/s, recall_0.3=(0, 12443) / 15052]eval:  86%|████████▌ | 3223/3769 [06:29<01:03,  8.61it/s, recall_0.3=(0, 12448) / 15057]eval:  86%|████████▌ | 3224/3769 [06:29<01:05,  8.28it/s, recall_0.3=(0, 12448) / 15057]eval:  86%|████████▌ | 3224/3769 [06:29<01:05,  8.28it/s, recall_0.3=(0, 12452) / 15062]eval:  86%|████████▌ | 3225/3769 [06:29<01:04,  8.39it/s, recall_0.3=(0, 12452) / 15062]eval:  86%|████████▌ | 3225/3769 [06:29<01:04,  8.39it/s, recall_0.3=(0, 12456) / 15066]eval:  86%|████████▌ | 3226/3769 [06:29<01:05,  8.35it/s, recall_0.3=(0, 12456) / 15066]eval:  86%|████████▌ | 3226/3769 [06:30<01:05,  8.35it/s, recall_0.3=(0, 12457) / 15067]eval:  86%|████████▌ | 3227/3769 [06:30<01:06,  8.16it/s, recall_0.3=(0, 12457) / 15067]eval:  86%|████████▌ | 3227/3769 [06:30<01:06,  8.16it/s, recall_0.3=(0, 12458) / 15069]eval:  86%|████████▌ | 3228/3769 [06:30<01:05,  8.21it/s, recall_0.3=(0, 12458) / 15069]eval:  86%|████████▌ | 3228/3769 [06:30<01:05,  8.21it/s, recall_0.3=(0, 12466) / 15077]eval:  86%|████████▌ | 3229/3769 [06:30<01:06,  8.11it/s, recall_0.3=(0, 12466) / 15077]eval:  86%|████████▌ | 3229/3769 [06:30<01:06,  8.11it/s, recall_0.3=(0, 12474) / 15089]eval:  86%|████████▌ | 3230/3769 [06:30<01:08,  7.87it/s, recall_0.3=(0, 12474) / 15089]eval:  86%|████████▌ | 3230/3769 [06:30<01:08,  7.87it/s, recall_0.3=(0, 12476) / 15092]eval:  86%|████████▌ | 3231/3769 [06:30<01:07,  7.94it/s, recall_0.3=(0, 12476) / 15092]eval:  86%|████████▌ | 3231/3769 [06:30<01:07,  7.94it/s, recall_0.3=(0, 12480) / 15097]eval:  86%|████████▌ | 3232/3769 [06:30<01:07,  7.99it/s, recall_0.3=(0, 12480) / 15097]eval:  86%|████████▌ | 3232/3769 [06:30<01:07,  7.99it/s, recall_0.3=(0, 12481) / 15098]eval:  86%|████████▌ | 3233/3769 [06:30<01:06,  8.11it/s, recall_0.3=(0, 12481) / 15098]eval:  86%|████████▌ | 3233/3769 [06:30<01:06,  8.11it/s, recall_0.3=(0, 12484) / 15101]eval:  86%|████████▌ | 3234/3769 [06:30<01:05,  8.17it/s, recall_0.3=(0, 12484) / 15101]eval:  86%|████████▌ | 3234/3769 [06:31<01:05,  8.17it/s, recall_0.3=(0, 12489) / 15106]eval:  86%|████████▌ | 3235/3769 [06:31<01:05,  8.21it/s, recall_0.3=(0, 12489) / 15106]eval:  86%|████████▌ | 3235/3769 [06:31<01:05,  8.21it/s, recall_0.3=(0, 12491) / 15108]eval:  86%|████████▌ | 3236/3769 [06:31<01:04,  8.26it/s, recall_0.3=(0, 12491) / 15108]eval:  86%|████████▌ | 3236/3769 [06:31<01:04,  8.26it/s, recall_0.3=(0, 12493) / 15110]eval:  86%|████████▌ | 3237/3769 [06:31<01:02,  8.50it/s, recall_0.3=(0, 12493) / 15110]eval:  86%|████████▌ | 3237/3769 [06:31<01:02,  8.50it/s, recall_0.3=(0, 12502) / 15120]eval:  86%|████████▌ | 3238/3769 [06:31<01:01,  8.68it/s, recall_0.3=(0, 12502) / 15120]eval:  86%|████████▌ | 3238/3769 [06:31<01:01,  8.68it/s, recall_0.3=(0, 12504) / 15123]eval:  86%|████████▌ | 3239/3769 [06:31<01:01,  8.59it/s, recall_0.3=(0, 12504) / 15123]eval:  86%|████████▌ | 3239/3769 [06:31<01:01,  8.59it/s, recall_0.3=(0, 12510) / 15129]eval:  86%|████████▌ | 3240/3769 [06:31<01:01,  8.56it/s, recall_0.3=(0, 12510) / 15129]eval:  86%|████████▌ | 3240/3769 [06:31<01:01,  8.56it/s, recall_0.3=(0, 12516) / 15139]eval:  86%|████████▌ | 3241/3769 [06:31<01:03,  8.37it/s, recall_0.3=(0, 12516) / 15139]eval:  86%|████████▌ | 3241/3769 [06:31<01:03,  8.37it/s, recall_0.3=(0, 12524) / 15149]eval:  86%|████████▌ | 3242/3769 [06:31<01:02,  8.45it/s, recall_0.3=(0, 12524) / 15149]eval:  86%|████████▌ | 3242/3769 [06:32<01:02,  8.45it/s, recall_0.3=(0, 12529) / 15156]eval:  86%|████████▌ | 3243/3769 [06:32<01:01,  8.56it/s, recall_0.3=(0, 12529) / 15156]eval:  86%|████████▌ | 3243/3769 [06:32<01:01,  8.56it/s, recall_0.3=(0, 12533) / 15161]eval:  86%|████████▌ | 3244/3769 [06:32<01:04,  8.20it/s, recall_0.3=(0, 12533) / 15161]eval:  86%|████████▌ | 3244/3769 [06:32<01:04,  8.20it/s, recall_0.3=(0, 12534) / 15162]eval:  86%|████████▌ | 3245/3769 [06:32<01:02,  8.32it/s, recall_0.3=(0, 12534) / 15162]eval:  86%|████████▌ | 3245/3769 [06:32<01:02,  8.32it/s, recall_0.3=(0, 12538) / 15167]eval:  86%|████████▌ | 3246/3769 [06:32<01:02,  8.31it/s, recall_0.3=(0, 12538) / 15167]eval:  86%|████████▌ | 3246/3769 [06:32<01:02,  8.31it/s, recall_0.3=(0, 12539) / 15169]eval:  86%|████████▌ | 3247/3769 [06:32<01:03,  8.25it/s, recall_0.3=(0, 12539) / 15169]eval:  86%|████████▌ | 3247/3769 [06:32<01:03,  8.25it/s, recall_0.3=(0, 12545) / 15175]eval:  86%|████████▌ | 3248/3769 [06:32<01:03,  8.21it/s, recall_0.3=(0, 12545) / 15175]eval:  86%|████████▌ | 3248/3769 [06:32<01:03,  8.21it/s, recall_0.3=(0, 12546) / 15176]eval:  86%|████████▌ | 3249/3769 [06:32<01:03,  8.22it/s, recall_0.3=(0, 12546) / 15176]eval:  86%|████████▌ | 3249/3769 [06:32<01:03,  8.22it/s, recall_0.3=(0, 12548) / 15178]eval:  86%|████████▌ | 3250/3769 [06:32<01:02,  8.24it/s, recall_0.3=(0, 12548) / 15178]eval:  86%|████████▌ | 3250/3769 [06:33<01:02,  8.24it/s, recall_0.3=(0, 12552) / 15182]eval:  86%|████████▋ | 3251/3769 [06:33<01:02,  8.35it/s, recall_0.3=(0, 12552) / 15182]eval:  86%|████████▋ | 3251/3769 [06:33<01:02,  8.35it/s, recall_0.3=(0, 12554) / 15184]eval:  86%|████████▋ | 3252/3769 [06:33<01:02,  8.23it/s, recall_0.3=(0, 12554) / 15184]eval:  86%|████████▋ | 3252/3769 [06:33<01:02,  8.23it/s, recall_0.3=(0, 12554) / 15186]eval:  86%|████████▋ | 3253/3769 [06:33<01:04,  8.06it/s, recall_0.3=(0, 12554) / 15186]eval:  86%|████████▋ | 3253/3769 [06:33<01:04,  8.06it/s, recall_0.3=(0, 12561) / 15197]eval:  86%|████████▋ | 3254/3769 [06:33<01:03,  8.13it/s, recall_0.3=(0, 12561) / 15197]eval:  86%|████████▋ | 3254/3769 [06:33<01:03,  8.13it/s, recall_0.3=(0, 12568) / 15205]eval:  86%|████████▋ | 3255/3769 [06:33<01:02,  8.24it/s, recall_0.3=(0, 12568) / 15205]eval:  86%|████████▋ | 3255/3769 [06:33<01:02,  8.24it/s, recall_0.3=(0, 12569) / 15206]eval:  86%|████████▋ | 3256/3769 [06:33<01:02,  8.21it/s, recall_0.3=(0, 12569) / 15206]eval:  86%|████████▋ | 3256/3769 [06:33<01:02,  8.21it/s, recall_0.3=(0, 12572) / 15209]eval:  86%|████████▋ | 3257/3769 [06:33<01:05,  7.81it/s, recall_0.3=(0, 12572) / 15209]eval:  86%|████████▋ | 3257/3769 [06:33<01:05,  7.81it/s, recall_0.3=(0, 12578) / 15215]eval:  86%|████████▋ | 3258/3769 [06:33<01:03,  8.01it/s, recall_0.3=(0, 12578) / 15215]eval:  86%|████████▋ | 3258/3769 [06:33<01:03,  8.01it/s, recall_0.3=(0, 12579) / 15216]eval:  86%|████████▋ | 3259/3769 [06:33<01:03,  8.09it/s, recall_0.3=(0, 12579) / 15216]eval:  86%|████████▋ | 3259/3769 [06:34<01:03,  8.09it/s, recall_0.3=(0, 12584) / 15223]eval:  86%|████████▋ | 3260/3769 [06:34<01:01,  8.29it/s, recall_0.3=(0, 12584) / 15223]eval:  86%|████████▋ | 3260/3769 [06:34<01:01,  8.29it/s, recall_0.3=(0, 12588) / 15227]eval:  87%|████████▋ | 3261/3769 [06:34<01:00,  8.38it/s, recall_0.3=(0, 12588) / 15227]eval:  87%|████████▋ | 3261/3769 [06:34<01:00,  8.38it/s, recall_0.3=(0, 12593) / 15232]eval:  87%|████████▋ | 3262/3769 [06:34<01:00,  8.39it/s, recall_0.3=(0, 12593) / 15232]eval:  87%|████████▋ | 3262/3769 [06:34<01:00,  8.39it/s, recall_0.3=(0, 12595) / 15234]eval:  87%|████████▋ | 3263/3769 [06:34<01:00,  8.32it/s, recall_0.3=(0, 12595) / 15234]eval:  87%|████████▋ | 3263/3769 [06:34<01:00,  8.32it/s, recall_0.3=(0, 12598) / 15239]eval:  87%|████████▋ | 3264/3769 [06:34<00:59,  8.45it/s, recall_0.3=(0, 12598) / 15239]eval:  87%|████████▋ | 3264/3769 [06:34<00:59,  8.45it/s, recall_0.3=(0, 12604) / 15246]eval:  87%|████████▋ | 3265/3769 [06:34<00:59,  8.50it/s, recall_0.3=(0, 12604) / 15246]eval:  87%|████████▋ | 3265/3769 [06:34<00:59,  8.50it/s, recall_0.3=(0, 12606) / 15248]eval:  87%|████████▋ | 3266/3769 [06:34<00:58,  8.53it/s, recall_0.3=(0, 12606) / 15248]eval:  87%|████████▋ | 3266/3769 [06:34<00:58,  8.53it/s, recall_0.3=(0, 12609) / 15251]eval:  87%|████████▋ | 3267/3769 [06:34<00:58,  8.55it/s, recall_0.3=(0, 12609) / 15251]eval:  87%|████████▋ | 3267/3769 [06:35<00:58,  8.55it/s, recall_0.3=(0, 12614) / 15256]eval:  87%|████████▋ | 3268/3769 [06:35<00:59,  8.42it/s, recall_0.3=(0, 12614) / 15256]eval:  87%|████████▋ | 3268/3769 [06:35<00:59,  8.42it/s, recall_0.3=(0, 12618) / 15260]eval:  87%|████████▋ | 3269/3769 [06:35<01:00,  8.26it/s, recall_0.3=(0, 12618) / 15260]eval:  87%|████████▋ | 3269/3769 [06:35<01:00,  8.26it/s, recall_0.3=(0, 12628) / 15271]eval:  87%|████████▋ | 3270/3769 [06:35<00:58,  8.53it/s, recall_0.3=(0, 12628) / 15271]eval:  87%|████████▋ | 3270/3769 [06:35<00:58,  8.53it/s, recall_0.3=(0, 12630) / 15274]eval:  87%|████████▋ | 3271/3769 [06:35<00:57,  8.69it/s, recall_0.3=(0, 12630) / 15274]eval:  87%|████████▋ | 3271/3769 [06:35<00:57,  8.69it/s, recall_0.3=(0, 12632) / 15276]eval:  87%|████████▋ | 3272/3769 [06:35<00:57,  8.58it/s, recall_0.3=(0, 12632) / 15276]eval:  87%|████████▋ | 3272/3769 [06:35<00:57,  8.58it/s, recall_0.3=(0, 12632) / 15278]eval:  87%|████████▋ | 3273/3769 [06:35<00:56,  8.81it/s, recall_0.3=(0, 12632) / 15278]eval:  87%|████████▋ | 3273/3769 [06:35<00:56,  8.81it/s, recall_0.3=(0, 12633) / 15281]eval:  87%|████████▋ | 3274/3769 [06:35<00:55,  8.98it/s, recall_0.3=(0, 12633) / 15281]eval:  87%|████████▋ | 3274/3769 [06:35<00:55,  8.98it/s, recall_0.3=(0, 12635) / 15283]eval:  87%|████████▋ | 3275/3769 [06:35<00:55,  8.97it/s, recall_0.3=(0, 12635) / 15283]eval:  87%|████████▋ | 3275/3769 [06:35<00:55,  8.97it/s, recall_0.3=(0, 12639) / 15287]eval:  87%|████████▋ | 3276/3769 [06:35<00:54,  9.02it/s, recall_0.3=(0, 12639) / 15287]eval:  87%|████████▋ | 3276/3769 [06:36<00:54,  9.02it/s, recall_0.3=(0, 12641) / 15289]eval:  87%|████████▋ | 3277/3769 [06:36<00:56,  8.70it/s, recall_0.3=(0, 12641) / 15289]eval:  87%|████████▋ | 3277/3769 [06:36<00:56,  8.70it/s, recall_0.3=(0, 12643) / 15291]eval:  87%|████████▋ | 3278/3769 [06:36<00:57,  8.56it/s, recall_0.3=(0, 12643) / 15291]eval:  87%|████████▋ | 3278/3769 [06:36<00:57,  8.56it/s, recall_0.3=(0, 12643) / 15292]eval:  87%|████████▋ | 3279/3769 [06:36<00:57,  8.59it/s, recall_0.3=(0, 12643) / 15292]eval:  87%|████████▋ | 3279/3769 [06:36<00:57,  8.59it/s, recall_0.3=(0, 12650) / 15299]eval:  87%|████████▋ | 3280/3769 [06:36<00:57,  8.45it/s, recall_0.3=(0, 12650) / 15299]eval:  87%|████████▋ | 3280/3769 [06:36<00:57,  8.45it/s, recall_0.3=(0, 12654) / 15303]eval:  87%|████████▋ | 3281/3769 [06:36<00:57,  8.54it/s, recall_0.3=(0, 12654) / 15303]eval:  87%|████████▋ | 3281/3769 [06:36<00:57,  8.54it/s, recall_0.3=(0, 12660) / 15309]eval:  87%|████████▋ | 3282/3769 [06:36<00:56,  8.69it/s, recall_0.3=(0, 12660) / 15309]eval:  87%|████████▋ | 3282/3769 [06:36<00:56,  8.69it/s, recall_0.3=(0, 12662) / 15312]eval:  87%|████████▋ | 3283/3769 [06:36<00:56,  8.61it/s, recall_0.3=(0, 12662) / 15312]eval:  87%|████████▋ | 3283/3769 [06:36<00:56,  8.61it/s, recall_0.3=(0, 12666) / 15316]eval:  87%|████████▋ | 3284/3769 [06:36<00:57,  8.38it/s, recall_0.3=(0, 12666) / 15316]eval:  87%|████████▋ | 3284/3769 [06:37<00:57,  8.38it/s, recall_0.3=(0, 12668) / 15319]eval:  87%|████████▋ | 3285/3769 [06:37<00:56,  8.56it/s, recall_0.3=(0, 12668) / 15319]eval:  87%|████████▋ | 3285/3769 [06:37<00:56,  8.56it/s, recall_0.3=(0, 12676) / 15328]eval:  87%|████████▋ | 3286/3769 [06:37<00:55,  8.63it/s, recall_0.3=(0, 12676) / 15328]eval:  87%|████████▋ | 3286/3769 [06:37<00:55,  8.63it/s, recall_0.3=(0, 12679) / 15331]eval:  87%|████████▋ | 3287/3769 [06:37<00:56,  8.60it/s, recall_0.3=(0, 12679) / 15331]eval:  87%|████████▋ | 3287/3769 [06:37<00:56,  8.60it/s, recall_0.3=(0, 12681) / 15333]eval:  87%|████████▋ | 3288/3769 [06:37<00:56,  8.58it/s, recall_0.3=(0, 12681) / 15333]eval:  87%|████████▋ | 3288/3769 [06:37<00:56,  8.58it/s, recall_0.3=(0, 12694) / 15351]eval:  87%|████████▋ | 3289/3769 [06:37<00:55,  8.59it/s, recall_0.3=(0, 12694) / 15351]eval:  87%|████████▋ | 3289/3769 [06:37<00:55,  8.59it/s, recall_0.3=(0, 12695) / 15352]eval:  87%|████████▋ | 3290/3769 [06:37<00:55,  8.57it/s, recall_0.3=(0, 12695) / 15352]eval:  87%|████████▋ | 3290/3769 [06:37<00:55,  8.57it/s, recall_0.3=(0, 12702) / 15359]eval:  87%|████████▋ | 3291/3769 [06:37<00:56,  8.46it/s, recall_0.3=(0, 12702) / 15359]eval:  87%|████████▋ | 3291/3769 [06:37<00:56,  8.46it/s, recall_0.3=(0, 12708) / 15365]eval:  87%|████████▋ | 3292/3769 [06:37<00:56,  8.52it/s, recall_0.3=(0, 12708) / 15365]eval:  87%|████████▋ | 3292/3769 [06:37<00:56,  8.52it/s, recall_0.3=(0, 12709) / 15366]eval:  87%|████████▋ | 3293/3769 [06:37<00:56,  8.42it/s, recall_0.3=(0, 12709) / 15366]eval:  87%|████████▋ | 3293/3769 [06:38<00:56,  8.42it/s, recall_0.3=(0, 12711) / 15369]eval:  87%|████████▋ | 3294/3769 [06:38<00:56,  8.39it/s, recall_0.3=(0, 12711) / 15369]eval:  87%|████████▋ | 3294/3769 [06:38<00:56,  8.39it/s, recall_0.3=(0, 12719) / 15378]eval:  87%|████████▋ | 3295/3769 [06:38<00:56,  8.35it/s, recall_0.3=(0, 12719) / 15378]eval:  87%|████████▋ | 3295/3769 [06:38<00:56,  8.35it/s, recall_0.3=(0, 12720) / 15379]eval:  87%|████████▋ | 3296/3769 [06:38<00:55,  8.45it/s, recall_0.3=(0, 12720) / 15379]eval:  87%|████████▋ | 3296/3769 [06:38<00:55,  8.45it/s, recall_0.3=(0, 12727) / 15387]eval:  87%|████████▋ | 3297/3769 [06:38<00:56,  8.32it/s, recall_0.3=(0, 12727) / 15387]eval:  87%|████████▋ | 3297/3769 [06:38<00:56,  8.32it/s, recall_0.3=(0, 12736) / 15397]eval:  88%|████████▊ | 3298/3769 [06:38<00:56,  8.35it/s, recall_0.3=(0, 12736) / 15397]eval:  88%|████████▊ | 3298/3769 [06:38<00:56,  8.35it/s, recall_0.3=(0, 12738) / 15399]eval:  88%|████████▊ | 3299/3769 [06:38<00:54,  8.61it/s, recall_0.3=(0, 12738) / 15399]eval:  88%|████████▊ | 3299/3769 [06:38<00:54,  8.61it/s, recall_0.3=(0, 12740) / 15402]eval:  88%|████████▊ | 3300/3769 [06:38<00:55,  8.43it/s, recall_0.3=(0, 12740) / 15402]eval:  88%|████████▊ | 3300/3769 [06:38<00:55,  8.43it/s, recall_0.3=(0, 12746) / 15410]eval:  88%|████████▊ | 3301/3769 [06:38<00:55,  8.38it/s, recall_0.3=(0, 12746) / 15410]eval:  88%|████████▊ | 3301/3769 [06:39<00:55,  8.38it/s, recall_0.3=(0, 12754) / 15418]eval:  88%|████████▊ | 3302/3769 [06:39<00:56,  8.28it/s, recall_0.3=(0, 12754) / 15418]eval:  88%|████████▊ | 3302/3769 [06:39<00:56,  8.28it/s, recall_0.3=(0, 12761) / 15425]eval:  88%|████████▊ | 3303/3769 [06:39<00:56,  8.26it/s, recall_0.3=(0, 12761) / 15425]eval:  88%|████████▊ | 3303/3769 [06:39<00:56,  8.26it/s, recall_0.3=(0, 12762) / 15427]eval:  88%|████████▊ | 3304/3769 [06:39<00:55,  8.38it/s, recall_0.3=(0, 12762) / 15427]eval:  88%|████████▊ | 3304/3769 [06:39<00:55,  8.38it/s, recall_0.3=(0, 12766) / 15431]eval:  88%|████████▊ | 3305/3769 [06:39<00:54,  8.46it/s, recall_0.3=(0, 12766) / 15431]eval:  88%|████████▊ | 3305/3769 [06:39<00:54,  8.46it/s, recall_0.3=(0, 12770) / 15438]eval:  88%|████████▊ | 3306/3769 [06:39<00:53,  8.67it/s, recall_0.3=(0, 12770) / 15438]eval:  88%|████████▊ | 3306/3769 [06:39<00:53,  8.67it/s, recall_0.3=(0, 12774) / 15445]eval:  88%|████████▊ | 3307/3769 [06:39<00:52,  8.74it/s, recall_0.3=(0, 12774) / 15445]eval:  88%|████████▊ | 3307/3769 [06:39<00:52,  8.74it/s, recall_0.3=(0, 12781) / 15455]eval:  88%|████████▊ | 3308/3769 [06:39<00:52,  8.76it/s, recall_0.3=(0, 12781) / 15455]eval:  88%|████████▊ | 3308/3769 [06:39<00:52,  8.76it/s, recall_0.3=(0, 12782) / 15456]eval:  88%|████████▊ | 3309/3769 [06:39<00:51,  8.85it/s, recall_0.3=(0, 12782) / 15456]eval:  88%|████████▊ | 3309/3769 [06:39<00:51,  8.85it/s, recall_0.3=(0, 12789) / 15464]eval:  88%|████████▊ | 3310/3769 [06:39<00:52,  8.80it/s, recall_0.3=(0, 12789) / 15464]eval:  88%|████████▊ | 3310/3769 [06:40<00:52,  8.80it/s, recall_0.3=(0, 12795) / 15471]eval:  88%|████████▊ | 3311/3769 [06:40<00:51,  8.93it/s, recall_0.3=(0, 12795) / 15471]eval:  88%|████████▊ | 3311/3769 [06:40<00:51,  8.93it/s, recall_0.3=(0, 12800) / 15479]eval:  88%|████████▊ | 3312/3769 [06:40<00:51,  8.84it/s, recall_0.3=(0, 12800) / 15479]eval:  88%|████████▊ | 3312/3769 [06:40<00:51,  8.84it/s, recall_0.3=(0, 12802) / 15481]eval:  88%|████████▊ | 3313/3769 [06:40<00:51,  8.87it/s, recall_0.3=(0, 12802) / 15481]eval:  88%|████████▊ | 3313/3769 [06:40<00:51,  8.87it/s, recall_0.3=(0, 12803) / 15482]eval:  88%|████████▊ | 3314/3769 [06:40<00:51,  8.85it/s, recall_0.3=(0, 12803) / 15482]eval:  88%|████████▊ | 3314/3769 [06:40<00:51,  8.85it/s, recall_0.3=(0, 12804) / 15483]eval:  88%|████████▊ | 3315/3769 [06:40<00:51,  8.75it/s, recall_0.3=(0, 12804) / 15483]eval:  88%|████████▊ | 3315/3769 [06:40<00:51,  8.75it/s, recall_0.3=(0, 12811) / 15490]eval:  88%|████████▊ | 3316/3769 [06:40<00:51,  8.75it/s, recall_0.3=(0, 12811) / 15490]eval:  88%|████████▊ | 3316/3769 [06:40<00:51,  8.75it/s, recall_0.3=(0, 12818) / 15498]eval:  88%|████████▊ | 3317/3769 [06:40<00:51,  8.79it/s, recall_0.3=(0, 12818) / 15498]eval:  88%|████████▊ | 3317/3769 [06:40<00:51,  8.79it/s, recall_0.3=(0, 12819) / 15499]eval:  88%|████████▊ | 3318/3769 [06:40<00:52,  8.67it/s, recall_0.3=(0, 12819) / 15499]eval:  88%|████████▊ | 3318/3769 [06:40<00:52,  8.67it/s, recall_0.3=(0, 12821) / 15501]eval:  88%|████████▊ | 3319/3769 [06:40<00:53,  8.49it/s, recall_0.3=(0, 12821) / 15501]eval:  88%|████████▊ | 3319/3769 [06:41<00:53,  8.49it/s, recall_0.3=(0, 12825) / 15506]eval:  88%|████████▊ | 3320/3769 [06:41<00:51,  8.70it/s, recall_0.3=(0, 12825) / 15506]eval:  88%|████████▊ | 3320/3769 [06:41<00:51,  8.70it/s, recall_0.3=(0, 12831) / 15513]eval:  88%|████████▊ | 3321/3769 [06:41<00:53,  8.43it/s, recall_0.3=(0, 12831) / 15513]eval:  88%|████████▊ | 3321/3769 [06:41<00:53,  8.43it/s, recall_0.3=(0, 12831) / 15516]eval:  88%|████████▊ | 3322/3769 [06:41<00:51,  8.74it/s, recall_0.3=(0, 12831) / 15516]eval:  88%|████████▊ | 3322/3769 [06:41<00:51,  8.74it/s, recall_0.3=(0, 12833) / 15518]eval:  88%|████████▊ | 3323/3769 [06:41<00:50,  8.78it/s, recall_0.3=(0, 12833) / 15518]eval:  88%|████████▊ | 3323/3769 [06:41<00:50,  8.78it/s, recall_0.3=(0, 12838) / 15527]eval:  88%|████████▊ | 3324/3769 [06:41<00:50,  8.74it/s, recall_0.3=(0, 12838) / 15527]eval:  88%|████████▊ | 3324/3769 [06:41<00:50,  8.74it/s, recall_0.3=(0, 12839) / 15528]eval:  88%|████████▊ | 3325/3769 [06:41<00:50,  8.73it/s, recall_0.3=(0, 12839) / 15528]eval:  88%|████████▊ | 3325/3769 [06:41<00:50,  8.73it/s, recall_0.3=(0, 12842) / 15531]eval:  88%|████████▊ | 3326/3769 [06:41<00:51,  8.69it/s, recall_0.3=(0, 12842) / 15531]eval:  88%|████████▊ | 3326/3769 [06:41<00:51,  8.69it/s, recall_0.3=(0, 12845) / 15535]eval:  88%|████████▊ | 3327/3769 [06:41<00:52,  8.42it/s, recall_0.3=(0, 12845) / 15535]eval:  88%|████████▊ | 3327/3769 [06:42<00:52,  8.42it/s, recall_0.3=(0, 12853) / 15543]eval:  88%|████████▊ | 3328/3769 [06:42<00:52,  8.41it/s, recall_0.3=(0, 12853) / 15543]eval:  88%|████████▊ | 3328/3769 [06:42<00:52,  8.41it/s, recall_0.3=(0, 12857) / 15548]eval:  88%|████████▊ | 3329/3769 [06:42<00:51,  8.62it/s, recall_0.3=(0, 12857) / 15548]eval:  88%|████████▊ | 3329/3769 [06:42<00:51,  8.62it/s, recall_0.3=(0, 12858) / 15549]eval:  88%|████████▊ | 3330/3769 [06:42<00:50,  8.72it/s, recall_0.3=(0, 12858) / 15549]eval:  88%|████████▊ | 3330/3769 [06:42<00:50,  8.72it/s, recall_0.3=(0, 12863) / 15554]eval:  88%|████████▊ | 3331/3769 [06:42<00:49,  8.77it/s, recall_0.3=(0, 12863) / 15554]eval:  88%|████████▊ | 3331/3769 [06:42<00:49,  8.77it/s, recall_0.3=(0, 12867) / 15558]eval:  88%|████████▊ | 3332/3769 [06:42<00:50,  8.65it/s, recall_0.3=(0, 12867) / 15558]eval:  88%|████████▊ | 3332/3769 [06:42<00:50,  8.65it/s, recall_0.3=(0, 12869) / 15561]eval:  88%|████████▊ | 3333/3769 [06:42<00:51,  8.53it/s, recall_0.3=(0, 12869) / 15561]eval:  88%|████████▊ | 3333/3769 [06:42<00:51,  8.53it/s, recall_0.3=(0, 12872) / 15564]eval:  88%|████████▊ | 3334/3769 [06:42<00:50,  8.63it/s, recall_0.3=(0, 12872) / 15564]eval:  88%|████████▊ | 3334/3769 [06:42<00:50,  8.63it/s, recall_0.3=(0, 12873) / 15565]eval:  88%|████████▊ | 3335/3769 [06:42<00:50,  8.59it/s, recall_0.3=(0, 12873) / 15565]eval:  88%|████████▊ | 3335/3769 [06:42<00:50,  8.59it/s, recall_0.3=(0, 12874) / 15566]eval:  89%|████████▊ | 3336/3769 [06:42<00:50,  8.65it/s, recall_0.3=(0, 12874) / 15566]eval:  89%|████████▊ | 3336/3769 [06:43<00:50,  8.65it/s, recall_0.3=(0, 12884) / 15576]eval:  89%|████████▊ | 3337/3769 [06:43<00:50,  8.57it/s, recall_0.3=(0, 12884) / 15576]eval:  89%|████████▊ | 3337/3769 [06:43<00:50,  8.57it/s, recall_0.3=(0, 12888) / 15581]eval:  89%|████████▊ | 3338/3769 [06:43<00:52,  8.28it/s, recall_0.3=(0, 12888) / 15581]eval:  89%|████████▊ | 3338/3769 [06:43<00:52,  8.28it/s, recall_0.3=(0, 12895) / 15596]eval:  89%|████████▊ | 3339/3769 [06:43<00:50,  8.44it/s, recall_0.3=(0, 12895) / 15596]eval:  89%|████████▊ | 3339/3769 [06:43<00:50,  8.44it/s, recall_0.3=(0, 12896) / 15597]eval:  89%|████████▊ | 3340/3769 [06:43<00:50,  8.48it/s, recall_0.3=(0, 12896) / 15597]eval:  89%|████████▊ | 3340/3769 [06:43<00:50,  8.48it/s, recall_0.3=(0, 12898) / 15600]eval:  89%|████████▊ | 3341/3769 [06:43<00:51,  8.32it/s, recall_0.3=(0, 12898) / 15600]eval:  89%|████████▊ | 3341/3769 [06:43<00:51,  8.32it/s, recall_0.3=(0, 12904) / 15607]eval:  89%|████████▊ | 3342/3769 [06:43<00:51,  8.27it/s, recall_0.3=(0, 12904) / 15607]eval:  89%|████████▊ | 3342/3769 [06:43<00:51,  8.27it/s, recall_0.3=(0, 12906) / 15609]eval:  89%|████████▊ | 3343/3769 [06:43<00:51,  8.34it/s, recall_0.3=(0, 12906) / 15609]eval:  89%|████████▊ | 3343/3769 [06:43<00:51,  8.34it/s, recall_0.3=(0, 12910) / 15613]eval:  89%|████████▊ | 3344/3769 [06:43<00:50,  8.33it/s, recall_0.3=(0, 12910) / 15613]eval:  89%|████████▊ | 3344/3769 [06:44<00:50,  8.33it/s, recall_0.3=(0, 12918) / 15622]eval:  89%|████████▉ | 3345/3769 [06:44<00:50,  8.42it/s, recall_0.3=(0, 12918) / 15622]eval:  89%|████████▉ | 3345/3769 [06:44<00:50,  8.42it/s, recall_0.3=(0, 12921) / 15625]eval:  89%|████████▉ | 3346/3769 [06:44<00:49,  8.62it/s, recall_0.3=(0, 12921) / 15625]eval:  89%|████████▉ | 3346/3769 [06:44<00:49,  8.62it/s, recall_0.3=(0, 12922) / 15626]eval:  89%|████████▉ | 3347/3769 [06:44<00:49,  8.60it/s, recall_0.3=(0, 12922) / 15626]eval:  89%|████████▉ | 3347/3769 [06:44<00:49,  8.60it/s, recall_0.3=(0, 12923) / 15627]eval:  89%|████████▉ | 3348/3769 [06:44<00:48,  8.69it/s, recall_0.3=(0, 12923) / 15627]eval:  89%|████████▉ | 3348/3769 [06:44<00:48,  8.69it/s, recall_0.3=(0, 12925) / 15629]eval:  89%|████████▉ | 3349/3769 [06:44<00:50,  8.34it/s, recall_0.3=(0, 12925) / 15629]eval:  89%|████████▉ | 3349/3769 [06:44<00:50,  8.34it/s, recall_0.3=(0, 12926) / 15630]eval:  89%|████████▉ | 3350/3769 [06:44<00:48,  8.55it/s, recall_0.3=(0, 12926) / 15630]eval:  89%|████████▉ | 3350/3769 [06:44<00:48,  8.55it/s, recall_0.3=(0, 12932) / 15636]eval:  89%|████████▉ | 3351/3769 [06:44<00:48,  8.64it/s, recall_0.3=(0, 12932) / 15636]eval:  89%|████████▉ | 3351/3769 [06:44<00:48,  8.64it/s, recall_0.3=(0, 12932) / 15637]eval:  89%|████████▉ | 3352/3769 [06:44<00:48,  8.62it/s, recall_0.3=(0, 12932) / 15637]eval:  89%|████████▉ | 3352/3769 [06:44<00:48,  8.62it/s, recall_0.3=(0, 12932) / 15638]eval:  89%|████████▉ | 3353/3769 [06:44<00:49,  8.44it/s, recall_0.3=(0, 12932) / 15638]eval:  89%|████████▉ | 3353/3769 [06:45<00:49,  8.44it/s, recall_0.3=(0, 12934) / 15640]eval:  89%|████████▉ | 3354/3769 [06:45<00:48,  8.48it/s, recall_0.3=(0, 12934) / 15640]eval:  89%|████████▉ | 3354/3769 [06:45<00:48,  8.48it/s, recall_0.3=(0, 12935) / 15643]eval:  89%|████████▉ | 3355/3769 [06:45<00:50,  8.26it/s, recall_0.3=(0, 12935) / 15643]eval:  89%|████████▉ | 3355/3769 [06:45<00:50,  8.26it/s, recall_0.3=(0, 12935) / 15644]eval:  89%|████████▉ | 3356/3769 [06:45<00:49,  8.34it/s, recall_0.3=(0, 12935) / 15644]eval:  89%|████████▉ | 3356/3769 [06:45<00:49,  8.34it/s, recall_0.3=(0, 12938) / 15647]eval:  89%|████████▉ | 3357/3769 [06:45<00:47,  8.59it/s, recall_0.3=(0, 12938) / 15647]eval:  89%|████████▉ | 3357/3769 [06:45<00:47,  8.59it/s, recall_0.3=(0, 12940) / 15649]eval:  89%|████████▉ | 3358/3769 [06:45<00:50,  8.16it/s, recall_0.3=(0, 12940) / 15649]eval:  89%|████████▉ | 3358/3769 [06:45<00:50,  8.16it/s, recall_0.3=(0, 12943) / 15653]eval:  89%|████████▉ | 3359/3769 [06:45<00:49,  8.36it/s, recall_0.3=(0, 12943) / 15653]eval:  89%|████████▉ | 3359/3769 [06:45<00:49,  8.36it/s, recall_0.3=(0, 12949) / 15659]eval:  89%|████████▉ | 3360/3769 [06:45<00:50,  8.10it/s, recall_0.3=(0, 12949) / 15659]eval:  89%|████████▉ | 3360/3769 [06:45<00:50,  8.10it/s, recall_0.3=(0, 12954) / 15665]eval:  89%|████████▉ | 3361/3769 [06:45<00:48,  8.39it/s, recall_0.3=(0, 12954) / 15665]eval:  89%|████████▉ | 3361/3769 [06:46<00:48,  8.39it/s, recall_0.3=(0, 12956) / 15668]eval:  89%|████████▉ | 3362/3769 [06:46<00:46,  8.67it/s, recall_0.3=(0, 12956) / 15668]eval:  89%|████████▉ | 3362/3769 [06:46<00:46,  8.67it/s, recall_0.3=(0, 12963) / 15676]eval:  89%|████████▉ | 3363/3769 [06:46<00:47,  8.55it/s, recall_0.3=(0, 12963) / 15676]eval:  89%|████████▉ | 3363/3769 [06:46<00:47,  8.55it/s, recall_0.3=(0, 12964) / 15677]eval:  89%|████████▉ | 3364/3769 [06:46<00:46,  8.64it/s, recall_0.3=(0, 12964) / 15677]eval:  89%|████████▉ | 3364/3769 [06:46<00:46,  8.64it/s, recall_0.3=(0, 12972) / 15687]eval:  89%|████████▉ | 3365/3769 [06:46<00:46,  8.78it/s, recall_0.3=(0, 12972) / 15687]eval:  89%|████████▉ | 3365/3769 [06:46<00:46,  8.78it/s, recall_0.3=(0, 12977) / 15693]eval:  89%|████████▉ | 3366/3769 [06:46<00:48,  8.39it/s, recall_0.3=(0, 12977) / 15693]eval:  89%|████████▉ | 3366/3769 [06:46<00:48,  8.39it/s, recall_0.3=(0, 12980) / 15697]eval:  89%|████████▉ | 3367/3769 [06:46<00:47,  8.53it/s, recall_0.3=(0, 12980) / 15697]eval:  89%|████████▉ | 3367/3769 [06:46<00:47,  8.53it/s, recall_0.3=(0, 12981) / 15698]eval:  89%|████████▉ | 3368/3769 [06:46<00:47,  8.40it/s, recall_0.3=(0, 12981) / 15698]eval:  89%|████████▉ | 3368/3769 [06:46<00:47,  8.40it/s, recall_0.3=(0, 12982) / 15700]eval:  89%|████████▉ | 3369/3769 [06:46<00:47,  8.49it/s, recall_0.3=(0, 12982) / 15700]eval:  89%|████████▉ | 3369/3769 [06:46<00:47,  8.49it/s, recall_0.3=(0, 12982) / 15704]eval:  89%|████████▉ | 3370/3769 [06:46<00:46,  8.64it/s, recall_0.3=(0, 12982) / 15704]eval:  89%|████████▉ | 3370/3769 [06:47<00:46,  8.64it/s, recall_0.3=(0, 12985) / 15708]eval:  89%|████████▉ | 3371/3769 [06:47<00:48,  8.22it/s, recall_0.3=(0, 12985) / 15708]eval:  89%|████████▉ | 3371/3769 [06:47<00:48,  8.22it/s, recall_0.3=(0, 12986) / 15710]eval:  89%|████████▉ | 3372/3769 [06:47<00:48,  8.25it/s, recall_0.3=(0, 12986) / 15710]eval:  89%|████████▉ | 3372/3769 [06:47<00:48,  8.25it/s, recall_0.3=(0, 12991) / 15715]eval:  89%|████████▉ | 3373/3769 [06:47<00:46,  8.47it/s, recall_0.3=(0, 12991) / 15715]eval:  89%|████████▉ | 3373/3769 [06:47<00:46,  8.47it/s, recall_0.3=(0, 12998) / 15725]eval:  90%|████████▉ | 3374/3769 [06:47<00:46,  8.48it/s, recall_0.3=(0, 12998) / 15725]eval:  90%|████████▉ | 3374/3769 [06:47<00:46,  8.48it/s, recall_0.3=(0, 13004) / 15731]eval:  90%|████████▉ | 3375/3769 [06:47<00:46,  8.44it/s, recall_0.3=(0, 13004) / 15731]eval:  90%|████████▉ | 3375/3769 [06:47<00:46,  8.44it/s, recall_0.3=(0, 13009) / 15738]eval:  90%|████████▉ | 3376/3769 [06:47<00:46,  8.52it/s, recall_0.3=(0, 13009) / 15738]eval:  90%|████████▉ | 3376/3769 [06:47<00:46,  8.52it/s, recall_0.3=(0, 13012) / 15742]eval:  90%|████████▉ | 3377/3769 [06:47<00:45,  8.55it/s, recall_0.3=(0, 13012) / 15742]eval:  90%|████████▉ | 3377/3769 [06:47<00:45,  8.55it/s, recall_0.3=(0, 13016) / 15747]eval:  90%|████████▉ | 3378/3769 [06:47<00:46,  8.35it/s, recall_0.3=(0, 13016) / 15747]eval:  90%|████████▉ | 3378/3769 [06:48<00:46,  8.35it/s, recall_0.3=(0, 13020) / 15752]eval:  90%|████████▉ | 3379/3769 [06:48<00:45,  8.57it/s, recall_0.3=(0, 13020) / 15752]eval:  90%|████████▉ | 3379/3769 [06:48<00:45,  8.57it/s, recall_0.3=(0, 13021) / 15753]eval:  90%|████████▉ | 3380/3769 [06:48<00:46,  8.41it/s, recall_0.3=(0, 13021) / 15753]eval:  90%|████████▉ | 3380/3769 [06:48<00:46,  8.41it/s, recall_0.3=(0, 13023) / 15755]eval:  90%|████████▉ | 3381/3769 [06:48<00:47,  8.19it/s, recall_0.3=(0, 13023) / 15755]eval:  90%|████████▉ | 3381/3769 [06:48<00:47,  8.19it/s, recall_0.3=(0, 13029) / 15763]eval:  90%|████████▉ | 3382/3769 [06:48<00:46,  8.29it/s, recall_0.3=(0, 13029) / 15763]eval:  90%|████████▉ | 3382/3769 [06:48<00:46,  8.29it/s, recall_0.3=(0, 13032) / 15767]eval:  90%|████████▉ | 3383/3769 [06:48<00:44,  8.66it/s, recall_0.3=(0, 13032) / 15767]eval:  90%|████████▉ | 3383/3769 [06:48<00:44,  8.66it/s, recall_0.3=(0, 13035) / 15771]eval:  90%|████████▉ | 3384/3769 [06:48<00:45,  8.43it/s, recall_0.3=(0, 13035) / 15771]eval:  90%|████████▉ | 3384/3769 [06:48<00:45,  8.43it/s, recall_0.3=(0, 13043) / 15782]eval:  90%|████████▉ | 3385/3769 [06:48<00:45,  8.49it/s, recall_0.3=(0, 13043) / 15782]eval:  90%|████████▉ | 3385/3769 [06:48<00:45,  8.49it/s, recall_0.3=(0, 13046) / 15785]eval:  90%|████████▉ | 3386/3769 [06:48<00:45,  8.43it/s, recall_0.3=(0, 13046) / 15785]eval:  90%|████████▉ | 3386/3769 [06:49<00:45,  8.43it/s, recall_0.3=(0, 13053) / 15792]eval:  90%|████████▉ | 3387/3769 [06:49<00:48,  7.88it/s, recall_0.3=(0, 13053) / 15792]eval:  90%|████████▉ | 3387/3769 [06:49<00:48,  7.88it/s, recall_0.3=(0, 13058) / 15797]eval:  90%|████████▉ | 3388/3769 [06:49<00:47,  8.07it/s, recall_0.3=(0, 13058) / 15797]eval:  90%|████████▉ | 3388/3769 [06:49<00:47,  8.07it/s, recall_0.3=(0, 13059) / 15800]eval:  90%|████████▉ | 3389/3769 [06:49<00:47,  8.03it/s, recall_0.3=(0, 13059) / 15800]eval:  90%|████████▉ | 3389/3769 [06:49<00:47,  8.03it/s, recall_0.3=(0, 13064) / 15805]eval:  90%|████████▉ | 3390/3769 [06:49<00:48,  7.79it/s, recall_0.3=(0, 13064) / 15805]eval:  90%|████████▉ | 3390/3769 [06:49<00:48,  7.79it/s, recall_0.3=(0, 13065) / 15808]eval:  90%|████████▉ | 3391/3769 [06:49<00:48,  7.81it/s, recall_0.3=(0, 13065) / 15808]eval:  90%|████████▉ | 3391/3769 [06:49<00:48,  7.81it/s, recall_0.3=(0, 13067) / 15810]eval:  90%|████████▉ | 3392/3769 [06:49<00:47,  7.94it/s, recall_0.3=(0, 13067) / 15810]eval:  90%|████████▉ | 3392/3769 [06:49<00:47,  7.94it/s, recall_0.3=(0, 13072) / 15815]eval:  90%|█████████ | 3393/3769 [06:49<00:46,  8.13it/s, recall_0.3=(0, 13072) / 15815]eval:  90%|█████████ | 3393/3769 [06:49<00:46,  8.13it/s, recall_0.3=(0, 13079) / 15824]eval:  90%|█████████ | 3394/3769 [06:49<00:46,  8.12it/s, recall_0.3=(0, 13079) / 15824]eval:  90%|█████████ | 3394/3769 [06:50<00:46,  8.12it/s, recall_0.3=(0, 13085) / 15832]eval:  90%|█████████ | 3395/3769 [06:50<00:46,  8.11it/s, recall_0.3=(0, 13085) / 15832]eval:  90%|█████████ | 3395/3769 [06:50<00:46,  8.11it/s, recall_0.3=(0, 13089) / 15837]eval:  90%|█████████ | 3396/3769 [06:50<00:44,  8.43it/s, recall_0.3=(0, 13089) / 15837]eval:  90%|█████████ | 3396/3769 [06:50<00:44,  8.43it/s, recall_0.3=(0, 13103) / 15852]eval:  90%|█████████ | 3397/3769 [06:50<00:44,  8.38it/s, recall_0.3=(0, 13103) / 15852]eval:  90%|█████████ | 3397/3769 [06:50<00:44,  8.38it/s, recall_0.3=(0, 13107) / 15859]eval:  90%|█████████ | 3398/3769 [06:50<00:44,  8.30it/s, recall_0.3=(0, 13107) / 15859]eval:  90%|█████████ | 3398/3769 [06:50<00:44,  8.30it/s, recall_0.3=(0, 13108) / 15860]eval:  90%|█████████ | 3399/3769 [06:50<00:44,  8.36it/s, recall_0.3=(0, 13108) / 15860]eval:  90%|█████████ | 3399/3769 [06:50<00:44,  8.36it/s, recall_0.3=(0, 13113) / 15867]eval:  90%|█████████ | 3400/3769 [06:50<00:44,  8.32it/s, recall_0.3=(0, 13113) / 15867]eval:  90%|█████████ | 3400/3769 [06:50<00:44,  8.32it/s, recall_0.3=(0, 13118) / 15872]eval:  90%|█████████ | 3401/3769 [06:50<00:43,  8.43it/s, recall_0.3=(0, 13118) / 15872]eval:  90%|█████████ | 3401/3769 [06:50<00:43,  8.43it/s, recall_0.3=(0, 13120) / 15874]eval:  90%|█████████ | 3402/3769 [06:50<00:42,  8.65it/s, recall_0.3=(0, 13120) / 15874]eval:  90%|█████████ | 3402/3769 [06:50<00:42,  8.65it/s, recall_0.3=(0, 13121) / 15875]eval:  90%|█████████ | 3403/3769 [06:50<00:42,  8.62it/s, recall_0.3=(0, 13121) / 15875]eval:  90%|█████████ | 3403/3769 [06:51<00:42,  8.62it/s, recall_0.3=(0, 13124) / 15878]eval:  90%|█████████ | 3404/3769 [06:51<00:42,  8.66it/s, recall_0.3=(0, 13124) / 15878]eval:  90%|█████████ | 3404/3769 [06:51<00:42,  8.66it/s, recall_0.3=(0, 13125) / 15879]eval:  90%|█████████ | 3405/3769 [06:51<00:42,  8.64it/s, recall_0.3=(0, 13125) / 15879]eval:  90%|█████████ | 3405/3769 [06:51<00:42,  8.64it/s, recall_0.3=(0, 13133) / 15888]eval:  90%|█████████ | 3406/3769 [06:51<00:43,  8.32it/s, recall_0.3=(0, 13133) / 15888]eval:  90%|█████████ | 3406/3769 [06:51<00:43,  8.32it/s, recall_0.3=(0, 13137) / 15892]eval:  90%|█████████ | 3407/3769 [06:51<00:43,  8.27it/s, recall_0.3=(0, 13137) / 15892]eval:  90%|█████████ | 3407/3769 [06:51<00:43,  8.27it/s, recall_0.3=(0, 13138) / 15893]eval:  90%|█████████ | 3408/3769 [06:51<00:43,  8.22it/s, recall_0.3=(0, 13138) / 15893]eval:  90%|█████████ | 3408/3769 [06:51<00:43,  8.22it/s, recall_0.3=(0, 13139) / 15894]eval:  90%|█████████ | 3409/3769 [06:51<00:44,  8.06it/s, recall_0.3=(0, 13139) / 15894]eval:  90%|█████████ | 3409/3769 [06:51<00:44,  8.06it/s, recall_0.3=(0, 13141) / 15896]eval:  90%|█████████ | 3410/3769 [06:51<00:43,  8.21it/s, recall_0.3=(0, 13141) / 15896]eval:  90%|█████████ | 3410/3769 [06:51<00:43,  8.21it/s, recall_0.3=(0, 13142) / 15897]eval:  91%|█████████ | 3411/3769 [06:51<00:42,  8.51it/s, recall_0.3=(0, 13142) / 15897]eval:  91%|█████████ | 3411/3769 [06:52<00:42,  8.51it/s, recall_0.3=(0, 13146) / 15901]eval:  91%|█████████ | 3412/3769 [06:52<00:41,  8.52it/s, recall_0.3=(0, 13146) / 15901]eval:  91%|█████████ | 3412/3769 [06:52<00:41,  8.52it/s, recall_0.3=(0, 13148) / 15904]eval:  91%|█████████ | 3413/3769 [06:52<00:42,  8.40it/s, recall_0.3=(0, 13148) / 15904]eval:  91%|█████████ | 3413/3769 [06:52<00:42,  8.40it/s, recall_0.3=(0, 13151) / 15907]eval:  91%|█████████ | 3414/3769 [06:52<00:41,  8.46it/s, recall_0.3=(0, 13151) / 15907]eval:  91%|█████████ | 3414/3769 [06:52<00:41,  8.46it/s, recall_0.3=(0, 13158) / 15920]eval:  91%|█████████ | 3415/3769 [06:52<00:43,  8.17it/s, recall_0.3=(0, 13158) / 15920]eval:  91%|█████████ | 3415/3769 [06:52<00:43,  8.17it/s, recall_0.3=(0, 13160) / 15922]eval:  91%|█████████ | 3416/3769 [06:52<00:43,  8.19it/s, recall_0.3=(0, 13160) / 15922]eval:  91%|█████████ | 3416/3769 [06:52<00:43,  8.19it/s, recall_0.3=(0, 13161) / 15923]eval:  91%|█████████ | 3417/3769 [06:52<00:42,  8.29it/s, recall_0.3=(0, 13161) / 15923]eval:  91%|█████████ | 3417/3769 [06:52<00:42,  8.29it/s, recall_0.3=(0, 13164) / 15926]eval:  91%|█████████ | 3418/3769 [06:52<00:43,  8.10it/s, recall_0.3=(0, 13164) / 15926]eval:  91%|█████████ | 3418/3769 [06:52<00:43,  8.10it/s, recall_0.3=(0, 13165) / 15928]eval:  91%|█████████ | 3419/3769 [06:52<00:42,  8.15it/s, recall_0.3=(0, 13165) / 15928]eval:  91%|█████████ | 3419/3769 [06:53<00:42,  8.15it/s, recall_0.3=(0, 13171) / 15934]eval:  91%|█████████ | 3420/3769 [06:53<00:42,  8.15it/s, recall_0.3=(0, 13171) / 15934]eval:  91%|█████████ | 3420/3769 [06:53<00:42,  8.15it/s, recall_0.3=(0, 13176) / 15942]eval:  91%|█████████ | 3421/3769 [06:53<00:43,  8.03it/s, recall_0.3=(0, 13176) / 15942]eval:  91%|█████████ | 3421/3769 [06:53<00:43,  8.03it/s, recall_0.3=(0, 13178) / 15944]eval:  91%|█████████ | 3422/3769 [06:53<00:42,  8.19it/s, recall_0.3=(0, 13178) / 15944]eval:  91%|█████████ | 3422/3769 [06:53<00:42,  8.19it/s, recall_0.3=(0, 13179) / 15945]eval:  91%|█████████ | 3423/3769 [06:53<00:42,  8.20it/s, recall_0.3=(0, 13179) / 15945]eval:  91%|█████████ | 3423/3769 [06:53<00:42,  8.20it/s, recall_0.3=(0, 13196) / 15964]eval:  91%|█████████ | 3424/3769 [06:53<00:42,  8.18it/s, recall_0.3=(0, 13196) / 15964]eval:  91%|█████████ | 3424/3769 [06:53<00:42,  8.18it/s, recall_0.3=(0, 13200) / 15968]eval:  91%|█████████ | 3425/3769 [06:53<00:40,  8.48it/s, recall_0.3=(0, 13200) / 15968]eval:  91%|█████████ | 3425/3769 [06:53<00:40,  8.48it/s, recall_0.3=(0, 13203) / 15972]eval:  91%|█████████ | 3426/3769 [06:53<00:40,  8.43it/s, recall_0.3=(0, 13203) / 15972]eval:  91%|█████████ | 3426/3769 [06:53<00:40,  8.43it/s, recall_0.3=(0, 13204) / 15973]eval:  91%|█████████ | 3427/3769 [06:53<00:40,  8.38it/s, recall_0.3=(0, 13204) / 15973]eval:  91%|█████████ | 3427/3769 [06:53<00:40,  8.38it/s, recall_0.3=(0, 13210) / 15982]eval:  91%|█████████ | 3428/3769 [06:53<00:40,  8.33it/s, recall_0.3=(0, 13210) / 15982]eval:  91%|█████████ | 3428/3769 [06:54<00:40,  8.33it/s, recall_0.3=(0, 13216) / 15991]eval:  91%|█████████ | 3429/3769 [06:54<00:41,  8.18it/s, recall_0.3=(0, 13216) / 15991]eval:  91%|█████████ | 3429/3769 [06:54<00:41,  8.18it/s, recall_0.3=(0, 13217) / 15992]eval:  91%|█████████ | 3430/3769 [06:54<00:40,  8.28it/s, recall_0.3=(0, 13217) / 15992]eval:  91%|█████████ | 3430/3769 [06:54<00:40,  8.28it/s, recall_0.3=(0, 13219) / 15996]eval:  91%|█████████ | 3431/3769 [06:54<00:41,  8.09it/s, recall_0.3=(0, 13219) / 15996]eval:  91%|█████████ | 3431/3769 [06:54<00:41,  8.09it/s, recall_0.3=(0, 13221) / 15998]eval:  91%|█████████ | 3432/3769 [06:54<00:40,  8.36it/s, recall_0.3=(0, 13221) / 15998]eval:  91%|█████████ | 3432/3769 [06:54<00:40,  8.36it/s, recall_0.3=(0, 13223) / 16001]eval:  91%|█████████ | 3433/3769 [06:54<00:39,  8.43it/s, recall_0.3=(0, 13223) / 16001]eval:  91%|█████████ | 3433/3769 [06:54<00:39,  8.43it/s, recall_0.3=(0, 13230) / 16008]eval:  91%|█████████ | 3434/3769 [06:54<00:40,  8.35it/s, recall_0.3=(0, 13230) / 16008]eval:  91%|█████████ | 3434/3769 [06:54<00:40,  8.35it/s, recall_0.3=(0, 13233) / 16012]eval:  91%|█████████ | 3435/3769 [06:54<00:40,  8.33it/s, recall_0.3=(0, 13233) / 16012]eval:  91%|█████████ | 3435/3769 [06:54<00:40,  8.33it/s, recall_0.3=(0, 13233) / 16013]eval:  91%|█████████ | 3436/3769 [06:54<00:39,  8.34it/s, recall_0.3=(0, 13233) / 16013]eval:  91%|█████████ | 3436/3769 [06:55<00:39,  8.34it/s, recall_0.3=(0, 13236) / 16016]eval:  91%|█████████ | 3437/3769 [06:55<00:40,  8.14it/s, recall_0.3=(0, 13236) / 16016]eval:  91%|█████████ | 3437/3769 [06:55<00:40,  8.14it/s, recall_0.3=(0, 13240) / 16020]eval:  91%|█████████ | 3438/3769 [06:55<00:39,  8.28it/s, recall_0.3=(0, 13240) / 16020]eval:  91%|█████████ | 3438/3769 [06:55<00:39,  8.28it/s, recall_0.3=(0, 13241) / 16021]eval:  91%|█████████ | 3439/3769 [06:55<00:40,  8.22it/s, recall_0.3=(0, 13241) / 16021]eval:  91%|█████████ | 3439/3769 [06:55<00:40,  8.22it/s, recall_0.3=(0, 13248) / 16029]eval:  91%|█████████▏| 3440/3769 [06:55<00:40,  8.15it/s, recall_0.3=(0, 13248) / 16029]eval:  91%|█████████▏| 3440/3769 [06:55<00:40,  8.15it/s, recall_0.3=(0, 13251) / 16033]eval:  91%|█████████▏| 3441/3769 [06:55<00:40,  8.20it/s, recall_0.3=(0, 13251) / 16033]eval:  91%|█████████▏| 3441/3769 [06:55<00:40,  8.20it/s, recall_0.3=(0, 13257) / 16039]eval:  91%|█████████▏| 3442/3769 [06:55<00:39,  8.20it/s, recall_0.3=(0, 13257) / 16039]eval:  91%|█████████▏| 3442/3769 [06:55<00:39,  8.20it/s, recall_0.3=(0, 13262) / 16044]eval:  91%|█████████▏| 3443/3769 [06:55<00:40,  8.13it/s, recall_0.3=(0, 13262) / 16044]eval:  91%|█████████▏| 3443/3769 [06:55<00:40,  8.13it/s, recall_0.3=(0, 13267) / 16052]eval:  91%|█████████▏| 3444/3769 [06:55<00:39,  8.22it/s, recall_0.3=(0, 13267) / 16052]eval:  91%|█████████▏| 3444/3769 [06:56<00:39,  8.22it/s, recall_0.3=(0, 13272) / 16058]eval:  91%|█████████▏| 3445/3769 [06:56<00:39,  8.16it/s, recall_0.3=(0, 13272) / 16058]eval:  91%|█████████▏| 3445/3769 [06:56<00:39,  8.16it/s, recall_0.3=(0, 13273) / 16059]eval:  91%|█████████▏| 3446/3769 [06:56<00:38,  8.38it/s, recall_0.3=(0, 13273) / 16059]eval:  91%|█████████▏| 3446/3769 [06:56<00:38,  8.38it/s, recall_0.3=(0, 13274) / 16061]eval:  91%|█████████▏| 3447/3769 [06:56<00:38,  8.41it/s, recall_0.3=(0, 13274) / 16061]eval:  91%|█████████▏| 3447/3769 [06:56<00:38,  8.41it/s, recall_0.3=(0, 13276) / 16063]eval:  91%|█████████▏| 3448/3769 [06:56<00:37,  8.46it/s, recall_0.3=(0, 13276) / 16063]eval:  91%|█████████▏| 3448/3769 [06:56<00:37,  8.46it/s, recall_0.3=(0, 13284) / 16071]eval:  92%|█████████▏| 3449/3769 [06:56<00:38,  8.29it/s, recall_0.3=(0, 13284) / 16071]eval:  92%|█████████▏| 3449/3769 [06:56<00:38,  8.29it/s, recall_0.3=(0, 13287) / 16076]eval:  92%|█████████▏| 3450/3769 [06:56<00:38,  8.38it/s, recall_0.3=(0, 13287) / 16076]eval:  92%|█████████▏| 3450/3769 [06:56<00:38,  8.38it/s, recall_0.3=(0, 13292) / 16081]eval:  92%|█████████▏| 3451/3769 [06:56<00:38,  8.31it/s, recall_0.3=(0, 13292) / 16081]eval:  92%|█████████▏| 3451/3769 [06:56<00:38,  8.31it/s, recall_0.3=(0, 13293) / 16082]eval:  92%|█████████▏| 3452/3769 [06:56<00:36,  8.64it/s, recall_0.3=(0, 13293) / 16082]eval:  92%|█████████▏| 3452/3769 [06:56<00:36,  8.64it/s, recall_0.3=(0, 13299) / 16088]eval:  92%|█████████▏| 3453/3769 [06:56<00:37,  8.50it/s, recall_0.3=(0, 13299) / 16088]eval:  92%|█████████▏| 3453/3769 [06:57<00:37,  8.50it/s, recall_0.3=(0, 13301) / 16091]eval:  92%|█████████▏| 3454/3769 [06:57<00:38,  8.22it/s, recall_0.3=(0, 13301) / 16091]eval:  92%|█████████▏| 3454/3769 [06:57<00:38,  8.22it/s, recall_0.3=(0, 13308) / 16099]eval:  92%|█████████▏| 3455/3769 [06:57<00:37,  8.38it/s, recall_0.3=(0, 13308) / 16099]eval:  92%|█████████▏| 3455/3769 [06:57<00:37,  8.38it/s, recall_0.3=(0, 13311) / 16102]eval:  92%|█████████▏| 3456/3769 [06:57<00:36,  8.61it/s, recall_0.3=(0, 13311) / 16102]eval:  92%|█████████▏| 3456/3769 [06:57<00:36,  8.61it/s, recall_0.3=(0, 13316) / 16107]eval:  92%|█████████▏| 3457/3769 [06:57<00:35,  8.76it/s, recall_0.3=(0, 13316) / 16107]eval:  92%|█████████▏| 3457/3769 [06:57<00:35,  8.76it/s, recall_0.3=(0, 13324) / 16116]eval:  92%|█████████▏| 3458/3769 [06:57<00:36,  8.61it/s, recall_0.3=(0, 13324) / 16116]eval:  92%|█████████▏| 3458/3769 [06:57<00:36,  8.61it/s, recall_0.3=(0, 13325) / 16117]eval:  92%|█████████▏| 3459/3769 [06:57<00:35,  8.69it/s, recall_0.3=(0, 13325) / 16117]eval:  92%|█████████▏| 3459/3769 [06:57<00:35,  8.69it/s, recall_0.3=(0, 13328) / 16120]eval:  92%|█████████▏| 3460/3769 [06:57<00:37,  8.16it/s, recall_0.3=(0, 13328) / 16120]eval:  92%|█████████▏| 3460/3769 [06:57<00:37,  8.16it/s, recall_0.3=(0, 13329) / 16121]eval:  92%|█████████▏| 3461/3769 [06:57<00:37,  8.29it/s, recall_0.3=(0, 13329) / 16121]eval:  92%|█████████▏| 3461/3769 [06:58<00:37,  8.29it/s, recall_0.3=(0, 13330) / 16122]eval:  92%|█████████▏| 3462/3769 [06:58<00:37,  8.16it/s, recall_0.3=(0, 13330) / 16122]eval:  92%|█████████▏| 3462/3769 [06:58<00:37,  8.16it/s, recall_0.3=(0, 13331) / 16123]eval:  92%|█████████▏| 3463/3769 [06:58<00:37,  8.22it/s, recall_0.3=(0, 13331) / 16123]eval:  92%|█████████▏| 3463/3769 [06:58<00:37,  8.22it/s, recall_0.3=(0, 13333) / 16125]eval:  92%|█████████▏| 3464/3769 [06:58<00:37,  8.13it/s, recall_0.3=(0, 13333) / 16125]eval:  92%|█████████▏| 3464/3769 [06:58<00:37,  8.13it/s, recall_0.3=(0, 13334) / 16130]eval:  92%|█████████▏| 3465/3769 [06:58<00:37,  8.12it/s, recall_0.3=(0, 13334) / 16130]eval:  92%|█████████▏| 3465/3769 [06:58<00:37,  8.12it/s, recall_0.3=(0, 13342) / 16139]eval:  92%|█████████▏| 3466/3769 [06:58<00:36,  8.31it/s, recall_0.3=(0, 13342) / 16139]eval:  92%|█████████▏| 3466/3769 [06:58<00:36,  8.31it/s, recall_0.3=(0, 13346) / 16146]eval:  92%|█████████▏| 3467/3769 [06:58<00:35,  8.40it/s, recall_0.3=(0, 13346) / 16146]eval:  92%|█████████▏| 3467/3769 [06:58<00:35,  8.40it/s, recall_0.3=(0, 13348) / 16149]eval:  92%|█████████▏| 3468/3769 [06:58<00:35,  8.41it/s, recall_0.3=(0, 13348) / 16149]eval:  92%|█████████▏| 3468/3769 [06:58<00:35,  8.41it/s, recall_0.3=(0, 13352) / 16153]eval:  92%|█████████▏| 3469/3769 [06:58<00:34,  8.65it/s, recall_0.3=(0, 13352) / 16153]eval:  92%|█████████▏| 3469/3769 [06:58<00:34,  8.65it/s, recall_0.3=(0, 13357) / 16158]eval:  92%|█████████▏| 3470/3769 [06:58<00:34,  8.70it/s, recall_0.3=(0, 13357) / 16158]eval:  92%|█████████▏| 3470/3769 [06:59<00:34,  8.70it/s, recall_0.3=(0, 13366) / 16168]eval:  92%|█████████▏| 3471/3769 [06:59<00:35,  8.48it/s, recall_0.3=(0, 13366) / 16168]eval:  92%|█████████▏| 3471/3769 [06:59<00:35,  8.48it/s, recall_0.3=(0, 13371) / 16176]eval:  92%|█████████▏| 3472/3769 [06:59<00:35,  8.45it/s, recall_0.3=(0, 13371) / 16176]eval:  92%|█████████▏| 3472/3769 [06:59<00:35,  8.45it/s, recall_0.3=(0, 13377) / 16184]eval:  92%|█████████▏| 3473/3769 [06:59<00:34,  8.52it/s, recall_0.3=(0, 13377) / 16184]eval:  92%|█████████▏| 3473/3769 [06:59<00:34,  8.52it/s, recall_0.3=(0, 13378) / 16185]eval:  92%|█████████▏| 3474/3769 [06:59<00:34,  8.45it/s, recall_0.3=(0, 13378) / 16185]eval:  92%|█████████▏| 3474/3769 [06:59<00:34,  8.45it/s, recall_0.3=(0, 13384) / 16191]eval:  92%|█████████▏| 3475/3769 [06:59<00:34,  8.43it/s, recall_0.3=(0, 13384) / 16191]eval:  92%|█████████▏| 3475/3769 [06:59<00:34,  8.43it/s, recall_0.3=(0, 13389) / 16200]eval:  92%|█████████▏| 3476/3769 [06:59<00:34,  8.45it/s, recall_0.3=(0, 13389) / 16200]eval:  92%|█████████▏| 3476/3769 [06:59<00:34,  8.45it/s, recall_0.3=(0, 13390) / 16201]eval:  92%|█████████▏| 3477/3769 [06:59<00:34,  8.54it/s, recall_0.3=(0, 13390) / 16201]eval:  92%|█████████▏| 3477/3769 [06:59<00:34,  8.54it/s, recall_0.3=(0, 13402) / 16213]eval:  92%|█████████▏| 3478/3769 [06:59<00:33,  8.56it/s, recall_0.3=(0, 13402) / 16213]eval:  92%|█████████▏| 3478/3769 [07:00<00:33,  8.56it/s, recall_0.3=(0, 13410) / 16221]eval:  92%|█████████▏| 3479/3769 [07:00<00:34,  8.43it/s, recall_0.3=(0, 13410) / 16221]eval:  92%|█████████▏| 3479/3769 [07:00<00:34,  8.43it/s, recall_0.3=(0, 13414) / 16226]eval:  92%|█████████▏| 3480/3769 [07:00<00:34,  8.43it/s, recall_0.3=(0, 13414) / 16226]eval:  92%|█████████▏| 3480/3769 [07:00<00:34,  8.43it/s, recall_0.3=(0, 13420) / 16232]eval:  92%|█████████▏| 3481/3769 [07:00<00:33,  8.64it/s, recall_0.3=(0, 13420) / 16232]eval:  92%|█████████▏| 3481/3769 [07:00<00:33,  8.64it/s, recall_0.3=(0, 13426) / 16239]eval:  92%|█████████▏| 3482/3769 [07:00<00:33,  8.55it/s, recall_0.3=(0, 13426) / 16239]eval:  92%|█████████▏| 3482/3769 [07:00<00:33,  8.55it/s, recall_0.3=(0, 13431) / 16245]eval:  92%|█████████▏| 3483/3769 [07:00<00:33,  8.46it/s, recall_0.3=(0, 13431) / 16245]eval:  92%|█████████▏| 3483/3769 [07:00<00:33,  8.46it/s, recall_0.3=(0, 13436) / 16252]eval:  92%|█████████▏| 3484/3769 [07:00<00:33,  8.59it/s, recall_0.3=(0, 13436) / 16252]eval:  92%|█████████▏| 3484/3769 [07:00<00:33,  8.59it/s, recall_0.3=(0, 13439) / 16255]eval:  92%|█████████▏| 3485/3769 [07:00<00:33,  8.54it/s, recall_0.3=(0, 13439) / 16255]eval:  92%|█████████▏| 3485/3769 [07:00<00:33,  8.54it/s, recall_0.3=(0, 13440) / 16256]eval:  92%|█████████▏| 3486/3769 [07:00<00:33,  8.52it/s, recall_0.3=(0, 13440) / 16256]eval:  92%|█████████▏| 3486/3769 [07:00<00:33,  8.52it/s, recall_0.3=(0, 13443) / 16260]eval:  93%|█████████▎| 3487/3769 [07:00<00:32,  8.55it/s, recall_0.3=(0, 13443) / 16260]eval:  93%|█████████▎| 3487/3769 [07:01<00:32,  8.55it/s, recall_0.3=(0, 13447) / 16264]eval:  93%|█████████▎| 3488/3769 [07:01<00:33,  8.32it/s, recall_0.3=(0, 13447) / 16264]eval:  93%|█████████▎| 3488/3769 [07:01<00:33,  8.32it/s, recall_0.3=(0, 13452) / 16272]eval:  93%|█████████▎| 3489/3769 [07:01<00:34,  8.16it/s, recall_0.3=(0, 13452) / 16272]eval:  93%|█████████▎| 3489/3769 [07:01<00:34,  8.16it/s, recall_0.3=(0, 13453) / 16275]eval:  93%|█████████▎| 3490/3769 [07:01<00:34,  8.20it/s, recall_0.3=(0, 13453) / 16275]eval:  93%|█████████▎| 3490/3769 [07:01<00:34,  8.20it/s, recall_0.3=(0, 13456) / 16278]eval:  93%|█████████▎| 3491/3769 [07:01<00:34,  8.09it/s, recall_0.3=(0, 13456) / 16278]eval:  93%|█████████▎| 3491/3769 [07:01<00:34,  8.09it/s, recall_0.3=(0, 13462) / 16285]eval:  93%|█████████▎| 3492/3769 [07:01<00:34,  8.15it/s, recall_0.3=(0, 13462) / 16285]eval:  93%|█████████▎| 3492/3769 [07:01<00:34,  8.15it/s, recall_0.3=(0, 13465) / 16289]eval:  93%|█████████▎| 3493/3769 [07:01<00:34,  7.99it/s, recall_0.3=(0, 13465) / 16289]eval:  93%|█████████▎| 3493/3769 [07:01<00:34,  7.99it/s, recall_0.3=(0, 13469) / 16293]eval:  93%|█████████▎| 3494/3769 [07:01<00:33,  8.20it/s, recall_0.3=(0, 13469) / 16293]eval:  93%|█████████▎| 3494/3769 [07:01<00:33,  8.20it/s, recall_0.3=(0, 13470) / 16294]eval:  93%|█████████▎| 3495/3769 [07:01<00:33,  8.26it/s, recall_0.3=(0, 13470) / 16294]eval:  93%|█████████▎| 3495/3769 [07:02<00:33,  8.26it/s, recall_0.3=(0, 13474) / 16299]eval:  93%|█████████▎| 3496/3769 [07:02<00:33,  8.17it/s, recall_0.3=(0, 13474) / 16299]eval:  93%|█████████▎| 3496/3769 [07:02<00:33,  8.17it/s, recall_0.3=(0, 13482) / 16311]eval:  93%|█████████▎| 3497/3769 [07:02<00:33,  8.05it/s, recall_0.3=(0, 13482) / 16311]eval:  93%|█████████▎| 3497/3769 [07:02<00:33,  8.05it/s, recall_0.3=(0, 13482) / 16312]eval:  93%|█████████▎| 3498/3769 [07:02<00:32,  8.24it/s, recall_0.3=(0, 13482) / 16312]eval:  93%|█████████▎| 3498/3769 [07:02<00:32,  8.24it/s, recall_0.3=(0, 13487) / 16317]eval:  93%|█████████▎| 3499/3769 [07:02<00:32,  8.33it/s, recall_0.3=(0, 13487) / 16317]eval:  93%|█████████▎| 3499/3769 [07:02<00:32,  8.33it/s, recall_0.3=(0, 13493) / 16323]eval:  93%|█████████▎| 3500/3769 [07:02<00:32,  8.41it/s, recall_0.3=(0, 13493) / 16323]eval:  93%|█████████▎| 3500/3769 [07:02<00:32,  8.41it/s, recall_0.3=(0, 13498) / 16328]eval:  93%|█████████▎| 3501/3769 [07:02<00:33,  8.09it/s, recall_0.3=(0, 13498) / 16328]eval:  93%|█████████▎| 3501/3769 [07:02<00:33,  8.09it/s, recall_0.3=(0, 13503) / 16333]eval:  93%|█████████▎| 3502/3769 [07:02<00:32,  8.17it/s, recall_0.3=(0, 13503) / 16333]eval:  93%|█████████▎| 3502/3769 [07:02<00:32,  8.17it/s, recall_0.3=(0, 13511) / 16342]eval:  93%|█████████▎| 3503/3769 [07:02<00:31,  8.33it/s, recall_0.3=(0, 13511) / 16342]eval:  93%|█████████▎| 3503/3769 [07:03<00:31,  8.33it/s, recall_0.3=(0, 13514) / 16346]eval:  93%|█████████▎| 3504/3769 [07:03<00:32,  8.20it/s, recall_0.3=(0, 13514) / 16346]eval:  93%|█████████▎| 3504/3769 [07:03<00:32,  8.20it/s, recall_0.3=(0, 13518) / 16351]eval:  93%|█████████▎| 3505/3769 [07:03<00:32,  8.21it/s, recall_0.3=(0, 13518) / 16351]eval:  93%|█████████▎| 3505/3769 [07:03<00:32,  8.21it/s, recall_0.3=(0, 13520) / 16353]eval:  93%|█████████▎| 3506/3769 [07:03<00:31,  8.43it/s, recall_0.3=(0, 13520) / 16353]eval:  93%|█████████▎| 3506/3769 [07:03<00:31,  8.43it/s, recall_0.3=(0, 13526) / 16362]eval:  93%|█████████▎| 3507/3769 [07:03<00:31,  8.27it/s, recall_0.3=(0, 13526) / 16362]eval:  93%|█████████▎| 3507/3769 [07:03<00:31,  8.27it/s, recall_0.3=(0, 13532) / 16368]eval:  93%|█████████▎| 3508/3769 [07:03<00:31,  8.35it/s, recall_0.3=(0, 13532) / 16368]eval:  93%|█████████▎| 3508/3769 [07:03<00:31,  8.35it/s, recall_0.3=(0, 13540) / 16377]eval:  93%|█████████▎| 3509/3769 [07:03<00:32,  8.05it/s, recall_0.3=(0, 13540) / 16377]eval:  93%|█████████▎| 3509/3769 [07:03<00:32,  8.05it/s, recall_0.3=(0, 13542) / 16380]eval:  93%|█████████▎| 3510/3769 [07:03<00:31,  8.23it/s, recall_0.3=(0, 13542) / 16380]eval:  93%|█████████▎| 3510/3769 [07:03<00:31,  8.23it/s, recall_0.3=(0, 13544) / 16383]eval:  93%|█████████▎| 3511/3769 [07:03<00:32,  8.03it/s, recall_0.3=(0, 13544) / 16383]eval:  93%|█████████▎| 3511/3769 [07:04<00:32,  8.03it/s, recall_0.3=(0, 13548) / 16387]eval:  93%|█████████▎| 3512/3769 [07:04<00:31,  8.28it/s, recall_0.3=(0, 13548) / 16387]eval:  93%|█████████▎| 3512/3769 [07:04<00:31,  8.28it/s, recall_0.3=(0, 13556) / 16397]eval:  93%|█████████▎| 3513/3769 [07:04<00:29,  8.54it/s, recall_0.3=(0, 13556) / 16397]eval:  93%|█████████▎| 3513/3769 [07:04<00:29,  8.54it/s, recall_0.3=(0, 13560) / 16401]eval:  93%|█████████▎| 3514/3769 [07:04<00:30,  8.39it/s, recall_0.3=(0, 13560) / 16401]eval:  93%|█████████▎| 3514/3769 [07:04<00:30,  8.39it/s, recall_0.3=(0, 13566) / 16410]eval:  93%|█████████▎| 3515/3769 [07:04<00:30,  8.32it/s, recall_0.3=(0, 13566) / 16410]eval:  93%|█████████▎| 3515/3769 [07:04<00:30,  8.32it/s, recall_0.3=(0, 13573) / 16419]eval:  93%|█████████▎| 3516/3769 [07:04<00:30,  8.40it/s, recall_0.3=(0, 13573) / 16419]eval:  93%|█████████▎| 3516/3769 [07:04<00:30,  8.40it/s, recall_0.3=(0, 13579) / 16426]eval:  93%|█████████▎| 3517/3769 [07:04<00:30,  8.32it/s, recall_0.3=(0, 13579) / 16426]eval:  93%|█████████▎| 3517/3769 [07:04<00:30,  8.32it/s, recall_0.3=(0, 13586) / 16434]eval:  93%|█████████▎| 3518/3769 [07:04<00:30,  8.15it/s, recall_0.3=(0, 13586) / 16434]eval:  93%|█████████▎| 3518/3769 [07:04<00:30,  8.15it/s, recall_0.3=(0, 13591) / 16439]eval:  93%|█████████▎| 3519/3769 [07:04<00:30,  8.26it/s, recall_0.3=(0, 13591) / 16439]eval:  93%|█████████▎| 3519/3769 [07:05<00:30,  8.26it/s, recall_0.3=(0, 13592) / 16440]eval:  93%|█████████▎| 3520/3769 [07:05<00:29,  8.46it/s, recall_0.3=(0, 13592) / 16440]eval:  93%|█████████▎| 3520/3769 [07:05<00:29,  8.46it/s, recall_0.3=(0, 13598) / 16448]eval:  93%|█████████▎| 3521/3769 [07:05<00:29,  8.48it/s, recall_0.3=(0, 13598) / 16448]eval:  93%|█████████▎| 3521/3769 [07:05<00:29,  8.48it/s, recall_0.3=(0, 13604) / 16454]eval:  93%|█████████▎| 3522/3769 [07:05<00:29,  8.31it/s, recall_0.3=(0, 13604) / 16454]eval:  93%|█████████▎| 3522/3769 [07:05<00:29,  8.31it/s, recall_0.3=(0, 13609) / 16459]eval:  93%|█████████▎| 3523/3769 [07:05<00:30,  8.14it/s, recall_0.3=(0, 13609) / 16459]eval:  93%|█████████▎| 3523/3769 [07:05<00:30,  8.14it/s, recall_0.3=(0, 13614) / 16465]eval:  93%|█████████▎| 3524/3769 [07:05<00:29,  8.22it/s, recall_0.3=(0, 13614) / 16465]eval:  93%|█████████▎| 3524/3769 [07:05<00:29,  8.22it/s, recall_0.3=(0, 13616) / 16467]eval:  94%|█████████▎| 3525/3769 [07:05<00:31,  7.86it/s, recall_0.3=(0, 13616) / 16467]eval:  94%|█████████▎| 3525/3769 [07:05<00:31,  7.86it/s, recall_0.3=(0, 13622) / 16476]eval:  94%|█████████▎| 3526/3769 [07:05<00:30,  8.04it/s, recall_0.3=(0, 13622) / 16476]eval:  94%|█████████▎| 3526/3769 [07:05<00:30,  8.04it/s, recall_0.3=(0, 13626) / 16480]eval:  94%|█████████▎| 3527/3769 [07:05<00:30,  7.84it/s, recall_0.3=(0, 13626) / 16480]eval:  94%|█████████▎| 3527/3769 [07:06<00:30,  7.84it/s, recall_0.3=(0, 13632) / 16486]eval:  94%|█████████▎| 3528/3769 [07:06<00:29,  8.16it/s, recall_0.3=(0, 13632) / 16486]eval:  94%|█████████▎| 3528/3769 [07:06<00:29,  8.16it/s, recall_0.3=(0, 13635) / 16490]eval:  94%|█████████▎| 3529/3769 [07:06<00:29,  8.18it/s, recall_0.3=(0, 13635) / 16490]eval:  94%|█████████▎| 3529/3769 [07:06<00:29,  8.18it/s, recall_0.3=(0, 13637) / 16492]eval:  94%|█████████▎| 3530/3769 [07:06<00:29,  8.21it/s, recall_0.3=(0, 13637) / 16492]eval:  94%|█████████▎| 3530/3769 [07:06<00:29,  8.21it/s, recall_0.3=(0, 13641) / 16496]eval:  94%|█████████▎| 3531/3769 [07:06<00:28,  8.31it/s, recall_0.3=(0, 13641) / 16496]eval:  94%|█████████▎| 3531/3769 [07:06<00:28,  8.31it/s, recall_0.3=(0, 13644) / 16500]eval:  94%|█████████▎| 3532/3769 [07:06<00:29,  8.15it/s, recall_0.3=(0, 13644) / 16500]eval:  94%|█████████▎| 3532/3769 [07:06<00:29,  8.15it/s, recall_0.3=(0, 13648) / 16505]eval:  94%|█████████▎| 3533/3769 [07:06<00:29,  8.13it/s, recall_0.3=(0, 13648) / 16505]eval:  94%|█████████▎| 3533/3769 [07:06<00:29,  8.13it/s, recall_0.3=(0, 13655) / 16513]eval:  94%|█████████▍| 3534/3769 [07:06<00:28,  8.14it/s, recall_0.3=(0, 13655) / 16513]eval:  94%|█████████▍| 3534/3769 [07:06<00:28,  8.14it/s, recall_0.3=(0, 13657) / 16515]eval:  94%|█████████▍| 3535/3769 [07:06<00:28,  8.17it/s, recall_0.3=(0, 13657) / 16515]eval:  94%|█████████▍| 3535/3769 [07:06<00:28,  8.17it/s, recall_0.3=(0, 13659) / 16517]eval:  94%|█████████▍| 3536/3769 [07:06<00:28,  8.27it/s, recall_0.3=(0, 13659) / 16517]eval:  94%|█████████▍| 3536/3769 [07:07<00:28,  8.27it/s, recall_0.3=(0, 13662) / 16523]eval:  94%|█████████▍| 3537/3769 [07:07<00:28,  8.16it/s, recall_0.3=(0, 13662) / 16523]eval:  94%|█████████▍| 3537/3769 [07:07<00:28,  8.16it/s, recall_0.3=(0, 13666) / 16529]eval:  94%|█████████▍| 3538/3769 [07:07<00:28,  8.06it/s, recall_0.3=(0, 13666) / 16529]eval:  94%|█████████▍| 3538/3769 [07:07<00:28,  8.06it/s, recall_0.3=(0, 13668) / 16531]eval:  94%|█████████▍| 3539/3769 [07:07<00:28,  8.11it/s, recall_0.3=(0, 13668) / 16531]eval:  94%|█████████▍| 3539/3769 [07:07<00:28,  8.11it/s, recall_0.3=(0, 13672) / 16537]eval:  94%|█████████▍| 3540/3769 [07:07<00:27,  8.33it/s, recall_0.3=(0, 13672) / 16537]eval:  94%|█████████▍| 3540/3769 [07:07<00:27,  8.33it/s, recall_0.3=(0, 13675) / 16541]eval:  94%|█████████▍| 3541/3769 [07:07<00:26,  8.45it/s, recall_0.3=(0, 13675) / 16541]eval:  94%|█████████▍| 3541/3769 [07:07<00:26,  8.45it/s, recall_0.3=(0, 13679) / 16546]eval:  94%|█████████▍| 3542/3769 [07:07<00:28,  8.10it/s, recall_0.3=(0, 13679) / 16546]eval:  94%|█████████▍| 3542/3769 [07:07<00:28,  8.10it/s, recall_0.3=(0, 13682) / 16549]eval:  94%|█████████▍| 3543/3769 [07:07<00:28,  7.95it/s, recall_0.3=(0, 13682) / 16549]eval:  94%|█████████▍| 3543/3769 [07:07<00:28,  7.95it/s, recall_0.3=(0, 13688) / 16555]eval:  94%|█████████▍| 3544/3769 [07:07<00:28,  7.98it/s, recall_0.3=(0, 13688) / 16555]eval:  94%|█████████▍| 3544/3769 [07:08<00:28,  7.98it/s, recall_0.3=(0, 13695) / 16565]eval:  94%|█████████▍| 3545/3769 [07:08<00:27,  8.13it/s, recall_0.3=(0, 13695) / 16565]eval:  94%|█████████▍| 3545/3769 [07:08<00:27,  8.13it/s, recall_0.3=(0, 13698) / 16568]eval:  94%|█████████▍| 3546/3769 [07:08<00:28,  7.85it/s, recall_0.3=(0, 13698) / 16568]eval:  94%|█████████▍| 3546/3769 [07:08<00:28,  7.85it/s, recall_0.3=(0, 13705) / 16575]eval:  94%|█████████▍| 3547/3769 [07:08<00:27,  8.07it/s, recall_0.3=(0, 13705) / 16575]eval:  94%|█████████▍| 3547/3769 [07:08<00:27,  8.07it/s, recall_0.3=(0, 13711) / 16583]eval:  94%|█████████▍| 3548/3769 [07:08<00:27,  8.13it/s, recall_0.3=(0, 13711) / 16583]eval:  94%|█████████▍| 3548/3769 [07:08<00:27,  8.13it/s, recall_0.3=(0, 13711) / 16584]eval:  94%|█████████▍| 3549/3769 [07:08<00:27,  8.14it/s, recall_0.3=(0, 13711) / 16584]eval:  94%|█████████▍| 3549/3769 [07:08<00:27,  8.14it/s, recall_0.3=(0, 13713) / 16586]eval:  94%|█████████▍| 3550/3769 [07:08<00:26,  8.13it/s, recall_0.3=(0, 13713) / 16586]eval:  94%|█████████▍| 3550/3769 [07:08<00:26,  8.13it/s, recall_0.3=(0, 13714) / 16587]eval:  94%|█████████▍| 3551/3769 [07:08<00:26,  8.29it/s, recall_0.3=(0, 13714) / 16587]eval:  94%|█████████▍| 3551/3769 [07:08<00:26,  8.29it/s, recall_0.3=(0, 13715) / 16588]eval:  94%|█████████▍| 3552/3769 [07:08<00:25,  8.36it/s, recall_0.3=(0, 13715) / 16588]eval:  94%|█████████▍| 3552/3769 [07:09<00:25,  8.36it/s, recall_0.3=(0, 13716) / 16589]eval:  94%|█████████▍| 3553/3769 [07:09<00:25,  8.52it/s, recall_0.3=(0, 13716) / 16589]eval:  94%|█████████▍| 3553/3769 [07:09<00:25,  8.52it/s, recall_0.3=(0, 13716) / 16590]eval:  94%|█████████▍| 3554/3769 [07:09<00:25,  8.49it/s, recall_0.3=(0, 13716) / 16590]eval:  94%|█████████▍| 3554/3769 [07:09<00:25,  8.49it/s, recall_0.3=(0, 13724) / 16599]eval:  94%|█████████▍| 3555/3769 [07:09<00:25,  8.52it/s, recall_0.3=(0, 13724) / 16599]eval:  94%|█████████▍| 3555/3769 [07:09<00:25,  8.52it/s, recall_0.3=(0, 13725) / 16600]eval:  94%|█████████▍| 3556/3769 [07:09<00:24,  8.64it/s, recall_0.3=(0, 13725) / 16600]eval:  94%|█████████▍| 3556/3769 [07:09<00:24,  8.64it/s, recall_0.3=(0, 13727) / 16602]eval:  94%|█████████▍| 3557/3769 [07:09<00:25,  8.47it/s, recall_0.3=(0, 13727) / 16602]eval:  94%|█████████▍| 3557/3769 [07:09<00:25,  8.47it/s, recall_0.3=(0, 13728) / 16603]eval:  94%|█████████▍| 3558/3769 [07:09<00:24,  8.52it/s, recall_0.3=(0, 13728) / 16603]eval:  94%|█████████▍| 3558/3769 [07:09<00:24,  8.52it/s, recall_0.3=(0, 13732) / 16607]eval:  94%|█████████▍| 3559/3769 [07:09<00:25,  8.36it/s, recall_0.3=(0, 13732) / 16607]eval:  94%|█████████▍| 3559/3769 [07:09<00:25,  8.36it/s, recall_0.3=(0, 13740) / 16616]eval:  94%|█████████▍| 3560/3769 [07:09<00:25,  8.18it/s, recall_0.3=(0, 13740) / 16616]eval:  94%|█████████▍| 3560/3769 [07:10<00:25,  8.18it/s, recall_0.3=(0, 13744) / 16620]eval:  94%|█████████▍| 3561/3769 [07:10<00:25,  8.23it/s, recall_0.3=(0, 13744) / 16620]eval:  94%|█████████▍| 3561/3769 [07:10<00:25,  8.23it/s, recall_0.3=(0, 13747) / 16623]eval:  95%|█████████▍| 3562/3769 [07:10<00:25,  8.13it/s, recall_0.3=(0, 13747) / 16623]eval:  95%|█████████▍| 3562/3769 [07:10<00:25,  8.13it/s, recall_0.3=(0, 13753) / 16629]eval:  95%|█████████▍| 3563/3769 [07:10<00:25,  8.23it/s, recall_0.3=(0, 13753) / 16629]eval:  95%|█████████▍| 3563/3769 [07:10<00:25,  8.23it/s, recall_0.3=(0, 13756) / 16633]eval:  95%|█████████▍| 3564/3769 [07:10<00:24,  8.26it/s, recall_0.3=(0, 13756) / 16633]eval:  95%|█████████▍| 3564/3769 [07:10<00:24,  8.26it/s, recall_0.3=(0, 13759) / 16636]eval:  95%|█████████▍| 3565/3769 [07:10<00:24,  8.24it/s, recall_0.3=(0, 13759) / 16636]eval:  95%|█████████▍| 3565/3769 [07:10<00:24,  8.24it/s, recall_0.3=(0, 13761) / 16638]eval:  95%|█████████▍| 3566/3769 [07:10<00:24,  8.19it/s, recall_0.3=(0, 13761) / 16638]eval:  95%|█████████▍| 3566/3769 [07:10<00:24,  8.19it/s, recall_0.3=(0, 13763) / 16640]eval:  95%|█████████▍| 3567/3769 [07:10<00:24,  8.27it/s, recall_0.3=(0, 13763) / 16640]eval:  95%|█████████▍| 3567/3769 [07:10<00:24,  8.27it/s, recall_0.3=(0, 13772) / 16651]eval:  95%|█████████▍| 3568/3769 [07:10<00:24,  8.08it/s, recall_0.3=(0, 13772) / 16651]eval:  95%|█████████▍| 3568/3769 [07:10<00:24,  8.08it/s, recall_0.3=(0, 13773) / 16652]eval:  95%|█████████▍| 3569/3769 [07:10<00:25,  7.95it/s, recall_0.3=(0, 13773) / 16652]eval:  95%|█████████▍| 3569/3769 [07:11<00:25,  7.95it/s, recall_0.3=(0, 13774) / 16653]eval:  95%|█████████▍| 3570/3769 [07:11<00:24,  8.12it/s, recall_0.3=(0, 13774) / 16653]eval:  95%|█████████▍| 3570/3769 [07:11<00:24,  8.12it/s, recall_0.3=(0, 13774) / 16654]eval:  95%|█████████▍| 3571/3769 [07:11<00:23,  8.58it/s, recall_0.3=(0, 13774) / 16654]eval:  95%|█████████▍| 3571/3769 [07:11<00:23,  8.58it/s, recall_0.3=(0, 13779) / 16659]eval:  95%|█████████▍| 3572/3769 [07:11<00:22,  8.68it/s, recall_0.3=(0, 13779) / 16659]eval:  95%|█████████▍| 3572/3769 [07:11<00:22,  8.68it/s, recall_0.3=(0, 13781) / 16662]eval:  95%|█████████▍| 3573/3769 [07:11<00:22,  8.86it/s, recall_0.3=(0, 13781) / 16662]eval:  95%|█████████▍| 3573/3769 [07:11<00:22,  8.86it/s, recall_0.3=(0, 13785) / 16666]eval:  95%|█████████▍| 3574/3769 [07:11<00:21,  8.89it/s, recall_0.3=(0, 13785) / 16666]eval:  95%|█████████▍| 3574/3769 [07:11<00:21,  8.89it/s, recall_0.3=(0, 13788) / 16671]eval:  95%|█████████▍| 3575/3769 [07:11<00:22,  8.45it/s, recall_0.3=(0, 13788) / 16671]eval:  95%|█████████▍| 3575/3769 [07:11<00:22,  8.45it/s, recall_0.3=(0, 13790) / 16673]eval:  95%|█████████▍| 3576/3769 [07:11<00:22,  8.52it/s, recall_0.3=(0, 13790) / 16673]eval:  95%|█████████▍| 3576/3769 [07:11<00:22,  8.52it/s, recall_0.3=(0, 13792) / 16675]eval:  95%|█████████▍| 3577/3769 [07:11<00:22,  8.36it/s, recall_0.3=(0, 13792) / 16675]eval:  95%|█████████▍| 3577/3769 [07:12<00:22,  8.36it/s, recall_0.3=(0, 13799) / 16683]eval:  95%|█████████▍| 3578/3769 [07:12<00:22,  8.38it/s, recall_0.3=(0, 13799) / 16683]eval:  95%|█████████▍| 3578/3769 [07:12<00:22,  8.38it/s, recall_0.3=(0, 13805) / 16693]eval:  95%|█████████▍| 3579/3769 [07:12<00:22,  8.32it/s, recall_0.3=(0, 13805) / 16693]eval:  95%|█████████▍| 3579/3769 [07:12<00:22,  8.32it/s, recall_0.3=(0, 13806) / 16694]eval:  95%|█████████▍| 3580/3769 [07:12<00:22,  8.32it/s, recall_0.3=(0, 13806) / 16694]eval:  95%|█████████▍| 3580/3769 [07:12<00:22,  8.32it/s, recall_0.3=(0, 13812) / 16700]eval:  95%|█████████▌| 3581/3769 [07:12<00:23,  8.15it/s, recall_0.3=(0, 13812) / 16700]eval:  95%|█████████▌| 3581/3769 [07:12<00:23,  8.15it/s, recall_0.3=(0, 13813) / 16702]eval:  95%|█████████▌| 3582/3769 [07:12<00:23,  8.07it/s, recall_0.3=(0, 13813) / 16702]eval:  95%|█████████▌| 3582/3769 [07:12<00:23,  8.07it/s, recall_0.3=(0, 13818) / 16707]eval:  95%|█████████▌| 3583/3769 [07:12<00:22,  8.19it/s, recall_0.3=(0, 13818) / 16707]eval:  95%|█████████▌| 3583/3769 [07:12<00:22,  8.19it/s, recall_0.3=(0, 13822) / 16712]eval:  95%|█████████▌| 3584/3769 [07:12<00:22,  8.16it/s, recall_0.3=(0, 13822) / 16712]eval:  95%|█████████▌| 3584/3769 [07:12<00:22,  8.16it/s, recall_0.3=(0, 13825) / 16715]eval:  95%|█████████▌| 3585/3769 [07:12<00:21,  8.41it/s, recall_0.3=(0, 13825) / 16715]eval:  95%|█████████▌| 3585/3769 [07:13<00:21,  8.41it/s, recall_0.3=(0, 13829) / 16720]eval:  95%|█████████▌| 3586/3769 [07:13<00:22,  8.14it/s, recall_0.3=(0, 13829) / 16720]eval:  95%|█████████▌| 3586/3769 [07:13<00:22,  8.14it/s, recall_0.3=(0, 13831) / 16723]eval:  95%|█████████▌| 3587/3769 [07:13<00:21,  8.35it/s, recall_0.3=(0, 13831) / 16723]eval:  95%|█████████▌| 3587/3769 [07:13<00:21,  8.35it/s, recall_0.3=(0, 13837) / 16730]eval:  95%|█████████▌| 3588/3769 [07:13<00:22,  8.22it/s, recall_0.3=(0, 13837) / 16730]eval:  95%|█████████▌| 3588/3769 [07:13<00:22,  8.22it/s, recall_0.3=(0, 13838) / 16731]eval:  95%|█████████▌| 3589/3769 [07:13<00:21,  8.32it/s, recall_0.3=(0, 13838) / 16731]eval:  95%|█████████▌| 3589/3769 [07:13<00:21,  8.32it/s, recall_0.3=(0, 13842) / 16735]eval:  95%|█████████▌| 3590/3769 [07:13<00:21,  8.16it/s, recall_0.3=(0, 13842) / 16735]eval:  95%|█████████▌| 3590/3769 [07:13<00:21,  8.16it/s, recall_0.3=(0, 13844) / 16737]eval:  95%|█████████▌| 3591/3769 [07:13<00:21,  8.32it/s, recall_0.3=(0, 13844) / 16737]eval:  95%|█████████▌| 3591/3769 [07:13<00:21,  8.32it/s, recall_0.3=(0, 13848) / 16742]eval:  95%|█████████▌| 3592/3769 [07:13<00:21,  8.20it/s, recall_0.3=(0, 13848) / 16742]eval:  95%|█████████▌| 3592/3769 [07:13<00:21,  8.20it/s, recall_0.3=(0, 13855) / 16749]eval:  95%|█████████▌| 3593/3769 [07:13<00:21,  8.20it/s, recall_0.3=(0, 13855) / 16749]eval:  95%|█████████▌| 3593/3769 [07:13<00:21,  8.20it/s, recall_0.3=(0, 13861) / 16757]eval:  95%|█████████▌| 3594/3769 [07:13<00:20,  8.37it/s, recall_0.3=(0, 13861) / 16757]eval:  95%|█████████▌| 3594/3769 [07:14<00:20,  8.37it/s, recall_0.3=(0, 13863) / 16759]eval:  95%|█████████▌| 3595/3769 [07:14<00:21,  8.08it/s, recall_0.3=(0, 13863) / 16759]eval:  95%|█████████▌| 3595/3769 [07:14<00:21,  8.08it/s, recall_0.3=(0, 13866) / 16762]eval:  95%|█████████▌| 3596/3769 [07:14<00:21,  8.21it/s, recall_0.3=(0, 13866) / 16762]eval:  95%|█████████▌| 3596/3769 [07:14<00:21,  8.21it/s, recall_0.3=(0, 13874) / 16771]eval:  95%|█████████▌| 3597/3769 [07:14<00:20,  8.20it/s, recall_0.3=(0, 13874) / 16771]eval:  95%|█████████▌| 3597/3769 [07:14<00:20,  8.20it/s, recall_0.3=(0, 13877) / 16774]eval:  95%|█████████▌| 3598/3769 [07:14<00:20,  8.35it/s, recall_0.3=(0, 13877) / 16774]eval:  95%|█████████▌| 3598/3769 [07:14<00:20,  8.35it/s, recall_0.3=(0, 13885) / 16782]eval:  95%|█████████▌| 3599/3769 [07:14<00:20,  8.34it/s, recall_0.3=(0, 13885) / 16782]eval:  95%|█████████▌| 3599/3769 [07:14<00:20,  8.34it/s, recall_0.3=(0, 13888) / 16785]eval:  96%|█████████▌| 3600/3769 [07:14<00:20,  8.31it/s, recall_0.3=(0, 13888) / 16785]eval:  96%|█████████▌| 3600/3769 [07:14<00:20,  8.31it/s, recall_0.3=(0, 13894) / 16792]eval:  96%|█████████▌| 3601/3769 [07:14<00:20,  8.38it/s, recall_0.3=(0, 13894) / 16792]eval:  96%|█████████▌| 3601/3769 [07:14<00:20,  8.38it/s, recall_0.3=(0, 13897) / 16795]eval:  96%|█████████▌| 3602/3769 [07:14<00:19,  8.47it/s, recall_0.3=(0, 13897) / 16795]eval:  96%|█████████▌| 3602/3769 [07:15<00:19,  8.47it/s, recall_0.3=(0, 13903) / 16803]eval:  96%|█████████▌| 3603/3769 [07:15<00:19,  8.45it/s, recall_0.3=(0, 13903) / 16803]eval:  96%|█████████▌| 3603/3769 [07:15<00:19,  8.45it/s, recall_0.3=(0, 13908) / 16810]eval:  96%|█████████▌| 3604/3769 [07:15<00:19,  8.46it/s, recall_0.3=(0, 13908) / 16810]eval:  96%|█████████▌| 3604/3769 [07:15<00:19,  8.46it/s, recall_0.3=(0, 13911) / 16813]eval:  96%|█████████▌| 3605/3769 [07:15<00:19,  8.48it/s, recall_0.3=(0, 13911) / 16813]eval:  96%|█████████▌| 3605/3769 [07:15<00:19,  8.48it/s, recall_0.3=(0, 13919) / 16824]eval:  96%|█████████▌| 3606/3769 [07:15<00:19,  8.50it/s, recall_0.3=(0, 13919) / 16824]eval:  96%|█████████▌| 3606/3769 [07:15<00:19,  8.50it/s, recall_0.3=(0, 13924) / 16830]eval:  96%|█████████▌| 3607/3769 [07:15<00:18,  8.70it/s, recall_0.3=(0, 13924) / 16830]eval:  96%|█████████▌| 3607/3769 [07:15<00:18,  8.70it/s, recall_0.3=(0, 13925) / 16831]eval:  96%|█████████▌| 3608/3769 [07:15<00:18,  8.50it/s, recall_0.3=(0, 13925) / 16831]eval:  96%|█████████▌| 3608/3769 [07:15<00:18,  8.50it/s, recall_0.3=(0, 13927) / 16834]eval:  96%|█████████▌| 3609/3769 [07:15<00:18,  8.58it/s, recall_0.3=(0, 13927) / 16834]eval:  96%|█████████▌| 3609/3769 [07:15<00:18,  8.58it/s, recall_0.3=(0, 13930) / 16837]eval:  96%|█████████▌| 3610/3769 [07:15<00:18,  8.71it/s, recall_0.3=(0, 13930) / 16837]eval:  96%|█████████▌| 3610/3769 [07:15<00:18,  8.71it/s, recall_0.3=(0, 13931) / 16839]eval:  96%|█████████▌| 3611/3769 [07:15<00:18,  8.66it/s, recall_0.3=(0, 13931) / 16839]eval:  96%|█████████▌| 3611/3769 [07:16<00:18,  8.66it/s, recall_0.3=(0, 13940) / 16849]eval:  96%|█████████▌| 3612/3769 [07:16<00:18,  8.51it/s, recall_0.3=(0, 13940) / 16849]eval:  96%|█████████▌| 3612/3769 [07:16<00:18,  8.51it/s, recall_0.3=(0, 13940) / 16850]eval:  96%|█████████▌| 3613/3769 [07:16<00:18,  8.34it/s, recall_0.3=(0, 13940) / 16850]eval:  96%|█████████▌| 3613/3769 [07:16<00:18,  8.34it/s, recall_0.3=(0, 13950) / 16861]eval:  96%|█████████▌| 3614/3769 [07:16<00:18,  8.54it/s, recall_0.3=(0, 13950) / 16861]eval:  96%|█████████▌| 3614/3769 [07:16<00:18,  8.54it/s, recall_0.3=(0, 13952) / 16865]eval:  96%|█████████▌| 3615/3769 [07:16<00:18,  8.40it/s, recall_0.3=(0, 13952) / 16865]eval:  96%|█████████▌| 3615/3769 [07:16<00:18,  8.40it/s, recall_0.3=(0, 13954) / 16867]eval:  96%|█████████▌| 3616/3769 [07:16<00:18,  8.32it/s, recall_0.3=(0, 13954) / 16867]eval:  96%|█████████▌| 3616/3769 [07:16<00:18,  8.32it/s, recall_0.3=(0, 13956) / 16869]eval:  96%|█████████▌| 3617/3769 [07:16<00:18,  8.37it/s, recall_0.3=(0, 13956) / 16869]eval:  96%|█████████▌| 3617/3769 [07:16<00:18,  8.37it/s, recall_0.3=(0, 13965) / 16878]eval:  96%|█████████▌| 3618/3769 [07:16<00:18,  8.21it/s, recall_0.3=(0, 13965) / 16878]eval:  96%|█████████▌| 3618/3769 [07:16<00:18,  8.21it/s, recall_0.3=(0, 13974) / 16887]eval:  96%|█████████▌| 3619/3769 [07:16<00:18,  8.32it/s, recall_0.3=(0, 13974) / 16887]eval:  96%|█████████▌| 3619/3769 [07:17<00:18,  8.32it/s, recall_0.3=(0, 13975) / 16888]eval:  96%|█████████▌| 3620/3769 [07:17<00:17,  8.32it/s, recall_0.3=(0, 13975) / 16888]eval:  96%|█████████▌| 3620/3769 [07:17<00:17,  8.32it/s, recall_0.3=(0, 13977) / 16890]eval:  96%|█████████▌| 3621/3769 [07:17<00:18,  8.12it/s, recall_0.3=(0, 13977) / 16890]eval:  96%|█████████▌| 3621/3769 [07:17<00:18,  8.12it/s, recall_0.3=(0, 13979) / 16892]eval:  96%|█████████▌| 3622/3769 [07:17<00:17,  8.26it/s, recall_0.3=(0, 13979) / 16892]eval:  96%|█████████▌| 3622/3769 [07:17<00:17,  8.26it/s, recall_0.3=(0, 13981) / 16895]eval:  96%|█████████▌| 3623/3769 [07:17<00:17,  8.26it/s, recall_0.3=(0, 13981) / 16895]eval:  96%|█████████▌| 3623/3769 [07:17<00:17,  8.26it/s, recall_0.3=(0, 13984) / 16899]eval:  96%|█████████▌| 3624/3769 [07:17<00:17,  8.29it/s, recall_0.3=(0, 13984) / 16899]eval:  96%|█████████▌| 3624/3769 [07:17<00:17,  8.29it/s, recall_0.3=(0, 13987) / 16902]eval:  96%|█████████▌| 3625/3769 [07:17<00:17,  8.22it/s, recall_0.3=(0, 13987) / 16902]eval:  96%|█████████▌| 3625/3769 [07:17<00:17,  8.22it/s, recall_0.3=(0, 13992) / 16907]eval:  96%|█████████▌| 3626/3769 [07:17<00:17,  8.29it/s, recall_0.3=(0, 13992) / 16907]eval:  96%|█████████▌| 3626/3769 [07:17<00:17,  8.29it/s, recall_0.3=(0, 13992) / 16909]eval:  96%|█████████▌| 3627/3769 [07:17<00:17,  8.34it/s, recall_0.3=(0, 13992) / 16909]eval:  96%|█████████▌| 3627/3769 [07:18<00:17,  8.34it/s, recall_0.3=(0, 13995) / 16912]eval:  96%|█████████▋| 3628/3769 [07:18<00:17,  8.07it/s, recall_0.3=(0, 13995) / 16912]eval:  96%|█████████▋| 3628/3769 [07:18<00:17,  8.07it/s, recall_0.3=(0, 13999) / 16917]eval:  96%|█████████▋| 3629/3769 [07:18<00:17,  7.96it/s, recall_0.3=(0, 13999) / 16917]eval:  96%|█████████▋| 3629/3769 [07:18<00:17,  7.96it/s, recall_0.3=(0, 14004) / 16922]eval:  96%|█████████▋| 3630/3769 [07:18<00:17,  7.94it/s, recall_0.3=(0, 14004) / 16922]eval:  96%|█████████▋| 3630/3769 [07:18<00:17,  7.94it/s, recall_0.3=(0, 14013) / 16932]eval:  96%|█████████▋| 3631/3769 [07:18<00:16,  8.12it/s, recall_0.3=(0, 14013) / 16932]eval:  96%|█████████▋| 3631/3769 [07:18<00:16,  8.12it/s, recall_0.3=(0, 14014) / 16934]eval:  96%|█████████▋| 3632/3769 [07:18<00:16,  8.28it/s, recall_0.3=(0, 14014) / 16934]eval:  96%|█████████▋| 3632/3769 [07:18<00:16,  8.28it/s, recall_0.3=(0, 14016) / 16936]eval:  96%|█████████▋| 3633/3769 [07:18<00:16,  8.30it/s, recall_0.3=(0, 14016) / 16936]eval:  96%|█████████▋| 3633/3769 [07:18<00:16,  8.30it/s, recall_0.3=(0, 14021) / 16941]eval:  96%|█████████▋| 3634/3769 [07:18<00:15,  8.50it/s, recall_0.3=(0, 14021) / 16941]eval:  96%|█████████▋| 3634/3769 [07:18<00:15,  8.50it/s, recall_0.3=(0, 14026) / 16947]eval:  96%|█████████▋| 3635/3769 [07:18<00:16,  8.22it/s, recall_0.3=(0, 14026) / 16947]eval:  96%|█████████▋| 3635/3769 [07:19<00:16,  8.22it/s, recall_0.3=(0, 14030) / 16951]eval:  96%|█████████▋| 3636/3769 [07:19<00:15,  8.35it/s, recall_0.3=(0, 14030) / 16951]eval:  96%|█████████▋| 3636/3769 [07:19<00:15,  8.35it/s, recall_0.3=(0, 14033) / 16954]eval:  96%|█████████▋| 3637/3769 [07:19<00:15,  8.39it/s, recall_0.3=(0, 14033) / 16954]eval:  96%|█████████▋| 3637/3769 [07:19<00:15,  8.39it/s, recall_0.3=(0, 14036) / 16957]eval:  97%|█████████▋| 3638/3769 [07:19<00:15,  8.58it/s, recall_0.3=(0, 14036) / 16957]eval:  97%|█████████▋| 3638/3769 [07:19<00:15,  8.58it/s, recall_0.3=(0, 14037) / 16958]eval:  97%|█████████▋| 3639/3769 [07:19<00:15,  8.32it/s, recall_0.3=(0, 14037) / 16958]eval:  97%|█████████▋| 3639/3769 [07:19<00:15,  8.32it/s, recall_0.3=(0, 14038) / 16959]eval:  97%|█████████▋| 3640/3769 [07:19<00:15,  8.41it/s, recall_0.3=(0, 14038) / 16959]eval:  97%|█████████▋| 3640/3769 [07:19<00:15,  8.41it/s, recall_0.3=(0, 14039) / 16964]eval:  97%|█████████▋| 3641/3769 [07:19<00:15,  8.49it/s, recall_0.3=(0, 14039) / 16964]eval:  97%|█████████▋| 3641/3769 [07:19<00:15,  8.49it/s, recall_0.3=(0, 14046) / 16975]eval:  97%|█████████▋| 3642/3769 [07:19<00:15,  8.18it/s, recall_0.3=(0, 14046) / 16975]eval:  97%|█████████▋| 3642/3769 [07:19<00:15,  8.18it/s, recall_0.3=(0, 14047) / 16976]eval:  97%|█████████▋| 3643/3769 [07:19<00:15,  8.09it/s, recall_0.3=(0, 14047) / 16976]eval:  97%|█████████▋| 3643/3769 [07:19<00:15,  8.09it/s, recall_0.3=(0, 14052) / 16986]eval:  97%|█████████▋| 3644/3769 [07:19<00:15,  8.06it/s, recall_0.3=(0, 14052) / 16986]eval:  97%|█████████▋| 3644/3769 [07:20<00:15,  8.06it/s, recall_0.3=(0, 14055) / 16989]eval:  97%|█████████▋| 3645/3769 [07:20<00:15,  8.24it/s, recall_0.3=(0, 14055) / 16989]eval:  97%|█████████▋| 3645/3769 [07:20<00:15,  8.24it/s, recall_0.3=(0, 14056) / 16990]eval:  97%|█████████▋| 3646/3769 [07:20<00:14,  8.29it/s, recall_0.3=(0, 14056) / 16990]eval:  97%|█████████▋| 3646/3769 [07:20<00:14,  8.29it/s, recall_0.3=(0, 14060) / 16996]eval:  97%|█████████▋| 3647/3769 [07:20<00:14,  8.30it/s, recall_0.3=(0, 14060) / 16996]eval:  97%|█████████▋| 3647/3769 [07:20<00:14,  8.30it/s, recall_0.3=(0, 14065) / 17003]eval:  97%|█████████▋| 3648/3769 [07:20<00:14,  8.28it/s, recall_0.3=(0, 14065) / 17003]eval:  97%|█████████▋| 3648/3769 [07:20<00:14,  8.28it/s, recall_0.3=(0, 14068) / 17006]eval:  97%|█████████▋| 3649/3769 [07:20<00:14,  8.42it/s, recall_0.3=(0, 14068) / 17006]eval:  97%|█████████▋| 3649/3769 [07:20<00:14,  8.42it/s, recall_0.3=(0, 14070) / 17008]eval:  97%|█████████▋| 3650/3769 [07:20<00:14,  8.35it/s, recall_0.3=(0, 14070) / 17008]eval:  97%|█████████▋| 3650/3769 [07:20<00:14,  8.35it/s, recall_0.3=(0, 14071) / 17009]eval:  97%|█████████▋| 3651/3769 [07:20<00:13,  8.57it/s, recall_0.3=(0, 14071) / 17009]eval:  97%|█████████▋| 3651/3769 [07:20<00:13,  8.57it/s, recall_0.3=(0, 14077) / 17017]eval:  97%|█████████▋| 3652/3769 [07:20<00:13,  8.54it/s, recall_0.3=(0, 14077) / 17017]eval:  97%|█████████▋| 3652/3769 [07:21<00:13,  8.54it/s, recall_0.3=(0, 14079) / 17020]eval:  97%|█████████▋| 3653/3769 [07:21<00:13,  8.38it/s, recall_0.3=(0, 14079) / 17020]eval:  97%|█████████▋| 3653/3769 [07:21<00:13,  8.38it/s, recall_0.3=(0, 14080) / 17021]eval:  97%|█████████▋| 3654/3769 [07:21<00:13,  8.61it/s, recall_0.3=(0, 14080) / 17021]eval:  97%|█████████▋| 3654/3769 [07:21<00:13,  8.61it/s, recall_0.3=(0, 14086) / 17029]eval:  97%|█████████▋| 3655/3769 [07:21<00:13,  8.41it/s, recall_0.3=(0, 14086) / 17029]eval:  97%|█████████▋| 3655/3769 [07:21<00:13,  8.41it/s, recall_0.3=(0, 14087) / 17030]eval:  97%|█████████▋| 3656/3769 [07:21<00:13,  8.62it/s, recall_0.3=(0, 14087) / 17030]eval:  97%|█████████▋| 3656/3769 [07:21<00:13,  8.62it/s, recall_0.3=(0, 14088) / 17032]eval:  97%|█████████▋| 3657/3769 [07:21<00:12,  8.66it/s, recall_0.3=(0, 14088) / 17032]eval:  97%|█████████▋| 3657/3769 [07:21<00:12,  8.66it/s, recall_0.3=(0, 14094) / 17038]eval:  97%|█████████▋| 3658/3769 [07:21<00:13,  8.41it/s, recall_0.3=(0, 14094) / 17038]eval:  97%|█████████▋| 3658/3769 [07:21<00:13,  8.41it/s, recall_0.3=(0, 14099) / 17044]eval:  97%|█████████▋| 3659/3769 [07:21<00:13,  8.45it/s, recall_0.3=(0, 14099) / 17044]eval:  97%|█████████▋| 3659/3769 [07:21<00:13,  8.45it/s, recall_0.3=(0, 14102) / 17048]eval:  97%|█████████▋| 3660/3769 [07:21<00:12,  8.47it/s, recall_0.3=(0, 14102) / 17048]eval:  97%|█████████▋| 3660/3769 [07:22<00:12,  8.47it/s, recall_0.3=(0, 14103) / 17049]eval:  97%|█████████▋| 3661/3769 [07:22<00:14,  7.50it/s, recall_0.3=(0, 14103) / 17049]eval:  97%|█████████▋| 3661/3769 [07:22<00:14,  7.50it/s, recall_0.3=(0, 14104) / 17050]eval:  97%|█████████▋| 3662/3769 [07:22<00:13,  8.06it/s, recall_0.3=(0, 14104) / 17050]eval:  97%|█████████▋| 3662/3769 [07:22<00:13,  8.06it/s, recall_0.3=(0, 14107) / 17062]eval:  97%|█████████▋| 3663/3769 [07:22<00:12,  8.17it/s, recall_0.3=(0, 14107) / 17062]eval:  97%|█████████▋| 3663/3769 [07:22<00:12,  8.17it/s, recall_0.3=(0, 14111) / 17068]eval:  97%|█████████▋| 3664/3769 [07:22<00:12,  8.11it/s, recall_0.3=(0, 14111) / 17068]eval:  97%|█████████▋| 3664/3769 [07:22<00:12,  8.11it/s, recall_0.3=(0, 14113) / 17070]eval:  97%|█████████▋| 3665/3769 [07:22<00:12,  8.29it/s, recall_0.3=(0, 14113) / 17070]eval:  97%|█████████▋| 3665/3769 [07:22<00:12,  8.29it/s, recall_0.3=(0, 14116) / 17073]eval:  97%|█████████▋| 3666/3769 [07:22<00:12,  8.35it/s, recall_0.3=(0, 14116) / 17073]eval:  97%|█████████▋| 3666/3769 [07:22<00:12,  8.35it/s, recall_0.3=(0, 14121) / 17078]eval:  97%|█████████▋| 3667/3769 [07:22<00:12,  8.33it/s, recall_0.3=(0, 14121) / 17078]eval:  97%|█████████▋| 3667/3769 [07:22<00:12,  8.33it/s, recall_0.3=(0, 14125) / 17084]eval:  97%|█████████▋| 3668/3769 [07:22<00:11,  8.48it/s, recall_0.3=(0, 14125) / 17084]eval:  97%|█████████▋| 3668/3769 [07:22<00:11,  8.48it/s, recall_0.3=(0, 14126) / 17085]eval:  97%|█████████▋| 3669/3769 [07:22<00:11,  8.74it/s, recall_0.3=(0, 14126) / 17085]eval:  97%|█████████▋| 3669/3769 [07:23<00:11,  8.74it/s, recall_0.3=(0, 14127) / 17086]eval:  97%|█████████▋| 3670/3769 [07:23<00:11,  8.51it/s, recall_0.3=(0, 14127) / 17086]eval:  97%|█████████▋| 3670/3769 [07:23<00:11,  8.51it/s, recall_0.3=(0, 14130) / 17089]eval:  97%|█████████▋| 3671/3769 [07:23<00:11,  8.58it/s, recall_0.3=(0, 14130) / 17089]eval:  97%|█████████▋| 3671/3769 [07:23<00:11,  8.58it/s, recall_0.3=(0, 14131) / 17090]eval:  97%|█████████▋| 3672/3769 [07:23<00:11,  8.46it/s, recall_0.3=(0, 14131) / 17090]eval:  97%|█████████▋| 3672/3769 [07:23<00:11,  8.46it/s, recall_0.3=(0, 14138) / 17099]eval:  97%|█████████▋| 3673/3769 [07:23<00:11,  8.44it/s, recall_0.3=(0, 14138) / 17099]eval:  97%|█████████▋| 3673/3769 [07:23<00:11,  8.44it/s, recall_0.3=(0, 14139) / 17100]eval:  97%|█████████▋| 3674/3769 [07:23<00:11,  8.59it/s, recall_0.3=(0, 14139) / 17100]eval:  97%|█████████▋| 3674/3769 [07:23<00:11,  8.59it/s, recall_0.3=(0, 14142) / 17103]eval:  98%|█████████▊| 3675/3769 [07:23<00:11,  8.41it/s, recall_0.3=(0, 14142) / 17103]eval:  98%|█████████▊| 3675/3769 [07:23<00:11,  8.41it/s, recall_0.3=(0, 14154) / 17116]eval:  98%|█████████▊| 3676/3769 [07:23<00:10,  8.55it/s, recall_0.3=(0, 14154) / 17116]eval:  98%|█████████▊| 3676/3769 [07:23<00:10,  8.55it/s, recall_0.3=(0, 14161) / 17123]eval:  98%|█████████▊| 3677/3769 [07:23<00:11,  8.35it/s, recall_0.3=(0, 14161) / 17123]eval:  98%|█████████▊| 3677/3769 [07:24<00:11,  8.35it/s, recall_0.3=(0, 14166) / 17130]eval:  98%|█████████▊| 3678/3769 [07:24<00:10,  8.44it/s, recall_0.3=(0, 14166) / 17130]eval:  98%|█████████▊| 3678/3769 [07:24<00:10,  8.44it/s, recall_0.3=(0, 14167) / 17131]eval:  98%|█████████▊| 3679/3769 [07:24<00:10,  8.52it/s, recall_0.3=(0, 14167) / 17131]eval:  98%|█████████▊| 3679/3769 [07:24<00:10,  8.52it/s, recall_0.3=(0, 14174) / 17139]eval:  98%|█████████▊| 3680/3769 [07:24<00:10,  8.71it/s, recall_0.3=(0, 14174) / 17139]eval:  98%|█████████▊| 3680/3769 [07:24<00:10,  8.71it/s, recall_0.3=(0, 14184) / 17149]eval:  98%|█████████▊| 3681/3769 [07:24<00:09,  8.96it/s, recall_0.3=(0, 14184) / 17149]eval:  98%|█████████▊| 3681/3769 [07:24<00:09,  8.96it/s, recall_0.3=(0, 14186) / 17152]eval:  98%|█████████▊| 3682/3769 [07:24<00:09,  8.75it/s, recall_0.3=(0, 14186) / 17152]eval:  98%|█████████▊| 3682/3769 [07:24<00:09,  8.75it/s, recall_0.3=(0, 14187) / 17153]eval:  98%|█████████▊| 3683/3769 [07:24<00:09,  8.91it/s, recall_0.3=(0, 14187) / 17153]eval:  98%|█████████▊| 3683/3769 [07:24<00:09,  8.91it/s, recall_0.3=(0, 14192) / 17158]eval:  98%|█████████▊| 3684/3769 [07:24<00:09,  9.04it/s, recall_0.3=(0, 14192) / 17158]eval:  98%|█████████▊| 3684/3769 [07:24<00:09,  9.04it/s, recall_0.3=(0, 14198) / 17164]eval:  98%|█████████▊| 3685/3769 [07:24<00:09,  8.96it/s, recall_0.3=(0, 14198) / 17164]eval:  98%|█████████▊| 3685/3769 [07:24<00:09,  8.96it/s, recall_0.3=(0, 14199) / 17166]eval:  98%|█████████▊| 3686/3769 [07:24<00:09,  9.14it/s, recall_0.3=(0, 14199) / 17166]eval:  98%|█████████▊| 3686/3769 [07:25<00:09,  9.14it/s, recall_0.3=(0, 14201) / 17168]eval:  98%|█████████▊| 3687/3769 [07:25<00:09,  8.88it/s, recall_0.3=(0, 14201) / 17168]eval:  98%|█████████▊| 3687/3769 [07:25<00:09,  8.88it/s, recall_0.3=(0, 14208) / 17175]eval:  98%|█████████▊| 3688/3769 [07:25<00:09,  8.71it/s, recall_0.3=(0, 14208) / 17175]eval:  98%|█████████▊| 3688/3769 [07:25<00:09,  8.71it/s, recall_0.3=(0, 14216) / 17183]eval:  98%|█████████▊| 3689/3769 [07:25<00:09,  8.27it/s, recall_0.3=(0, 14216) / 17183]eval:  98%|█████████▊| 3689/3769 [07:25<00:09,  8.27it/s, recall_0.3=(0, 14224) / 17192]eval:  98%|█████████▊| 3690/3769 [07:25<00:09,  8.31it/s, recall_0.3=(0, 14224) / 17192]eval:  98%|█████████▊| 3690/3769 [07:25<00:09,  8.31it/s, recall_0.3=(0, 14225) / 17193]eval:  98%|█████████▊| 3691/3769 [07:25<00:09,  8.35it/s, recall_0.3=(0, 14225) / 17193]eval:  98%|█████████▊| 3691/3769 [07:25<00:09,  8.35it/s, recall_0.3=(0, 14226) / 17194]eval:  98%|█████████▊| 3692/3769 [07:25<00:08,  8.58it/s, recall_0.3=(0, 14226) / 17194]eval:  98%|█████████▊| 3692/3769 [07:25<00:08,  8.58it/s, recall_0.3=(0, 14227) / 17195]eval:  98%|█████████▊| 3693/3769 [07:25<00:09,  8.30it/s, recall_0.3=(0, 14227) / 17195]eval:  98%|█████████▊| 3693/3769 [07:25<00:09,  8.30it/s, recall_0.3=(0, 14228) / 17200]eval:  98%|█████████▊| 3694/3769 [07:25<00:09,  8.27it/s, recall_0.3=(0, 14228) / 17200]eval:  98%|█████████▊| 3694/3769 [07:25<00:09,  8.27it/s, recall_0.3=(0, 14232) / 17206]eval:  98%|█████████▊| 3695/3769 [07:25<00:08,  8.46it/s, recall_0.3=(0, 14232) / 17206]eval:  98%|█████████▊| 3695/3769 [07:26<00:08,  8.46it/s, recall_0.3=(0, 14242) / 17216]eval:  98%|█████████▊| 3696/3769 [07:26<00:08,  8.50it/s, recall_0.3=(0, 14242) / 17216]eval:  98%|█████████▊| 3696/3769 [07:26<00:08,  8.50it/s, recall_0.3=(0, 14243) / 17217]eval:  98%|█████████▊| 3697/3769 [07:26<00:08,  8.33it/s, recall_0.3=(0, 14243) / 17217]eval:  98%|█████████▊| 3697/3769 [07:26<00:08,  8.33it/s, recall_0.3=(0, 14246) / 17220]eval:  98%|█████████▊| 3698/3769 [07:26<00:08,  8.31it/s, recall_0.3=(0, 14246) / 17220]eval:  98%|█████████▊| 3698/3769 [07:26<00:08,  8.31it/s, recall_0.3=(0, 14254) / 17228]eval:  98%|█████████▊| 3699/3769 [07:26<00:08,  8.20it/s, recall_0.3=(0, 14254) / 17228]eval:  98%|█████████▊| 3699/3769 [07:26<00:08,  8.20it/s, recall_0.3=(0, 14257) / 17232]eval:  98%|█████████▊| 3700/3769 [07:26<00:08,  8.22it/s, recall_0.3=(0, 14257) / 17232]eval:  98%|█████████▊| 3700/3769 [07:26<00:08,  8.22it/s, recall_0.3=(0, 14264) / 17240]eval:  98%|█████████▊| 3701/3769 [07:26<00:08,  8.12it/s, recall_0.3=(0, 14264) / 17240]eval:  98%|█████████▊| 3701/3769 [07:26<00:08,  8.12it/s, recall_0.3=(0, 14271) / 17247]eval:  98%|█████████▊| 3702/3769 [07:26<00:08,  8.22it/s, recall_0.3=(0, 14271) / 17247]eval:  98%|█████████▊| 3702/3769 [07:26<00:08,  8.22it/s, recall_0.3=(0, 14272) / 17248]eval:  98%|█████████▊| 3703/3769 [07:26<00:07,  8.25it/s, recall_0.3=(0, 14272) / 17248]eval:  98%|█████████▊| 3703/3769 [07:27<00:07,  8.25it/s, recall_0.3=(0, 14274) / 17250]eval:  98%|█████████▊| 3704/3769 [07:27<00:07,  8.32it/s, recall_0.3=(0, 14274) / 17250]eval:  98%|█████████▊| 3704/3769 [07:27<00:07,  8.32it/s, recall_0.3=(0, 14276) / 17252]eval:  98%|█████████▊| 3705/3769 [07:27<00:07,  8.37it/s, recall_0.3=(0, 14276) / 17252]eval:  98%|█████████▊| 3705/3769 [07:27<00:07,  8.37it/s, recall_0.3=(0, 14277) / 17253]eval:  98%|█████████▊| 3706/3769 [07:27<00:07,  8.44it/s, recall_0.3=(0, 14277) / 17253]eval:  98%|█████████▊| 3706/3769 [07:27<00:07,  8.44it/s, recall_0.3=(0, 14281) / 17257]eval:  98%|█████████▊| 3707/3769 [07:27<00:07,  8.19it/s, recall_0.3=(0, 14281) / 17257]eval:  98%|█████████▊| 3707/3769 [07:27<00:07,  8.19it/s, recall_0.3=(0, 14283) / 17259]eval:  98%|█████████▊| 3708/3769 [07:27<00:07,  8.22it/s, recall_0.3=(0, 14283) / 17259]eval:  98%|█████████▊| 3708/3769 [07:27<00:07,  8.22it/s, recall_0.3=(0, 14285) / 17261]eval:  98%|█████████▊| 3709/3769 [07:27<00:07,  8.12it/s, recall_0.3=(0, 14285) / 17261]eval:  98%|█████████▊| 3709/3769 [07:27<00:07,  8.12it/s, recall_0.3=(0, 14285) / 17262]eval:  98%|█████████▊| 3710/3769 [07:27<00:07,  8.38it/s, recall_0.3=(0, 14285) / 17262]eval:  98%|█████████▊| 3710/3769 [07:27<00:07,  8.38it/s, recall_0.3=(0, 14289) / 17267]eval:  98%|█████████▊| 3711/3769 [07:27<00:06,  8.50it/s, recall_0.3=(0, 14289) / 17267]eval:  98%|█████████▊| 3711/3769 [07:28<00:06,  8.50it/s, recall_0.3=(0, 14294) / 17273]eval:  98%|█████████▊| 3712/3769 [07:28<00:06,  8.51it/s, recall_0.3=(0, 14294) / 17273]eval:  98%|█████████▊| 3712/3769 [07:28<00:06,  8.51it/s, recall_0.3=(0, 14298) / 17277]eval:  99%|█████████▊| 3713/3769 [07:28<00:06,  8.63it/s, recall_0.3=(0, 14298) / 17277]eval:  99%|█████████▊| 3713/3769 [07:28<00:06,  8.63it/s, recall_0.3=(0, 14301) / 17281]eval:  99%|█████████▊| 3714/3769 [07:28<00:06,  8.52it/s, recall_0.3=(0, 14301) / 17281]eval:  99%|█████████▊| 3714/3769 [07:28<00:06,  8.52it/s, recall_0.3=(0, 14303) / 17284]eval:  99%|█████████▊| 3715/3769 [07:28<00:06,  8.61it/s, recall_0.3=(0, 14303) / 17284]eval:  99%|█████████▊| 3715/3769 [07:28<00:06,  8.61it/s, recall_0.3=(0, 14304) / 17285]eval:  99%|█████████▊| 3716/3769 [07:28<00:06,  8.80it/s, recall_0.3=(0, 14304) / 17285]eval:  99%|█████████▊| 3716/3769 [07:28<00:06,  8.80it/s, recall_0.3=(0, 14306) / 17288]eval:  99%|█████████▊| 3717/3769 [07:28<00:05,  8.84it/s, recall_0.3=(0, 14306) / 17288]eval:  99%|█████████▊| 3717/3769 [07:28<00:05,  8.84it/s, recall_0.3=(0, 14310) / 17294]eval:  99%|█████████▊| 3718/3769 [07:28<00:06,  8.46it/s, recall_0.3=(0, 14310) / 17294]eval:  99%|█████████▊| 3718/3769 [07:28<00:06,  8.46it/s, recall_0.3=(0, 14310) / 17295]eval:  99%|█████████▊| 3719/3769 [07:28<00:05,  8.67it/s, recall_0.3=(0, 14310) / 17295]eval:  99%|█████████▊| 3719/3769 [07:28<00:05,  8.67it/s, recall_0.3=(0, 14315) / 17300]eval:  99%|█████████▊| 3720/3769 [07:28<00:05,  8.52it/s, recall_0.3=(0, 14315) / 17300]eval:  99%|█████████▊| 3720/3769 [07:29<00:05,  8.52it/s, recall_0.3=(0, 14321) / 17306]eval:  99%|█████████▊| 3721/3769 [07:29<00:05,  8.58it/s, recall_0.3=(0, 14321) / 17306]eval:  99%|█████████▊| 3721/3769 [07:29<00:05,  8.58it/s, recall_0.3=(0, 14329) / 17314]eval:  99%|█████████▉| 3722/3769 [07:29<00:05,  8.66it/s, recall_0.3=(0, 14329) / 17314]eval:  99%|█████████▉| 3722/3769 [07:29<00:05,  8.66it/s, recall_0.3=(0, 14334) / 17319]eval:  99%|█████████▉| 3723/3769 [07:29<00:05,  8.37it/s, recall_0.3=(0, 14334) / 17319]eval:  99%|█████████▉| 3723/3769 [07:29<00:05,  8.37it/s, recall_0.3=(0, 14337) / 17322]eval:  99%|█████████▉| 3724/3769 [07:29<00:05,  8.49it/s, recall_0.3=(0, 14337) / 17322]eval:  99%|█████████▉| 3724/3769 [07:29<00:05,  8.49it/s, recall_0.3=(0, 14341) / 17327]eval:  99%|█████████▉| 3725/3769 [07:29<00:05,  8.65it/s, recall_0.3=(0, 14341) / 17327]eval:  99%|█████████▉| 3725/3769 [07:29<00:05,  8.65it/s, recall_0.3=(0, 14342) / 17328]eval:  99%|█████████▉| 3726/3769 [07:29<00:04,  8.61it/s, recall_0.3=(0, 14342) / 17328]eval:  99%|█████████▉| 3726/3769 [07:29<00:04,  8.61it/s, recall_0.3=(0, 14345) / 17333]eval:  99%|█████████▉| 3727/3769 [07:29<00:05,  8.33it/s, recall_0.3=(0, 14345) / 17333]eval:  99%|█████████▉| 3727/3769 [07:29<00:05,  8.33it/s, recall_0.3=(0, 14350) / 17338]eval:  99%|█████████▉| 3728/3769 [07:29<00:04,  8.32it/s, recall_0.3=(0, 14350) / 17338]eval:  99%|█████████▉| 3728/3769 [07:30<00:04,  8.32it/s, recall_0.3=(0, 14356) / 17345]eval:  99%|█████████▉| 3729/3769 [07:30<00:04,  8.42it/s, recall_0.3=(0, 14356) / 17345]eval:  99%|█████████▉| 3729/3769 [07:30<00:04,  8.42it/s, recall_0.3=(0, 14358) / 17347]eval:  99%|█████████▉| 3730/3769 [07:30<00:04,  8.22it/s, recall_0.3=(0, 14358) / 17347]eval:  99%|█████████▉| 3730/3769 [07:30<00:04,  8.22it/s, recall_0.3=(0, 14361) / 17350]eval:  99%|█████████▉| 3731/3769 [07:30<00:04,  8.46it/s, recall_0.3=(0, 14361) / 17350]eval:  99%|█████████▉| 3731/3769 [07:30<00:04,  8.46it/s, recall_0.3=(0, 14363) / 17352]eval:  99%|█████████▉| 3732/3769 [07:30<00:04,  8.31it/s, recall_0.3=(0, 14363) / 17352]eval:  99%|█████████▉| 3732/3769 [07:30<00:04,  8.31it/s, recall_0.3=(0, 14366) / 17355]eval:  99%|█████████▉| 3733/3769 [07:30<00:04,  8.66it/s, recall_0.3=(0, 14366) / 17355]eval:  99%|█████████▉| 3733/3769 [07:30<00:04,  8.66it/s, recall_0.3=(0, 14376) / 17367]eval:  99%|█████████▉| 3734/3769 [07:30<00:04,  8.47it/s, recall_0.3=(0, 14376) / 17367]eval:  99%|█████████▉| 3734/3769 [07:30<00:04,  8.47it/s, recall_0.3=(0, 14387) / 17379]eval:  99%|█████████▉| 3735/3769 [07:30<00:03,  8.64it/s, recall_0.3=(0, 14387) / 17379]eval:  99%|█████████▉| 3735/3769 [07:30<00:03,  8.64it/s, recall_0.3=(0, 14395) / 17388]eval:  99%|█████████▉| 3736/3769 [07:30<00:03,  8.66it/s, recall_0.3=(0, 14395) / 17388]eval:  99%|█████████▉| 3736/3769 [07:30<00:03,  8.66it/s, recall_0.3=(0, 14398) / 17391]eval:  99%|█████████▉| 3737/3769 [07:30<00:03,  8.73it/s, recall_0.3=(0, 14398) / 17391]eval:  99%|█████████▉| 3737/3769 [07:31<00:03,  8.73it/s, recall_0.3=(0, 14409) / 17402]eval:  99%|█████████▉| 3738/3769 [07:31<00:03,  8.33it/s, recall_0.3=(0, 14409) / 17402]eval:  99%|█████████▉| 3738/3769 [07:31<00:03,  8.33it/s, recall_0.3=(0, 14413) / 17406]eval:  99%|█████████▉| 3739/3769 [07:31<00:03,  8.50it/s, recall_0.3=(0, 14413) / 17406]eval:  99%|█████████▉| 3739/3769 [07:31<00:03,  8.50it/s, recall_0.3=(0, 14421) / 17414]eval:  99%|█████████▉| 3740/3769 [07:31<00:03,  8.68it/s, recall_0.3=(0, 14421) / 17414]eval:  99%|█████████▉| 3740/3769 [07:31<00:03,  8.68it/s, recall_0.3=(0, 14425) / 17420]eval:  99%|█████████▉| 3741/3769 [07:31<00:03,  8.36it/s, recall_0.3=(0, 14425) / 17420]eval:  99%|█████████▉| 3741/3769 [07:31<00:03,  8.36it/s, recall_0.3=(0, 14427) / 17422]eval:  99%|█████████▉| 3742/3769 [07:31<00:03,  8.56it/s, recall_0.3=(0, 14427) / 17422]eval:  99%|█████████▉| 3742/3769 [07:31<00:03,  8.56it/s, recall_0.3=(0, 14434) / 17429]eval:  99%|█████████▉| 3743/3769 [07:31<00:02,  8.70it/s, recall_0.3=(0, 14434) / 17429]eval:  99%|█████████▉| 3743/3769 [07:31<00:02,  8.70it/s, recall_0.3=(0, 14435) / 17430]eval:  99%|█████████▉| 3744/3769 [07:31<00:02,  8.66it/s, recall_0.3=(0, 14435) / 17430]eval:  99%|█████████▉| 3744/3769 [07:31<00:02,  8.66it/s, recall_0.3=(0, 14439) / 17434]eval:  99%|█████████▉| 3745/3769 [07:31<00:02,  8.60it/s, recall_0.3=(0, 14439) / 17434]eval:  99%|█████████▉| 3745/3769 [07:32<00:02,  8.60it/s, recall_0.3=(0, 14440) / 17435]eval:  99%|█████████▉| 3746/3769 [07:32<00:02,  8.37it/s, recall_0.3=(0, 14440) / 17435]eval:  99%|█████████▉| 3746/3769 [07:32<00:02,  8.37it/s, recall_0.3=(0, 14444) / 17443]eval:  99%|█████████▉| 3747/3769 [07:32<00:02,  8.24it/s, recall_0.3=(0, 14444) / 17443]eval:  99%|█████████▉| 3747/3769 [07:32<00:02,  8.24it/s, recall_0.3=(0, 14449) / 17448]eval:  99%|█████████▉| 3748/3769 [07:32<00:02,  8.45it/s, recall_0.3=(0, 14449) / 17448]eval:  99%|█████████▉| 3748/3769 [07:32<00:02,  8.45it/s, recall_0.3=(0, 14454) / 17455]eval:  99%|█████████▉| 3749/3769 [07:32<00:02,  8.74it/s, recall_0.3=(0, 14454) / 17455]eval:  99%|█████████▉| 3749/3769 [07:32<00:02,  8.74it/s, recall_0.3=(0, 14456) / 17458]eval:  99%|█████████▉| 3750/3769 [07:32<00:02,  8.47it/s, recall_0.3=(0, 14456) / 17458]eval:  99%|█████████▉| 3750/3769 [07:32<00:02,  8.47it/s, recall_0.3=(0, 14457) / 17459]eval: 100%|█████████▉| 3751/3769 [07:32<00:02,  8.49it/s, recall_0.3=(0, 14457) / 17459]eval: 100%|█████████▉| 3751/3769 [07:32<00:02,  8.49it/s, recall_0.3=(0, 14459) / 17461]eval: 100%|█████████▉| 3752/3769 [07:32<00:01,  8.57it/s, recall_0.3=(0, 14459) / 17461]eval: 100%|█████████▉| 3752/3769 [07:32<00:01,  8.57it/s, recall_0.3=(0, 14460) / 17462]eval: 100%|█████████▉| 3753/3769 [07:32<00:01,  8.66it/s, recall_0.3=(0, 14460) / 17462]eval: 100%|█████████▉| 3753/3769 [07:32<00:01,  8.66it/s, recall_0.3=(0, 14462) / 17464]eval: 100%|█████████▉| 3754/3769 [07:32<00:01,  8.64it/s, recall_0.3=(0, 14462) / 17464]eval: 100%|█████████▉| 3754/3769 [07:33<00:01,  8.64it/s, recall_0.3=(0, 14466) / 17468]eval: 100%|█████████▉| 3755/3769 [07:33<00:01,  8.66it/s, recall_0.3=(0, 14466) / 17468]eval: 100%|█████████▉| 3755/3769 [07:33<00:01,  8.66it/s, recall_0.3=(0, 14481) / 17487]eval: 100%|█████████▉| 3756/3769 [07:33<00:01,  8.48it/s, recall_0.3=(0, 14481) / 17487]eval: 100%|█████████▉| 3756/3769 [07:33<00:01,  8.48it/s, recall_0.3=(0, 14489) / 17496]eval: 100%|█████████▉| 3757/3769 [07:33<00:01,  8.44it/s, recall_0.3=(0, 14489) / 17496]eval: 100%|█████████▉| 3757/3769 [07:33<00:01,  8.44it/s, recall_0.3=(0, 14496) / 17503]eval: 100%|█████████▉| 3758/3769 [07:33<00:01,  8.28it/s, recall_0.3=(0, 14496) / 17503]eval: 100%|█████████▉| 3758/3769 [07:33<00:01,  8.28it/s, recall_0.3=(0, 14499) / 17508]eval: 100%|█████████▉| 3759/3769 [07:33<00:01,  8.36it/s, recall_0.3=(0, 14499) / 17508]eval: 100%|█████████▉| 3759/3769 [07:33<00:01,  8.36it/s, recall_0.3=(0, 14502) / 17512]eval: 100%|█████████▉| 3760/3769 [07:33<00:01,  8.26it/s, recall_0.3=(0, 14502) / 17512]eval: 100%|█████████▉| 3760/3769 [07:33<00:01,  8.26it/s, recall_0.3=(0, 14505) / 17515]eval: 100%|█████████▉| 3761/3769 [07:33<00:00,  8.33it/s, recall_0.3=(0, 14505) / 17515]eval: 100%|█████████▉| 3761/3769 [07:33<00:00,  8.33it/s, recall_0.3=(0, 14508) / 17518]eval: 100%|█████████▉| 3762/3769 [07:33<00:00,  8.52it/s, recall_0.3=(0, 14508) / 17518]eval: 100%|█████████▉| 3762/3769 [07:34<00:00,  8.52it/s, recall_0.3=(0, 14512) / 17523]eval: 100%|█████████▉| 3763/3769 [07:34<00:00,  8.52it/s, recall_0.3=(0, 14520) / 17531]eval: 100%|█████████▉| 3764/3769 [07:34<00:00,  9.39it/s, recall_0.3=(0, 14520) / 17531]eval: 100%|█████████▉| 3764/3769 [07:34<00:00,  9.39it/s, recall_0.3=(0, 14522) / 17534]eval: 100%|█████████▉| 3765/3769 [07:34<00:00,  9.39it/s, recall_0.3=(0, 14527) / 17541]eval: 100%|█████████▉| 3766/3769 [07:34<00:00,  9.86it/s, recall_0.3=(0, 14527) / 17541]eval: 100%|█████████▉| 3766/3769 [07:34<00:00,  9.86it/s, recall_0.3=(0, 14528) / 17542]eval: 100%|█████████▉| 3767/3769 [07:34<00:00,  9.86it/s, recall_0.3=(0, 14530) / 17544]eval: 100%|█████████▉| 3768/3769 [07:34<00:00, 10.14it/s, recall_0.3=(0, 14530) / 17544]eval: 100%|█████████▉| 3768/3769 [07:34<00:00, 10.14it/s, recall_0.3=(0, 14544) / 17558]eval: 100%|██████████| 3769/3769 [07:35<00:00,  8.28it/s, recall_0.3=(0, 14544) / 17558]
2026-10-03 20:15:46,961   INFO  *************** Performance of EPOCH 6 *****************
2026-10-03 20:15:46,962   INFO  Generate label finished(sec_per_example: 0.1210 second).
2026-10-03 20:15:46,963   INFO  recall_roi_0.3: 0.000000
2026-10-03 20:15:46,963   INFO  recall_rcnn_0.3: 0.828340
2026-10-03 20:15:46,963   INFO  recall_roi_0.5: 0.000000
2026-10-03 20:15:46,964   INFO  recall_rcnn_0.5: 0.746611
2026-10-03 20:15:46,964   INFO  recall_roi_0.7: 0.000000
2026-10-03 20:15:46,964   INFO  recall_rcnn_0.7: 0.508657
2026-10-03 20:15:46,965   INFO  Average predicted number of objects(3769 samples): 5.940
2026-10-03 20:15:47,107   INFO  ---- 3d box evaluation ---- 
/home/sheng/paper6/.venv/lib/python3.10/site-packages/numba/cuda/dispatcher.py:536: NumbaPerformanceWarning: [1mGrid size 16 will likely result in GPU under-utilization due to low occupancy.[0m
  warn(NumbaPerformanceWarning(msg))
/home/sheng/paper6/.venv/lib/python3.10/site-packages/numba/cuda/dispatcher.py:536: NumbaPerformanceWarning: [1mGrid size 20 will likely result in GPU under-utilization due to low occupancy.[0m
  warn(NumbaPerformanceWarning(msg))
/home/sheng/paper6/.venv/lib/python3.10/site-packages/numba/cuda/dispatcher.py:536: NumbaPerformanceWarning: [1mGrid size 12 will likely result in GPU under-utilization due to low occupancy.[0m
  warn(NumbaPerformanceWarning(msg))
/home/sheng/paper6/.venv/lib/python3.10/site-packages/numba/cuda/dispatcher.py:536: NumbaPerformanceWarning: [1mGrid size 25 will likely result in GPU under-utilization due to low occupancy.[0m
  warn(NumbaPerformanceWarning(msg))
/home/sheng/paper6/.venv/lib/python3.10/site-packages/numba/cuda/dispatcher.py:536: NumbaPerformanceWarning: [1mGrid size 56 will likely result in GPU under-utilization due to low occupancy.[0m
  warn(NumbaPerformanceWarning(msg))
/home/sheng/paper6/.venv/lib/python3.10/site-packages/numba/cuda/dispatcher.py:536: NumbaPerformanceWarning: [1mGrid size 16 will likely result in GPU under-utilization due to low occupancy.[0m
  warn(NumbaPerformanceWarning(msg))
/home/sheng/paper6/.venv/lib/python3.10/site-packages/numba/core/typed_passes.py:336: NumbaPerformanceWarning: [1m
The keyword argument 'parallel=True' was specified but no transformation for parallel execution was possible.

To find out why, try turning on parallel diagnostics, see https://numba.readthedocs.io/en/stable/user/parallel.html#diagnostics for help.
[1m
File "liga/datasets/kitti/kitti_object_eval_python/eval.py", line 121:[0m
[1m@numba.jit(nopython=True, parallel=True)
[1mdef d3_box_overlap_kernel(boxes, qboxes, rinc, criterion=-1):
[0m[1m^[0m[0m
[0m
  warnings.warn(errors.NumbaPerformanceWarning(msg,
/home/sheng/paper6/.venv/lib/python3.10/site-packages/numba/cuda/dispatcher.py:536: NumbaPerformanceWarning: [1mGrid size 20 will likely result in GPU under-utilization due to low occupancy.[0m
  warn(NumbaPerformanceWarning(msg))
/home/sheng/paper6/.venv/lib/python3.10/site-packages/numba/core/typed_passes.py:336: NumbaPerformanceWarning: [1m
The keyword argument 'parallel=True' was specified but no transformation for parallel execution was possible.

To find out why, try turning on parallel diagnostics, see https://numba.readthedocs.io/en/stable/user/parallel.html#diagnostics for help.
[1m
File "liga/datasets/kitti/kitti_object_eval_python/eval.py", line 121:[0m
[1m@numba.jit(nopython=True, parallel=True)
[1mdef d3_box_overlap_kernel(boxes, qboxes, rinc, criterion=-1):
[0m[1m^[0m[0m
[0m
  warnings.warn(errors.NumbaPerformanceWarning(msg,
/home/sheng/paper6/.venv/lib/python3.10/site-packages/numba/cuda/dispatcher.py:536: NumbaPerformanceWarning: [1mGrid size 20 will likely result in GPU under-utilization due to low occupancy.[0m
  warn(NumbaPerformanceWarning(msg))
/home/sheng/paper6/.venv/lib/python3.10/site-packages/numba/cuda/dispatcher.py:536: NumbaPerformanceWarning: [1mGrid size 12 will likely result in GPU under-utilization due to low occupancy.[0m
  warn(NumbaPerformanceWarning(msg))
/home/sheng/paper6/.venv/lib/python3.10/site-packages/numba/cuda/dispatcher.py:536: NumbaPerformanceWarning: [1mGrid size 16 will likely result in GPU under-utilization due to low occupancy.[0m
  warn(NumbaPerformanceWarning(msg))
/home/sheng/paper6/.venv/lib/python3.10/site-packages/numba/cuda/dispatcher.py:536: NumbaPerformanceWarning: [1mGrid size 25 will likely result in GPU under-utilization due to low occupancy.[0m
  warn(NumbaPerformanceWarning(msg))
/home/sheng/paper6/.venv/lib/python3.10/site-packages/numba/cuda/dispatcher.py:536: NumbaPerformanceWarning: [1mGrid size 56 will likely result in GPU under-utilization due to low occupancy.[0m
  warn(NumbaPerformanceWarning(msg))
2026-10-03 20:16:01,392   INFO  Car AP@0.70, 0.70, 0.70:
bbox AP:97.3142, 90.4947, 89.2903
bev  AP:89.3525, 77.2665, 69.0475
3d   AP:84.9578, 67.0746, 63.8045
aos  AP:97.01, 90.24, 88.85
Car AP_R40@0.70, 0.70, 0.70:
bbox AP:99.0697, 95.9877, 90.9670
bev  AP:92.1914, 77.4448, 72.0327
3d   AP:86.8553, 67.7238, 62.0287
aos  AP:98.75, 95.67, 90.51
Car AP@0.70, 0.50, 0.50:
bbox AP:97.3142, 90.4947, 89.2903
bev  AP:97.2258, 90.2769, 88.3645
3d   AP:97.0688, 89.9747, 87.9423
aos  AP:97.01, 90.24, 88.85
Car AP_R40@0.70, 0.50, 0.50:
bbox AP:99.0697, 95.9877, 90.9670
bev  AP:98.9815, 93.6510, 90.3966
3d   AP:98.8712, 93.2140, 87.9757
aos  AP:98.75, 95.67, 90.51
Pedestrian AP@0.50, 0.50, 0.50:
bbox AP:73.1890, 65.3341, 61.5434
bev  AP:53.5298, 47.7490, 41.9099
3d   AP:46.7216, 39.8431, 35.0950
aos  AP:53.27, 46.80, 43.62
Pedestrian AP_R40@0.50, 0.50, 0.50:
bbox AP:74.5276, 66.7951, 59.8561
bev  AP:53.4423, 45.8250, 39.6436
3d   AP:45.4964, 37.7857, 32.0775
aos  AP:54.17, 47.57, 42.32
Pedestrian AP@0.50, 0.25, 0.25:
bbox AP:73.1890, 65.3341, 61.5434
bev  AP:81.3244, 72.7424, 64.6343
3d   AP:81.2805, 72.2332, 64.2887
aos  AP:53.27, 46.80, 43.62
Pedestrian AP_R40@0.50, 0.25, 0.25:
bbox AP:74.5276, 66.7951, 59.8561
bev  AP:81.9077, 73.5082, 64.4272
3d   AP:81.8793, 72.1841, 64.1140
aos  AP:54.17, 47.57, 42.32
Cyclist AP@0.50, 0.50, 0.50:
bbox AP:78.0336, 54.4988, 52.0389
bev  AP:65.5196, 42.6839, 40.6133
3d   AP:61.1545, 40.1533, 36.8047
aos  AP:60.22, 42.84, 41.28
Cyclist AP_R40@0.50, 0.50, 0.50:
bbox AP:79.1459, 54.2742, 50.5191
bev  AP:65.3496, 40.9166, 37.6538
3d   AP:60.0077, 37.3172, 34.2579
aos  AP:58.57, 40.28, 37.75
Cyclist AP@0.50, 0.25, 0.25:
bbox AP:78.0336, 54.4988, 52.0389
bev  AP:78.4056, 53.4206, 50.4269
3d   AP:78.3948, 53.1482, 49.9575
aos  AP:60.22, 42.84, 41.28
Cyclist AP_R40@0.50, 0.25, 0.25:
bbox AP:79.1459, 54.2742, 50.5191
bev  AP:79.8980, 52.5234, 49.1850
3d   AP:79.8833, 52.1763, 48.0965
aos  AP:58.57, 40.28, 37.75

2026-10-03 20:16:01,399   INFO  ---- 2d box evaluation ---- 
/home/sheng/paper6/.venv/lib/python3.10/site-packages/numba/cuda/dispatcher.py:536: NumbaPerformanceWarning: [1mGrid size 12 will likely result in GPU under-utilization due to low occupancy.[0m
  warn(NumbaPerformanceWarning(msg))
/home/sheng/paper6/.venv/lib/python3.10/site-packages/numba/cuda/dispatcher.py:536: NumbaPerformanceWarning: [1mGrid size 15 will likely result in GPU under-utilization due to low occupancy.[0m
  warn(NumbaPerformanceWarning(msg))
/home/sheng/paper6/.venv/lib/python3.10/site-packages/numba/cuda/dispatcher.py:536: NumbaPerformanceWarning: [1mGrid size 20 will likely result in GPU under-utilization due to low occupancy.[0m
  warn(NumbaPerformanceWarning(msg))
/home/sheng/paper6/.venv/lib/python3.10/site-packages/numba/cuda/dispatcher.py:536: NumbaPerformanceWarning: [1mGrid size 16 will likely result in GPU under-utilization due to low occupancy.[0m
  warn(NumbaPerformanceWarning(msg))
/home/sheng/paper6/.venv/lib/python3.10/site-packages/numba/cuda/dispatcher.py:536: NumbaPerformanceWarning: [1mGrid size 25 will likely result in GPU under-utilization due to low occupancy.[0m
  warn(NumbaPerformanceWarning(msg))
/home/sheng/paper6/.venv/lib/python3.10/site-packages/numba/cuda/dispatcher.py:536: NumbaPerformanceWarning: [1mGrid size 56 will likely result in GPU under-utilization due to low occupancy.[0m
  warn(NumbaPerformanceWarning(msg))
2026-10-03 20:16:08,579   INFO  Car AP_R40@0.70, 0.70, 0.70:
bbox AP:96.8695, 92.3392, 84.8625
Car AP_R40@0.70, 0.50, 0.50:
bbox AP:96.8695, 92.3392, 84.8625
Pedestrian AP_R40@0.50, 0.50, 0.50:
bbox AP:70.1786, 61.2571, 52.4203
Pedestrian AP_R40@0.50, 0.25, 0.25:
bbox AP:70.1786, 61.2571, 52.4203
Cyclist AP_R40@0.50, 0.50, 0.50:
bbox AP:74.1909, 49.7853, 47.2608
Cyclist AP_R40@0.50, 0.25, 0.25:
bbox AP:74.1909, 49.7853, 47.2608

2026-10-03 20:16:08,580   INFO  Result is save to /mnt/d/paper6/checkpoints/liga-author-download.eval/eval/epoch_6/val/clean_seed17_003
2026-10-03 20:16:08,580   INFO  ****************Evaluation done.*****************
[rank0]:[W1003 20:16:09.815196286 ProcessGroupNCCL.cpp:1250] Warning: WARNING: process group has NOT been destroyed before we destruct ProcessGroupNCCL. On normal program exit, the application should call destroy_process_group to ensure that any pending NCCL operations have finished in this process. In rare cases this process can exit before this point and block the progress of another member of the process group. This constraint has always been present,  but this warning has only been added since PyTorch 2.4 (function operator())
