/home/sheng/paper6/.venv/lib/python3.10/site-packages/mmcv/__init__.py:20: UserWarning: On January 1, 2023, MMCV will release v2.0.0, in which it will remove components related to the training process and add a data transformation module. In addition, it will rename the package names mmcv to mmcv-lite and mmcv-full to mmcv. See https://github.com/open-mmlab/mmcv/blob/master/docs/en/compatibility.md for more details.
  warnings.warn(
2026-10-03 22:48:44,024   INFO  **********************Start logging**********************
2026-10-03 22:48:44,024   INFO  CUDA_VISIBLE_DEVICES=0
2026-10-03 22:48:44,024   INFO  eval output dir: /mnt/d/paper6/runs/liga/home_sheng_paper6_configs_tuning/student_task_seed17_epoch1.student-task-seed17-001/ckpt/checkpoint_epoch_1.pth.eval/eval/epoch_1/geocomm_tune_holdout/student-task-seed17-001
2026-10-03 22:48:44,025   INFO  total_batch_size: 1
2026-10-03 22:48:44,025   INFO  cfg_file         /home/sheng/paper6/configs/tuning/student_task_seed17_epoch1.yaml
2026-10-03 22:48:44,025   INFO  batch_size       1
2026-10-03 22:48:44,026   INFO  workers          4
2026-10-03 22:48:44,026   INFO  exp_name         None
2026-10-03 22:48:44,026   INFO  eval_tag         student-task-seed17-001
2026-10-03 22:48:44,027   INFO  max_waiting_mins 30
2026-10-03 22:48:44,027   INFO  save_to_file     True
2026-10-03 22:48:44,028   INFO  ckpt             /mnt/d/paper6/runs/liga/home_sheng_paper6_configs_tuning/student_task_seed17_epoch1.student-task-seed17-001/ckpt/checkpoint_epoch_1.pth
2026-10-03 22:48:44,028   INFO  ckpt_id          None
2026-10-03 22:48:44,028   INFO  start_epoch      0
2026-10-03 22:48:44,028   INFO  launcher         pytorch
2026-10-03 22:48:44,029   INFO  tcp_port         18888
2026-10-03 22:48:44,029   INFO  local_rank       0
2026-10-03 22:48:44,029   INFO  set_cfgs         None
2026-10-03 22:48:44,030   INFO  trainval         False
2026-10-03 22:48:44,030   INFO  imitation        2d
2026-10-03 22:48:44,030   INFO  cfg.ROOT_DIR: /home/sheng/paper6/third_party/LIGA-Stereo
2026-10-03 22:48:44,031   INFO  cfg.LOCAL_RANK: 0
2026-10-03 22:48:44,031   INFO  cfg.CLASS_NAMES: ['Car', 'Pedestrian', 'Cyclist']
2026-10-03 22:48:44,032   INFO  
cfg.DATA_CONFIG = edict()
2026-10-03 22:48:44,032   INFO  cfg.DATA_CONFIG.DATASET: StereoKittiDataset
2026-10-03 22:48:44,033   INFO  cfg.DATA_CONFIG.DATA_PATH: ./data/kitti
2026-10-03 22:48:44,033   INFO  cfg.DATA_CONFIG.FLIP: True
2026-10-03 22:48:44,033   INFO  cfg.DATA_CONFIG.FORCE_FLIP: False
2026-10-03 22:48:44,034   INFO  cfg.DATA_CONFIG.POINT_CLOUD_RANGE: [2, -30.4, -3, 59.6, 30.4, 1]
2026-10-03 22:48:44,035   INFO  cfg.DATA_CONFIG.VOXEL_SIZE: [0.05, 0.05, 0.1]
2026-10-03 22:48:44,035   INFO  cfg.DATA_CONFIG.STEREO_VOXEL_SIZE: [0.2, 0.2, 0.2]
2026-10-03 22:48:44,035   INFO  
cfg.DATA_CONFIG.DATA_SPLIT = edict()
2026-10-03 22:48:44,036   INFO  cfg.DATA_CONFIG.DATA_SPLIT.train: geocomm_tune_train
2026-10-03 22:48:44,036   INFO  cfg.DATA_CONFIG.DATA_SPLIT.test: geocomm_tune_holdout
2026-10-03 22:48:44,036   INFO  
cfg.DATA_CONFIG.INFO_PATH = edict()
2026-10-03 22:48:44,037   INFO  cfg.DATA_CONFIG.INFO_PATH.train: ['kitti_infos_geocomm_tune_train.pkl']
2026-10-03 22:48:44,037   INFO  cfg.DATA_CONFIG.INFO_PATH.test: ['kitti_infos_geocomm_tune_holdout.pkl']
2026-10-03 22:48:44,038   INFO  cfg.DATA_CONFIG.USE_VAN: True
2026-10-03 22:48:44,038   INFO  cfg.DATA_CONFIG.USE_PERSON_SITTING: True
2026-10-03 22:48:44,038   INFO  cfg.DATA_CONFIG.FOV_POINTS_ONLY: True
2026-10-03 22:48:44,039   INFO  cfg.DATA_CONFIG.BOXES_GT_IN_CAM2_VIEW: False
2026-10-03 22:48:44,039   INFO  cfg.DATA_CONFIG.GENERATE_CORNER_HEATMAP: False
2026-10-03 22:48:44,039   INFO  cfg.DATA_CONFIG.CAT_REFLECT_DIM: False
2026-10-03 22:48:44,040   INFO  cfg.DATA_CONFIG.TRAIN_DATA_AUGMENTOR: [{'NAME': 'random_crop', 'MIN_REL_X': 0, 'MAX_REL_X': 0, 'MIN_REL_Y': 1.0, 'MAX_REL_Y': 1.0, 'MAX_CROP_H': 320, 'MAX_CROP_W': 1280}, {'NAME': 'filter_truncated', 'AREA_RATIO_THRESH': None, 'AREA_2D_RATIO_THRESH': None, 'GT_TRUNCATED_THRESH': 0.98}]
2026-10-03 22:48:44,040   INFO  cfg.DATA_CONFIG.TEST_DATA_AUGMENTOR: [{'NAME': 'random_crop', 'MIN_REL_X': 0, 'MAX_REL_X': 0, 'MIN_REL_Y': 1.0, 'MAX_REL_Y': 1.0, 'MAX_CROP_H': 320, 'MAX_CROP_W': 1280}]
2026-10-03 22:48:44,040   INFO  
cfg.DATA_CONFIG.POINT_FEATURE_ENCODING = edict()
2026-10-03 22:48:44,041   INFO  cfg.DATA_CONFIG.POINT_FEATURE_ENCODING.encoding_type: absolute_coordinates_encoding
2026-10-03 22:48:44,041   INFO  cfg.DATA_CONFIG.POINT_FEATURE_ENCODING.used_feature_list: ['x', 'y', 'z']
2026-10-03 22:48:44,041   INFO  cfg.DATA_CONFIG.POINT_FEATURE_ENCODING.src_feature_list: ['x', 'y', 'z']
2026-10-03 22:48:44,042   INFO  cfg.DATA_CONFIG.DATA_PROCESSOR: [{'NAME': 'mask_points_and_boxes_outside_range', 'REMOVE_OUTSIDE_BOXES': True}, {'NAME': 'transform_points_to_voxels', 'VOXEL_SIZE': [0.05, 0.05, 0.1], 'MAX_POINTS_PER_VOXEL': 5, 'MAX_NUMBER_OF_VOXELS': {'train': 40000, 'test': 40000}}]
2026-10-03 22:48:44,042   INFO  cfg.DATA_CONFIG._BASE_CONFIG_: ./configs/stereo/dataset_configs/kitti_dataset_fused.yaml
2026-10-03 22:48:44,043   INFO  
cfg.MODEL = edict()
2026-10-03 22:48:44,043   INFO  
cfg.MODEL.BACKBONE_2D = edict()
2026-10-03 22:48:44,043   INFO  cfg.MODEL.BACKBONE_2D.GN: True
2026-10-03 22:48:44,044   INFO  cfg.MODEL.BACKBONE_2D.NAME: HgBEVBackbone
2026-10-03 22:48:44,044   INFO  cfg.MODEL.BACKBONE_2D.num_channels: 64
2026-10-03 22:48:44,044   INFO  
cfg.MODEL.BACKBONE_3D = edict()
2026-10-03 22:48:44,045   INFO  cfg.MODEL.BACKBONE_3D.GN: True
2026-10-03 22:48:44,045   INFO  cfg.MODEL.BACKBONE_3D.NAME: LigaBackbone
2026-10-03 22:48:44,045   INFO  
cfg.MODEL.BACKBONE_3D.SEMANTIC_LINK = edict()
2026-10-03 22:48:44,046   INFO  cfg.MODEL.BACKBONE_3D.SEMANTIC_LINK.allocation: uniform
2026-10-03 22:48:44,046   INFO  cfg.MODEL.BACKBONE_3D.SEMANTIC_LINK.appearance_stride: 4
2026-10-03 22:48:44,047   INFO  cfg.MODEL.BACKBONE_3D.SEMANTIC_LINK.boundary: raw_cost
2026-10-03 22:48:44,047   INFO  cfg.MODEL.BACKBONE_3D.SEMANTIC_LINK.channel: awgn
2026-10-03 22:48:44,047   INFO  cfg.MODEL.BACKBONE_3D.SEMANTIC_LINK.complex_width: 4
2026-10-03 22:48:44,048   INFO  cfg.MODEL.BACKBONE_3D.SEMANTIC_LINK.enabled: False
2026-10-03 22:48:44,048   INFO  cfg.MODEL.BACKBONE_3D.SEMANTIC_LINK.geometry_stride: [8, 4, 4]
2026-10-03 22:48:44,048   INFO  cfg.MODEL.BACKBONE_3D.SEMANTIC_LINK.pilots: 8
2026-10-03 22:48:44,049   INFO  cfg.MODEL.BACKBONE_3D.SEMANTIC_LINK.posterior_hidden: 16
2026-10-03 22:48:44,049   INFO  cfg.MODEL.BACKBONE_3D.SEMANTIC_LINK.posterior_weight: 0.1
2026-10-03 22:48:44,049   INFO  cfg.MODEL.BACKBONE_3D.SEMANTIC_LINK.sensitivity_weight: 0.1
2026-10-03 22:48:44,050   INFO  cfg.MODEL.BACKBONE_3D.SEMANTIC_LINK.snr_db: 10.0
2026-10-03 22:48:44,050   INFO  cfg.MODEL.BACKBONE_3D.SEMANTIC_LINK.task_sensitivity: True
2026-10-03 22:48:44,050   INFO  cfg.MODEL.BACKBONE_3D.SEMANTIC_LINK.train_snr_max: 20.0
2026-10-03 22:48:44,050   INFO  cfg.MODEL.BACKBONE_3D.SEMANTIC_LINK.train_snr_min: -5.0
2026-10-03 22:48:44,051   INFO  
cfg.MODEL.BACKBONE_3D.STUDENT_ENCODER = edict()
2026-10-03 22:48:44,051   INFO  cfg.MODEL.BACKBONE_3D.STUDENT_ENCODER.distill_weight: 0.1
2026-10-03 22:48:44,051   INFO  cfg.MODEL.BACKBONE_3D.STUDENT_ENCODER.enabled: True
2026-10-03 22:48:44,051   INFO  cfg.MODEL.BACKBONE_3D.STUDENT_ENCODER.allow_uncompressed_diagnostic: True
2026-10-03 22:48:44,052   INFO  cfg.MODEL.BACKBONE_3D.cat_img_feature: True
2026-10-03 22:48:44,052   INFO  cfg.MODEL.BACKBONE_3D.cost_volume: [{'downsample': 4, 'type': 'concat'}]
2026-10-03 22:48:44,052   INFO  cfg.MODEL.BACKBONE_3D.cv_dim: 32
2026-10-03 22:48:44,053   INFO  cfg.MODEL.BACKBONE_3D.downsample_disp: 4
2026-10-03 22:48:44,053   INFO  cfg.MODEL.BACKBONE_3D.downsampled_depth_offset: 0.5
2026-10-03 22:48:44,053   INFO  
cfg.MODEL.BACKBONE_3D.feature_backbone = edict()
2026-10-03 22:48:44,053   INFO  cfg.MODEL.BACKBONE_3D.feature_backbone.base_channels: 64
2026-10-03 22:48:44,054   INFO  cfg.MODEL.BACKBONE_3D.feature_backbone.block_with_final_relu: False
2026-10-03 22:48:44,054   INFO  cfg.MODEL.BACKBONE_3D.feature_backbone.deep_stem: False
2026-10-03 22:48:44,054   INFO  cfg.MODEL.BACKBONE_3D.feature_backbone.depth: 34
2026-10-03 22:48:44,054   INFO  cfg.MODEL.BACKBONE_3D.feature_backbone.dilations: [1, 1, 2, 4]
2026-10-03 22:48:44,055   INFO  cfg.MODEL.BACKBONE_3D.feature_backbone.frozen_stages: -1
2026-10-03 22:48:44,055   INFO  
cfg.MODEL.BACKBONE_3D.feature_backbone.norm_cfg = edict()
2026-10-03 22:48:44,056   INFO  cfg.MODEL.BACKBONE_3D.feature_backbone.norm_cfg.requires_grad: True
2026-10-03 22:48:44,056   INFO  cfg.MODEL.BACKBONE_3D.feature_backbone.norm_cfg.type: BN
2026-10-03 22:48:44,056   INFO  cfg.MODEL.BACKBONE_3D.feature_backbone.norm_eval: False
2026-10-03 22:48:44,056   INFO  cfg.MODEL.BACKBONE_3D.feature_backbone.num_channels_factor: [1, 2, 2, 2]
2026-10-03 22:48:44,057   INFO  cfg.MODEL.BACKBONE_3D.feature_backbone.num_stages: 4
2026-10-03 22:48:44,057   INFO  cfg.MODEL.BACKBONE_3D.feature_backbone.out_indices: [0, 1, 2, 3]
2026-10-03 22:48:44,058   INFO  cfg.MODEL.BACKBONE_3D.feature_backbone.strides: [1, 2, 1, 1]
2026-10-03 22:48:44,058   INFO  cfg.MODEL.BACKBONE_3D.feature_backbone.style: pytorch
2026-10-03 22:48:44,058   INFO  cfg.MODEL.BACKBONE_3D.feature_backbone.type: ResNet
2026-10-03 22:48:44,058   INFO  cfg.MODEL.BACKBONE_3D.feature_backbone.with_max_pool: False
2026-10-03 22:48:44,059   INFO  cfg.MODEL.BACKBONE_3D.feature_backbone_pretrained: torchvision://resnet34
2026-10-03 22:48:44,059   INFO  
cfg.MODEL.BACKBONE_3D.feature_neck = edict()
2026-10-03 22:48:44,060   INFO  cfg.MODEL.BACKBONE_3D.feature_neck.GN: True
2026-10-03 22:48:44,060   INFO  cfg.MODEL.BACKBONE_3D.feature_neck.cat_img_feature: True
2026-10-03 22:48:44,060   INFO  cfg.MODEL.BACKBONE_3D.feature_neck.in_dims: [3, 64, 128, 128, 128]
2026-10-03 22:48:44,061   INFO  cfg.MODEL.BACKBONE_3D.feature_neck.sem_dim: [128, 32]
2026-10-03 22:48:44,061   INFO  cfg.MODEL.BACKBONE_3D.feature_neck.start_level: 2
2026-10-03 22:48:44,061   INFO  cfg.MODEL.BACKBONE_3D.feature_neck.stereo_dim: [32, 32]
2026-10-03 22:48:44,062   INFO  cfg.MODEL.BACKBONE_3D.feature_neck.with_upconv: True
2026-10-03 22:48:44,062   INFO  cfg.MODEL.BACKBONE_3D.img_feature_attentionbydisp: True
2026-10-03 22:48:44,063   INFO  cfg.MODEL.BACKBONE_3D.maxdisp: 288
2026-10-03 22:48:44,063   INFO  cfg.MODEL.BACKBONE_3D.num_3dconvs: 1
2026-10-03 22:48:44,063   INFO  cfg.MODEL.BACKBONE_3D.num_hg: 1
2026-10-03 22:48:44,064   INFO  cfg.MODEL.BACKBONE_3D.rpn3d_dim: 32
2026-10-03 22:48:44,064   INFO  
cfg.MODEL.BACKBONE_3D.sem_neck = edict()
2026-10-03 22:48:44,064   INFO  cfg.MODEL.BACKBONE_3D.sem_neck.add_extra_convs: on_output
2026-10-03 22:48:44,065   INFO  cfg.MODEL.BACKBONE_3D.sem_neck.in_channels: [32]
2026-10-03 22:48:44,065   INFO  cfg.MODEL.BACKBONE_3D.sem_neck.num_outs: 5
2026-10-03 22:48:44,065   INFO  cfg.MODEL.BACKBONE_3D.sem_neck.out_channels: 64
2026-10-03 22:48:44,066   INFO  cfg.MODEL.BACKBONE_3D.sem_neck.start_level: 0
2026-10-03 22:48:44,066   INFO  cfg.MODEL.BACKBONE_3D.sem_neck.type: FPN
2026-10-03 22:48:44,066   INFO  cfg.MODEL.BACKBONE_3D.use_stereo_out_type: feature
2026-10-03 22:48:44,066   INFO  cfg.MODEL.BACKBONE_3D.voxel_attentionbydisp: False
2026-10-03 22:48:44,067   INFO  
cfg.MODEL.DENSE_HEAD = edict()
2026-10-03 22:48:44,067   INFO  cfg.MODEL.DENSE_HEAD.ANCHOR_GENERATOR_CONFIG: [{'align_center': False, 'anchor_bottom_heights': [-1.78], 'anchor_rotations': [0, 1.57], 'anchor_sizes': [[3.9, 1.6, 1.56]], 'class_name': 'Car', 'feature_map_stride': 1, 'matched_threshold': 0.6, 'unmatched_threshold': 0.45}, {'align_center': False, 'anchor_bottom_heights': [-0.6], 'anchor_rotations': [0, 1.57], 'anchor_sizes': [[0.8, 0.6, 1.73]], 'class_name': 'Pedestrian', 'feature_map_stride': 1, 'matched_threshold': 0.5, 'unmatched_threshold': 0.35}, {'align_center': False, 'anchor_bottom_heights': [-0.6], 'anchor_rotations': [0, 1.57], 'anchor_sizes': [[1.76, 0.6, 1.73]], 'class_name': 'Cyclist', 'feature_map_stride': 1, 'matched_threshold': 0.5, 'unmatched_threshold': 0.35}]
2026-10-03 22:48:44,067   INFO  cfg.MODEL.DENSE_HEAD.CLAMP_VALUE: 10.0
2026-10-03 22:48:44,067   INFO  cfg.MODEL.DENSE_HEAD.CLASS_AGNOSTIC: False
2026-10-03 22:48:44,068   INFO  cfg.MODEL.DENSE_HEAD.DIR_LIMIT_OFFSET: 0.0
2026-10-03 22:48:44,068   INFO  cfg.MODEL.DENSE_HEAD.DIR_OFFSET: 0.78539
2026-10-03 22:48:44,068   INFO  cfg.MODEL.DENSE_HEAD.GN: True
2026-10-03 22:48:44,069   INFO  
cfg.MODEL.DENSE_HEAD.LOSS_CONFIG = edict()
2026-10-03 22:48:44,069   INFO  cfg.MODEL.DENSE_HEAD.LOSS_CONFIG.IMITATION_LOSS_TYPE: WeightedL2WithSigmaLoss
2026-10-03 22:48:44,070   INFO  cfg.MODEL.DENSE_HEAD.LOSS_CONFIG.IOU_LOSS_TYPE: IOU3dLoss
2026-10-03 22:48:44,070   INFO  
cfg.MODEL.DENSE_HEAD.LOSS_CONFIG.LOSS_WEIGHTS = edict()
2026-10-03 22:48:44,070   INFO  cfg.MODEL.DENSE_HEAD.LOSS_CONFIG.LOSS_WEIGHTS.cls_weight: 1.0
2026-10-03 22:48:44,071   INFO  cfg.MODEL.DENSE_HEAD.LOSS_CONFIG.LOSS_WEIGHTS.code_weights: [1.0, 1.0, 1.0, 1.0, 1.0, 1.0, 1.0]
2026-10-03 22:48:44,071   INFO  cfg.MODEL.DENSE_HEAD.LOSS_CONFIG.LOSS_WEIGHTS.dir_weight: 0.2
2026-10-03 22:48:44,071   INFO  cfg.MODEL.DENSE_HEAD.LOSS_CONFIG.LOSS_WEIGHTS.imitation_weight: 1.0
2026-10-03 22:48:44,072   INFO  cfg.MODEL.DENSE_HEAD.LOSS_CONFIG.LOSS_WEIGHTS.iou_weight: 1.0
2026-10-03 22:48:44,072   INFO  cfg.MODEL.DENSE_HEAD.LOSS_CONFIG.LOSS_WEIGHTS.loc_weight: 0.5
2026-10-03 22:48:44,072   INFO  cfg.MODEL.DENSE_HEAD.LOSS_CONFIG.REG_LOSS_TYPE: WeightedSmoothL1Loss
2026-10-03 22:48:44,073   INFO  cfg.MODEL.DENSE_HEAD.NAME: DetHead
2026-10-03 22:48:44,073   INFO  cfg.MODEL.DENSE_HEAD.NUM_CONVS: 2
2026-10-03 22:48:44,073   INFO  cfg.MODEL.DENSE_HEAD.NUM_DIR_BINS: 2
2026-10-03 22:48:44,074   INFO  
cfg.MODEL.DENSE_HEAD.TARGET_ASSIGNER_CONFIG = edict()
2026-10-03 22:48:44,074   INFO  cfg.MODEL.DENSE_HEAD.TARGET_ASSIGNER_CONFIG.BOX_CODER: ResidualCoder
2026-10-03 22:48:44,074   INFO  
cfg.MODEL.DENSE_HEAD.TARGET_ASSIGNER_CONFIG.BOX_CODER_CONFIG = edict()
2026-10-03 22:48:44,075   INFO  cfg.MODEL.DENSE_HEAD.TARGET_ASSIGNER_CONFIG.BOX_CODER_CONFIG.div_by_diagonal: True
2026-10-03 22:48:44,075   INFO  cfg.MODEL.DENSE_HEAD.TARGET_ASSIGNER_CONFIG.BOX_CODER_CONFIG.use_corners: False
2026-10-03 22:48:44,076   INFO  cfg.MODEL.DENSE_HEAD.TARGET_ASSIGNER_CONFIG.BOX_CODER_CONFIG.use_tanh: False
2026-10-03 22:48:44,076   INFO  cfg.MODEL.DENSE_HEAD.TARGET_ASSIGNER_CONFIG.MATCH_HEIGHT: False
2026-10-03 22:48:44,076   INFO  cfg.MODEL.DENSE_HEAD.TARGET_ASSIGNER_CONFIG.NAME: AxisAlignedTargetAssigner
2026-10-03 22:48:44,077   INFO  cfg.MODEL.DENSE_HEAD.TARGET_ASSIGNER_CONFIG.NORM_BY_NUM_EXAMPLES: False
2026-10-03 22:48:44,077   INFO  cfg.MODEL.DENSE_HEAD.TARGET_ASSIGNER_CONFIG.POS_FRACTION: -1.0
2026-10-03 22:48:44,077   INFO  cfg.MODEL.DENSE_HEAD.TARGET_ASSIGNER_CONFIG.SAMPLE_SIZE: 512
2026-10-03 22:48:44,078   INFO  cfg.MODEL.DENSE_HEAD.USE_DIRECTION_CLASSIFIER: True
2026-10-03 22:48:44,078   INFO  cfg.MODEL.DENSE_HEAD.do_feature_imitation: True
2026-10-03 22:48:44,079   INFO  cfg.MODEL.DENSE_HEAD.hwl_for_angles: True
2026-10-03 22:48:44,079   INFO  cfg.MODEL.DENSE_HEAD.imitation_cfg: [{'channel': 64, 'ksize': 1, 'layer': 'conv2d', 'lidar_feature_layer': 'spatial_features_2d', 'mode': 'inbox', 'normalize': 'cw_scale', 'stereo_feature_layer': 'spatial_features_2d', 'use_relu': False}, {'channel': 32, 'ksize': 1, 'layer': 'conv3d', 'lidar_feature_layer': 'volume_features', 'mode': 'inbox', 'normalize': 'cw_scale', 'stereo_feature_layer': 'volume_features', 'use_relu': False}]
2026-10-03 22:48:44,079   INFO  cfg.MODEL.DENSE_HEAD.xyz_for_angles: True
2026-10-03 22:48:44,080   INFO  
cfg.MODEL.DENSE_HEAD_2D = edict()
2026-10-03 22:48:44,080   INFO  cfg.MODEL.DENSE_HEAD_2D.NAME: MMDet2DHead
2026-10-03 22:48:44,081   INFO  
cfg.MODEL.DENSE_HEAD_2D.cfg = edict()
2026-10-03 22:48:44,081   INFO  
cfg.MODEL.DENSE_HEAD_2D.cfg.anchor_generator = edict()
2026-10-03 22:48:44,081   INFO  cfg.MODEL.DENSE_HEAD_2D.cfg.anchor_generator.octave_base_scale: 16
2026-10-03 22:48:44,082   INFO  cfg.MODEL.DENSE_HEAD_2D.cfg.anchor_generator.ratios: [1.0]
2026-10-03 22:48:44,082   INFO  cfg.MODEL.DENSE_HEAD_2D.cfg.anchor_generator.scales_per_octave: 1
2026-10-03 22:48:44,083   INFO  cfg.MODEL.DENSE_HEAD_2D.cfg.anchor_generator.strides: [4, 8, 16, 32, 64]
2026-10-03 22:48:44,083   INFO  cfg.MODEL.DENSE_HEAD_2D.cfg.anchor_generator.type: AnchorGenerator
2026-10-03 22:48:44,083   INFO  
cfg.MODEL.DENSE_HEAD_2D.cfg.bbox_coder = edict()
2026-10-03 22:48:44,084   INFO  cfg.MODEL.DENSE_HEAD_2D.cfg.bbox_coder.target_means: [0.0, 0.0, 0.0, 0.0]
2026-10-03 22:48:44,084   INFO  cfg.MODEL.DENSE_HEAD_2D.cfg.bbox_coder.target_stds: [0.1, 0.1, 0.2, 0.2]
2026-10-03 22:48:44,085   INFO  cfg.MODEL.DENSE_HEAD_2D.cfg.bbox_coder.type: DeltaXYWHBBoxCoder
2026-10-03 22:48:44,085   INFO  cfg.MODEL.DENSE_HEAD_2D.cfg.feat_channels: 64
2026-10-03 22:48:44,085   INFO  cfg.MODEL.DENSE_HEAD_2D.cfg.in_channels: 64
2026-10-03 22:48:44,086   INFO  
cfg.MODEL.DENSE_HEAD_2D.cfg.loss_bbox = edict()
2026-10-03 22:48:44,086   INFO  cfg.MODEL.DENSE_HEAD_2D.cfg.loss_bbox.loss_weight: 2.0
2026-10-03 22:48:44,086   INFO  cfg.MODEL.DENSE_HEAD_2D.cfg.loss_bbox.type: GIoULoss
2026-10-03 22:48:44,087   INFO  
cfg.MODEL.DENSE_HEAD_2D.cfg.loss_centerness = edict()
2026-10-03 22:48:44,087   INFO  cfg.MODEL.DENSE_HEAD_2D.cfg.loss_centerness.loss_weight: 1.0
2026-10-03 22:48:44,087   INFO  cfg.MODEL.DENSE_HEAD_2D.cfg.loss_centerness.type: CrossEntropyLoss
2026-10-03 22:48:44,087   INFO  cfg.MODEL.DENSE_HEAD_2D.cfg.loss_centerness.use_sigmoid: True
2026-10-03 22:48:44,088   INFO  
cfg.MODEL.DENSE_HEAD_2D.cfg.loss_cls = edict()
2026-10-03 22:48:44,088   INFO  cfg.MODEL.DENSE_HEAD_2D.cfg.loss_cls.alpha: 0.25
2026-10-03 22:48:44,088   INFO  cfg.MODEL.DENSE_HEAD_2D.cfg.loss_cls.gamma: 2.0
2026-10-03 22:48:44,088   INFO  cfg.MODEL.DENSE_HEAD_2D.cfg.loss_cls.loss_weight: 1.0
2026-10-03 22:48:44,089   INFO  cfg.MODEL.DENSE_HEAD_2D.cfg.loss_cls.type: FocalLoss
2026-10-03 22:48:44,089   INFO  cfg.MODEL.DENSE_HEAD_2D.cfg.loss_cls.use_sigmoid: True
2026-10-03 22:48:44,089   INFO  cfg.MODEL.DENSE_HEAD_2D.cfg.num_classes: 3
2026-10-03 22:48:44,090   INFO  cfg.MODEL.DENSE_HEAD_2D.cfg.num_extra_reg_channel: 0
2026-10-03 22:48:44,090   INFO  cfg.MODEL.DENSE_HEAD_2D.cfg.reg_class_agnostic: False
2026-10-03 22:48:44,090   INFO  cfg.MODEL.DENSE_HEAD_2D.cfg.seperate_extra_reg_branch: False
2026-10-03 22:48:44,090   INFO  cfg.MODEL.DENSE_HEAD_2D.cfg.stacked_convs: 4
2026-10-03 22:48:44,091   INFO  
cfg.MODEL.DENSE_HEAD_2D.cfg.test_cfg = edict()
2026-10-03 22:48:44,091   INFO  cfg.MODEL.DENSE_HEAD_2D.cfg.test_cfg.max_per_img: 100
2026-10-03 22:48:44,091   INFO  cfg.MODEL.DENSE_HEAD_2D.cfg.test_cfg.min_bbox_size: 0
2026-10-03 22:48:44,092   INFO  
cfg.MODEL.DENSE_HEAD_2D.cfg.test_cfg.nms = edict()
2026-10-03 22:48:44,092   INFO  cfg.MODEL.DENSE_HEAD_2D.cfg.test_cfg.nms.iou_threshold: 0.6
2026-10-03 22:48:44,092   INFO  cfg.MODEL.DENSE_HEAD_2D.cfg.test_cfg.nms.type: nms
2026-10-03 22:48:44,092   INFO  cfg.MODEL.DENSE_HEAD_2D.cfg.test_cfg.nms_pre: 1000
2026-10-03 22:48:44,093   INFO  cfg.MODEL.DENSE_HEAD_2D.cfg.test_cfg.score_thr: 0.05
2026-10-03 22:48:44,093   INFO  
cfg.MODEL.DENSE_HEAD_2D.cfg.train_cfg = edict()
2026-10-03 22:48:44,093   INFO  cfg.MODEL.DENSE_HEAD_2D.cfg.train_cfg.allowed_border: -1
2026-10-03 22:48:44,094   INFO  cfg.MODEL.DENSE_HEAD_2D.cfg.train_cfg.append_3d_centers: True
2026-10-03 22:48:44,094   INFO  
cfg.MODEL.DENSE_HEAD_2D.cfg.train_cfg.assigner = edict()
2026-10-03 22:48:44,094   INFO  cfg.MODEL.DENSE_HEAD_2D.cfg.train_cfg.assigner.topk: 9
2026-10-03 22:48:44,095   INFO  cfg.MODEL.DENSE_HEAD_2D.cfg.train_cfg.assigner.type: ATSS3DCenterAssigner
2026-10-03 22:48:44,095   INFO  cfg.MODEL.DENSE_HEAD_2D.cfg.train_cfg.debug: False
2026-10-03 22:48:44,095   INFO  cfg.MODEL.DENSE_HEAD_2D.cfg.train_cfg.pos_weight: -1
2026-10-03 22:48:44,096   INFO  cfg.MODEL.DENSE_HEAD_2D.cfg.type: ATSSAdvHead
2026-10-03 22:48:44,096   INFO  cfg.MODEL.DENSE_HEAD_2D.use_3d_center: True
2026-10-03 22:48:44,097   INFO  
cfg.MODEL.DEPTH_LOSS_HEAD = edict()
2026-10-03 22:48:44,097   INFO  
cfg.MODEL.DEPTH_LOSS_HEAD.LOSS_TYPE = edict()
2026-10-03 22:48:44,098   INFO  cfg.MODEL.DEPTH_LOSS_HEAD.LOSS_TYPE.ce: 1.0
2026-10-03 22:48:44,098   INFO  cfg.MODEL.DEPTH_LOSS_HEAD.WEIGHTS: [1.0]
2026-10-03 22:48:44,098   INFO  
cfg.MODEL.LIDAR_MODEL = edict()
2026-10-03 22:48:44,099   INFO  
cfg.MODEL.LIDAR_MODEL.BACKBONE_2D = edict()
2026-10-03 22:48:44,099   INFO  cfg.MODEL.LIDAR_MODEL.BACKBONE_2D.GN: False
2026-10-03 22:48:44,099   INFO  cfg.MODEL.LIDAR_MODEL.BACKBONE_2D.NAME: HgBEVBackbone
2026-10-03 22:48:44,100   INFO  cfg.MODEL.LIDAR_MODEL.BACKBONE_2D.num_channels: 64
2026-10-03 22:48:44,100   INFO  
cfg.MODEL.LIDAR_MODEL.BACKBONE_3D = edict()
2026-10-03 22:48:44,100   INFO  cfg.MODEL.LIDAR_MODEL.BACKBONE_3D.NAME: VoxelBackBone4xNoFinalBnReLU
2026-10-03 22:48:44,100   INFO  
cfg.MODEL.LIDAR_MODEL.MAP_TO_BEV = edict()
2026-10-03 22:48:44,101   INFO  cfg.MODEL.LIDAR_MODEL.MAP_TO_BEV.NAME: HeightCompression
2026-10-03 22:48:44,101   INFO  cfg.MODEL.LIDAR_MODEL.MAP_TO_BEV.NUM_BEV_FEATURES: 160
2026-10-03 22:48:44,101   INFO  cfg.MODEL.LIDAR_MODEL.NAME: SECONDNet
2026-10-03 22:48:44,102   INFO  cfg.MODEL.LIDAR_MODEL.PRETRAINED_MODEL: ./ckpt/second_s4_hg.iouloss.ep78.backbone-no-final-bnrelu.input-only-xyz.default-lr-policy-with-wd-decay-78ep.pth
2026-10-03 22:48:44,102   INFO  cfg.MODEL.LIDAR_MODEL.RETURN_BATCH_DICT: True
2026-10-03 22:48:44,103   INFO  
cfg.MODEL.LIDAR_MODEL.VFE = edict()
2026-10-03 22:48:44,103   INFO  cfg.MODEL.LIDAR_MODEL.VFE.NAME: MeanVFE
2026-10-03 22:48:44,103   INFO  
cfg.MODEL.MAP_TO_BEV = edict()
2026-10-03 22:48:44,104   INFO  cfg.MODEL.MAP_TO_BEV.NAME: HeightCompression
2026-10-03 22:48:44,104   INFO  cfg.MODEL.MAP_TO_BEV.NUM_BEV_FEATURES: 160
2026-10-03 22:48:44,104   INFO  cfg.MODEL.MAP_TO_BEV.SPARSE_INPUT: False
2026-10-03 22:48:44,105   INFO  cfg.MODEL.NAME: stereo_LIGA
2026-10-03 22:48:44,105   INFO  
cfg.MODEL.POST_PROCESSING = edict()
2026-10-03 22:48:44,105   INFO  cfg.MODEL.POST_PROCESSING.EVAL_METRIC: kitti
2026-10-03 22:48:44,106   INFO  
cfg.MODEL.POST_PROCESSING.NMS_CONFIG = edict()
2026-10-03 22:48:44,106   INFO  cfg.MODEL.POST_PROCESSING.NMS_CONFIG.MULTI_CLASSES_NMS: True
2026-10-03 22:48:44,106   INFO  cfg.MODEL.POST_PROCESSING.NMS_CONFIG.NMS_POST_MAXSIZE: 500
2026-10-03 22:48:44,107   INFO  cfg.MODEL.POST_PROCESSING.NMS_CONFIG.NMS_PRE_MAXSIZE: 4096
2026-10-03 22:48:44,107   INFO  cfg.MODEL.POST_PROCESSING.NMS_CONFIG.NMS_THRESH: 0.25
2026-10-03 22:48:44,107   INFO  cfg.MODEL.POST_PROCESSING.NMS_CONFIG.NMS_TYPE: nms_gpu
2026-10-03 22:48:44,107   INFO  cfg.MODEL.POST_PROCESSING.OUTPUT_RAW_SCORE: False
2026-10-03 22:48:44,108   INFO  cfg.MODEL.POST_PROCESSING.RECALL_THRESH_LIST: [0.3, 0.5, 0.7]
2026-10-03 22:48:44,108   INFO  cfg.MODEL.POST_PROCESSING.SCORE_THRESH: 0.1
2026-10-03 22:48:44,109   INFO  
cfg.OPTIMIZATION = edict()
2026-10-03 22:48:44,109   INFO  cfg.OPTIMIZATION.BATCH_SIZE_PER_GPU: 1
2026-10-03 22:48:44,109   INFO  cfg.OPTIMIZATION.DECAY_STEP_LIST: []
2026-10-03 22:48:44,110   INFO  cfg.OPTIMIZATION.DIV_FACTOR: 10
2026-10-03 22:48:44,110   INFO  cfg.OPTIMIZATION.GRAD_NORM_CLIP: 10
2026-10-03 22:48:44,110   INFO  cfg.OPTIMIZATION.LR: 0.0001
2026-10-03 22:48:44,111   INFO  cfg.OPTIMIZATION.LR_CLIP: 1e-07
2026-10-03 22:48:44,111   INFO  cfg.OPTIMIZATION.LR_DECAY: 0.1
2026-10-03 22:48:44,112   INFO  cfg.OPTIMIZATION.LR_WARMUP: False
2026-10-03 22:48:44,112   INFO  cfg.OPTIMIZATION.MOMENTUM: 0.9
2026-10-03 22:48:44,112   INFO  cfg.OPTIMIZATION.NUM_EPOCHS: 1
2026-10-03 22:48:44,112   INFO  cfg.OPTIMIZATION.OPTIMIZER: adamw
2026-10-03 22:48:44,113   INFO  cfg.OPTIMIZATION.WARMUP_EPOCH: 1
2026-10-03 22:48:44,113   INFO  cfg.OPTIMIZATION.WEIGHT_DECAY: 0.0001
2026-10-03 22:48:44,114   INFO  cfg.TAG: student_task_seed17_epoch1
2026-10-03 22:48:44,114   INFO  cfg.EXP_GROUP_PATH: home_sheng_paper6_configs_tuning
2026-10-03 22:48:44,115   INFO  boxes_gt_in_cam2_view False
2026-10-03 22:48:44,119   INFO  Loading KITTI dataset
2026-10-03 22:48:44,130   INFO  Total samples for KITTI dataset: 372
2026-10-03 22:48:44,164   INFO  ==> Loading parameters from checkpoint ./ckpt/second_s4_hg.iouloss.ep78.backbone-no-final-bnrelu.input-only-xyz.default-lr-policy-with-wd-decay-78ep.pth to CPU
/home/sheng/paper6/third_party/LIGA-Stereo/liga/models/detectors_lidar/lidar_detector3d_template.py:297: FutureWarning: You are using `torch.load` with `weights_only=False` (the current default value), which uses the default pickle module implicitly. It is possible to construct malicious pickle data which will execute arbitrary code during unpickling (See https://github.com/pytorch/pytorch/blob/main/SECURITY.md#untrusted-models for more details). In a future release, the default value for `weights_only` will be flipped to `True`. This limits the functions that could be executed during unpickling. Arbitrary objects will no longer be allowed to be loaded via this mode unless they are explicitly allowlisted by the user via `torch.serialization.add_safe_globals`. We recommend you start setting `weights_only=True` for any use case where you don't have full control of the loaded file. Please open an issue on GitHub for any issues related to this experimental feature.
  checkpoint = torch.load(filename, map_location=loc_type)
2026-10-03 22:48:44,222   INFO  ==> Checkpoint trained from version: liga+0.1.0+7aa7b92+py60b444b
2026-10-03 22:48:44,292   INFO  Not Loaded weight dense_head.rpn3d_cls_convs.0.0.0.weight: torch.Size([64, 64, 3, 3])
2026-10-03 22:48:44,293   INFO  Not Loaded weight dense_head.rpn3d_cls_convs.0.0.1.weight: torch.Size([64])
2026-10-03 22:48:44,294   INFO  Not Loaded weight dense_head.rpn3d_cls_convs.0.0.1.bias: torch.Size([64])
2026-10-03 22:48:44,294   INFO  Not Loaded weight dense_head.rpn3d_cls_convs.0.0.1.running_mean: torch.Size([64])
2026-10-03 22:48:44,295   INFO  Not Loaded weight dense_head.rpn3d_cls_convs.0.0.1.running_var: torch.Size([64])
2026-10-03 22:48:44,296   INFO  Not Loaded weight dense_head.rpn3d_cls_convs.0.0.1.num_batches_tracked: torch.Size([])
2026-10-03 22:48:44,296   INFO  Not Loaded weight dense_head.rpn3d_cls_convs.1.0.0.weight: torch.Size([64, 64, 3, 3])
2026-10-03 22:48:44,296   INFO  Not Loaded weight dense_head.rpn3d_cls_convs.1.0.1.weight: torch.Size([64])
2026-10-03 22:48:44,297   INFO  Not Loaded weight dense_head.rpn3d_cls_convs.1.0.1.bias: torch.Size([64])
2026-10-03 22:48:44,297   INFO  Not Loaded weight dense_head.rpn3d_cls_convs.1.0.1.running_mean: torch.Size([64])
2026-10-03 22:48:44,298   INFO  Not Loaded weight dense_head.rpn3d_cls_convs.1.0.1.running_var: torch.Size([64])
2026-10-03 22:48:44,299   INFO  Not Loaded weight dense_head.rpn3d_cls_convs.1.0.1.num_batches_tracked: torch.Size([])
2026-10-03 22:48:44,299   INFO  Not Loaded weight dense_head.rpn3d_bbox_convs.0.0.0.weight: torch.Size([64, 64, 3, 3])
2026-10-03 22:48:44,300   INFO  Not Loaded weight dense_head.rpn3d_bbox_convs.0.0.1.weight: torch.Size([64])
2026-10-03 22:48:44,300   INFO  Not Loaded weight dense_head.rpn3d_bbox_convs.0.0.1.bias: torch.Size([64])
2026-10-03 22:48:44,301   INFO  Not Loaded weight dense_head.rpn3d_bbox_convs.0.0.1.running_mean: torch.Size([64])
2026-10-03 22:48:44,301   INFO  Not Loaded weight dense_head.rpn3d_bbox_convs.0.0.1.running_var: torch.Size([64])
2026-10-03 22:48:44,302   INFO  Not Loaded weight dense_head.rpn3d_bbox_convs.0.0.1.num_batches_tracked: torch.Size([])
2026-10-03 22:48:44,302   INFO  Not Loaded weight dense_head.rpn3d_bbox_convs.1.0.0.weight: torch.Size([64, 64, 3, 3])
2026-10-03 22:48:44,303   INFO  Not Loaded weight dense_head.rpn3d_bbox_convs.1.0.1.weight: torch.Size([64])
2026-10-03 22:48:44,303   INFO  Not Loaded weight dense_head.rpn3d_bbox_convs.1.0.1.bias: torch.Size([64])
2026-10-03 22:48:44,304   INFO  Not Loaded weight dense_head.rpn3d_bbox_convs.1.0.1.running_mean: torch.Size([64])
2026-10-03 22:48:44,304   INFO  Not Loaded weight dense_head.rpn3d_bbox_convs.1.0.1.running_var: torch.Size([64])
2026-10-03 22:48:44,304   INFO  Not Loaded weight dense_head.rpn3d_bbox_convs.1.0.1.num_batches_tracked: torch.Size([])
2026-10-03 22:48:44,305   INFO  Not Loaded weight dense_head.conv_cls.weight: torch.Size([18, 64, 3, 3])
2026-10-03 22:48:44,305   INFO  Not Loaded weight dense_head.conv_cls.bias: torch.Size([18])
2026-10-03 22:48:44,306   INFO  Not Loaded weight dense_head.conv_box.weight: torch.Size([42, 64, 3, 3])
2026-10-03 22:48:44,306   INFO  Not Loaded weight dense_head.conv_box.bias: torch.Size([42])
2026-10-03 22:48:44,306   INFO  Not Loaded weight dense_head.conv_dir_cls.weight: torch.Size([12, 64, 1, 1])
2026-10-03 22:48:44,307   INFO  Not Loaded weight dense_head.conv_dir_cls.bias: torch.Size([12])
2026-10-03 22:48:44,308   INFO  ==> Done (loaded 110/110)
stereo volume depth range: 2.0 -> 59.599998474121094, interval 0.19999999470180935
/home/sheng/anaconda3/envs/epiu-dsgn/lib/python3.10/site-packages/torch/functional.py:534: UserWarning: torch.meshgrid: in an upcoming release, it will be required to pass the indexing argument. (Triggered internally at ../aten/src/ATen/native/TensorShape.cpp:3595.)
  return _VF.meshgrid(tensors, **kwargs)  # type: ignore[attr-defined]
2026-10-03 22:48:44,380 - mmdet - INFO - load checkpoint from torchvision path: torchvision://resnet34
2026-10-03 22:48:44,520 - mmdet - WARNING - The model and loaded state dict do not match exactly

size mismatch for layer3.0.conv1.weight: copying a param with shape torch.Size([256, 128, 3, 3]) from checkpoint, the shape in current model is torch.Size([128, 128, 3, 3]).
size mismatch for layer3.0.bn1.weight: copying a param with shape torch.Size([256]) from checkpoint, the shape in current model is torch.Size([128]).
size mismatch for layer3.0.bn1.bias: copying a param with shape torch.Size([256]) from checkpoint, the shape in current model is torch.Size([128]).
size mismatch for layer3.0.bn1.running_mean: copying a param with shape torch.Size([256]) from checkpoint, the shape in current model is torch.Size([128]).
size mismatch for layer3.0.bn1.running_var: copying a param with shape torch.Size([256]) from checkpoint, the shape in current model is torch.Size([128]).
size mismatch for layer3.0.conv2.weight: copying a param with shape torch.Size([256, 256, 3, 3]) from checkpoint, the shape in current model is torch.Size([128, 128, 3, 3]).
size mismatch for layer3.0.bn2.weight: copying a param with shape torch.Size([256]) from checkpoint, the shape in current model is torch.Size([128]).
size mismatch for layer3.0.bn2.bias: copying a param with shape torch.Size([256]) from checkpoint, the shape in current model is torch.Size([128]).
size mismatch for layer3.0.bn2.running_mean: copying a param with shape torch.Size([256]) from checkpoint, the shape in current model is torch.Size([128]).
size mismatch for layer3.0.bn2.running_var: copying a param with shape torch.Size([256]) from checkpoint, the shape in current model is torch.Size([128]).
size mismatch for layer3.1.conv1.weight: copying a param with shape torch.Size([256, 256, 3, 3]) from checkpoint, the shape in current model is torch.Size([128, 128, 3, 3]).
size mismatch for layer3.1.bn1.weight: copying a param with shape torch.Size([256]) from checkpoint, the shape in current model is torch.Size([128]).
size mismatch for layer3.1.bn1.bias: copying a param with shape torch.Size([256]) from checkpoint, the shape in current model is torch.Size([128]).
size mismatch for layer3.1.bn1.running_mean: copying a param with shape torch.Size([256]) from checkpoint, the shape in current model is torch.Size([128]).
size mismatch for layer3.1.bn1.running_var: copying a param with shape torch.Size([256]) from checkpoint, the shape in current model is torch.Size([128]).
size mismatch for layer3.1.conv2.weight: copying a param with shape torch.Size([256, 256, 3, 3]) from checkpoint, the shape in current model is torch.Size([128, 128, 3, 3]).
size mismatch for layer3.1.bn2.weight: copying a param with shape torch.Size([256]) from checkpoint, the shape in current model is torch.Size([128]).
size mismatch for layer3.1.bn2.bias: copying a param with shape torch.Size([256]) from checkpoint, the shape in current model is torch.Size([128]).
size mismatch for layer3.1.bn2.running_mean: copying a param with shape torch.Size([256]) from checkpoint, the shape in current model is torch.Size([128]).
size mismatch for layer3.1.bn2.running_var: copying a param with shape torch.Size([256]) from checkpoint, the shape in current model is torch.Size([128]).
size mismatch for layer3.2.conv1.weight: copying a param with shape torch.Size([256, 256, 3, 3]) from checkpoint, the shape in current model is torch.Size([128, 128, 3, 3]).
size mismatch for layer3.2.bn1.weight: copying a param with shape torch.Size([256]) from checkpoint, the shape in current model is torch.Size([128]).
size mismatch for layer3.2.bn1.bias: copying a param with shape torch.Size([256]) from checkpoint, the shape in current model is torch.Size([128]).
size mismatch for layer3.2.bn1.running_mean: copying a param with shape torch.Size([256]) from checkpoint, the shape in current model is torch.Size([128]).
size mismatch for layer3.2.bn1.running_var: copying a param with shape torch.Size([256]) from checkpoint, the shape in current model is torch.Size([128]).
size mismatch for layer3.2.conv2.weight: copying a param with shape torch.Size([256, 256, 3, 3]) from checkpoint, the shape in current model is torch.Size([128, 128, 3, 3]).
size mismatch for layer3.2.bn2.weight: copying a param with shape torch.Size([256]) from checkpoint, the shape in current model is torch.Size([128]).
size mismatch for layer3.2.bn2.bias: copying a param with shape torch.Size([256]) from checkpoint, the shape in current model is torch.Size([128]).
size mismatch for layer3.2.bn2.running_mean: copying a param with shape torch.Size([256]) from checkpoint, the shape in current model is torch.Size([128]).
size mismatch for layer3.2.bn2.running_var: copying a param with shape torch.Size([256]) from checkpoint, the shape in current model is torch.Size([128]).
size mismatch for layer3.3.conv1.weight: copying a param with shape torch.Size([256, 256, 3, 3]) from checkpoint, the shape in current model is torch.Size([128, 128, 3, 3]).
size mismatch for layer3.3.bn1.weight: copying a param with shape torch.Size([256]) from checkpoint, the shape in current model is torch.Size([128]).
size mismatch for layer3.3.bn1.bias: copying a param with shape torch.Size([256]) from checkpoint, the shape in current model is torch.Size([128]).
size mismatch for layer3.3.bn1.running_mean: copying a param with shape torch.Size([256]) from checkpoint, the shape in current model is torch.Size([128]).
size mismatch for layer3.3.bn1.running_var: copying a param with shape torch.Size([256]) from checkpoint, the shape in current model is torch.Size([128]).
size mismatch for layer3.3.conv2.weight: copying a param with shape torch.Size([256, 256, 3, 3]) from checkpoint, the shape in current model is torch.Size([128, 128, 3, 3]).
size mismatch for layer3.3.bn2.weight: copying a param with shape torch.Size([256]) from checkpoint, the shape in current model is torch.Size([128]).
size mismatch for layer3.3.bn2.bias: copying a param with shape torch.Size([256]) from checkpoint, the shape in current model is torch.Size([128]).
size mismatch for layer3.3.bn2.running_mean: copying a param with shape torch.Size([256]) from checkpoint, the shape in current model is torch.Size([128]).
size mismatch for layer3.3.bn2.running_var: copying a param with shape torch.Size([256]) from checkpoint, the shape in current model is torch.Size([128]).
size mismatch for layer3.4.conv1.weight: copying a param with shape torch.Size([256, 256, 3, 3]) from checkpoint, the shape in current model is torch.Size([128, 128, 3, 3]).
size mismatch for layer3.4.bn1.weight: copying a param with shape torch.Size([256]) from checkpoint, the shape in current model is torch.Size([128]).
size mismatch for layer3.4.bn1.bias: copying a param with shape torch.Size([256]) from checkpoint, the shape in current model is torch.Size([128]).
size mismatch for layer3.4.bn1.running_mean: copying a param with shape torch.Size([256]) from checkpoint, the shape in current model is torch.Size([128]).
size mismatch for layer3.4.bn1.running_var: copying a param with shape torch.Size([256]) from checkpoint, the shape in current model is torch.Size([128]).
size mismatch for layer3.4.conv2.weight: copying a param with shape torch.Size([256, 256, 3, 3]) from checkpoint, the shape in current model is torch.Size([128, 128, 3, 3]).
size mismatch for layer3.4.bn2.weight: copying a param with shape torch.Size([256]) from checkpoint, the shape in current model is torch.Size([128]).
size mismatch for layer3.4.bn2.bias: copying a param with shape torch.Size([256]) from checkpoint, the shape in current model is torch.Size([128]).
size mismatch for layer3.4.bn2.running_mean: copying a param with shape torch.Size([256]) from checkpoint, the shape in current model is torch.Size([128]).
size mismatch for layer3.4.bn2.running_var: copying a param with shape torch.Size([256]) from checkpoint, the shape in current model is torch.Size([128]).
size mismatch for layer3.5.conv1.weight: copying a param with shape torch.Size([256, 256, 3, 3]) from checkpoint, the shape in current model is torch.Size([128, 128, 3, 3]).
size mismatch for layer3.5.bn1.weight: copying a param with shape torch.Size([256]) from checkpoint, the shape in current model is torch.Size([128]).
size mismatch for layer3.5.bn1.bias: copying a param with shape torch.Size([256]) from checkpoint, the shape in current model is torch.Size([128]).
size mismatch for layer3.5.bn1.running_mean: copying a param with shape torch.Size([256]) from checkpoint, the shape in current model is torch.Size([128]).
size mismatch for layer3.5.bn1.running_var: copying a param with shape torch.Size([256]) from checkpoint, the shape in current model is torch.Size([128]).
size mismatch for layer3.5.conv2.weight: copying a param with shape torch.Size([256, 256, 3, 3]) from checkpoint, the shape in current model is torch.Size([128, 128, 3, 3]).
size mismatch for layer3.5.bn2.weight: copying a param with shape torch.Size([256]) from checkpoint, the shape in current model is torch.Size([128]).
size mismatch for layer3.5.bn2.bias: copying a param with shape torch.Size([256]) from checkpoint, the shape in current model is torch.Size([128]).
size mismatch for layer3.5.bn2.running_mean: copying a param with shape torch.Size([256]) from checkpoint, the shape in current model is torch.Size([128]).
size mismatch for layer3.5.bn2.running_var: copying a param with shape torch.Size([256]) from checkpoint, the shape in current model is torch.Size([128]).
size mismatch for layer4.0.conv1.weight: copying a param with shape torch.Size([512, 256, 3, 3]) from checkpoint, the shape in current model is torch.Size([128, 128, 3, 3]).
size mismatch for layer4.0.bn1.weight: copying a param with shape torch.Size([512]) from checkpoint, the shape in current model is torch.Size([128]).
size mismatch for layer4.0.bn1.bias: copying a param with shape torch.Size([512]) from checkpoint, the shape in current model is torch.Size([128]).
size mismatch for layer4.0.bn1.running_mean: copying a param with shape torch.Size([512]) from checkpoint, the shape in current model is torch.Size([128]).
size mismatch for layer4.0.bn1.running_var: copying a param with shape torch.Size([512]) from checkpoint, the shape in current model is torch.Size([128]).
size mismatch for layer4.0.conv2.weight: copying a param with shape torch.Size([512, 512, 3, 3]) from checkpoint, the shape in current model is torch.Size([128, 128, 3, 3]).
size mismatch for layer4.0.bn2.weight: copying a param with shape torch.Size([512]) from checkpoint, the shape in current model is torch.Size([128]).
size mismatch for layer4.0.bn2.bias: copying a param with shape torch.Size([512]) from checkpoint, the shape in current model is torch.Size([128]).
size mismatch for layer4.0.bn2.running_mean: copying a param with shape torch.Size([512]) from checkpoint, the shape in current model is torch.Size([128]).
size mismatch for layer4.0.bn2.running_var: copying a param with shape torch.Size([512]) from checkpoint, the shape in current model is torch.Size([128]).
size mismatch for layer4.1.conv1.weight: copying a param with shape torch.Size([512, 512, 3, 3]) from checkpoint, the shape in current model is torch.Size([128, 128, 3, 3]).
size mismatch for layer4.1.bn1.weight: copying a param with shape torch.Size([512]) from checkpoint, the shape in current model is torch.Size([128]).
size mismatch for layer4.1.bn1.bias: copying a param with shape torch.Size([512]) from checkpoint, the shape in current model is torch.Size([128]).
size mismatch for layer4.1.bn1.running_mean: copying a param with shape torch.Size([512]) from checkpoint, the shape in current model is torch.Size([128]).
size mismatch for layer4.1.bn1.running_var: copying a param with shape torch.Size([512]) from checkpoint, the shape in current model is torch.Size([128]).
size mismatch for layer4.1.conv2.weight: copying a param with shape torch.Size([512, 512, 3, 3]) from checkpoint, the shape in current model is torch.Size([128, 128, 3, 3]).
size mismatch for layer4.1.bn2.weight: copying a param with shape torch.Size([512]) from checkpoint, the shape in current model is torch.Size([128]).
size mismatch for layer4.1.bn2.bias: copying a param with shape torch.Size([512]) from checkpoint, the shape in current model is torch.Size([128]).
size mismatch for layer4.1.bn2.running_mean: copying a param with shape torch.Size([512]) from checkpoint, the shape in current model is torch.Size([128]).
size mismatch for layer4.1.bn2.running_var: copying a param with shape torch.Size([512]) from checkpoint, the shape in current model is torch.Size([128]).
size mismatch for layer4.2.conv1.weight: copying a param with shape torch.Size([512, 512, 3, 3]) from checkpoint, the shape in current model is torch.Size([128, 128, 3, 3]).
size mismatch for layer4.2.bn1.weight: copying a param with shape torch.Size([512]) from checkpoint, the shape in current model is torch.Size([128]).
size mismatch for layer4.2.bn1.bias: copying a param with shape torch.Size([512]) from checkpoint, the shape in current model is torch.Size([128]).
size mismatch for layer4.2.bn1.running_mean: copying a param with shape torch.Size([512]) from checkpoint, the shape in current model is torch.Size([128]).
size mismatch for layer4.2.bn1.running_var: copying a param with shape torch.Size([512]) from checkpoint, the shape in current model is torch.Size([128]).
size mismatch for layer4.2.conv2.weight: copying a param with shape torch.Size([512, 512, 3, 3]) from checkpoint, the shape in current model is torch.Size([128, 128, 3, 3]).
size mismatch for layer4.2.bn2.weight: copying a param with shape torch.Size([512]) from checkpoint, the shape in current model is torch.Size([128]).
size mismatch for layer4.2.bn2.bias: copying a param with shape torch.Size([512]) from checkpoint, the shape in current model is torch.Size([128]).
size mismatch for layer4.2.bn2.running_mean: copying a param with shape torch.Size([512]) from checkpoint, the shape in current model is torch.Size([128]).
size mismatch for layer4.2.bn2.running_var: copying a param with shape torch.Size([512]) from checkpoint, the shape in current model is torch.Size([128]).
unexpected key in source state_dict: fc.weight, fc.bias, layer3.0.downsample.0.weight, layer3.0.downsample.1.running_mean, layer3.0.downsample.1.running_var, layer3.0.downsample.1.weight, layer3.0.downsample.1.bias, layer4.0.downsample.0.weight, layer4.0.downsample.1.running_mean, layer4.0.downsample.1.running_var, layer4.0.downsample.1.weight, layer4.0.downsample.1.bias

2026-10-03 22:48:45,081   INFO  ==> Loading parameters from checkpoint /mnt/d/paper6/runs/liga/home_sheng_paper6_configs_tuning/student_task_seed17_epoch1.student-task-seed17-001/ckpt/checkpoint_epoch_1.pth to CPU
/home/sheng/paper6/third_party/LIGA-Stereo/liga/models/detectors_stereo/stereo_detector3d_template.py:342: FutureWarning: You are using `torch.load` with `weights_only=False` (the current default value), which uses the default pickle module implicitly. It is possible to construct malicious pickle data which will execute arbitrary code during unpickling (See https://github.com/pytorch/pytorch/blob/main/SECURITY.md#untrusted-models for more details). In a future release, the default value for `weights_only` will be flipped to `True`. This limits the functions that could be executed during unpickling. Arbitrary objects will no longer be allowed to be loaded via this mode unless they are explicitly allowlisted by the user via `torch.serialization.add_safe_globals`. We recommend you start setting `weights_only=True` for any use case where you don't have full control of the loaded file. Please open an issue on GitHub for any issues related to this experimental feature.
  checkpoint = torch.load(filename, map_location=loc_type)
2026-10-03 22:48:45,336   INFO  ==> Checkpoint trained from version: liga+0.1.0+0000000
2026-10-03 22:48:47,030   INFO  ==> Done (loaded 519/519)
2026-10-03 22:48:47,160   INFO  *************** EPOCH 1 EVALUATION *****************
eval:   0%|          | 0/372 [00:00<?, ?it/s]/home/sheng/paper6/.venv/lib/python3.10/site-packages/mmcv/__init__.py:20: UserWarning: On January 1, 2023, MMCV will release v2.0.0, in which it will remove components related to the training process and add a data transformation module. In addition, it will rename the package names mmcv to mmcv-lite and mmcv-full to mmcv. See https://github.com/open-mmlab/mmcv/blob/master/docs/en/compatibility.md for more details.
  warnings.warn(
/home/sheng/paper6/.venv/lib/python3.10/site-packages/mmcv/__init__.py:20: UserWarning: On January 1, 2023, MMCV will release v2.0.0, in which it will remove components related to the training process and add a data transformation module. In addition, it will rename the package names mmcv to mmcv-lite and mmcv-full to mmcv. See https://github.com/open-mmlab/mmcv/blob/master/docs/en/compatibility.md for more details.
  warnings.warn(
/home/sheng/paper6/.venv/lib/python3.10/site-packages/mmcv/__init__.py:20: UserWarning: On January 1, 2023, MMCV will release v2.0.0, in which it will remove components related to the training process and add a data transformation module. In addition, it will rename the package names mmcv to mmcv-lite and mmcv-full to mmcv. See https://github.com/open-mmlab/mmcv/blob/master/docs/en/compatibility.md for more details.
  warnings.warn(
/home/sheng/paper6/.venv/lib/python3.10/site-packages/mmcv/__init__.py:20: UserWarning: On January 1, 2023, MMCV will release v2.0.0, in which it will remove components related to the training process and add a data transformation module. In addition, it will rename the package names mmcv to mmcv-lite and mmcv-full to mmcv. See https://github.com/open-mmlab/mmcv/blob/master/docs/en/compatibility.md for more details.
  warnings.warn(
/home/sheng/paper6/third_party/LIGA-Stereo/liga/models/backbones_3d_stereo/liga_backbone.py:280: UserWarning: Creating a tensor from a list of numpy.ndarrays is extremely slow. Please consider converting the list to a single numpy.ndarray with numpy.array() before converting to a tensor. (Triggered internally at ../torch/csrc/utils/tensor_new.cpp:278.)
  calibs_Proj = torch.as_tensor(
/home/sheng/paper6/third_party/LIGA-Stereo/liga/ops/iou3d_nms/iou3d_nms_utils.py:70: UserWarning: The torch.cuda.*DtypeTensor constructors are no longer recommended. It's best to use methods such as torch.tensor(data, dtype=*, device='cuda') to create tensors. (Triggered internally at ../torch/csrc/tensor/python_tensor.cpp:78.)
  overlaps_bev = torch.cuda.FloatTensor(torch.Size((boxes_a.shape[0], boxes_b.shape[0]))).zero_()  # (N, M)
eval:   0%|          | 0/372 [00:33<?, ?it/s, recall_0.3=(0, 4) / 7]eval:   0%|          | 1/372 [00:33<3:26:20, 33.37s/it, recall_0.3=(0, 4) / 7]eval:   0%|          | 1/372 [00:33<3:26:20, 33.37s/it, recall_0.3=(0, 5) / 8]eval:   1%|          | 2/372 [00:33<1:25:41, 13.90s/it, recall_0.3=(0, 5) / 8]eval:   1%|          | 2/372 [00:33<1:25:41, 13.90s/it, recall_0.3=(0, 6) / 9]eval:   1%|          | 3/372 [00:33<47:01,  7.65s/it, recall_0.3=(0, 6) / 9]  eval:   1%|          | 3/372 [00:34<47:01,  7.65s/it, recall_0.3=(0, 6) / 10]eval:   1%|          | 4/372 [00:34<28:49,  4.70s/it, recall_0.3=(0, 6) / 10]eval:   1%|          | 4/372 [00:34<28:49,  4.70s/it, recall_0.3=(0, 15) / 20]eval:   1%|▏         | 5/372 [00:34<18:48,  3.07s/it, recall_0.3=(0, 15) / 20]eval:   1%|▏         | 5/372 [00:34<18:48,  3.07s/it, recall_0.3=(0, 16) / 21]eval:   2%|▏         | 6/372 [00:34<12:47,  2.10s/it, recall_0.3=(0, 16) / 21]eval:   2%|▏         | 6/372 [00:34<12:47,  2.10s/it, recall_0.3=(0, 19) / 29]eval:   2%|▏         | 7/372 [00:34<08:54,  1.47s/it, recall_0.3=(0, 19) / 29]eval:   2%|▏         | 7/372 [00:34<08:54,  1.47s/it, recall_0.3=(0, 20) / 33]eval:   2%|▏         | 8/372 [00:34<06:26,  1.06s/it, recall_0.3=(0, 20) / 33]eval:   2%|▏         | 8/372 [00:34<06:26,  1.06s/it, recall_0.3=(0, 26) / 42]eval:   2%|▏         | 9/372 [00:34<04:45,  1.27it/s, recall_0.3=(0, 26) / 42]eval:   2%|▏         | 9/372 [00:35<04:45,  1.27it/s, recall_0.3=(0, 26) / 43]eval:   3%|▎         | 10/372 [00:35<03:37,  1.66it/s, recall_0.3=(0, 26) / 43]eval:   3%|▎         | 10/372 [00:35<03:37,  1.66it/s, recall_0.3=(0, 28) / 45]eval:   3%|▎         | 11/372 [00:35<02:47,  2.16it/s, recall_0.3=(0, 28) / 45]eval:   3%|▎         | 11/372 [00:35<02:47,  2.16it/s, recall_0.3=(0, 29) / 46]eval:   3%|▎         | 12/372 [00:35<02:14,  2.68it/s, recall_0.3=(0, 29) / 46]eval:   3%|▎         | 12/372 [00:35<02:14,  2.68it/s, recall_0.3=(0, 30) / 47]eval:   3%|▎         | 13/372 [00:35<01:52,  3.20it/s, recall_0.3=(0, 30) / 47]eval:   3%|▎         | 13/372 [00:35<01:52,  3.20it/s, recall_0.3=(0, 31) / 53]eval:   4%|▍         | 14/372 [00:35<01:38,  3.62it/s, recall_0.3=(0, 31) / 53]eval:   4%|▍         | 14/372 [00:36<01:38,  3.62it/s, recall_0.3=(0, 31) / 54]eval:   4%|▍         | 15/372 [00:36<01:28,  4.04it/s, recall_0.3=(0, 31) / 54]eval:   4%|▍         | 15/372 [00:36<01:28,  4.04it/s, recall_0.3=(0, 34) / 62]eval:   4%|▍         | 16/372 [00:36<01:20,  4.42it/s, recall_0.3=(0, 34) / 62]eval:   4%|▍         | 16/372 [00:36<01:20,  4.42it/s, recall_0.3=(0, 35) / 63]eval:   5%|▍         | 17/372 [00:36<01:15,  4.71it/s, recall_0.3=(0, 35) / 63]eval:   5%|▍         | 17/372 [00:36<01:15,  4.71it/s, recall_0.3=(0, 36) / 65]eval:   5%|▍         | 18/372 [00:36<01:12,  4.88it/s, recall_0.3=(0, 36) / 65]eval:   5%|▍         | 18/372 [00:36<01:12,  4.88it/s, recall_0.3=(0, 41) / 72]eval:   5%|▌         | 19/372 [00:36<01:08,  5.15it/s, recall_0.3=(0, 41) / 72]eval:   5%|▌         | 19/372 [00:36<01:08,  5.15it/s, recall_0.3=(0, 45) / 77]eval:   5%|▌         | 20/372 [00:36<01:05,  5.34it/s, recall_0.3=(0, 45) / 77]eval:   5%|▌         | 20/372 [00:37<01:05,  5.34it/s, recall_0.3=(0, 48) / 87]eval:   6%|▌         | 21/372 [00:37<01:04,  5.40it/s, recall_0.3=(0, 48) / 87]eval:   6%|▌         | 21/372 [00:37<01:04,  5.40it/s, recall_0.3=(0, 52) / 93]eval:   6%|▌         | 22/372 [00:37<01:03,  5.52it/s, recall_0.3=(0, 52) / 93]eval:   6%|▌         | 22/372 [00:37<01:03,  5.52it/s, recall_0.3=(0, 53) / 94]eval:   6%|▌         | 23/372 [00:37<01:02,  5.55it/s, recall_0.3=(0, 53) / 94]eval:   6%|▌         | 23/372 [00:37<01:02,  5.55it/s, recall_0.3=(0, 54) / 95]eval:   6%|▋         | 24/372 [00:37<01:02,  5.54it/s, recall_0.3=(0, 54) / 95]eval:   6%|▋         | 24/372 [00:37<01:02,  5.54it/s, recall_0.3=(0, 55) / 100]eval:   7%|▋         | 25/372 [00:37<01:01,  5.60it/s, recall_0.3=(0, 55) / 100]eval:   7%|▋         | 25/372 [00:37<01:01,  5.60it/s, recall_0.3=(0, 56) / 106]eval:   7%|▋         | 26/372 [00:37<01:01,  5.66it/s, recall_0.3=(0, 56) / 106]eval:   7%|▋         | 26/372 [00:38<01:01,  5.66it/s, recall_0.3=(0, 56) / 107]eval:   7%|▋         | 27/372 [00:38<01:01,  5.65it/s, recall_0.3=(0, 56) / 107]eval:   7%|▋         | 27/372 [00:38<01:01,  5.65it/s, recall_0.3=(0, 59) / 110]eval:   8%|▊         | 28/372 [00:38<01:01,  5.57it/s, recall_0.3=(0, 59) / 110]eval:   8%|▊         | 28/372 [00:38<01:01,  5.57it/s, recall_0.3=(0, 60) / 111]eval:   8%|▊         | 29/372 [00:38<01:01,  5.58it/s, recall_0.3=(0, 60) / 111]eval:   8%|▊         | 29/372 [00:38<01:01,  5.58it/s, recall_0.3=(0, 61) / 112]eval:   8%|▊         | 30/372 [00:38<01:02,  5.50it/s, recall_0.3=(0, 61) / 112]eval:   8%|▊         | 30/372 [00:38<01:02,  5.50it/s, recall_0.3=(0, 62) / 114]eval:   8%|▊         | 31/372 [00:38<01:01,  5.57it/s, recall_0.3=(0, 62) / 114]eval:   8%|▊         | 31/372 [00:39<01:01,  5.57it/s, recall_0.3=(0, 64) / 116]eval:   9%|▊         | 32/372 [00:39<00:59,  5.67it/s, recall_0.3=(0, 64) / 116]eval:   9%|▊         | 32/372 [00:39<00:59,  5.67it/s, recall_0.3=(0, 65) / 118]eval:   9%|▉         | 33/372 [00:39<00:59,  5.73it/s, recall_0.3=(0, 65) / 118]eval:   9%|▉         | 33/372 [00:39<00:59,  5.73it/s, recall_0.3=(0, 66) / 119]eval:   9%|▉         | 34/372 [00:39<01:00,  5.59it/s, recall_0.3=(0, 66) / 119]eval:   9%|▉         | 34/372 [00:39<01:00,  5.59it/s, recall_0.3=(0, 66) / 120]eval:   9%|▉         | 35/372 [00:39<00:58,  5.74it/s, recall_0.3=(0, 66) / 120]eval:   9%|▉         | 35/372 [00:39<00:58,  5.74it/s, recall_0.3=(0, 71) / 126]eval:  10%|▉         | 36/372 [00:39<00:57,  5.83it/s, recall_0.3=(0, 71) / 126]eval:  10%|▉         | 36/372 [00:39<00:57,  5.83it/s, recall_0.3=(0, 79) / 139]eval:  10%|▉         | 37/372 [00:39<00:57,  5.81it/s, recall_0.3=(0, 79) / 139]eval:  10%|▉         | 37/372 [00:40<00:57,  5.81it/s, recall_0.3=(0, 83) / 148]eval:  10%|█         | 38/372 [00:40<00:58,  5.67it/s, recall_0.3=(0, 83) / 148]eval:  10%|█         | 38/372 [00:40<00:58,  5.67it/s, recall_0.3=(0, 85) / 150]eval:  10%|█         | 39/372 [00:40<00:58,  5.65it/s, recall_0.3=(0, 85) / 150]eval:  10%|█         | 39/372 [00:40<00:58,  5.65it/s, recall_0.3=(0, 86) / 152]eval:  11%|█         | 40/372 [00:40<00:57,  5.73it/s, recall_0.3=(0, 86) / 152]eval:  11%|█         | 40/372 [00:40<00:57,  5.73it/s, recall_0.3=(0, 87) / 155]eval:  11%|█         | 41/372 [00:40<00:57,  5.74it/s, recall_0.3=(0, 87) / 155]eval:  11%|█         | 41/372 [00:40<00:57,  5.74it/s, recall_0.3=(0, 88) / 156]eval:  11%|█▏        | 42/372 [00:40<00:59,  5.58it/s, recall_0.3=(0, 88) / 156]eval:  11%|█▏        | 42/372 [00:40<00:59,  5.58it/s, recall_0.3=(0, 92) / 160]eval:  12%|█▏        | 43/372 [00:40<00:59,  5.57it/s, recall_0.3=(0, 92) / 160]eval:  12%|█▏        | 43/372 [00:41<00:59,  5.57it/s, recall_0.3=(0, 95) / 167]eval:  12%|█▏        | 44/372 [00:41<00:58,  5.58it/s, recall_0.3=(0, 95) / 167]eval:  12%|█▏        | 44/372 [00:41<00:58,  5.58it/s, recall_0.3=(0, 101) / 173]eval:  12%|█▏        | 45/372 [00:41<00:52,  6.21it/s, recall_0.3=(0, 101) / 173]eval:  12%|█▏        | 45/372 [00:41<00:52,  6.21it/s, recall_0.3=(0, 109) / 183]eval:  12%|█▏        | 46/372 [00:41<00:54,  5.98it/s, recall_0.3=(0, 109) / 183]eval:  12%|█▏        | 46/372 [00:41<00:54,  5.98it/s, recall_0.3=(0, 111) / 188]eval:  13%|█▎        | 47/372 [00:41<00:50,  6.41it/s, recall_0.3=(0, 111) / 188]eval:  13%|█▎        | 47/372 [00:41<00:50,  6.41it/s, recall_0.3=(0, 114) / 193]eval:  13%|█▎        | 48/372 [00:41<00:48,  6.73it/s, recall_0.3=(0, 114) / 193]eval:  13%|█▎        | 48/372 [00:41<00:48,  6.73it/s, recall_0.3=(0, 118) / 198]eval:  13%|█▎        | 49/372 [00:41<00:47,  6.74it/s, recall_0.3=(0, 118) / 198]eval:  13%|█▎        | 49/372 [00:41<00:47,  6.74it/s, recall_0.3=(0, 119) / 200]eval:  13%|█▎        | 50/372 [00:41<00:47,  6.81it/s, recall_0.3=(0, 119) / 200]eval:  13%|█▎        | 50/372 [00:42<00:47,  6.81it/s, recall_0.3=(0, 120) / 201]eval:  14%|█▎        | 51/372 [00:42<00:45,  7.02it/s, recall_0.3=(0, 120) / 201]eval:  14%|█▎        | 51/372 [00:42<00:45,  7.02it/s, recall_0.3=(0, 121) / 202]eval:  14%|█▍        | 52/372 [00:42<00:44,  7.24it/s, recall_0.3=(0, 121) / 202]eval:  14%|█▍        | 52/372 [00:42<00:44,  7.24it/s, recall_0.3=(0, 122) / 205]eval:  14%|█▍        | 53/372 [00:42<00:44,  7.14it/s, recall_0.3=(0, 122) / 205]eval:  14%|█▍        | 53/372 [00:42<00:44,  7.14it/s, recall_0.3=(0, 127) / 217]eval:  15%|█▍        | 54/372 [00:42<00:46,  6.78it/s, recall_0.3=(0, 127) / 217]eval:  15%|█▍        | 54/372 [00:42<00:46,  6.78it/s, recall_0.3=(0, 127) / 221]eval:  15%|█▍        | 55/372 [00:42<00:48,  6.53it/s, recall_0.3=(0, 127) / 221]eval:  15%|█▍        | 55/372 [00:42<00:48,  6.53it/s, recall_0.3=(0, 129) / 225]eval:  15%|█▌        | 56/372 [00:42<00:51,  6.19it/s, recall_0.3=(0, 129) / 225]eval:  15%|█▌        | 56/372 [00:43<00:51,  6.19it/s, recall_0.3=(0, 130) / 226]eval:  15%|█▌        | 57/372 [00:43<00:53,  5.85it/s, recall_0.3=(0, 130) / 226]eval:  15%|█▌        | 57/372 [00:43<00:53,  5.85it/s, recall_0.3=(0, 135) / 232]eval:  16%|█▌        | 58/372 [00:43<00:53,  5.86it/s, recall_0.3=(0, 135) / 232]eval:  16%|█▌        | 58/372 [00:43<00:53,  5.86it/s, recall_0.3=(0, 142) / 244]eval:  16%|█▌        | 59/372 [00:43<00:49,  6.34it/s, recall_0.3=(0, 142) / 244]eval:  16%|█▌        | 59/372 [00:43<00:49,  6.34it/s, recall_0.3=(0, 146) / 248]eval:  16%|█▌        | 60/372 [00:43<00:48,  6.47it/s, recall_0.3=(0, 146) / 248]eval:  16%|█▌        | 60/372 [00:43<00:48,  6.47it/s, recall_0.3=(0, 148) / 257]eval:  16%|█▋        | 61/372 [00:43<00:44,  6.97it/s, recall_0.3=(0, 148) / 257]eval:  16%|█▋        | 61/372 [00:43<00:44,  6.97it/s, recall_0.3=(0, 151) / 262]eval:  17%|█▋        | 62/372 [00:43<00:45,  6.81it/s, recall_0.3=(0, 151) / 262]eval:  17%|█▋        | 62/372 [00:44<00:45,  6.81it/s, recall_0.3=(0, 154) / 268]eval:  17%|█▋        | 63/372 [00:44<00:49,  6.26it/s, recall_0.3=(0, 154) / 268]eval:  17%|█▋        | 63/372 [00:44<00:49,  6.26it/s, recall_0.3=(0, 159) / 275]eval:  17%|█▋        | 64/372 [00:44<00:46,  6.60it/s, recall_0.3=(0, 159) / 275]eval:  17%|█▋        | 64/372 [00:44<00:46,  6.60it/s, recall_0.3=(0, 164) / 286]eval:  17%|█▋        | 65/372 [00:44<00:47,  6.50it/s, recall_0.3=(0, 164) / 286]eval:  17%|█▋        | 65/372 [00:44<00:47,  6.50it/s, recall_0.3=(0, 165) / 287]eval:  18%|█▊        | 66/372 [00:44<00:48,  6.32it/s, recall_0.3=(0, 165) / 287]eval:  18%|█▊        | 66/372 [00:44<00:48,  6.32it/s, recall_0.3=(0, 166) / 288]eval:  18%|█▊        | 67/372 [00:44<00:48,  6.25it/s, recall_0.3=(0, 166) / 288]eval:  18%|█▊        | 67/372 [00:44<00:48,  6.25it/s, recall_0.3=(0, 167) / 290]eval:  18%|█▊        | 68/372 [00:44<00:46,  6.51it/s, recall_0.3=(0, 167) / 290]eval:  18%|█▊        | 68/372 [00:44<00:46,  6.51it/s, recall_0.3=(0, 173) / 297]eval:  19%|█▊        | 69/372 [00:44<00:45,  6.68it/s, recall_0.3=(0, 173) / 297]eval:  19%|█▊        | 69/372 [00:45<00:45,  6.68it/s, recall_0.3=(0, 177) / 303]eval:  19%|█▉        | 70/372 [00:45<00:45,  6.65it/s, recall_0.3=(0, 177) / 303]eval:  19%|█▉        | 70/372 [00:45<00:45,  6.65it/s, recall_0.3=(0, 177) / 304]eval:  19%|█▉        | 71/372 [00:45<00:44,  6.77it/s, recall_0.3=(0, 177) / 304]eval:  19%|█▉        | 71/372 [00:45<00:44,  6.77it/s, recall_0.3=(0, 181) / 311]eval:  19%|█▉        | 72/372 [00:45<00:43,  6.90it/s, recall_0.3=(0, 181) / 311]eval:  19%|█▉        | 72/372 [00:45<00:43,  6.90it/s, recall_0.3=(0, 188) / 323]eval:  20%|█▉        | 73/372 [00:45<00:43,  6.82it/s, recall_0.3=(0, 188) / 323]eval:  20%|█▉        | 73/372 [00:45<00:43,  6.82it/s, recall_0.3=(0, 193) / 328]eval:  20%|█▉        | 74/372 [00:45<00:46,  6.46it/s, recall_0.3=(0, 193) / 328]eval:  20%|█▉        | 74/372 [00:45<00:46,  6.46it/s, recall_0.3=(0, 200) / 342]eval:  20%|██        | 75/372 [00:45<00:46,  6.40it/s, recall_0.3=(0, 200) / 342]eval:  20%|██        | 75/372 [00:45<00:46,  6.40it/s, recall_0.3=(0, 204) / 347]eval:  20%|██        | 76/372 [00:45<00:43,  6.83it/s, recall_0.3=(0, 204) / 347]eval:  20%|██        | 76/372 [00:46<00:43,  6.83it/s, recall_0.3=(0, 205) / 348]eval:  21%|██        | 77/372 [00:46<00:41,  7.18it/s, recall_0.3=(0, 205) / 348]eval:  21%|██        | 77/372 [00:46<00:41,  7.18it/s, recall_0.3=(0, 215) / 366]eval:  21%|██        | 78/372 [00:46<00:40,  7.34it/s, recall_0.3=(0, 215) / 366]eval:  21%|██        | 78/372 [00:46<00:40,  7.34it/s, recall_0.3=(0, 222) / 377]eval:  21%|██        | 79/372 [00:46<00:40,  7.17it/s, recall_0.3=(0, 222) / 377]eval:  21%|██        | 79/372 [00:46<00:40,  7.17it/s, recall_0.3=(0, 223) / 378]eval:  22%|██▏       | 80/372 [00:46<00:42,  6.80it/s, recall_0.3=(0, 223) / 378]eval:  22%|██▏       | 80/372 [00:46<00:42,  6.80it/s, recall_0.3=(0, 224) / 380]eval:  22%|██▏       | 81/372 [00:46<00:44,  6.58it/s, recall_0.3=(0, 224) / 380]eval:  22%|██▏       | 81/372 [00:46<00:44,  6.58it/s, recall_0.3=(0, 231) / 391]eval:  22%|██▏       | 82/372 [00:46<00:43,  6.59it/s, recall_0.3=(0, 231) / 391]eval:  22%|██▏       | 82/372 [00:46<00:43,  6.59it/s, recall_0.3=(0, 236) / 401]eval:  22%|██▏       | 83/372 [00:46<00:43,  6.62it/s, recall_0.3=(0, 236) / 401]eval:  22%|██▏       | 83/372 [00:47<00:43,  6.62it/s, recall_0.3=(0, 237) / 402]eval:  23%|██▎       | 84/372 [00:47<00:43,  6.67it/s, recall_0.3=(0, 237) / 402]eval:  23%|██▎       | 84/372 [00:47<00:43,  6.67it/s, recall_0.3=(0, 239) / 406]eval:  23%|██▎       | 85/372 [00:47<00:44,  6.46it/s, recall_0.3=(0, 239) / 406]eval:  23%|██▎       | 85/372 [00:47<00:44,  6.46it/s, recall_0.3=(0, 240) / 408]eval:  23%|██▎       | 86/372 [00:47<00:41,  6.86it/s, recall_0.3=(0, 240) / 408]eval:  23%|██▎       | 86/372 [00:47<00:41,  6.86it/s, recall_0.3=(0, 241) / 414]eval:  23%|██▎       | 87/372 [00:47<00:40,  7.00it/s, recall_0.3=(0, 241) / 414]eval:  23%|██▎       | 87/372 [00:47<00:40,  7.00it/s, recall_0.3=(0, 242) / 415]eval:  24%|██▎       | 88/372 [00:47<00:38,  7.29it/s, recall_0.3=(0, 242) / 415]eval:  24%|██▎       | 88/372 [00:47<00:38,  7.29it/s, recall_0.3=(0, 243) / 416]eval:  24%|██▍       | 89/372 [00:47<00:40,  6.95it/s, recall_0.3=(0, 243) / 416]eval:  24%|██▍       | 89/372 [00:47<00:40,  6.95it/s, recall_0.3=(0, 245) / 420]eval:  24%|██▍       | 90/372 [00:47<00:40,  6.99it/s, recall_0.3=(0, 245) / 420]eval:  24%|██▍       | 90/372 [00:48<00:40,  6.99it/s, recall_0.3=(0, 250) / 429]eval:  24%|██▍       | 91/372 [00:48<00:41,  6.79it/s, recall_0.3=(0, 250) / 429]eval:  24%|██▍       | 91/372 [00:48<00:41,  6.79it/s, recall_0.3=(0, 252) / 431]eval:  25%|██▍       | 92/372 [00:48<00:40,  6.89it/s, recall_0.3=(0, 252) / 431]eval:  25%|██▍       | 92/372 [00:48<00:40,  6.89it/s, recall_0.3=(0, 254) / 433]eval:  25%|██▌       | 93/372 [00:48<00:40,  6.92it/s, recall_0.3=(0, 254) / 433]eval:  25%|██▌       | 93/372 [00:48<00:40,  6.92it/s, recall_0.3=(0, 255) / 434]eval:  25%|██▌       | 94/372 [00:48<00:38,  7.14it/s, recall_0.3=(0, 255) / 434]eval:  25%|██▌       | 94/372 [00:48<00:38,  7.14it/s, recall_0.3=(0, 259) / 439]eval:  26%|██▌       | 95/372 [00:48<00:43,  6.32it/s, recall_0.3=(0, 259) / 439]eval:  26%|██▌       | 95/372 [00:48<00:43,  6.32it/s, recall_0.3=(0, 260) / 448]eval:  26%|██▌       | 96/372 [00:48<00:42,  6.56it/s, recall_0.3=(0, 260) / 448]eval:  26%|██▌       | 96/372 [00:49<00:42,  6.56it/s, recall_0.3=(0, 262) / 454]eval:  26%|██▌       | 97/372 [00:49<00:39,  6.94it/s, recall_0.3=(0, 262) / 454]eval:  26%|██▌       | 97/372 [00:49<00:39,  6.94it/s, recall_0.3=(0, 265) / 457]eval:  26%|██▋       | 98/372 [00:49<00:39,  6.94it/s, recall_0.3=(0, 265) / 457]eval:  26%|██▋       | 98/372 [00:49<00:39,  6.94it/s, recall_0.3=(0, 266) / 463]eval:  27%|██▋       | 99/372 [00:49<00:40,  6.79it/s, recall_0.3=(0, 266) / 463]eval:  27%|██▋       | 99/372 [00:49<00:40,  6.79it/s, recall_0.3=(0, 271) / 470]eval:  27%|██▋       | 100/372 [00:49<00:38,  7.11it/s, recall_0.3=(0, 271) / 470]eval:  27%|██▋       | 100/372 [00:49<00:38,  7.11it/s, recall_0.3=(0, 274) / 475]eval:  27%|██▋       | 101/372 [00:49<00:40,  6.70it/s, recall_0.3=(0, 274) / 475]eval:  27%|██▋       | 101/372 [00:49<00:40,  6.70it/s, recall_0.3=(0, 274) / 477]eval:  27%|██▋       | 102/372 [00:49<00:43,  6.24it/s, recall_0.3=(0, 274) / 477]eval:  27%|██▋       | 102/372 [00:49<00:43,  6.24it/s, recall_0.3=(0, 274) / 478]eval:  28%|██▊       | 103/372 [00:49<00:41,  6.51it/s, recall_0.3=(0, 274) / 478]eval:  28%|██▊       | 103/372 [00:50<00:41,  6.51it/s, recall_0.3=(0, 274) / 479]eval:  28%|██▊       | 104/372 [00:50<00:42,  6.28it/s, recall_0.3=(0, 274) / 479]eval:  28%|██▊       | 104/372 [00:50<00:42,  6.28it/s, recall_0.3=(0, 279) / 491]eval:  28%|██▊       | 105/372 [00:50<00:42,  6.21it/s, recall_0.3=(0, 279) / 491]eval:  28%|██▊       | 105/372 [00:50<00:42,  6.21it/s, recall_0.3=(0, 280) / 496]eval:  28%|██▊       | 106/372 [00:50<00:40,  6.64it/s, recall_0.3=(0, 280) / 496]eval:  28%|██▊       | 106/372 [00:50<00:40,  6.64it/s, recall_0.3=(0, 280) / 497]eval:  29%|██▉       | 107/372 [00:50<00:38,  6.91it/s, recall_0.3=(0, 280) / 497]eval:  29%|██▉       | 107/372 [00:50<00:38,  6.91it/s, recall_0.3=(0, 280) / 498]eval:  29%|██▉       | 108/372 [00:50<00:38,  6.92it/s, recall_0.3=(0, 280) / 498]eval:  29%|██▉       | 108/372 [00:50<00:38,  6.92it/s, recall_0.3=(0, 282) / 503]eval:  29%|██▉       | 109/372 [00:50<00:37,  6.93it/s, recall_0.3=(0, 282) / 503]eval:  29%|██▉       | 109/372 [00:50<00:37,  6.93it/s, recall_0.3=(0, 282) / 504]eval:  30%|██▉       | 110/372 [00:50<00:36,  7.24it/s, recall_0.3=(0, 282) / 504]eval:  30%|██▉       | 110/372 [00:51<00:36,  7.24it/s, recall_0.3=(0, 285) / 510]eval:  30%|██▉       | 111/372 [00:51<00:35,  7.29it/s, recall_0.3=(0, 285) / 510]eval:  30%|██▉       | 111/372 [00:51<00:35,  7.29it/s, recall_0.3=(0, 286) / 511]eval:  30%|███       | 112/372 [00:51<00:36,  7.07it/s, recall_0.3=(0, 286) / 511]eval:  30%|███       | 112/372 [00:51<00:36,  7.07it/s, recall_0.3=(0, 286) / 512]eval:  30%|███       | 113/372 [00:51<00:38,  6.69it/s, recall_0.3=(0, 286) / 512]eval:  30%|███       | 113/372 [00:51<00:38,  6.69it/s, recall_0.3=(0, 290) / 522]eval:  31%|███       | 114/372 [00:51<00:37,  6.94it/s, recall_0.3=(0, 290) / 522]eval:  31%|███       | 114/372 [00:51<00:37,  6.94it/s, recall_0.3=(0, 291) / 523]eval:  31%|███       | 115/372 [00:51<00:35,  7.28it/s, recall_0.3=(0, 291) / 523]eval:  31%|███       | 115/372 [00:51<00:35,  7.28it/s, recall_0.3=(0, 295) / 527]eval:  31%|███       | 116/372 [00:51<00:37,  6.77it/s, recall_0.3=(0, 295) / 527]eval:  31%|███       | 116/372 [00:52<00:37,  6.77it/s, recall_0.3=(0, 296) / 531]eval:  31%|███▏      | 117/372 [00:52<00:40,  6.33it/s, recall_0.3=(0, 296) / 531]eval:  31%|███▏      | 117/372 [00:52<00:40,  6.33it/s, recall_0.3=(0, 297) / 537]eval:  32%|███▏      | 118/372 [00:52<00:40,  6.26it/s, recall_0.3=(0, 297) / 537]eval:  32%|███▏      | 118/372 [00:52<00:40,  6.26it/s, recall_0.3=(0, 298) / 538]eval:  32%|███▏      | 119/372 [00:52<00:41,  6.12it/s, recall_0.3=(0, 298) / 538]eval:  32%|███▏      | 119/372 [00:52<00:41,  6.12it/s, recall_0.3=(0, 298) / 539]eval:  32%|███▏      | 120/372 [00:52<00:40,  6.18it/s, recall_0.3=(0, 298) / 539]eval:  32%|███▏      | 120/372 [00:52<00:40,  6.18it/s, recall_0.3=(0, 303) / 544]eval:  33%|███▎      | 121/372 [00:52<00:42,  5.91it/s, recall_0.3=(0, 303) / 544]eval:  33%|███▎      | 121/372 [00:52<00:42,  5.91it/s, recall_0.3=(0, 305) / 547]eval:  33%|███▎      | 122/372 [00:52<00:39,  6.25it/s, recall_0.3=(0, 305) / 547]eval:  33%|███▎      | 122/372 [00:52<00:39,  6.25it/s, recall_0.3=(0, 306) / 548]eval:  33%|███▎      | 123/372 [00:53<00:41,  6.04it/s, recall_0.3=(0, 306) / 548]eval:  33%|███▎      | 123/372 [00:53<00:41,  6.04it/s, recall_0.3=(0, 314) / 561]eval:  33%|███▎      | 124/372 [00:53<00:38,  6.42it/s, recall_0.3=(0, 314) / 561]eval:  33%|███▎      | 124/372 [00:53<00:38,  6.42it/s, recall_0.3=(0, 316) / 571]eval:  34%|███▎      | 125/372 [00:53<00:37,  6.55it/s, recall_0.3=(0, 316) / 571]eval:  34%|███▎      | 125/372 [00:53<00:37,  6.55it/s, recall_0.3=(0, 318) / 574]eval:  34%|███▍      | 126/372 [00:53<00:34,  7.08it/s, recall_0.3=(0, 318) / 574]eval:  34%|███▍      | 126/372 [00:53<00:34,  7.08it/s, recall_0.3=(0, 323) / 579]eval:  34%|███▍      | 127/372 [00:53<00:36,  6.71it/s, recall_0.3=(0, 323) / 579]eval:  34%|███▍      | 127/372 [00:53<00:36,  6.71it/s, recall_0.3=(0, 327) / 584]eval:  34%|███▍      | 128/372 [00:53<00:36,  6.61it/s, recall_0.3=(0, 327) / 584]eval:  34%|███▍      | 128/372 [00:53<00:36,  6.61it/s, recall_0.3=(0, 332) / 592]eval:  35%|███▍      | 129/372 [00:53<00:39,  6.18it/s, recall_0.3=(0, 332) / 592]eval:  35%|███▍      | 129/372 [00:54<00:39,  6.18it/s, recall_0.3=(0, 336) / 596]eval:  35%|███▍      | 130/372 [00:54<00:39,  6.12it/s, recall_0.3=(0, 336) / 596]eval:  35%|███▍      | 130/372 [00:54<00:39,  6.12it/s, recall_0.3=(0, 337) / 597]eval:  35%|███▌      | 131/372 [00:54<00:40,  5.96it/s, recall_0.3=(0, 337) / 597]eval:  35%|███▌      | 131/372 [00:54<00:40,  5.96it/s, recall_0.3=(0, 337) / 600]eval:  35%|███▌      | 132/372 [00:54<00:40,  5.91it/s, recall_0.3=(0, 337) / 600]eval:  35%|███▌      | 132/372 [00:54<00:40,  5.91it/s, recall_0.3=(0, 344) / 615]eval:  36%|███▌      | 133/372 [00:54<00:37,  6.41it/s, recall_0.3=(0, 344) / 615]eval:  36%|███▌      | 133/372 [00:54<00:37,  6.41it/s, recall_0.3=(0, 350) / 621]eval:  36%|███▌      | 134/372 [00:54<00:34,  6.84it/s, recall_0.3=(0, 350) / 621]eval:  36%|███▌      | 134/372 [00:54<00:34,  6.84it/s, recall_0.3=(0, 350) / 622]eval:  36%|███▋      | 135/372 [00:54<00:37,  6.32it/s, recall_0.3=(0, 350) / 622]eval:  36%|███▋      | 135/372 [00:55<00:37,  6.32it/s, recall_0.3=(0, 350) / 623]eval:  37%|███▋      | 136/372 [00:55<00:36,  6.43it/s, recall_0.3=(0, 350) / 623]eval:  37%|███▋      | 136/372 [00:55<00:36,  6.43it/s, recall_0.3=(0, 355) / 628]eval:  37%|███▋      | 137/372 [00:55<00:37,  6.32it/s, recall_0.3=(0, 355) / 628]eval:  37%|███▋      | 137/372 [00:55<00:37,  6.32it/s, recall_0.3=(0, 358) / 633]eval:  37%|███▋      | 138/372 [00:55<00:36,  6.50it/s, recall_0.3=(0, 358) / 633]eval:  37%|███▋      | 138/372 [00:55<00:36,  6.50it/s, recall_0.3=(0, 358) / 639]eval:  37%|███▋      | 139/372 [00:55<00:36,  6.31it/s, recall_0.3=(0, 358) / 639]eval:  37%|███▋      | 139/372 [00:55<00:36,  6.31it/s, recall_0.3=(0, 362) / 643]eval:  38%|███▊      | 140/372 [00:55<00:36,  6.39it/s, recall_0.3=(0, 362) / 643]eval:  38%|███▊      | 140/372 [00:55<00:36,  6.39it/s, recall_0.3=(0, 366) / 648]eval:  38%|███▊      | 141/372 [00:55<00:39,  5.79it/s, recall_0.3=(0, 366) / 648]eval:  38%|███▊      | 141/372 [00:55<00:39,  5.79it/s, recall_0.3=(0, 367) / 649]eval:  38%|███▊      | 142/372 [00:55<00:36,  6.34it/s, recall_0.3=(0, 367) / 649]eval:  38%|███▊      | 142/372 [00:56<00:36,  6.34it/s, recall_0.3=(0, 368) / 651]eval:  38%|███▊      | 143/372 [00:56<00:35,  6.45it/s, recall_0.3=(0, 368) / 651]eval:  38%|███▊      | 143/372 [00:56<00:35,  6.45it/s, recall_0.3=(0, 368) / 655]eval:  39%|███▊      | 144/372 [00:56<00:35,  6.45it/s, recall_0.3=(0, 368) / 655]eval:  39%|███▊      | 144/372 [00:56<00:35,  6.45it/s, recall_0.3=(0, 370) / 660]eval:  39%|███▉      | 145/372 [00:56<00:35,  6.47it/s, recall_0.3=(0, 370) / 660]eval:  39%|███▉      | 145/372 [00:56<00:35,  6.47it/s, recall_0.3=(0, 372) / 663]eval:  39%|███▉      | 146/372 [00:56<00:32,  6.95it/s, recall_0.3=(0, 372) / 663]eval:  39%|███▉      | 146/372 [00:56<00:32,  6.95it/s, recall_0.3=(0, 373) / 665]eval:  40%|███▉      | 147/372 [00:56<00:32,  6.96it/s, recall_0.3=(0, 373) / 665]eval:  40%|███▉      | 147/372 [00:56<00:32,  6.96it/s, recall_0.3=(0, 374) / 666]eval:  40%|███▉      | 148/372 [00:56<00:31,  7.04it/s, recall_0.3=(0, 374) / 666]eval:  40%|███▉      | 148/372 [00:56<00:31,  7.04it/s, recall_0.3=(0, 375) / 668]eval:  40%|████      | 149/372 [00:56<00:30,  7.21it/s, recall_0.3=(0, 375) / 668]eval:  40%|████      | 149/372 [00:57<00:30,  7.21it/s, recall_0.3=(0, 376) / 669]eval:  40%|████      | 150/372 [00:57<00:30,  7.26it/s, recall_0.3=(0, 376) / 669]eval:  40%|████      | 150/372 [00:57<00:30,  7.26it/s, recall_0.3=(0, 381) / 676]eval:  41%|████      | 151/372 [00:57<00:29,  7.55it/s, recall_0.3=(0, 381) / 676]eval:  41%|████      | 151/372 [00:57<00:29,  7.55it/s, recall_0.3=(0, 386) / 683]eval:  41%|████      | 152/372 [00:57<00:28,  7.84it/s, recall_0.3=(0, 386) / 683]eval:  41%|████      | 152/372 [00:57<00:28,  7.84it/s, recall_0.3=(0, 395) / 694]eval:  41%|████      | 153/372 [00:57<00:29,  7.45it/s, recall_0.3=(0, 395) / 694]eval:  41%|████      | 153/372 [00:57<00:29,  7.45it/s, recall_0.3=(0, 399) / 701]eval:  41%|████▏     | 154/372 [00:57<00:29,  7.46it/s, recall_0.3=(0, 399) / 701]eval:  41%|████▏     | 154/372 [00:57<00:29,  7.46it/s, recall_0.3=(0, 400) / 702]eval:  42%|████▏     | 155/372 [00:57<00:28,  7.54it/s, recall_0.3=(0, 400) / 702]eval:  42%|████▏     | 155/372 [00:57<00:28,  7.54it/s, recall_0.3=(0, 401) / 704]eval:  42%|████▏     | 156/372 [00:57<00:28,  7.68it/s, recall_0.3=(0, 401) / 704]eval:  42%|████▏     | 156/372 [00:58<00:28,  7.68it/s, recall_0.3=(0, 401) / 708]eval:  42%|████▏     | 157/372 [00:58<00:29,  7.19it/s, recall_0.3=(0, 401) / 708]eval:  42%|████▏     | 157/372 [00:58<00:29,  7.19it/s, recall_0.3=(0, 403) / 710]eval:  42%|████▏     | 158/372 [00:58<00:32,  6.62it/s, recall_0.3=(0, 403) / 710]eval:  42%|████▏     | 158/372 [00:58<00:32,  6.62it/s, recall_0.3=(0, 406) / 714]eval:  43%|████▎     | 159/372 [00:58<00:32,  6.57it/s, recall_0.3=(0, 406) / 714]eval:  43%|████▎     | 159/372 [00:58<00:32,  6.57it/s, recall_0.3=(0, 407) / 715]eval:  43%|████▎     | 160/372 [00:58<00:31,  6.67it/s, recall_0.3=(0, 407) / 715]eval:  43%|████▎     | 160/372 [00:58<00:31,  6.67it/s, recall_0.3=(0, 408) / 716]eval:  43%|████▎     | 161/372 [00:58<00:33,  6.34it/s, recall_0.3=(0, 408) / 716]eval:  43%|████▎     | 161/372 [00:58<00:33,  6.34it/s, recall_0.3=(0, 409) / 718]eval:  44%|████▎     | 162/372 [00:58<00:30,  6.93it/s, recall_0.3=(0, 409) / 718]eval:  44%|████▎     | 162/372 [00:58<00:30,  6.93it/s, recall_0.3=(0, 409) / 720]eval:  44%|████▍     | 163/372 [00:58<00:30,  6.97it/s, recall_0.3=(0, 409) / 720]eval:  44%|████▍     | 163/372 [00:59<00:30,  6.97it/s, recall_0.3=(0, 411) / 722]eval:  44%|████▍     | 164/372 [00:59<00:28,  7.39it/s, recall_0.3=(0, 411) / 722]eval:  44%|████▍     | 164/372 [00:59<00:28,  7.39it/s, recall_0.3=(0, 415) / 727]eval:  44%|████▍     | 165/372 [00:59<00:29,  6.95it/s, recall_0.3=(0, 415) / 727]eval:  44%|████▍     | 165/372 [00:59<00:29,  6.95it/s, recall_0.3=(0, 418) / 731]eval:  45%|████▍     | 166/372 [00:59<00:28,  7.23it/s, recall_0.3=(0, 418) / 731]eval:  45%|████▍     | 166/372 [00:59<00:28,  7.23it/s, recall_0.3=(0, 418) / 734]eval:  45%|████▍     | 167/372 [00:59<00:28,  7.24it/s, recall_0.3=(0, 418) / 734]eval:  45%|████▍     | 167/372 [00:59<00:28,  7.24it/s, recall_0.3=(0, 419) / 744]eval:  45%|████▌     | 168/372 [00:59<00:27,  7.31it/s, recall_0.3=(0, 419) / 744]eval:  45%|████▌     | 168/372 [00:59<00:27,  7.31it/s, recall_0.3=(0, 420) / 747]eval:  45%|████▌     | 169/372 [00:59<00:27,  7.27it/s, recall_0.3=(0, 420) / 747]eval:  45%|████▌     | 169/372 [00:59<00:27,  7.27it/s, recall_0.3=(0, 423) / 751]eval:  46%|████▌     | 170/372 [00:59<00:27,  7.42it/s, recall_0.3=(0, 423) / 751]eval:  46%|████▌     | 170/372 [01:00<00:27,  7.42it/s, recall_0.3=(0, 431) / 763]eval:  46%|████▌     | 171/372 [01:00<00:27,  7.25it/s, recall_0.3=(0, 431) / 763]eval:  46%|████▌     | 171/372 [01:00<00:27,  7.25it/s, recall_0.3=(0, 434) / 768]eval:  46%|████▌     | 172/372 [01:00<00:26,  7.49it/s, recall_0.3=(0, 434) / 768]eval:  46%|████▌     | 172/372 [01:00<00:26,  7.49it/s, recall_0.3=(0, 435) / 771]eval:  47%|████▋     | 173/372 [01:00<00:27,  7.27it/s, recall_0.3=(0, 435) / 771]eval:  47%|████▋     | 173/372 [01:00<00:27,  7.27it/s, recall_0.3=(0, 438) / 780]eval:  47%|████▋     | 174/372 [01:00<00:26,  7.46it/s, recall_0.3=(0, 438) / 780]eval:  47%|████▋     | 174/372 [01:00<00:26,  7.46it/s, recall_0.3=(0, 440) / 783]eval:  47%|████▋     | 175/372 [01:00<00:27,  7.15it/s, recall_0.3=(0, 440) / 783]eval:  47%|████▋     | 175/372 [01:00<00:27,  7.15it/s, recall_0.3=(0, 449) / 794]eval:  47%|████▋     | 176/372 [01:00<00:29,  6.67it/s, recall_0.3=(0, 449) / 794]eval:  47%|████▋     | 176/372 [01:00<00:29,  6.67it/s, recall_0.3=(0, 449) / 797]eval:  48%|████▊     | 177/372 [01:00<00:28,  6.78it/s, recall_0.3=(0, 449) / 797]eval:  48%|████▊     | 177/372 [01:01<00:28,  6.78it/s, recall_0.3=(0, 450) / 798]eval:  48%|████▊     | 178/372 [01:01<00:27,  6.99it/s, recall_0.3=(0, 450) / 798]eval:  48%|████▊     | 178/372 [01:01<00:27,  6.99it/s, recall_0.3=(0, 451) / 799]eval:  48%|████▊     | 179/372 [01:01<00:26,  7.34it/s, recall_0.3=(0, 451) / 799]eval:  48%|████▊     | 179/372 [01:01<00:26,  7.34it/s, recall_0.3=(0, 453) / 802]eval:  48%|████▊     | 180/372 [01:01<00:25,  7.55it/s, recall_0.3=(0, 453) / 802]eval:  48%|████▊     | 180/372 [01:01<00:25,  7.55it/s, recall_0.3=(0, 456) / 806]eval:  49%|████▊     | 181/372 [01:01<00:28,  6.64it/s, recall_0.3=(0, 456) / 806]eval:  49%|████▊     | 181/372 [01:01<00:28,  6.64it/s, recall_0.3=(0, 457) / 810]eval:  49%|████▉     | 182/372 [01:01<00:28,  6.62it/s, recall_0.3=(0, 457) / 810]eval:  49%|████▉     | 182/372 [01:01<00:28,  6.62it/s, recall_0.3=(0, 458) / 812]eval:  49%|████▉     | 183/372 [01:01<00:29,  6.51it/s, recall_0.3=(0, 458) / 812]eval:  49%|████▉     | 183/372 [01:01<00:29,  6.51it/s, recall_0.3=(0, 463) / 819]eval:  49%|████▉     | 184/372 [01:01<00:27,  6.77it/s, recall_0.3=(0, 463) / 819]eval:  49%|████▉     | 184/372 [01:02<00:27,  6.77it/s, recall_0.3=(0, 465) / 824]eval:  50%|████▉     | 185/372 [01:02<00:27,  6.71it/s, recall_0.3=(0, 465) / 824]eval:  50%|████▉     | 185/372 [01:02<00:27,  6.71it/s, recall_0.3=(0, 469) / 829]eval:  50%|█████     | 186/372 [01:02<00:28,  6.48it/s, recall_0.3=(0, 469) / 829]eval:  50%|█████     | 186/372 [01:02<00:28,  6.48it/s, recall_0.3=(0, 471) / 831]eval:  50%|█████     | 187/372 [01:02<00:28,  6.38it/s, recall_0.3=(0, 471) / 831]eval:  50%|█████     | 187/372 [01:02<00:28,  6.38it/s, recall_0.3=(0, 472) / 832]eval:  51%|█████     | 188/372 [01:02<00:27,  6.77it/s, recall_0.3=(0, 472) / 832]eval:  51%|█████     | 188/372 [01:02<00:27,  6.77it/s, recall_0.3=(0, 472) / 833]eval:  51%|█████     | 189/372 [01:02<00:26,  6.90it/s, recall_0.3=(0, 472) / 833]eval:  51%|█████     | 189/372 [01:02<00:26,  6.90it/s, recall_0.3=(0, 473) / 834]eval:  51%|█████     | 190/372 [01:02<00:26,  6.97it/s, recall_0.3=(0, 473) / 834]eval:  51%|█████     | 190/372 [01:02<00:26,  6.97it/s, recall_0.3=(0, 473) / 835]eval:  51%|█████▏    | 191/372 [01:02<00:26,  6.94it/s, recall_0.3=(0, 473) / 835]eval:  51%|█████▏    | 191/372 [01:03<00:26,  6.94it/s, recall_0.3=(0, 474) / 836]eval:  52%|█████▏    | 192/372 [01:03<00:25,  7.18it/s, recall_0.3=(0, 474) / 836]eval:  52%|█████▏    | 192/372 [01:03<00:25,  7.18it/s, recall_0.3=(0, 478) / 843]eval:  52%|█████▏    | 193/372 [01:03<00:25,  7.13it/s, recall_0.3=(0, 478) / 843]eval:  52%|█████▏    | 193/372 [01:03<00:25,  7.13it/s, recall_0.3=(0, 481) / 847]eval:  52%|█████▏    | 194/372 [01:03<00:25,  6.90it/s, recall_0.3=(0, 481) / 847]eval:  52%|█████▏    | 194/372 [01:03<00:25,  6.90it/s, recall_0.3=(0, 482) / 848]eval:  52%|█████▏    | 195/372 [01:03<00:25,  6.94it/s, recall_0.3=(0, 482) / 848]eval:  52%|█████▏    | 195/372 [01:03<00:25,  6.94it/s, recall_0.3=(0, 484) / 852]eval:  53%|█████▎    | 196/372 [01:03<00:25,  6.99it/s, recall_0.3=(0, 484) / 852]eval:  53%|█████▎    | 196/372 [01:03<00:25,  6.99it/s, recall_0.3=(0, 487) / 857]eval:  53%|█████▎    | 197/372 [01:03<00:24,  7.12it/s, recall_0.3=(0, 487) / 857]eval:  53%|█████▎    | 197/372 [01:03<00:24,  7.12it/s, recall_0.3=(0, 492) / 863]eval:  53%|█████▎    | 198/372 [01:03<00:24,  7.03it/s, recall_0.3=(0, 492) / 863]eval:  53%|█████▎    | 198/372 [01:04<00:24,  7.03it/s, recall_0.3=(0, 494) / 865]eval:  53%|█████▎    | 199/372 [01:04<00:26,  6.60it/s, recall_0.3=(0, 494) / 865]eval:  53%|█████▎    | 199/372 [01:04<00:26,  6.60it/s, recall_0.3=(0, 494) / 872]eval:  54%|█████▍    | 200/372 [01:04<00:26,  6.51it/s, recall_0.3=(0, 494) / 872]eval:  54%|█████▍    | 200/372 [01:04<00:26,  6.51it/s, recall_0.3=(0, 495) / 874]eval:  54%|█████▍    | 201/372 [01:04<00:25,  6.63it/s, recall_0.3=(0, 495) / 874]eval:  54%|█████▍    | 201/372 [01:04<00:25,  6.63it/s, recall_0.3=(0, 496) / 875]eval:  54%|█████▍    | 202/372 [01:04<00:24,  6.95it/s, recall_0.3=(0, 496) / 875]eval:  54%|█████▍    | 202/372 [01:04<00:24,  6.95it/s, recall_0.3=(0, 500) / 881]eval:  55%|█████▍    | 203/372 [01:04<00:23,  7.11it/s, recall_0.3=(0, 500) / 881]eval:  55%|█████▍    | 203/372 [01:04<00:23,  7.11it/s, recall_0.3=(0, 502) / 886]eval:  55%|█████▍    | 204/372 [01:04<00:23,  7.11it/s, recall_0.3=(0, 502) / 886]eval:  55%|█████▍    | 204/372 [01:05<00:23,  7.11it/s, recall_0.3=(0, 507) / 892]eval:  55%|█████▌    | 205/372 [01:05<00:26,  6.25it/s, recall_0.3=(0, 507) / 892]eval:  55%|█████▌    | 205/372 [01:05<00:26,  6.25it/s, recall_0.3=(0, 511) / 896]eval:  55%|█████▌    | 206/372 [01:05<00:24,  6.65it/s, recall_0.3=(0, 511) / 896]eval:  55%|█████▌    | 206/372 [01:05<00:24,  6.65it/s, recall_0.3=(0, 514) / 901]eval:  56%|█████▌    | 207/372 [01:05<00:23,  7.14it/s, recall_0.3=(0, 514) / 901]eval:  56%|█████▌    | 207/372 [01:05<00:23,  7.14it/s, recall_0.3=(0, 515) / 902]eval:  56%|█████▌    | 208/372 [01:05<00:22,  7.14it/s, recall_0.3=(0, 515) / 902]eval:  56%|█████▌    | 208/372 [01:05<00:22,  7.14it/s, recall_0.3=(0, 527) / 919]eval:  56%|█████▌    | 209/372 [01:05<00:23,  6.83it/s, recall_0.3=(0, 527) / 919]eval:  56%|█████▌    | 209/372 [01:05<00:23,  6.83it/s, recall_0.3=(0, 528) / 920]eval:  56%|█████▋    | 210/372 [01:05<00:22,  7.27it/s, recall_0.3=(0, 528) / 920]eval:  56%|█████▋    | 210/372 [01:05<00:22,  7.27it/s, recall_0.3=(0, 530) / 929]eval:  57%|█████▋    | 211/372 [01:05<00:21,  7.37it/s, recall_0.3=(0, 530) / 929]eval:  57%|█████▋    | 211/372 [01:05<00:21,  7.37it/s, recall_0.3=(0, 531) / 930]eval:  57%|█████▋    | 212/372 [01:05<00:21,  7.39it/s, recall_0.3=(0, 531) / 930]eval:  57%|█████▋    | 212/372 [01:06<00:21,  7.39it/s, recall_0.3=(0, 533) / 932]eval:  57%|█████▋    | 213/372 [01:06<00:20,  7.73it/s, recall_0.3=(0, 533) / 932]eval:  57%|█████▋    | 213/372 [01:06<00:20,  7.73it/s, recall_0.3=(0, 535) / 938]eval:  58%|█████▊    | 214/372 [01:06<00:21,  7.50it/s, recall_0.3=(0, 535) / 938]eval:  58%|█████▊    | 214/372 [01:06<00:21,  7.50it/s, recall_0.3=(0, 537) / 942]eval:  58%|█████▊    | 215/372 [01:06<00:21,  7.45it/s, recall_0.3=(0, 537) / 942]eval:  58%|█████▊    | 215/372 [01:06<00:21,  7.45it/s, recall_0.3=(0, 541) / 949]eval:  58%|█████▊    | 216/372 [01:06<00:22,  6.88it/s, recall_0.3=(0, 541) / 949]eval:  58%|█████▊    | 216/372 [01:06<00:22,  6.88it/s, recall_0.3=(0, 542) / 950]eval:  58%|█████▊    | 217/372 [01:06<00:22,  6.90it/s, recall_0.3=(0, 542) / 950]eval:  58%|█████▊    | 217/372 [01:06<00:22,  6.90it/s, recall_0.3=(0, 548) / 965]eval:  59%|█████▊    | 218/372 [01:06<00:21,  7.02it/s, recall_0.3=(0, 548) / 965]eval:  59%|█████▊    | 218/372 [01:06<00:21,  7.02it/s, recall_0.3=(0, 552) / 970]eval:  59%|█████▉    | 219/372 [01:06<00:24,  6.17it/s, recall_0.3=(0, 552) / 970]eval:  59%|█████▉    | 219/372 [01:07<00:24,  6.17it/s, recall_0.3=(0, 554) / 974]eval:  59%|█████▉    | 220/372 [01:07<00:24,  6.26it/s, recall_0.3=(0, 554) / 974]eval:  59%|█████▉    | 220/372 [01:07<00:24,  6.26it/s, recall_0.3=(0, 559) / 979]eval:  59%|█████▉    | 221/372 [01:07<00:22,  6.69it/s, recall_0.3=(0, 559) / 979]eval:  59%|█████▉    | 221/372 [01:07<00:22,  6.69it/s, recall_0.3=(0, 560) / 980]eval:  60%|█████▉    | 222/372 [01:07<00:21,  6.93it/s, recall_0.3=(0, 560) / 980]eval:  60%|█████▉    | 222/372 [01:07<00:21,  6.93it/s, recall_0.3=(0, 560) / 981]eval:  60%|█████▉    | 223/372 [01:07<00:20,  7.33it/s, recall_0.3=(0, 560) / 981]eval:  60%|█████▉    | 223/372 [01:07<00:20,  7.33it/s, recall_0.3=(0, 562) / 983]eval:  60%|██████    | 224/372 [01:07<00:20,  7.19it/s, recall_0.3=(0, 562) / 983]eval:  60%|██████    | 224/372 [01:07<00:20,  7.19it/s, recall_0.3=(0, 568) / 992]eval:  60%|██████    | 225/372 [01:07<00:19,  7.52it/s, recall_0.3=(0, 568) / 992]eval:  60%|██████    | 225/372 [01:07<00:19,  7.52it/s, recall_0.3=(0, 568) / 993]eval:  61%|██████    | 226/372 [01:07<00:18,  7.87it/s, recall_0.3=(0, 568) / 993]eval:  61%|██████    | 226/372 [01:08<00:18,  7.87it/s, recall_0.3=(0, 573) / 1005]eval:  61%|██████    | 227/372 [01:08<00:18,  7.72it/s, recall_0.3=(0, 573) / 1005]eval:  61%|██████    | 227/372 [01:08<00:18,  7.72it/s, recall_0.3=(0, 574) / 1006]eval:  61%|██████▏   | 228/372 [01:08<00:19,  7.46it/s, recall_0.3=(0, 574) / 1006]eval:  61%|██████▏   | 228/372 [01:08<00:19,  7.46it/s, recall_0.3=(0, 575) / 1007]eval:  62%|██████▏   | 229/372 [01:08<00:20,  7.13it/s, recall_0.3=(0, 575) / 1007]eval:  62%|██████▏   | 229/372 [01:08<00:20,  7.13it/s, recall_0.3=(0, 576) / 1009]eval:  62%|██████▏   | 230/372 [01:08<00:19,  7.22it/s, recall_0.3=(0, 576) / 1009]eval:  62%|██████▏   | 230/372 [01:08<00:19,  7.22it/s, recall_0.3=(0, 579) / 1014]eval:  62%|██████▏   | 231/372 [01:08<00:19,  7.15it/s, recall_0.3=(0, 579) / 1014]eval:  62%|██████▏   | 231/372 [01:08<00:19,  7.15it/s, recall_0.3=(0, 586) / 1025]eval:  62%|██████▏   | 232/372 [01:08<00:19,  7.30it/s, recall_0.3=(0, 586) / 1025]eval:  62%|██████▏   | 232/372 [01:08<00:19,  7.30it/s, recall_0.3=(0, 586) / 1029]eval:  63%|██████▎   | 233/372 [01:08<00:18,  7.47it/s, recall_0.3=(0, 586) / 1029]eval:  63%|██████▎   | 233/372 [01:09<00:18,  7.47it/s, recall_0.3=(0, 592) / 1042]eval:  63%|██████▎   | 234/372 [01:09<00:19,  7.26it/s, recall_0.3=(0, 592) / 1042]eval:  63%|██████▎   | 234/372 [01:09<00:19,  7.26it/s, recall_0.3=(0, 593) / 1043]eval:  63%|██████▎   | 235/372 [01:09<00:20,  6.80it/s, recall_0.3=(0, 593) / 1043]eval:  63%|██████▎   | 235/372 [01:09<00:20,  6.80it/s, recall_0.3=(0, 594) / 1045]eval:  63%|██████▎   | 236/372 [01:09<00:19,  7.12it/s, recall_0.3=(0, 594) / 1045]eval:  63%|██████▎   | 236/372 [01:09<00:19,  7.12it/s, recall_0.3=(0, 595) / 1046]eval:  64%|██████▎   | 237/372 [01:09<00:19,  6.88it/s, recall_0.3=(0, 595) / 1046]eval:  64%|██████▎   | 237/372 [01:09<00:19,  6.88it/s, recall_0.3=(0, 596) / 1047]eval:  64%|██████▍   | 238/372 [01:09<00:18,  7.33it/s, recall_0.3=(0, 596) / 1047]eval:  64%|██████▍   | 238/372 [01:09<00:18,  7.33it/s, recall_0.3=(0, 600) / 1055]eval:  64%|██████▍   | 239/372 [01:09<00:19,  6.82it/s, recall_0.3=(0, 600) / 1055]eval:  64%|██████▍   | 239/372 [01:09<00:19,  6.82it/s, recall_0.3=(0, 603) / 1059]eval:  65%|██████▍   | 240/372 [01:09<00:21,  6.27it/s, recall_0.3=(0, 603) / 1059]eval:  65%|██████▍   | 240/372 [01:10<00:21,  6.27it/s, recall_0.3=(0, 609) / 1066]eval:  65%|██████▍   | 241/372 [01:10<00:20,  6.55it/s, recall_0.3=(0, 609) / 1066]eval:  65%|██████▍   | 241/372 [01:10<00:20,  6.55it/s, recall_0.3=(0, 609) / 1067]eval:  65%|██████▌   | 242/372 [01:10<00:19,  6.62it/s, recall_0.3=(0, 609) / 1067]eval:  65%|██████▌   | 242/372 [01:10<00:19,  6.62it/s, recall_0.3=(0, 609) / 1068]eval:  65%|██████▌   | 243/372 [01:10<00:18,  7.05it/s, recall_0.3=(0, 609) / 1068]eval:  65%|██████▌   | 243/372 [01:10<00:18,  7.05it/s, recall_0.3=(0, 609) / 1074]eval:  66%|██████▌   | 244/372 [01:10<00:18,  6.87it/s, recall_0.3=(0, 609) / 1074]eval:  66%|██████▌   | 244/372 [01:10<00:18,  6.87it/s, recall_0.3=(0, 613) / 1084]eval:  66%|██████▌   | 245/372 [01:10<00:17,  7.06it/s, recall_0.3=(0, 613) / 1084]eval:  66%|██████▌   | 245/372 [01:10<00:17,  7.06it/s, recall_0.3=(0, 614) / 1085]eval:  66%|██████▌   | 246/372 [01:10<00:18,  6.66it/s, recall_0.3=(0, 614) / 1085]eval:  66%|██████▌   | 246/372 [01:10<00:18,  6.66it/s, recall_0.3=(0, 616) / 1087]eval:  66%|██████▋   | 247/372 [01:10<00:18,  6.65it/s, recall_0.3=(0, 616) / 1087]eval:  66%|██████▋   | 247/372 [01:11<00:18,  6.65it/s, recall_0.3=(0, 618) / 1089]eval:  67%|██████▋   | 248/372 [01:11<00:19,  6.51it/s, recall_0.3=(0, 618) / 1089]eval:  67%|██████▋   | 248/372 [01:11<00:19,  6.51it/s, recall_0.3=(0, 623) / 1103]eval:  67%|██████▋   | 249/372 [01:11<00:19,  6.41it/s, recall_0.3=(0, 623) / 1103]eval:  67%|██████▋   | 249/372 [01:11<00:19,  6.41it/s, recall_0.3=(0, 626) / 1108]eval:  67%|██████▋   | 250/372 [01:11<00:17,  6.89it/s, recall_0.3=(0, 626) / 1108]eval:  67%|██████▋   | 250/372 [01:11<00:17,  6.89it/s, recall_0.3=(0, 629) / 1111]eval:  67%|██████▋   | 251/372 [01:11<00:16,  7.21it/s, recall_0.3=(0, 629) / 1111]eval:  67%|██████▋   | 251/372 [01:11<00:16,  7.21it/s, recall_0.3=(0, 636) / 1129]eval:  68%|██████▊   | 252/372 [01:11<00:16,  7.06it/s, recall_0.3=(0, 636) / 1129]eval:  68%|██████▊   | 252/372 [01:11<00:16,  7.06it/s, recall_0.3=(0, 637) / 1130]eval:  68%|██████▊   | 253/372 [01:11<00:16,  7.17it/s, recall_0.3=(0, 637) / 1130]eval:  68%|██████▊   | 253/372 [01:11<00:16,  7.17it/s, recall_0.3=(0, 639) / 1133]eval:  68%|██████▊   | 254/372 [01:11<00:16,  7.29it/s, recall_0.3=(0, 639) / 1133]eval:  68%|██████▊   | 254/372 [01:12<00:16,  7.29it/s, recall_0.3=(0, 643) / 1138]eval:  69%|██████▊   | 255/372 [01:12<00:16,  7.12it/s, recall_0.3=(0, 643) / 1138]eval:  69%|██████▊   | 255/372 [01:12<00:16,  7.12it/s, recall_0.3=(0, 645) / 1140]eval:  69%|██████▉   | 256/372 [01:12<00:16,  6.97it/s, recall_0.3=(0, 645) / 1140]eval:  69%|██████▉   | 256/372 [01:12<00:16,  6.97it/s, recall_0.3=(0, 646) / 1145]eval:  69%|██████▉   | 257/372 [01:12<00:16,  7.10it/s, recall_0.3=(0, 646) / 1145]eval:  69%|██████▉   | 257/372 [01:12<00:16,  7.10it/s, recall_0.3=(0, 647) / 1146]eval:  69%|██████▉   | 258/372 [01:12<00:17,  6.45it/s, recall_0.3=(0, 647) / 1146]eval:  69%|██████▉   | 258/372 [01:12<00:17,  6.45it/s, recall_0.3=(0, 649) / 1151]eval:  70%|██████▉   | 259/372 [01:12<00:16,  6.66it/s, recall_0.3=(0, 649) / 1151]eval:  70%|██████▉   | 259/372 [01:12<00:16,  6.66it/s, recall_0.3=(0, 649) / 1152]eval:  70%|██████▉   | 260/372 [01:12<00:16,  6.89it/s, recall_0.3=(0, 649) / 1152]eval:  70%|██████▉   | 260/372 [01:12<00:16,  6.89it/s, recall_0.3=(0, 650) / 1153]eval:  70%|███████   | 261/372 [01:12<00:16,  6.85it/s, recall_0.3=(0, 650) / 1153]eval:  70%|███████   | 261/372 [01:13<00:16,  6.85it/s, recall_0.3=(0, 654) / 1160]eval:  70%|███████   | 262/372 [01:13<00:15,  7.05it/s, recall_0.3=(0, 654) / 1160]eval:  70%|███████   | 262/372 [01:13<00:15,  7.05it/s, recall_0.3=(0, 655) / 1162]eval:  71%|███████   | 263/372 [01:13<00:15,  7.05it/s, recall_0.3=(0, 655) / 1162]eval:  71%|███████   | 263/372 [01:13<00:15,  7.05it/s, recall_0.3=(0, 655) / 1165]eval:  71%|███████   | 264/372 [01:13<00:14,  7.20it/s, recall_0.3=(0, 655) / 1165]eval:  71%|███████   | 264/372 [01:13<00:14,  7.20it/s, recall_0.3=(0, 660) / 1172]eval:  71%|███████   | 265/372 [01:13<00:15,  7.01it/s, recall_0.3=(0, 660) / 1172]eval:  71%|███████   | 265/372 [01:13<00:15,  7.01it/s, recall_0.3=(0, 661) / 1173]eval:  72%|███████▏  | 266/372 [01:13<00:14,  7.37it/s, recall_0.3=(0, 661) / 1173]eval:  72%|███████▏  | 266/372 [01:13<00:14,  7.37it/s, recall_0.3=(0, 664) / 1179]eval:  72%|███████▏  | 267/372 [01:13<00:14,  7.11it/s, recall_0.3=(0, 664) / 1179]eval:  72%|███████▏  | 267/372 [01:13<00:14,  7.11it/s, recall_0.3=(0, 665) / 1182]eval:  72%|███████▏  | 268/372 [01:13<00:14,  7.12it/s, recall_0.3=(0, 665) / 1182]eval:  72%|███████▏  | 268/372 [01:14<00:14,  7.12it/s, recall_0.3=(0, 666) / 1184]eval:  72%|███████▏  | 269/372 [01:14<00:14,  7.34it/s, recall_0.3=(0, 666) / 1184]eval:  72%|███████▏  | 269/372 [01:14<00:14,  7.34it/s, recall_0.3=(0, 670) / 1188]eval:  73%|███████▎  | 270/372 [01:14<00:15,  6.50it/s, recall_0.3=(0, 670) / 1188]eval:  73%|███████▎  | 270/372 [01:14<00:15,  6.50it/s, recall_0.3=(0, 674) / 1193]eval:  73%|███████▎  | 271/372 [01:14<00:15,  6.53it/s, recall_0.3=(0, 674) / 1193]eval:  73%|███████▎  | 271/372 [01:14<00:15,  6.53it/s, recall_0.3=(0, 677) / 1197]eval:  73%|███████▎  | 272/372 [01:14<00:14,  6.69it/s, recall_0.3=(0, 677) / 1197]eval:  73%|███████▎  | 272/372 [01:14<00:14,  6.69it/s, recall_0.3=(0, 681) / 1202]eval:  73%|███████▎  | 273/372 [01:14<00:16,  6.04it/s, recall_0.3=(0, 681) / 1202]eval:  73%|███████▎  | 273/372 [01:14<00:16,  6.04it/s, recall_0.3=(0, 682) / 1203]eval:  74%|███████▎  | 274/372 [01:14<00:15,  6.36it/s, recall_0.3=(0, 682) / 1203]eval:  74%|███████▎  | 274/372 [01:15<00:15,  6.36it/s, recall_0.3=(0, 684) / 1205]eval:  74%|███████▍  | 275/372 [01:15<00:15,  6.41it/s, recall_0.3=(0, 684) / 1205]eval:  74%|███████▍  | 275/372 [01:15<00:15,  6.41it/s, recall_0.3=(0, 685) / 1207]eval:  74%|███████▍  | 276/372 [01:15<00:14,  6.48it/s, recall_0.3=(0, 685) / 1207]eval:  74%|███████▍  | 276/372 [01:15<00:14,  6.48it/s, recall_0.3=(0, 685) / 1208]eval:  74%|███████▍  | 277/372 [01:15<00:15,  6.11it/s, recall_0.3=(0, 685) / 1208]eval:  74%|███████▍  | 277/372 [01:15<00:15,  6.11it/s, recall_0.3=(0, 692) / 1226]eval:  75%|███████▍  | 278/372 [01:15<00:15,  6.21it/s, recall_0.3=(0, 692) / 1226]eval:  75%|███████▍  | 278/372 [01:15<00:15,  6.21it/s, recall_0.3=(0, 695) / 1232]eval:  75%|███████▌  | 279/372 [01:15<00:14,  6.49it/s, recall_0.3=(0, 695) / 1232]eval:  75%|███████▌  | 279/372 [01:15<00:14,  6.49it/s, recall_0.3=(0, 696) / 1233]eval:  75%|███████▌  | 280/372 [01:15<00:13,  6.58it/s, recall_0.3=(0, 696) / 1233]eval:  75%|███████▌  | 280/372 [01:15<00:13,  6.58it/s, recall_0.3=(0, 701) / 1240]eval:  76%|███████▌  | 281/372 [01:15<00:13,  6.61it/s, recall_0.3=(0, 701) / 1240]eval:  76%|███████▌  | 281/372 [01:16<00:13,  6.61it/s, recall_0.3=(0, 701) / 1242]eval:  76%|███████▌  | 282/372 [01:16<00:13,  6.84it/s, recall_0.3=(0, 701) / 1242]eval:  76%|███████▌  | 282/372 [01:16<00:13,  6.84it/s, recall_0.3=(0, 705) / 1247]eval:  76%|███████▌  | 283/372 [01:16<00:13,  6.60it/s, recall_0.3=(0, 705) / 1247]eval:  76%|███████▌  | 283/372 [01:16<00:13,  6.60it/s, recall_0.3=(0, 706) / 1248]eval:  76%|███████▋  | 284/372 [01:16<00:13,  6.75it/s, recall_0.3=(0, 706) / 1248]eval:  76%|███████▋  | 284/372 [01:16<00:13,  6.75it/s, recall_0.3=(0, 707) / 1249]eval:  77%|███████▋  | 285/372 [01:16<00:12,  6.81it/s, recall_0.3=(0, 707) / 1249]eval:  77%|███████▋  | 285/372 [01:16<00:12,  6.81it/s, recall_0.3=(0, 712) / 1255]eval:  77%|███████▋  | 286/372 [01:16<00:12,  6.92it/s, recall_0.3=(0, 712) / 1255]eval:  77%|███████▋  | 286/372 [01:16<00:12,  6.92it/s, recall_0.3=(0, 715) / 1260]eval:  77%|███████▋  | 287/372 [01:16<00:12,  6.66it/s, recall_0.3=(0, 715) / 1260]eval:  77%|███████▋  | 287/372 [01:16<00:12,  6.66it/s, recall_0.3=(0, 716) / 1261]eval:  77%|███████▋  | 288/372 [01:16<00:12,  6.98it/s, recall_0.3=(0, 716) / 1261]eval:  77%|███████▋  | 288/372 [01:17<00:12,  6.98it/s, recall_0.3=(0, 717) / 1266]eval:  78%|███████▊  | 289/372 [01:17<00:12,  6.87it/s, recall_0.3=(0, 717) / 1266]eval:  78%|███████▊  | 289/372 [01:17<00:12,  6.87it/s, recall_0.3=(0, 718) / 1271]eval:  78%|███████▊  | 290/372 [01:17<00:12,  6.83it/s, recall_0.3=(0, 718) / 1271]eval:  78%|███████▊  | 290/372 [01:17<00:12,  6.83it/s, recall_0.3=(0, 722) / 1277]eval:  78%|███████▊  | 291/372 [01:17<00:12,  6.59it/s, recall_0.3=(0, 722) / 1277]eval:  78%|███████▊  | 291/372 [01:17<00:12,  6.59it/s, recall_0.3=(0, 725) / 1285]eval:  78%|███████▊  | 292/372 [01:17<00:12,  6.57it/s, recall_0.3=(0, 725) / 1285]eval:  78%|███████▊  | 292/372 [01:17<00:12,  6.57it/s, recall_0.3=(0, 726) / 1287]eval:  79%|███████▉  | 293/372 [01:17<00:12,  6.57it/s, recall_0.3=(0, 726) / 1287]eval:  79%|███████▉  | 293/372 [01:17<00:12,  6.57it/s, recall_0.3=(0, 737) / 1301]eval:  79%|███████▉  | 294/372 [01:17<00:12,  6.40it/s, recall_0.3=(0, 737) / 1301]eval:  79%|███████▉  | 294/372 [01:18<00:12,  6.40it/s, recall_0.3=(0, 741) / 1305]eval:  79%|███████▉  | 295/372 [01:18<00:13,  5.83it/s, recall_0.3=(0, 741) / 1305]eval:  79%|███████▉  | 295/372 [01:18<00:13,  5.83it/s, recall_0.3=(0, 744) / 1313]eval:  80%|███████▉  | 296/372 [01:18<00:12,  6.17it/s, recall_0.3=(0, 744) / 1313]eval:  80%|███████▉  | 296/372 [01:18<00:12,  6.17it/s, recall_0.3=(0, 747) / 1317]eval:  80%|███████▉  | 297/372 [01:18<00:11,  6.58it/s, recall_0.3=(0, 747) / 1317]eval:  80%|███████▉  | 297/372 [01:18<00:11,  6.58it/s, recall_0.3=(0, 747) / 1318]eval:  80%|████████  | 298/372 [01:18<00:11,  6.66it/s, recall_0.3=(0, 747) / 1318]eval:  80%|████████  | 298/372 [01:18<00:11,  6.66it/s, recall_0.3=(0, 749) / 1321]eval:  80%|████████  | 299/372 [01:18<00:10,  6.97it/s, recall_0.3=(0, 749) / 1321]eval:  80%|████████  | 299/372 [01:18<00:10,  6.97it/s, recall_0.3=(0, 755) / 1334]eval:  81%|████████  | 300/372 [01:18<00:10,  6.82it/s, recall_0.3=(0, 755) / 1334]eval:  81%|████████  | 300/372 [01:18<00:10,  6.82it/s, recall_0.3=(0, 755) / 1335]eval:  81%|████████  | 301/372 [01:18<00:10,  6.77it/s, recall_0.3=(0, 755) / 1335]eval:  81%|████████  | 301/372 [01:19<00:10,  6.77it/s, recall_0.3=(0, 758) / 1340]eval:  81%|████████  | 302/372 [01:19<00:10,  6.69it/s, recall_0.3=(0, 758) / 1340]eval:  81%|████████  | 302/372 [01:19<00:10,  6.69it/s, recall_0.3=(0, 759) / 1341]eval:  81%|████████▏ | 303/372 [01:19<00:09,  6.94it/s, recall_0.3=(0, 759) / 1341]eval:  81%|████████▏ | 303/372 [01:19<00:09,  6.94it/s, recall_0.3=(0, 762) / 1346]eval:  82%|████████▏ | 304/372 [01:19<00:09,  7.01it/s, recall_0.3=(0, 762) / 1346]eval:  82%|████████▏ | 304/372 [01:19<00:09,  7.01it/s, recall_0.3=(0, 764) / 1349]eval:  82%|████████▏ | 305/372 [01:19<00:09,  7.16it/s, recall_0.3=(0, 764) / 1349]eval:  82%|████████▏ | 305/372 [01:19<00:09,  7.16it/s, recall_0.3=(0, 767) / 1353]eval:  82%|████████▏ | 306/372 [01:19<00:08,  7.43it/s, recall_0.3=(0, 767) / 1353]eval:  82%|████████▏ | 306/372 [01:19<00:08,  7.43it/s, recall_0.3=(0, 769) / 1358]eval:  83%|████████▎ | 307/372 [01:19<00:08,  7.24it/s, recall_0.3=(0, 769) / 1358]eval:  83%|████████▎ | 307/372 [01:19<00:08,  7.24it/s, recall_0.3=(0, 769) / 1359]eval:  83%|████████▎ | 308/372 [01:19<00:08,  7.33it/s, recall_0.3=(0, 769) / 1359]eval:  83%|████████▎ | 308/372 [01:20<00:08,  7.33it/s, recall_0.3=(0, 777) / 1371]eval:  83%|████████▎ | 309/372 [01:20<00:09,  6.65it/s, recall_0.3=(0, 777) / 1371]eval:  83%|████████▎ | 309/372 [01:20<00:09,  6.65it/s, recall_0.3=(0, 778) / 1374]eval:  83%|████████▎ | 310/372 [01:20<00:09,  6.63it/s, recall_0.3=(0, 778) / 1374]eval:  83%|████████▎ | 310/372 [01:20<00:09,  6.63it/s, recall_0.3=(0, 779) / 1375]eval:  84%|████████▎ | 311/372 [01:20<00:09,  6.56it/s, recall_0.3=(0, 779) / 1375]eval:  84%|████████▎ | 311/372 [01:20<00:09,  6.56it/s, recall_0.3=(0, 791) / 1387]eval:  84%|████████▍ | 312/372 [01:20<00:09,  6.57it/s, recall_0.3=(0, 791) / 1387]eval:  84%|████████▍ | 312/372 [01:20<00:09,  6.57it/s, recall_0.3=(0, 792) / 1388]eval:  84%|████████▍ | 313/372 [01:20<00:09,  6.36it/s, recall_0.3=(0, 792) / 1388]eval:  84%|████████▍ | 313/372 [01:20<00:09,  6.36it/s, recall_0.3=(0, 794) / 1390]eval:  84%|████████▍ | 314/372 [01:20<00:09,  6.28it/s, recall_0.3=(0, 794) / 1390]eval:  84%|████████▍ | 314/372 [01:21<00:09,  6.28it/s, recall_0.3=(0, 794) / 1392]eval:  85%|████████▍ | 315/372 [01:21<00:09,  6.15it/s, recall_0.3=(0, 794) / 1392]eval:  85%|████████▍ | 315/372 [01:21<00:09,  6.15it/s, recall_0.3=(0, 795) / 1400]eval:  85%|████████▍ | 316/372 [01:21<00:08,  6.33it/s, recall_0.3=(0, 795) / 1400]eval:  85%|████████▍ | 316/372 [01:21<00:08,  6.33it/s, recall_0.3=(0, 799) / 1404]eval:  85%|████████▌ | 317/372 [01:21<00:08,  6.50it/s, recall_0.3=(0, 799) / 1404]eval:  85%|████████▌ | 317/372 [01:21<00:08,  6.50it/s, recall_0.3=(0, 809) / 1416]eval:  85%|████████▌ | 318/372 [01:21<00:08,  6.38it/s, recall_0.3=(0, 809) / 1416]eval:  85%|████████▌ | 318/372 [01:21<00:08,  6.38it/s, recall_0.3=(0, 815) / 1423]eval:  86%|████████▌ | 319/372 [01:21<00:08,  6.34it/s, recall_0.3=(0, 815) / 1423]eval:  86%|████████▌ | 319/372 [01:21<00:08,  6.34it/s, recall_0.3=(0, 817) / 1426]eval:  86%|████████▌ | 320/372 [01:21<00:08,  6.38it/s, recall_0.3=(0, 817) / 1426]eval:  86%|████████▌ | 320/372 [01:22<00:08,  6.38it/s, recall_0.3=(0, 819) / 1429]eval:  86%|████████▋ | 321/372 [01:22<00:07,  6.46it/s, recall_0.3=(0, 819) / 1429]eval:  86%|████████▋ | 321/372 [01:22<00:07,  6.46it/s, recall_0.3=(0, 821) / 1433]eval:  87%|████████▋ | 322/372 [01:22<00:08,  6.16it/s, recall_0.3=(0, 821) / 1433]eval:  87%|████████▋ | 322/372 [01:22<00:08,  6.16it/s, recall_0.3=(0, 821) / 1434]eval:  87%|████████▋ | 323/372 [01:22<00:07,  6.81it/s, recall_0.3=(0, 821) / 1434]eval:  87%|████████▋ | 323/372 [01:22<00:07,  6.81it/s, recall_0.3=(0, 823) / 1438]eval:  87%|████████▋ | 324/372 [01:22<00:07,  6.49it/s, recall_0.3=(0, 823) / 1438]eval:  87%|████████▋ | 324/372 [01:22<00:07,  6.49it/s, recall_0.3=(0, 830) / 1452]eval:  87%|████████▋ | 325/372 [01:22<00:07,  6.60it/s, recall_0.3=(0, 830) / 1452]eval:  87%|████████▋ | 325/372 [01:22<00:07,  6.60it/s, recall_0.3=(0, 838) / 1464]eval:  88%|████████▊ | 326/372 [01:22<00:07,  6.49it/s, recall_0.3=(0, 838) / 1464]eval:  88%|████████▊ | 326/372 [01:22<00:07,  6.49it/s, recall_0.3=(0, 844) / 1470]eval:  88%|████████▊ | 327/372 [01:22<00:06,  6.60it/s, recall_0.3=(0, 844) / 1470]eval:  88%|████████▊ | 327/372 [01:23<00:06,  6.60it/s, recall_0.3=(0, 845) / 1474]eval:  88%|████████▊ | 328/372 [01:23<00:06,  6.78it/s, recall_0.3=(0, 845) / 1474]eval:  88%|████████▊ | 328/372 [01:23<00:06,  6.78it/s, recall_0.3=(0, 845) / 1475]eval:  88%|████████▊ | 329/372 [01:23<00:06,  6.34it/s, recall_0.3=(0, 845) / 1475]eval:  88%|████████▊ | 329/372 [01:23<00:06,  6.34it/s, recall_0.3=(0, 851) / 1481]eval:  89%|████████▊ | 330/372 [01:23<00:06,  6.62it/s, recall_0.3=(0, 851) / 1481]eval:  89%|████████▊ | 330/372 [01:23<00:06,  6.62it/s, recall_0.3=(0, 854) / 1486]eval:  89%|████████▉ | 331/372 [01:23<00:06,  6.49it/s, recall_0.3=(0, 854) / 1486]eval:  89%|████████▉ | 331/372 [01:23<00:06,  6.49it/s, recall_0.3=(0, 857) / 1489]eval:  89%|████████▉ | 332/372 [01:23<00:06,  6.62it/s, recall_0.3=(0, 857) / 1489]eval:  89%|████████▉ | 332/372 [01:23<00:06,  6.62it/s, recall_0.3=(0, 857) / 1490]eval:  90%|████████▉ | 333/372 [01:23<00:06,  6.29it/s, recall_0.3=(0, 857) / 1490]eval:  90%|████████▉ | 333/372 [01:23<00:06,  6.29it/s, recall_0.3=(0, 858) / 1491]eval:  90%|████████▉ | 334/372 [01:23<00:05,  6.64it/s, recall_0.3=(0, 858) / 1491]eval:  90%|████████▉ | 334/372 [01:24<00:05,  6.64it/s, recall_0.3=(0, 860) / 1497]eval:  90%|█████████ | 335/372 [01:24<00:05,  6.88it/s, recall_0.3=(0, 860) / 1497]eval:  90%|█████████ | 335/372 [01:24<00:05,  6.88it/s, recall_0.3=(0, 866) / 1503]eval:  90%|█████████ | 336/372 [01:24<00:05,  6.41it/s, recall_0.3=(0, 866) / 1503]eval:  90%|█████████ | 336/372 [01:24<00:05,  6.41it/s, recall_0.3=(0, 869) / 1507]eval:  91%|█████████ | 337/372 [01:24<00:05,  6.47it/s, recall_0.3=(0, 869) / 1507]eval:  91%|█████████ | 337/372 [01:24<00:05,  6.47it/s, recall_0.3=(0, 870) / 1509]eval:  91%|█████████ | 338/372 [01:24<00:04,  6.92it/s, recall_0.3=(0, 870) / 1509]eval:  91%|█████████ | 338/372 [01:24<00:04,  6.92it/s, recall_0.3=(0, 871) / 1519]eval:  91%|█████████ | 339/372 [01:24<00:05,  6.60it/s, recall_0.3=(0, 871) / 1519]eval:  91%|█████████ | 339/372 [01:24<00:05,  6.60it/s, recall_0.3=(0, 872) / 1520]eval:  91%|█████████▏| 340/372 [01:24<00:04,  6.87it/s, recall_0.3=(0, 872) / 1520]eval:  91%|█████████▏| 340/372 [01:25<00:04,  6.87it/s, recall_0.3=(0, 874) / 1525]eval:  92%|█████████▏| 341/372 [01:25<00:04,  7.00it/s, recall_0.3=(0, 874) / 1525]eval:  92%|█████████▏| 341/372 [01:25<00:04,  7.00it/s, recall_0.3=(0, 874) / 1526]eval:  92%|█████████▏| 342/372 [01:25<00:04,  7.05it/s, recall_0.3=(0, 874) / 1526]eval:  92%|█████████▏| 342/372 [01:25<00:04,  7.05it/s, recall_0.3=(0, 876) / 1531]eval:  92%|█████████▏| 343/372 [01:25<00:04,  7.02it/s, recall_0.3=(0, 876) / 1531]eval:  92%|█████████▏| 343/372 [01:25<00:04,  7.02it/s, recall_0.3=(0, 877) / 1532]eval:  92%|█████████▏| 344/372 [01:25<00:03,  7.02it/s, recall_0.3=(0, 878) / 1533]eval:  93%|█████████▎| 345/372 [01:25<00:03,  7.26it/s, recall_0.3=(0, 878) / 1533]eval:  93%|█████████▎| 345/372 [01:25<00:03,  7.26it/s, recall_0.3=(0, 880) / 1538]eval:  93%|█████████▎| 346/372 [01:25<00:03,  7.30it/s, recall_0.3=(0, 880) / 1538]eval:  93%|█████████▎| 346/372 [01:25<00:03,  7.30it/s, recall_0.3=(0, 882) / 1540]eval:  93%|█████████▎| 347/372 [01:25<00:03,  7.25it/s, recall_0.3=(0, 882) / 1540]eval:  93%|█████████▎| 347/372 [01:26<00:03,  7.25it/s, recall_0.3=(0, 888) / 1551]eval:  94%|█████████▎| 348/372 [01:26<00:03,  6.45it/s, recall_0.3=(0, 888) / 1551]eval:  94%|█████████▎| 348/372 [01:26<00:03,  6.45it/s, recall_0.3=(0, 889) / 1552]eval:  94%|█████████▍| 349/372 [01:26<00:03,  6.26it/s, recall_0.3=(0, 889) / 1552]eval:  94%|█████████▍| 349/372 [01:26<00:03,  6.26it/s, recall_0.3=(0, 893) / 1556]eval:  94%|█████████▍| 350/372 [01:26<00:03,  6.19it/s, recall_0.3=(0, 893) / 1556]eval:  94%|█████████▍| 350/372 [01:26<00:03,  6.19it/s, recall_0.3=(0, 896) / 1560]eval:  94%|█████████▍| 351/372 [01:26<00:03,  5.85it/s, recall_0.3=(0, 896) / 1560]eval:  94%|█████████▍| 351/372 [01:26<00:03,  5.85it/s, recall_0.3=(0, 899) / 1566]eval:  95%|█████████▍| 352/372 [01:26<00:03,  6.48it/s, recall_0.3=(0, 899) / 1566]eval:  95%|█████████▍| 352/372 [01:26<00:03,  6.48it/s, recall_0.3=(0, 900) / 1568]eval:  95%|█████████▍| 353/372 [01:26<00:02,  7.06it/s, recall_0.3=(0, 900) / 1568]eval:  95%|█████████▍| 353/372 [01:26<00:02,  7.06it/s, recall_0.3=(0, 900) / 1569]eval:  95%|█████████▌| 354/372 [01:26<00:02,  7.51it/s, recall_0.3=(0, 900) / 1569]eval:  95%|█████████▌| 354/372 [01:27<00:02,  7.51it/s, recall_0.3=(0, 906) / 1577]eval:  95%|█████████▌| 355/372 [01:27<00:02,  7.60it/s, recall_0.3=(0, 906) / 1577]eval:  95%|█████████▌| 355/372 [01:27<00:02,  7.60it/s, recall_0.3=(0, 907) / 1578]eval:  96%|█████████▌| 356/372 [01:27<00:02,  7.78it/s, recall_0.3=(0, 907) / 1578]eval:  96%|█████████▌| 356/372 [01:27<00:02,  7.78it/s, recall_0.3=(0, 912) / 1586]eval:  96%|█████████▌| 357/372 [01:27<00:01,  7.72it/s, recall_0.3=(0, 912) / 1586]eval:  96%|█████████▌| 357/372 [01:27<00:01,  7.72it/s, recall_0.3=(0, 913) / 1591]eval:  96%|█████████▌| 358/372 [01:27<00:01,  7.65it/s, recall_0.3=(0, 913) / 1591]eval:  96%|█████████▌| 358/372 [01:27<00:01,  7.65it/s, recall_0.3=(0, 917) / 1595]eval:  97%|█████████▋| 359/372 [01:27<00:01,  7.21it/s, recall_0.3=(0, 917) / 1595]eval:  97%|█████████▋| 359/372 [01:27<00:01,  7.21it/s, recall_0.3=(0, 918) / 1596]eval:  97%|█████████▋| 360/372 [01:27<00:01,  6.86it/s, recall_0.3=(0, 918) / 1596]eval:  97%|█████████▋| 360/372 [01:27<00:01,  6.86it/s, recall_0.3=(0, 922) / 1600]eval:  97%|█████████▋| 361/372 [01:27<00:01,  6.70it/s, recall_0.3=(0, 922) / 1600]eval:  97%|█████████▋| 361/372 [01:28<00:01,  6.70it/s, recall_0.3=(0, 926) / 1605]eval:  97%|█████████▋| 362/372 [01:28<00:01,  6.91it/s, recall_0.3=(0, 926) / 1605]eval:  97%|█████████▋| 362/372 [01:28<00:01,  6.91it/s, recall_0.3=(0, 927) / 1606]eval:  98%|█████████▊| 363/372 [01:28<00:01,  6.64it/s, recall_0.3=(0, 927) / 1606]eval:  98%|█████████▊| 363/372 [01:28<00:01,  6.64it/s, recall_0.3=(0, 929) / 1608]eval:  98%|█████████▊| 364/372 [01:28<00:01,  7.23it/s, recall_0.3=(0, 929) / 1608]eval:  98%|█████████▊| 364/372 [01:28<00:01,  7.23it/s, recall_0.3=(0, 929) / 1610]eval:  98%|█████████▊| 365/372 [01:28<00:00,  7.06it/s, recall_0.3=(0, 929) / 1610]eval:  98%|█████████▊| 365/372 [01:28<00:00,  7.06it/s, recall_0.3=(0, 936) / 1622]eval:  98%|█████████▊| 366/372 [01:28<00:00,  7.20it/s, recall_0.3=(0, 936) / 1622]eval:  98%|█████████▊| 366/372 [01:28<00:00,  7.20it/s, recall_0.3=(0, 943) / 1632]eval:  99%|█████████▊| 367/372 [01:28<00:00,  7.68it/s, recall_0.3=(0, 943) / 1632]eval:  99%|█████████▊| 367/372 [01:28<00:00,  7.68it/s, recall_0.3=(0, 944) / 1635]eval:  99%|█████████▉| 368/372 [01:28<00:00,  7.88it/s, recall_0.3=(0, 944) / 1635]eval:  99%|█████████▉| 368/372 [01:28<00:00,  7.88it/s, recall_0.3=(0, 949) / 1641]eval:  99%|█████████▉| 369/372 [01:28<00:00,  8.17it/s, recall_0.3=(0, 949) / 1641]eval:  99%|█████████▉| 369/372 [01:29<00:00,  8.17it/s, recall_0.3=(0, 950) / 1642]eval:  99%|█████████▉| 370/372 [01:29<00:00,  8.22it/s, recall_0.3=(0, 950) / 1642]eval:  99%|█████████▉| 370/372 [01:29<00:00,  8.22it/s, recall_0.3=(0, 950) / 1643]eval: 100%|█████████▉| 371/372 [01:29<00:00,  7.16it/s, recall_0.3=(0, 950) / 1643]eval: 100%|█████████▉| 371/372 [01:29<00:00,  7.16it/s, recall_0.3=(0, 952) / 1649]eval: 100%|██████████| 372/372 [01:29<00:00,  7.05it/s, recall_0.3=(0, 952) / 1649]eval: 100%|██████████| 372/372 [01:30<00:00,  4.11it/s, recall_0.3=(0, 952) / 1649]
2026-10-03 22:50:18,338   INFO  *************** Performance of EPOCH 1 *****************
2026-10-03 22:50:18,339   INFO  Generate label finished(sec_per_example: 0.2444 second).
2026-10-03 22:50:18,340   INFO  recall_roi_0.3: 0.000000
2026-10-03 22:50:18,340   INFO  recall_rcnn_0.3: 0.577320
2026-10-03 22:50:18,341   INFO  recall_roi_0.5: 0.000000
2026-10-03 22:50:18,341   INFO  recall_rcnn_0.5: 0.502122
2026-10-03 22:50:18,342   INFO  recall_roi_0.7: 0.000000
2026-10-03 22:50:18,342   INFO  recall_rcnn_0.7: 0.300182
2026-10-03 22:50:18,343   INFO  Average predicted number of objects(372 samples): 4.013
2026-10-03 22:50:18,388   INFO  ---- 3d box evaluation ---- 
/home/sheng/paper6/.venv/lib/python3.10/site-packages/numba/cuda/dispatcher.py:536: NumbaPerformanceWarning: [1mGrid size 1 will likely result in GPU under-utilization due to low occupancy.[0m
  warn(NumbaPerformanceWarning(msg))
/home/sheng/paper6/.venv/lib/python3.10/site-packages/numba/cuda/dispatcher.py:536: NumbaPerformanceWarning: [1mGrid size 35 will likely result in GPU under-utilization due to low occupancy.[0m
  warn(NumbaPerformanceWarning(msg))
/home/sheng/paper6/.venv/lib/python3.10/site-packages/numba/cuda/dispatcher.py:536: NumbaPerformanceWarning: [1mGrid size 1 will likely result in GPU under-utilization due to low occupancy.[0m
  warn(NumbaPerformanceWarning(msg))
/home/sheng/paper6/.venv/lib/python3.10/site-packages/numba/core/typed_passes.py:336: NumbaPerformanceWarning: [1m
The keyword argument 'parallel=True' was specified but no transformation for parallel execution was possible.

To find out why, try turning on parallel diagnostics, see https://numba.readthedocs.io/en/stable/user/parallel.html#diagnostics for help.
[1m
File "liga/datasets/kitti/kitti_object_eval_python/eval.py", line 121:[0m
[1m@numba.jit(nopython=True, parallel=True)
[1mdef d3_box_overlap_kernel(boxes, qboxes, rinc, criterion=-1):
[0m[1m^[0m[0m
[0m
  warnings.warn(errors.NumbaPerformanceWarning(msg,
/home/sheng/paper6/.venv/lib/python3.10/site-packages/numba/cuda/dispatcher.py:536: NumbaPerformanceWarning: [1mGrid size 1 will likely result in GPU under-utilization due to low occupancy.[0m
  warn(NumbaPerformanceWarning(msg))
/home/sheng/paper6/.venv/lib/python3.10/site-packages/numba/core/typed_passes.py:336: NumbaPerformanceWarning: [1m
The keyword argument 'parallel=True' was specified but no transformation for parallel execution was possible.

To find out why, try turning on parallel diagnostics, see https://numba.readthedocs.io/en/stable/user/parallel.html#diagnostics for help.
[1m
File "liga/datasets/kitti/kitti_object_eval_python/eval.py", line 121:[0m
[1m@numba.jit(nopython=True, parallel=True)
[1mdef d3_box_overlap_kernel(boxes, qboxes, rinc, criterion=-1):
[0m[1m^[0m[0m
[0m
  warnings.warn(errors.NumbaPerformanceWarning(msg,
/home/sheng/paper6/.venv/lib/python3.10/site-packages/numba/cuda/dispatcher.py:536: NumbaPerformanceWarning: [1mGrid size 1 will likely result in GPU under-utilization due to low occupancy.[0m
  warn(NumbaPerformanceWarning(msg))
/home/sheng/paper6/.venv/lib/python3.10/site-packages/numba/cuda/dispatcher.py:536: NumbaPerformanceWarning: [1mGrid size 35 will likely result in GPU under-utilization due to low occupancy.[0m
  warn(NumbaPerformanceWarning(msg))
2026-10-03 22:50:37,882   INFO  Car AP@0.70, 0.70, 0.70:
bbox AP:88.2756, 76.2756, 68.3207
bev  AP:73.4489, 53.2213, 45.8739
3d   AP:66.5946, 43.7205, 36.8294
aos  AP:87.76, 73.83, 65.96
Car AP_R40@0.70, 0.70, 0.70:
bbox AP:91.4875, 75.4709, 68.0902
bev  AP:76.0063, 51.6712, 44.6897
3d   AP:65.7548, 42.3195, 34.5870
aos  AP:90.96, 72.89, 65.54
Car AP@0.70, 0.50, 0.50:
bbox AP:88.2756, 76.2756, 68.3207
bev  AP:88.5751, 75.6894, 67.2705
3d   AP:87.8382, 69.2737, 60.4780
aos  AP:87.76, 73.83, 65.96
Car AP_R40@0.70, 0.50, 0.50:
bbox AP:91.4875, 75.4709, 68.0902
bev  AP:93.4152, 74.8172, 65.6192
3d   AP:90.9322, 72.0602, 62.5865
aos  AP:90.96, 72.89, 65.54
Pedestrian AP@0.50, 0.50, 0.50:
bbox AP:39.9379, 33.5842, 33.1817
bev  AP:28.4953, 29.1084, 23.4160
3d   AP:26.9930, 22.8904, 22.6963
aos  AP:28.18, 23.57, 23.24
Pedestrian AP_R40@0.50, 0.50, 0.50:
bbox AP:35.1692, 31.4074, 29.3676
bev  AP:26.4998, 23.8732, 21.8977
3d   AP:23.7298, 21.0563, 19.0753
aos  AP:23.65, 20.18, 19.24
Pedestrian AP@0.50, 0.25, 0.25:
bbox AP:39.9379, 33.5842, 33.1817
bev  AP:40.0484, 33.7699, 33.0717
3d   AP:40.0484, 33.7699, 33.0717
aos  AP:28.18, 23.57, 23.24
Pedestrian AP_R40@0.50, 0.25, 0.25:
bbox AP:35.1692, 31.4074, 29.3676
bev  AP:37.0293, 33.6108, 31.2926
3d   AP:37.0293, 33.6108, 31.2926
aos  AP:23.65, 20.18, 19.24
Cyclist AP@0.50, 0.50, 0.50:
bbox AP:17.7194, 17.2984, 17.3236
bev  AP:8.6631, 8.4848, 8.6631
3d   AP:6.1330, 6.0948, 6.0948
aos  AP:13.05, 13.01, 12.81
Cyclist AP_R40@0.50, 0.50, 0.50:
bbox AP:14.4214, 16.2083, 15.4732
bev  AP:6.4545, 5.5084, 5.5574
3d   AP:3.8532, 3.8427, 3.8427
aos  AP:10.30, 11.96, 11.16
Cyclist AP@0.50, 0.25, 0.25:
bbox AP:17.7194, 17.2984, 17.3236
bev  AP:11.7638, 11.9336, 10.5122
3d   AP:11.7638, 11.9336, 10.6264
aos  AP:13.05, 13.01, 12.81
Cyclist AP_R40@0.50, 0.25, 0.25:
bbox AP:14.4214, 16.2083, 15.4732
bev  AP:8.9121, 9.1012, 8.0890
3d   AP:8.9121, 8.7397, 8.1204
aos  AP:10.30, 11.96, 11.16

2026-10-03 22:50:37,883   INFO  ---- 2d box evaluation ---- 
/home/sheng/paper6/.venv/lib/python3.10/site-packages/numba/cuda/dispatcher.py:536: NumbaPerformanceWarning: [1mGrid size 3 will likely result in GPU under-utilization due to low occupancy.[0m
  warn(NumbaPerformanceWarning(msg))
/home/sheng/paper6/.venv/lib/python3.10/site-packages/numba/cuda/dispatcher.py:536: NumbaPerformanceWarning: [1mGrid size 4 will likely result in GPU under-utilization due to low occupancy.[0m
  warn(NumbaPerformanceWarning(msg))
/home/sheng/paper6/.venv/lib/python3.10/site-packages/numba/cuda/dispatcher.py:536: NumbaPerformanceWarning: [1mGrid size 2 will likely result in GPU under-utilization due to low occupancy.[0m
  warn(NumbaPerformanceWarning(msg))
/home/sheng/paper6/.venv/lib/python3.10/site-packages/numba/cuda/dispatcher.py:536: NumbaPerformanceWarning: [1mGrid size 5 will likely result in GPU under-utilization due to low occupancy.[0m
  warn(NumbaPerformanceWarning(msg))
/home/sheng/paper6/.venv/lib/python3.10/site-packages/numba/cuda/dispatcher.py:536: NumbaPerformanceWarning: [1mGrid size 1 will likely result in GPU under-utilization due to low occupancy.[0m
  warn(NumbaPerformanceWarning(msg))
/home/sheng/paper6/.venv/lib/python3.10/site-packages/numba/cuda/dispatcher.py:536: NumbaPerformanceWarning: [1mGrid size 3 will likely result in GPU under-utilization due to low occupancy.[0m
  warn(NumbaPerformanceWarning(msg))
/home/sheng/paper6/.venv/lib/python3.10/site-packages/numba/cuda/dispatcher.py:536: NumbaPerformanceWarning: [1mGrid size 4 will likely result in GPU under-utilization due to low occupancy.[0m
  warn(NumbaPerformanceWarning(msg))
/home/sheng/paper6/.venv/lib/python3.10/site-packages/numba/cuda/dispatcher.py:536: NumbaPerformanceWarning: [1mGrid size 2 will likely result in GPU under-utilization due to low occupancy.[0m
  warn(NumbaPerformanceWarning(msg))
/home/sheng/paper6/.venv/lib/python3.10/site-packages/numba/cuda/dispatcher.py:536: NumbaPerformanceWarning: [1mGrid size 5 will likely result in GPU under-utilization due to low occupancy.[0m
  warn(NumbaPerformanceWarning(msg))
/home/sheng/paper6/.venv/lib/python3.10/site-packages/numba/cuda/dispatcher.py:536: NumbaPerformanceWarning: [1mGrid size 1 will likely result in GPU under-utilization due to low occupancy.[0m
  warn(NumbaPerformanceWarning(msg))
2026-10-03 22:50:45,845   INFO  Car AP_R40@0.70, 0.70, 0.70:
bbox AP:4.1401, 6.9075, 5.6555
Car AP_R40@0.70, 0.50, 0.50:
bbox AP:4.1401, 6.9075, 5.6555
Pedestrian AP_R40@0.50, 0.50, 0.50:
bbox AP:0.0975, 0.1477, 0.1218
Pedestrian AP_R40@0.50, 0.25, 0.25:
bbox AP:0.0975, 0.1477, 0.1218
Cyclist AP_R40@0.50, 0.50, 0.50:
bbox AP:0.0000, 0.0000, 0.0000
Cyclist AP_R40@0.50, 0.25, 0.25:
bbox AP:0.0000, 0.0000, 0.0000

2026-10-03 22:50:45,847   INFO  Result is save to /mnt/d/paper6/runs/liga/home_sheng_paper6_configs_tuning/student_task_seed17_epoch1.student-task-seed17-001/ckpt/checkpoint_epoch_1.pth.eval/eval/epoch_1/geocomm_tune_holdout/student-task-seed17-001
2026-10-03 22:50:45,849   INFO  ****************Evaluation done.*****************
[rank0]:[W1003 22:50:46.456876426 ProcessGroupNCCL.cpp:1250] Warning: WARNING: process group has NOT been destroyed before we destruct ProcessGroupNCCL. On normal program exit, the application should call destroy_process_group to ensure that any pending NCCL operations have finished in this process. In rare cases this process can exit before this point and block the progress of another member of the process group. This constraint has always been present,  but this warning has only been added since PyTorch 2.4 (function operator())
