/mnt/nfs2/engdes/wc296/paper6/dependencies/artemis-framework-overlay-005/source/mmcv-full-1.7.2/setup.py:6: DeprecationWarning: pkg_resources is deprecated as an API. See https://setuptools.pypa.io/en/latest/pkg_resources.html
  from pkg_resources import DistributionNotFound, get_distribution, parse_version
No CUDA runtime is found, using CUDA_HOME='/mnt/nfs2/engdes/wc296/paper6/toolchains/cuda-12.8-001'
/mnt/nfs2/engdes/wc296/paper6/envs/torch-cu128-001/lib/python3.12/site-packages/setuptools/dist.py:759: SetuptoolsDeprecationWarning: License classifiers are deprecated.
!!

        ********************************************************************************
        Please consider removing the following classifiers in favor of a SPDX license expression:

        License :: OSI Approved :: Apache Software License

        See https://packaging.python.org/en/latest/guides/writing-pyproject-toml/#license for details.
        ********************************************************************************

!!
  self._finalize_license_expression()
running bdist_wheel
/mnt/nfs2/engdes/wc296/paper6/envs/torch-cu128-001/lib/python3.12/site-packages/setuptools/_distutils/cmd.py:135: SetuptoolsDeprecationWarning: bdist_wheel.universal is deprecated
!!

        ********************************************************************************
        With Python 2.7 end-of-life, support for building universal wheels
        (i.e., wheels that support both Python 2 and Python 3)
        is being obviated.
        Please discontinue using this option, or if you still need it,
        file an issue with pypa/setuptools describing your use case.

        This deprecation is overdue, please update your project and remove deprecated
        calls to avoid build errors in the future.
        ********************************************************************************

!!
  self.finalize_options()
/mnt/nfs2/engdes/wc296/paper6/envs/torch-cu128-001/lib/python3.12/site-packages/torch/utils/cpp_extension.py:576: UserWarning: Attempted to use ninja as the BuildExtension backend but we could not find ninja.. Falling back to using the slow distutils backend.
  warnings.warn(msg.format('we could not find ninja.'))
running build
running build_py
creating build/lib.linux-x86_64-cpython-312/mmcv
copying mmcv/__init__.py -> build/lib.linux-x86_64-cpython-312/mmcv
copying mmcv/version.py -> build/lib.linux-x86_64-cpython-312/mmcv
creating build/lib.linux-x86_64-cpython-312/mmcv/arraymisc
copying mmcv/arraymisc/__init__.py -> build/lib.linux-x86_64-cpython-312/mmcv/arraymisc
copying mmcv/arraymisc/quantization.py -> build/lib.linux-x86_64-cpython-312/mmcv/arraymisc
creating build/lib.linux-x86_64-cpython-312/mmcv/cnn
copying mmcv/cnn/__init__.py -> build/lib.linux-x86_64-cpython-312/mmcv/cnn
copying mmcv/cnn/alexnet.py -> build/lib.linux-x86_64-cpython-312/mmcv/cnn
copying mmcv/cnn/builder.py -> build/lib.linux-x86_64-cpython-312/mmcv/cnn
copying mmcv/cnn/resnet.py -> build/lib.linux-x86_64-cpython-312/mmcv/cnn
copying mmcv/cnn/vgg.py -> build/lib.linux-x86_64-cpython-312/mmcv/cnn
creating build/lib.linux-x86_64-cpython-312/mmcv/device
copying mmcv/device/__init__.py -> build/lib.linux-x86_64-cpython-312/mmcv/device
copying mmcv/device/_functions.py -> build/lib.linux-x86_64-cpython-312/mmcv/device
copying mmcv/device/scatter_gather.py -> build/lib.linux-x86_64-cpython-312/mmcv/device
copying mmcv/device/utils.py -> build/lib.linux-x86_64-cpython-312/mmcv/device
creating build/lib.linux-x86_64-cpython-312/mmcv/engine
copying mmcv/engine/__init__.py -> build/lib.linux-x86_64-cpython-312/mmcv/engine
copying mmcv/engine/test.py -> build/lib.linux-x86_64-cpython-312/mmcv/engine
creating build/lib.linux-x86_64-cpython-312/mmcv/fileio
copying mmcv/fileio/__init__.py -> build/lib.linux-x86_64-cpython-312/mmcv/fileio
copying mmcv/fileio/file_client.py -> build/lib.linux-x86_64-cpython-312/mmcv/fileio
copying mmcv/fileio/io.py -> build/lib.linux-x86_64-cpython-312/mmcv/fileio
copying mmcv/fileio/parse.py -> build/lib.linux-x86_64-cpython-312/mmcv/fileio
creating build/lib.linux-x86_64-cpython-312/mmcv/image
copying mmcv/image/__init__.py -> build/lib.linux-x86_64-cpython-312/mmcv/image
copying mmcv/image/colorspace.py -> build/lib.linux-x86_64-cpython-312/mmcv/image
copying mmcv/image/geometric.py -> build/lib.linux-x86_64-cpython-312/mmcv/image
copying mmcv/image/io.py -> build/lib.linux-x86_64-cpython-312/mmcv/image
copying mmcv/image/misc.py -> build/lib.linux-x86_64-cpython-312/mmcv/image
copying mmcv/image/photometric.py -> build/lib.linux-x86_64-cpython-312/mmcv/image
creating build/lib.linux-x86_64-cpython-312/mmcv/onnx
copying mmcv/onnx/__init__.py -> build/lib.linux-x86_64-cpython-312/mmcv/onnx
copying mmcv/onnx/info.py -> build/lib.linux-x86_64-cpython-312/mmcv/onnx
copying mmcv/onnx/symbolic.py -> build/lib.linux-x86_64-cpython-312/mmcv/onnx
creating build/lib.linux-x86_64-cpython-312/mmcv/ops
copying mmcv/ops/__init__.py -> build/lib.linux-x86_64-cpython-312/mmcv/ops
copying mmcv/ops/active_rotated_filter.py -> build/lib.linux-x86_64-cpython-312/mmcv/ops
copying mmcv/ops/assign_score_withk.py -> build/lib.linux-x86_64-cpython-312/mmcv/ops
copying mmcv/ops/ball_query.py -> build/lib.linux-x86_64-cpython-312/mmcv/ops
copying mmcv/ops/bbox.py -> build/lib.linux-x86_64-cpython-312/mmcv/ops
copying mmcv/ops/border_align.py -> build/lib.linux-x86_64-cpython-312/mmcv/ops
copying mmcv/ops/box_iou_quadri.py -> build/lib.linux-x86_64-cpython-312/mmcv/ops
copying mmcv/ops/box_iou_rotated.py -> build/lib.linux-x86_64-cpython-312/mmcv/ops
copying mmcv/ops/carafe.py -> build/lib.linux-x86_64-cpython-312/mmcv/ops
copying mmcv/ops/cc_attention.py -> build/lib.linux-x86_64-cpython-312/mmcv/ops
copying mmcv/ops/chamfer_distance.py -> build/lib.linux-x86_64-cpython-312/mmcv/ops
copying mmcv/ops/contour_expand.py -> build/lib.linux-x86_64-cpython-312/mmcv/ops
copying mmcv/ops/convex_iou.py -> build/lib.linux-x86_64-cpython-312/mmcv/ops
copying mmcv/ops/corner_pool.py -> build/lib.linux-x86_64-cpython-312/mmcv/ops
copying mmcv/ops/correlation.py -> build/lib.linux-x86_64-cpython-312/mmcv/ops
copying mmcv/ops/deform_conv.py -> build/lib.linux-x86_64-cpython-312/mmcv/ops
copying mmcv/ops/deform_roi_pool.py -> build/lib.linux-x86_64-cpython-312/mmcv/ops
copying mmcv/ops/deprecated_wrappers.py -> build/lib.linux-x86_64-cpython-312/mmcv/ops
copying mmcv/ops/diff_iou_rotated.py -> build/lib.linux-x86_64-cpython-312/mmcv/ops
copying mmcv/ops/focal_loss.py -> build/lib.linux-x86_64-cpython-312/mmcv/ops
copying mmcv/ops/furthest_point_sample.py -> build/lib.linux-x86_64-cpython-312/mmcv/ops
copying mmcv/ops/fused_bias_leakyrelu.py -> build/lib.linux-x86_64-cpython-312/mmcv/ops
copying mmcv/ops/gather_points.py -> build/lib.linux-x86_64-cpython-312/mmcv/ops
copying mmcv/ops/group_points.py -> build/lib.linux-x86_64-cpython-312/mmcv/ops
copying mmcv/ops/info.py -> build/lib.linux-x86_64-cpython-312/mmcv/ops
copying mmcv/ops/iou3d.py -> build/lib.linux-x86_64-cpython-312/mmcv/ops
copying mmcv/ops/knn.py -> build/lib.linux-x86_64-cpython-312/mmcv/ops
copying mmcv/ops/masked_conv.py -> build/lib.linux-x86_64-cpython-312/mmcv/ops
copying mmcv/ops/merge_cells.py -> build/lib.linux-x86_64-cpython-312/mmcv/ops
copying mmcv/ops/min_area_polygons.py -> build/lib.linux-x86_64-cpython-312/mmcv/ops
copying mmcv/ops/modulated_deform_conv.py -> build/lib.linux-x86_64-cpython-312/mmcv/ops
copying mmcv/ops/multi_scale_deform_attn.py -> build/lib.linux-x86_64-cpython-312/mmcv/ops
copying mmcv/ops/nms.py -> build/lib.linux-x86_64-cpython-312/mmcv/ops
copying mmcv/ops/pixel_group.py -> build/lib.linux-x86_64-cpython-312/mmcv/ops
copying mmcv/ops/point_sample.py -> build/lib.linux-x86_64-cpython-312/mmcv/ops
copying mmcv/ops/points_in_boxes.py -> build/lib.linux-x86_64-cpython-312/mmcv/ops
copying mmcv/ops/points_in_polygons.py -> build/lib.linux-x86_64-cpython-312/mmcv/ops
copying mmcv/ops/points_sampler.py -> build/lib.linux-x86_64-cpython-312/mmcv/ops
copying mmcv/ops/prroi_pool.py -> build/lib.linux-x86_64-cpython-312/mmcv/ops
copying mmcv/ops/psa_mask.py -> build/lib.linux-x86_64-cpython-312/mmcv/ops
copying mmcv/ops/riroi_align_rotated.py -> build/lib.linux-x86_64-cpython-312/mmcv/ops
copying mmcv/ops/roi_align.py -> build/lib.linux-x86_64-cpython-312/mmcv/ops
copying mmcv/ops/roi_align_rotated.py -> build/lib.linux-x86_64-cpython-312/mmcv/ops
copying mmcv/ops/roi_pool.py -> build/lib.linux-x86_64-cpython-312/mmcv/ops
copying mmcv/ops/roiaware_pool3d.py -> build/lib.linux-x86_64-cpython-312/mmcv/ops
copying mmcv/ops/roipoint_pool3d.py -> build/lib.linux-x86_64-cpython-312/mmcv/ops
copying mmcv/ops/rotated_feature_align.py -> build/lib.linux-x86_64-cpython-312/mmcv/ops
copying mmcv/ops/saconv.py -> build/lib.linux-x86_64-cpython-312/mmcv/ops
copying mmcv/ops/scatter_points.py -> build/lib.linux-x86_64-cpython-312/mmcv/ops
copying mmcv/ops/sparse_conv.py -> build/lib.linux-x86_64-cpython-312/mmcv/ops
copying mmcv/ops/sparse_functional.py -> build/lib.linux-x86_64-cpython-312/mmcv/ops
copying mmcv/ops/sparse_modules.py -> build/lib.linux-x86_64-cpython-312/mmcv/ops
copying mmcv/ops/sparse_ops.py -> build/lib.linux-x86_64-cpython-312/mmcv/ops
copying mmcv/ops/sparse_pool.py -> build/lib.linux-x86_64-cpython-312/mmcv/ops
copying mmcv/ops/sparse_structure.py -> build/lib.linux-x86_64-cpython-312/mmcv/ops
copying mmcv/ops/sync_bn.py -> build/lib.linux-x86_64-cpython-312/mmcv/ops
copying mmcv/ops/three_interpolate.py -> build/lib.linux-x86_64-cpython-312/mmcv/ops
copying mmcv/ops/three_nn.py -> build/lib.linux-x86_64-cpython-312/mmcv/ops
copying mmcv/ops/tin_shift.py -> build/lib.linux-x86_64-cpython-312/mmcv/ops
copying mmcv/ops/upfirdn2d.py -> build/lib.linux-x86_64-cpython-312/mmcv/ops
copying mmcv/ops/voxelize.py -> build/lib.linux-x86_64-cpython-312/mmcv/ops
creating build/lib.linux-x86_64-cpython-312/mmcv/parallel
copying mmcv/parallel/__init__.py -> build/lib.linux-x86_64-cpython-312/mmcv/parallel
copying mmcv/parallel/_functions.py -> build/lib.linux-x86_64-cpython-312/mmcv/parallel
copying mmcv/parallel/collate.py -> build/lib.linux-x86_64-cpython-312/mmcv/parallel
copying mmcv/parallel/data_container.py -> build/lib.linux-x86_64-cpython-312/mmcv/parallel
copying mmcv/parallel/data_parallel.py -> build/lib.linux-x86_64-cpython-312/mmcv/parallel
copying mmcv/parallel/distributed.py -> build/lib.linux-x86_64-cpython-312/mmcv/parallel
copying mmcv/parallel/distributed_deprecated.py -> build/lib.linux-x86_64-cpython-312/mmcv/parallel
copying mmcv/parallel/registry.py -> build/lib.linux-x86_64-cpython-312/mmcv/parallel
copying mmcv/parallel/scatter_gather.py -> build/lib.linux-x86_64-cpython-312/mmcv/parallel
copying mmcv/parallel/utils.py -> build/lib.linux-x86_64-cpython-312/mmcv/parallel
creating build/lib.linux-x86_64-cpython-312/mmcv/runner
copying mmcv/runner/__init__.py -> build/lib.linux-x86_64-cpython-312/mmcv/runner
copying mmcv/runner/base_module.py -> build/lib.linux-x86_64-cpython-312/mmcv/runner
copying mmcv/runner/base_runner.py -> build/lib.linux-x86_64-cpython-312/mmcv/runner
copying mmcv/runner/builder.py -> build/lib.linux-x86_64-cpython-312/mmcv/runner
copying mmcv/runner/checkpoint.py -> build/lib.linux-x86_64-cpython-312/mmcv/runner
copying mmcv/runner/default_constructor.py -> build/lib.linux-x86_64-cpython-312/mmcv/runner
copying mmcv/runner/dist_utils.py -> build/lib.linux-x86_64-cpython-312/mmcv/runner
copying mmcv/runner/epoch_based_runner.py -> build/lib.linux-x86_64-cpython-312/mmcv/runner
copying mmcv/runner/fp16_utils.py -> build/lib.linux-x86_64-cpython-312/mmcv/runner
copying mmcv/runner/iter_based_runner.py -> build/lib.linux-x86_64-cpython-312/mmcv/runner
copying mmcv/runner/log_buffer.py -> build/lib.linux-x86_64-cpython-312/mmcv/runner
copying mmcv/runner/priority.py -> build/lib.linux-x86_64-cpython-312/mmcv/runner
copying mmcv/runner/utils.py -> build/lib.linux-x86_64-cpython-312/mmcv/runner
creating build/lib.linux-x86_64-cpython-312/mmcv/tensorrt
copying mmcv/tensorrt/__init__.py -> build/lib.linux-x86_64-cpython-312/mmcv/tensorrt
copying mmcv/tensorrt/init_plugins.py -> build/lib.linux-x86_64-cpython-312/mmcv/tensorrt
copying mmcv/tensorrt/preprocess.py -> build/lib.linux-x86_64-cpython-312/mmcv/tensorrt
copying mmcv/tensorrt/tensorrt_utils.py -> build/lib.linux-x86_64-cpython-312/mmcv/tensorrt
creating build/lib.linux-x86_64-cpython-312/mmcv/utils
copying mmcv/utils/__init__.py -> build/lib.linux-x86_64-cpython-312/mmcv/utils
copying mmcv/utils/config.py -> build/lib.linux-x86_64-cpython-312/mmcv/utils
copying mmcv/utils/device_type.py -> build/lib.linux-x86_64-cpython-312/mmcv/utils
copying mmcv/utils/env.py -> build/lib.linux-x86_64-cpython-312/mmcv/utils
copying mmcv/utils/ext_loader.py -> build/lib.linux-x86_64-cpython-312/mmcv/utils
copying mmcv/utils/hub.py -> build/lib.linux-x86_64-cpython-312/mmcv/utils
copying mmcv/utils/logging.py -> build/lib.linux-x86_64-cpython-312/mmcv/utils
copying mmcv/utils/misc.py -> build/lib.linux-x86_64-cpython-312/mmcv/utils
copying mmcv/utils/parrots_jit.py -> build/lib.linux-x86_64-cpython-312/mmcv/utils
copying mmcv/utils/parrots_wrapper.py -> build/lib.linux-x86_64-cpython-312/mmcv/utils
copying mmcv/utils/path.py -> build/lib.linux-x86_64-cpython-312/mmcv/utils
copying mmcv/utils/progressbar.py -> build/lib.linux-x86_64-cpython-312/mmcv/utils
copying mmcv/utils/registry.py -> build/lib.linux-x86_64-cpython-312/mmcv/utils
copying mmcv/utils/seed.py -> build/lib.linux-x86_64-cpython-312/mmcv/utils
copying mmcv/utils/testing.py -> build/lib.linux-x86_64-cpython-312/mmcv/utils
copying mmcv/utils/timer.py -> build/lib.linux-x86_64-cpython-312/mmcv/utils
copying mmcv/utils/torch_ops.py -> build/lib.linux-x86_64-cpython-312/mmcv/utils
copying mmcv/utils/trace.py -> build/lib.linux-x86_64-cpython-312/mmcv/utils
copying mmcv/utils/version_utils.py -> build/lib.linux-x86_64-cpython-312/mmcv/utils
creating build/lib.linux-x86_64-cpython-312/mmcv/video
copying mmcv/video/__init__.py -> build/lib.linux-x86_64-cpython-312/mmcv/video
copying mmcv/video/io.py -> build/lib.linux-x86_64-cpython-312/mmcv/video
copying mmcv/video/optflow.py -> build/lib.linux-x86_64-cpython-312/mmcv/video
copying mmcv/video/processing.py -> build/lib.linux-x86_64-cpython-312/mmcv/video
creating build/lib.linux-x86_64-cpython-312/mmcv/visualization
copying mmcv/visualization/__init__.py -> build/lib.linux-x86_64-cpython-312/mmcv/visualization
copying mmcv/visualization/color.py -> build/lib.linux-x86_64-cpython-312/mmcv/visualization
copying mmcv/visualization/image.py -> build/lib.linux-x86_64-cpython-312/mmcv/visualization
copying mmcv/visualization/optflow.py -> build/lib.linux-x86_64-cpython-312/mmcv/visualization
creating build/lib.linux-x86_64-cpython-312/mmcv/cnn/bricks
copying mmcv/cnn/bricks/__init__.py -> build/lib.linux-x86_64-cpython-312/mmcv/cnn/bricks
copying mmcv/cnn/bricks/activation.py -> build/lib.linux-x86_64-cpython-312/mmcv/cnn/bricks
copying mmcv/cnn/bricks/context_block.py -> build/lib.linux-x86_64-cpython-312/mmcv/cnn/bricks
copying mmcv/cnn/bricks/conv.py -> build/lib.linux-x86_64-cpython-312/mmcv/cnn/bricks
copying mmcv/cnn/bricks/conv2d_adaptive_padding.py -> build/lib.linux-x86_64-cpython-312/mmcv/cnn/bricks
copying mmcv/cnn/bricks/conv_module.py -> build/lib.linux-x86_64-cpython-312/mmcv/cnn/bricks
copying mmcv/cnn/bricks/conv_ws.py -> build/lib.linux-x86_64-cpython-312/mmcv/cnn/bricks
copying mmcv/cnn/bricks/depthwise_separable_conv_module.py -> build/lib.linux-x86_64-cpython-312/mmcv/cnn/bricks
copying mmcv/cnn/bricks/drop.py -> build/lib.linux-x86_64-cpython-312/mmcv/cnn/bricks
copying mmcv/cnn/bricks/generalized_attention.py -> build/lib.linux-x86_64-cpython-312/mmcv/cnn/bricks
copying mmcv/cnn/bricks/hsigmoid.py -> build/lib.linux-x86_64-cpython-312/mmcv/cnn/bricks
copying mmcv/cnn/bricks/hswish.py -> build/lib.linux-x86_64-cpython-312/mmcv/cnn/bricks
copying mmcv/cnn/bricks/non_local.py -> build/lib.linux-x86_64-cpython-312/mmcv/cnn/bricks
copying mmcv/cnn/bricks/norm.py -> build/lib.linux-x86_64-cpython-312/mmcv/cnn/bricks
copying mmcv/cnn/bricks/padding.py -> build/lib.linux-x86_64-cpython-312/mmcv/cnn/bricks
copying mmcv/cnn/bricks/plugin.py -> build/lib.linux-x86_64-cpython-312/mmcv/cnn/bricks
copying mmcv/cnn/bricks/registry.py -> build/lib.linux-x86_64-cpython-312/mmcv/cnn/bricks
copying mmcv/cnn/bricks/scale.py -> build/lib.linux-x86_64-cpython-312/mmcv/cnn/bricks
copying mmcv/cnn/bricks/swish.py -> build/lib.linux-x86_64-cpython-312/mmcv/cnn/bricks
copying mmcv/cnn/bricks/transformer.py -> build/lib.linux-x86_64-cpython-312/mmcv/cnn/bricks
copying mmcv/cnn/bricks/upsample.py -> build/lib.linux-x86_64-cpython-312/mmcv/cnn/bricks
copying mmcv/cnn/bricks/wrappers.py -> build/lib.linux-x86_64-cpython-312/mmcv/cnn/bricks
creating build/lib.linux-x86_64-cpython-312/mmcv/cnn/rfsearch
copying mmcv/cnn/rfsearch/__init__.py -> build/lib.linux-x86_64-cpython-312/mmcv/cnn/rfsearch
copying mmcv/cnn/rfsearch/operator.py -> build/lib.linux-x86_64-cpython-312/mmcv/cnn/rfsearch
copying mmcv/cnn/rfsearch/search.py -> build/lib.linux-x86_64-cpython-312/mmcv/cnn/rfsearch
copying mmcv/cnn/rfsearch/utils.py -> build/lib.linux-x86_64-cpython-312/mmcv/cnn/rfsearch
creating build/lib.linux-x86_64-cpython-312/mmcv/cnn/utils
copying mmcv/cnn/utils/__init__.py -> build/lib.linux-x86_64-cpython-312/mmcv/cnn/utils
copying mmcv/cnn/utils/flops_counter.py -> build/lib.linux-x86_64-cpython-312/mmcv/cnn/utils
copying mmcv/cnn/utils/fuse_conv_bn.py -> build/lib.linux-x86_64-cpython-312/mmcv/cnn/utils
copying mmcv/cnn/utils/sync_bn.py -> build/lib.linux-x86_64-cpython-312/mmcv/cnn/utils
copying mmcv/cnn/utils/weight_init.py -> build/lib.linux-x86_64-cpython-312/mmcv/cnn/utils
creating build/lib.linux-x86_64-cpython-312/mmcv/device/ipu
copying mmcv/device/ipu/__init__.py -> build/lib.linux-x86_64-cpython-312/mmcv/device/ipu
copying mmcv/device/ipu/dataloader.py -> build/lib.linux-x86_64-cpython-312/mmcv/device/ipu
copying mmcv/device/ipu/hierarchical_data_manager.py -> build/lib.linux-x86_64-cpython-312/mmcv/device/ipu
copying mmcv/device/ipu/hook_wrapper.py -> build/lib.linux-x86_64-cpython-312/mmcv/device/ipu
copying mmcv/device/ipu/model_wrapper.py -> build/lib.linux-x86_64-cpython-312/mmcv/device/ipu
copying mmcv/device/ipu/runner.py -> build/lib.linux-x86_64-cpython-312/mmcv/device/ipu
copying mmcv/device/ipu/utils.py -> build/lib.linux-x86_64-cpython-312/mmcv/device/ipu
creating build/lib.linux-x86_64-cpython-312/mmcv/device/mlu
copying mmcv/device/mlu/__init__.py -> build/lib.linux-x86_64-cpython-312/mmcv/device/mlu
copying mmcv/device/mlu/_functions.py -> build/lib.linux-x86_64-cpython-312/mmcv/device/mlu
copying mmcv/device/mlu/data_parallel.py -> build/lib.linux-x86_64-cpython-312/mmcv/device/mlu
copying mmcv/device/mlu/distributed.py -> build/lib.linux-x86_64-cpython-312/mmcv/device/mlu
copying mmcv/device/mlu/scatter_gather.py -> build/lib.linux-x86_64-cpython-312/mmcv/device/mlu
creating build/lib.linux-x86_64-cpython-312/mmcv/device/mps
copying mmcv/device/mps/__init__.py -> build/lib.linux-x86_64-cpython-312/mmcv/device/mps
copying mmcv/device/mps/data_parallel.py -> build/lib.linux-x86_64-cpython-312/mmcv/device/mps
creating build/lib.linux-x86_64-cpython-312/mmcv/device/npu
copying mmcv/device/npu/__init__.py -> build/lib.linux-x86_64-cpython-312/mmcv/device/npu
copying mmcv/device/npu/data_parallel.py -> build/lib.linux-x86_64-cpython-312/mmcv/device/npu
copying mmcv/device/npu/distributed.py -> build/lib.linux-x86_64-cpython-312/mmcv/device/npu
creating build/lib.linux-x86_64-cpython-312/mmcv/fileio/handlers
copying mmcv/fileio/handlers/__init__.py -> build/lib.linux-x86_64-cpython-312/mmcv/fileio/handlers
copying mmcv/fileio/handlers/base.py -> build/lib.linux-x86_64-cpython-312/mmcv/fileio/handlers
copying mmcv/fileio/handlers/json_handler.py -> build/lib.linux-x86_64-cpython-312/mmcv/fileio/handlers
copying mmcv/fileio/handlers/pickle_handler.py -> build/lib.linux-x86_64-cpython-312/mmcv/fileio/handlers
copying mmcv/fileio/handlers/yaml_handler.py -> build/lib.linux-x86_64-cpython-312/mmcv/fileio/handlers
creating build/lib.linux-x86_64-cpython-312/mmcv/onnx/onnx_utils
copying mmcv/onnx/onnx_utils/__init__.py -> build/lib.linux-x86_64-cpython-312/mmcv/onnx/onnx_utils
copying mmcv/onnx/onnx_utils/symbolic_helper.py -> build/lib.linux-x86_64-cpython-312/mmcv/onnx/onnx_utils
creating build/lib.linux-x86_64-cpython-312/mmcv/runner/hooks
copying mmcv/runner/hooks/__init__.py -> build/lib.linux-x86_64-cpython-312/mmcv/runner/hooks
copying mmcv/runner/hooks/checkpoint.py -> build/lib.linux-x86_64-cpython-312/mmcv/runner/hooks
copying mmcv/runner/hooks/closure.py -> build/lib.linux-x86_64-cpython-312/mmcv/runner/hooks
copying mmcv/runner/hooks/ema.py -> build/lib.linux-x86_64-cpython-312/mmcv/runner/hooks
copying mmcv/runner/hooks/evaluation.py -> build/lib.linux-x86_64-cpython-312/mmcv/runner/hooks
copying mmcv/runner/hooks/hook.py -> build/lib.linux-x86_64-cpython-312/mmcv/runner/hooks
copying mmcv/runner/hooks/iter_timer.py -> build/lib.linux-x86_64-cpython-312/mmcv/runner/hooks
copying mmcv/runner/hooks/lr_updater.py -> build/lib.linux-x86_64-cpython-312/mmcv/runner/hooks
copying mmcv/runner/hooks/memory.py -> build/lib.linux-x86_64-cpython-312/mmcv/runner/hooks
copying mmcv/runner/hooks/momentum_updater.py -> build/lib.linux-x86_64-cpython-312/mmcv/runner/hooks
copying mmcv/runner/hooks/optimizer.py -> build/lib.linux-x86_64-cpython-312/mmcv/runner/hooks
copying mmcv/runner/hooks/profiler.py -> build/lib.linux-x86_64-cpython-312/mmcv/runner/hooks
copying mmcv/runner/hooks/sampler_seed.py -> build/lib.linux-x86_64-cpython-312/mmcv/runner/hooks
copying mmcv/runner/hooks/sync_buffer.py -> build/lib.linux-x86_64-cpython-312/mmcv/runner/hooks
creating build/lib.linux-x86_64-cpython-312/mmcv/runner/optimizer
copying mmcv/runner/optimizer/__init__.py -> build/lib.linux-x86_64-cpython-312/mmcv/runner/optimizer
copying mmcv/runner/optimizer/builder.py -> build/lib.linux-x86_64-cpython-312/mmcv/runner/optimizer
copying mmcv/runner/optimizer/default_constructor.py -> build/lib.linux-x86_64-cpython-312/mmcv/runner/optimizer
creating build/lib.linux-x86_64-cpython-312/mmcv/runner/hooks/logger
copying mmcv/runner/hooks/logger/__init__.py -> build/lib.linux-x86_64-cpython-312/mmcv/runner/hooks/logger
copying mmcv/runner/hooks/logger/base.py -> build/lib.linux-x86_64-cpython-312/mmcv/runner/hooks/logger
copying mmcv/runner/hooks/logger/clearml.py -> build/lib.linux-x86_64-cpython-312/mmcv/runner/hooks/logger
copying mmcv/runner/hooks/logger/dvclive.py -> build/lib.linux-x86_64-cpython-312/mmcv/runner/hooks/logger
copying mmcv/runner/hooks/logger/mlflow.py -> build/lib.linux-x86_64-cpython-312/mmcv/runner/hooks/logger
copying mmcv/runner/hooks/logger/neptune.py -> build/lib.linux-x86_64-cpython-312/mmcv/runner/hooks/logger
copying mmcv/runner/hooks/logger/pavi.py -> build/lib.linux-x86_64-cpython-312/mmcv/runner/hooks/logger
copying mmcv/runner/hooks/logger/segmind.py -> build/lib.linux-x86_64-cpython-312/mmcv/runner/hooks/logger
copying mmcv/runner/hooks/logger/tensorboard.py -> build/lib.linux-x86_64-cpython-312/mmcv/runner/hooks/logger
copying mmcv/runner/hooks/logger/text.py -> build/lib.linux-x86_64-cpython-312/mmcv/runner/hooks/logger
copying mmcv/runner/hooks/logger/wandb.py -> build/lib.linux-x86_64-cpython-312/mmcv/runner/hooks/logger
running egg_info
writing mmcv_full.egg-info/PKG-INFO
writing dependency_links to mmcv_full.egg-info/dependency_links.txt
writing requirements to mmcv_full.egg-info/requires.txt
writing top-level names to mmcv_full.egg-info/top_level.txt
reading manifest file 'mmcv_full.egg-info/SOURCES.txt'
reading manifest template 'MANIFEST.in'
adding license file 'LICENSE'
adding license file 'LICENSES.md'
writing manifest file 'mmcv_full.egg-info/SOURCES.txt'
/mnt/nfs2/engdes/wc296/paper6/envs/torch-cu128-001/lib/python3.12/site-packages/setuptools/command/build_py.py:212: _Warning: Package 'mmcv.model_zoo' is absent from the `packages` configuration.
!!

        ********************************************************************************
        ############################
        # Package would be ignored #
        ############################
        Python recognizes 'mmcv.model_zoo' as an importable package[^1],
        but it is absent from setuptools' `packages` configuration.

        This leads to an ambiguous overall configuration. If you want to distribute this
        package, please make sure that 'mmcv.model_zoo' is explicitly added
        to the `packages` configuration field.

        Alternatively, you can also rely on setuptools' discovery methods
        (for example by using `find_namespace_packages(...)`/`find_namespace:`
        instead of `find_packages(...)`/`find:`).

        You can read more about "package discovery" on setuptools documentation page:

        - https://setuptools.pypa.io/en/latest/userguide/package_discovery.html

        If you don't want 'mmcv.model_zoo' to be distributed and are
        already explicitly excluding 'mmcv.model_zoo' via
        `find_namespace_packages(...)/find_namespace` or `find_packages(...)/find`,
        you can try to use `exclude_package_data`, or `include-package-data=False` in
        combination with a more fine grained `package-data` configuration.

        You can read more about "package data files" on setuptools documentation page:

        - https://setuptools.pypa.io/en/latest/userguide/datafiles.html


        [^1]: For Python, any directory (with suitable naming) can be imported,
              even if it does not contain any `.py` files.
              On the other hand, currently there is no concept of package data
              directory, all directories are treated like packages.
        ********************************************************************************

!!
  check.warn(importable)
/mnt/nfs2/engdes/wc296/paper6/envs/torch-cu128-001/lib/python3.12/site-packages/setuptools/command/build_py.py:212: _Warning: Package 'mmcv.ops.csrc.common' is absent from the `packages` configuration.
!!

        ********************************************************************************
        ############################
        # Package would be ignored #
        ############################
        Python recognizes 'mmcv.ops.csrc.common' as an importable package[^1],
        but it is absent from setuptools' `packages` configuration.

        This leads to an ambiguous overall configuration. If you want to distribute this
        package, please make sure that 'mmcv.ops.csrc.common' is explicitly added
        to the `packages` configuration field.

        Alternatively, you can also rely on setuptools' discovery methods
        (for example by using `find_namespace_packages(...)`/`find_namespace:`
        instead of `find_packages(...)`/`find:`).

        You can read more about "package discovery" on setuptools documentation page:

        - https://setuptools.pypa.io/en/latest/userguide/package_discovery.html

        If you don't want 'mmcv.ops.csrc.common' to be distributed and are
        already explicitly excluding 'mmcv.ops.csrc.common' via
        `find_namespace_packages(...)/find_namespace` or `find_packages(...)/find`,
        you can try to use `exclude_package_data`, or `include-package-data=False` in
        combination with a more fine grained `package-data` configuration.

        You can read more about "package data files" on setuptools documentation page:

        - https://setuptools.pypa.io/en/latest/userguide/datafiles.html


        [^1]: For Python, any directory (with suitable naming) can be imported,
              even if it does not contain any `.py` files.
              On the other hand, currently there is no concept of package data
              directory, all directories are treated like packages.
        ********************************************************************************

!!
  check.warn(importable)
/mnt/nfs2/engdes/wc296/paper6/envs/torch-cu128-001/lib/python3.12/site-packages/setuptools/command/build_py.py:212: _Warning: Package 'mmcv.ops.csrc.common.cuda' is absent from the `packages` configuration.
!!

        ********************************************************************************
        ############################
        # Package would be ignored #
        ############################
        Python recognizes 'mmcv.ops.csrc.common.cuda' as an importable package[^1],
        but it is absent from setuptools' `packages` configuration.

        This leads to an ambiguous overall configuration. If you want to distribute this
        package, please make sure that 'mmcv.ops.csrc.common.cuda' is explicitly added
        to the `packages` configuration field.

        Alternatively, you can also rely on setuptools' discovery methods
        (for example by using `find_namespace_packages(...)`/`find_namespace:`
        instead of `find_packages(...)`/`find:`).

        You can read more about "package discovery" on setuptools documentation page:

        - https://setuptools.pypa.io/en/latest/userguide/package_discovery.html

        If you don't want 'mmcv.ops.csrc.common.cuda' to be distributed and are
        already explicitly excluding 'mmcv.ops.csrc.common.cuda' via
        `find_namespace_packages(...)/find_namespace` or `find_packages(...)/find`,
        you can try to use `exclude_package_data`, or `include-package-data=False` in
        combination with a more fine grained `package-data` configuration.

        You can read more about "package data files" on setuptools documentation page:

        - https://setuptools.pypa.io/en/latest/userguide/datafiles.html


        [^1]: For Python, any directory (with suitable naming) can be imported,
              even if it does not contain any `.py` files.
              On the other hand, currently there is no concept of package data
              directory, all directories are treated like packages.
        ********************************************************************************

!!
  check.warn(importable)
/mnt/nfs2/engdes/wc296/paper6/envs/torch-cu128-001/lib/python3.12/site-packages/setuptools/command/build_py.py:212: _Warning: Package 'mmcv.ops.csrc.common.cuda.spconv' is absent from the `packages` configuration.
!!

        ********************************************************************************
        ############################
        # Package would be ignored #
        ############################
        Python recognizes 'mmcv.ops.csrc.common.cuda.spconv' as an importable package[^1],
        but it is absent from setuptools' `packages` configuration.

        This leads to an ambiguous overall configuration. If you want to distribute this
        package, please make sure that 'mmcv.ops.csrc.common.cuda.spconv' is explicitly added
        to the `packages` configuration field.

        Alternatively, you can also rely on setuptools' discovery methods
        (for example by using `find_namespace_packages(...)`/`find_namespace:`
        instead of `find_packages(...)`/`find:`).

        You can read more about "package discovery" on setuptools documentation page:

        - https://setuptools.pypa.io/en/latest/userguide/package_discovery.html

        If you don't want 'mmcv.ops.csrc.common.cuda.spconv' to be distributed and are
        already explicitly excluding 'mmcv.ops.csrc.common.cuda.spconv' via
        `find_namespace_packages(...)/find_namespace` or `find_packages(...)/find`,
        you can try to use `exclude_package_data`, or `include-package-data=False` in
        combination with a more fine grained `package-data` configuration.

        You can read more about "package data files" on setuptools documentation page:

        - https://setuptools.pypa.io/en/latest/userguide/datafiles.html


        [^1]: For Python, any directory (with suitable naming) can be imported,
              even if it does not contain any `.py` files.
              On the other hand, currently there is no concept of package data
              directory, all directories are treated like packages.
        ********************************************************************************

!!
  check.warn(importable)
/mnt/nfs2/engdes/wc296/paper6/envs/torch-cu128-001/lib/python3.12/site-packages/setuptools/command/build_py.py:212: _Warning: Package 'mmcv.ops.csrc.common.mlu' is absent from the `packages` configuration.
!!

        ********************************************************************************
        ############################
        # Package would be ignored #
        ############################
        Python recognizes 'mmcv.ops.csrc.common.mlu' as an importable package[^1],
        but it is absent from setuptools' `packages` configuration.

        This leads to an ambiguous overall configuration. If you want to distribute this
        package, please make sure that 'mmcv.ops.csrc.common.mlu' is explicitly added
        to the `packages` configuration field.

        Alternatively, you can also rely on setuptools' discovery methods
        (for example by using `find_namespace_packages(...)`/`find_namespace:`
        instead of `find_packages(...)`/`find:`).

        You can read more about "package discovery" on setuptools documentation page:

        - https://setuptools.pypa.io/en/latest/userguide/package_discovery.html

        If you don't want 'mmcv.ops.csrc.common.mlu' to be distributed and are
        already explicitly excluding 'mmcv.ops.csrc.common.mlu' via
        `find_namespace_packages(...)/find_namespace` or `find_packages(...)/find`,
        you can try to use `exclude_package_data`, or `include-package-data=False` in
        combination with a more fine grained `package-data` configuration.

        You can read more about "package data files" on setuptools documentation page:

        - https://setuptools.pypa.io/en/latest/userguide/datafiles.html


        [^1]: For Python, any directory (with suitable naming) can be imported,
              even if it does not contain any `.py` files.
              On the other hand, currently there is no concept of package data
              directory, all directories are treated like packages.
        ********************************************************************************

!!
  check.warn(importable)
/mnt/nfs2/engdes/wc296/paper6/envs/torch-cu128-001/lib/python3.12/site-packages/setuptools/command/build_py.py:212: _Warning: Package 'mmcv.ops.csrc.common.mps' is absent from the `packages` configuration.
!!

        ********************************************************************************
        ############################
        # Package would be ignored #
        ############################
        Python recognizes 'mmcv.ops.csrc.common.mps' as an importable package[^1],
        but it is absent from setuptools' `packages` configuration.

        This leads to an ambiguous overall configuration. If you want to distribute this
        package, please make sure that 'mmcv.ops.csrc.common.mps' is explicitly added
        to the `packages` configuration field.

        Alternatively, you can also rely on setuptools' discovery methods
        (for example by using `find_namespace_packages(...)`/`find_namespace:`
        instead of `find_packages(...)`/`find:`).

        You can read more about "package discovery" on setuptools documentation page:

        - https://setuptools.pypa.io/en/latest/userguide/package_discovery.html

        If you don't want 'mmcv.ops.csrc.common.mps' to be distributed and are
        already explicitly excluding 'mmcv.ops.csrc.common.mps' via
        `find_namespace_packages(...)/find_namespace` or `find_packages(...)/find`,
        you can try to use `exclude_package_data`, or `include-package-data=False` in
        combination with a more fine grained `package-data` configuration.

        You can read more about "package data files" on setuptools documentation page:

        - https://setuptools.pypa.io/en/latest/userguide/datafiles.html


        [^1]: For Python, any directory (with suitable naming) can be imported,
              even if it does not contain any `.py` files.
              On the other hand, currently there is no concept of package data
              directory, all directories are treated like packages.
        ********************************************************************************

!!
  check.warn(importable)
/mnt/nfs2/engdes/wc296/paper6/envs/torch-cu128-001/lib/python3.12/site-packages/setuptools/command/build_py.py:212: _Warning: Package 'mmcv.ops.csrc.common.utils.spconv' is absent from the `packages` configuration.
!!

        ********************************************************************************
        ############################
        # Package would be ignored #
        ############################
        Python recognizes 'mmcv.ops.csrc.common.utils.spconv' as an importable package[^1],
        but it is absent from setuptools' `packages` configuration.

        This leads to an ambiguous overall configuration. If you want to distribute this
        package, please make sure that 'mmcv.ops.csrc.common.utils.spconv' is explicitly added
        to the `packages` configuration field.

        Alternatively, you can also rely on setuptools' discovery methods
        (for example by using `find_namespace_packages(...)`/`find_namespace:`
        instead of `find_packages(...)`/`find:`).

        You can read more about "package discovery" on setuptools documentation page:

        - https://setuptools.pypa.io/en/latest/userguide/package_discovery.html

        If you don't want 'mmcv.ops.csrc.common.utils.spconv' to be distributed and are
        already explicitly excluding 'mmcv.ops.csrc.common.utils.spconv' via
        `find_namespace_packages(...)/find_namespace` or `find_packages(...)/find`,
        you can try to use `exclude_package_data`, or `include-package-data=False` in
        combination with a more fine grained `package-data` configuration.

        You can read more about "package data files" on setuptools documentation page:

        - https://setuptools.pypa.io/en/latest/userguide/datafiles.html


        [^1]: For Python, any directory (with suitable naming) can be imported,
              even if it does not contain any `.py` files.
              On the other hand, currently there is no concept of package data
              directory, all directories are treated like packages.
        ********************************************************************************

!!
  check.warn(importable)
/mnt/nfs2/engdes/wc296/paper6/envs/torch-cu128-001/lib/python3.12/site-packages/setuptools/command/build_py.py:212: _Warning: Package 'mmcv.ops.csrc.common.utils.spconv.spconv' is absent from the `packages` configuration.
!!

        ********************************************************************************
        ############################
        # Package would be ignored #
        ############################
        Python recognizes 'mmcv.ops.csrc.common.utils.spconv.spconv' as an importable package[^1],
        but it is absent from setuptools' `packages` configuration.

        This leads to an ambiguous overall configuration. If you want to distribute this
        package, please make sure that 'mmcv.ops.csrc.common.utils.spconv.spconv' is explicitly added
        to the `packages` configuration field.

        Alternatively, you can also rely on setuptools' discovery methods
        (for example by using `find_namespace_packages(...)`/`find_namespace:`
        instead of `find_packages(...)`/`find:`).

        You can read more about "package discovery" on setuptools documentation page:

        - https://setuptools.pypa.io/en/latest/userguide/package_discovery.html

        If you don't want 'mmcv.ops.csrc.common.utils.spconv.spconv' to be distributed and are
        already explicitly excluding 'mmcv.ops.csrc.common.utils.spconv.spconv' via
        `find_namespace_packages(...)/find_namespace` or `find_packages(...)/find`,
        you can try to use `exclude_package_data`, or `include-package-data=False` in
        combination with a more fine grained `package-data` configuration.

        You can read more about "package data files" on setuptools documentation page:

        - https://setuptools.pypa.io/en/latest/userguide/datafiles.html


        [^1]: For Python, any directory (with suitable naming) can be imported,
              even if it does not contain any `.py` files.
              On the other hand, currently there is no concept of package data
              directory, all directories are treated like packages.
        ********************************************************************************

!!
  check.warn(importable)
/mnt/nfs2/engdes/wc296/paper6/envs/torch-cu128-001/lib/python3.12/site-packages/setuptools/command/build_py.py:212: _Warning: Package 'mmcv.ops.csrc.common.utils.spconv.tensorview' is absent from the `packages` configuration.
!!

        ********************************************************************************
        ############################
        # Package would be ignored #
        ############################
        Python recognizes 'mmcv.ops.csrc.common.utils.spconv.tensorview' as an importable package[^1],
        but it is absent from setuptools' `packages` configuration.

        This leads to an ambiguous overall configuration. If you want to distribute this
        package, please make sure that 'mmcv.ops.csrc.common.utils.spconv.tensorview' is explicitly added
        to the `packages` configuration field.

        Alternatively, you can also rely on setuptools' discovery methods
        (for example by using `find_namespace_packages(...)`/`find_namespace:`
        instead of `find_packages(...)`/`find:`).

        You can read more about "package discovery" on setuptools documentation page:

        - https://setuptools.pypa.io/en/latest/userguide/package_discovery.html

        If you don't want 'mmcv.ops.csrc.common.utils.spconv.tensorview' to be distributed and are
        already explicitly excluding 'mmcv.ops.csrc.common.utils.spconv.tensorview' via
        `find_namespace_packages(...)/find_namespace` or `find_packages(...)/find`,
        you can try to use `exclude_package_data`, or `include-package-data=False` in
        combination with a more fine grained `package-data` configuration.

        You can read more about "package data files" on setuptools documentation page:

        - https://setuptools.pypa.io/en/latest/userguide/datafiles.html


        [^1]: For Python, any directory (with suitable naming) can be imported,
              even if it does not contain any `.py` files.
              On the other hand, currently there is no concept of package data
              directory, all directories are treated like packages.
        ********************************************************************************

!!
  check.warn(importable)
/mnt/nfs2/engdes/wc296/paper6/envs/torch-cu128-001/lib/python3.12/site-packages/setuptools/command/build_py.py:212: _Warning: Package 'mmcv.ops.csrc.onnxruntime' is absent from the `packages` configuration.
!!

        ********************************************************************************
        ############################
        # Package would be ignored #
        ############################
        Python recognizes 'mmcv.ops.csrc.onnxruntime' as an importable package[^1],
        but it is absent from setuptools' `packages` configuration.

        This leads to an ambiguous overall configuration. If you want to distribute this
        package, please make sure that 'mmcv.ops.csrc.onnxruntime' is explicitly added
        to the `packages` configuration field.

        Alternatively, you can also rely on setuptools' discovery methods
        (for example by using `find_namespace_packages(...)`/`find_namespace:`
        instead of `find_packages(...)`/`find:`).

        You can read more about "package discovery" on setuptools documentation page:

        - https://setuptools.pypa.io/en/latest/userguide/package_discovery.html

        If you don't want 'mmcv.ops.csrc.onnxruntime' to be distributed and are
        already explicitly excluding 'mmcv.ops.csrc.onnxruntime' via
        `find_namespace_packages(...)/find_namespace` or `find_packages(...)/find`,
        you can try to use `exclude_package_data`, or `include-package-data=False` in
        combination with a more fine grained `package-data` configuration.

        You can read more about "package data files" on setuptools documentation page:

        - https://setuptools.pypa.io/en/latest/userguide/datafiles.html


        [^1]: For Python, any directory (with suitable naming) can be imported,
              even if it does not contain any `.py` files.
              On the other hand, currently there is no concept of package data
              directory, all directories are treated like packages.
        ********************************************************************************

!!
  check.warn(importable)
/mnt/nfs2/engdes/wc296/paper6/envs/torch-cu128-001/lib/python3.12/site-packages/setuptools/command/build_py.py:212: _Warning: Package 'mmcv.ops.csrc.onnxruntime.cpu' is absent from the `packages` configuration.
!!

        ********************************************************************************
        ############################
        # Package would be ignored #
        ############################
        Python recognizes 'mmcv.ops.csrc.onnxruntime.cpu' as an importable package[^1],
        but it is absent from setuptools' `packages` configuration.

        This leads to an ambiguous overall configuration. If you want to distribute this
        package, please make sure that 'mmcv.ops.csrc.onnxruntime.cpu' is explicitly added
        to the `packages` configuration field.

        Alternatively, you can also rely on setuptools' discovery methods
        (for example by using `find_namespace_packages(...)`/`find_namespace:`
        instead of `find_packages(...)`/`find:`).

        You can read more about "package discovery" on setuptools documentation page:

        - https://setuptools.pypa.io/en/latest/userguide/package_discovery.html

        If you don't want 'mmcv.ops.csrc.onnxruntime.cpu' to be distributed and are
        already explicitly excluding 'mmcv.ops.csrc.onnxruntime.cpu' via
        `find_namespace_packages(...)/find_namespace` or `find_packages(...)/find`,
        you can try to use `exclude_package_data`, or `include-package-data=False` in
        combination with a more fine grained `package-data` configuration.

        You can read more about "package data files" on setuptools documentation page:

        - https://setuptools.pypa.io/en/latest/userguide/datafiles.html


        [^1]: For Python, any directory (with suitable naming) can be imported,
              even if it does not contain any `.py` files.
              On the other hand, currently there is no concept of package data
              directory, all directories are treated like packages.
        ********************************************************************************

!!
  check.warn(importable)
/mnt/nfs2/engdes/wc296/paper6/envs/torch-cu128-001/lib/python3.12/site-packages/setuptools/command/build_py.py:212: _Warning: Package 'mmcv.ops.csrc.parrots' is absent from the `packages` configuration.
!!

        ********************************************************************************
        ############################
        # Package would be ignored #
        ############################
        Python recognizes 'mmcv.ops.csrc.parrots' as an importable package[^1],
        but it is absent from setuptools' `packages` configuration.

        This leads to an ambiguous overall configuration. If you want to distribute this
        package, please make sure that 'mmcv.ops.csrc.parrots' is explicitly added
        to the `packages` configuration field.

        Alternatively, you can also rely on setuptools' discovery methods
        (for example by using `find_namespace_packages(...)`/`find_namespace:`
        instead of `find_packages(...)`/`find:`).

        You can read more about "package discovery" on setuptools documentation page:

        - https://setuptools.pypa.io/en/latest/userguide/package_discovery.html

        If you don't want 'mmcv.ops.csrc.parrots' to be distributed and are
        already explicitly excluding 'mmcv.ops.csrc.parrots' via
        `find_namespace_packages(...)/find_namespace` or `find_packages(...)/find`,
        you can try to use `exclude_package_data`, or `include-package-data=False` in
        combination with a more fine grained `package-data` configuration.

        You can read more about "package data files" on setuptools documentation page:

        - https://setuptools.pypa.io/en/latest/userguide/datafiles.html


        [^1]: For Python, any directory (with suitable naming) can be imported,
              even if it does not contain any `.py` files.
              On the other hand, currently there is no concept of package data
              directory, all directories are treated like packages.
        ********************************************************************************

!!
  check.warn(importable)
/mnt/nfs2/engdes/wc296/paper6/envs/torch-cu128-001/lib/python3.12/site-packages/setuptools/command/build_py.py:212: _Warning: Package 'mmcv.ops.csrc.pytorch' is absent from the `packages` configuration.
!!

        ********************************************************************************
        ############################
        # Package would be ignored #
        ############################
        Python recognizes 'mmcv.ops.csrc.pytorch' as an importable package[^1],
        but it is absent from setuptools' `packages` configuration.

        This leads to an ambiguous overall configuration. If you want to distribute this
        package, please make sure that 'mmcv.ops.csrc.pytorch' is explicitly added
        to the `packages` configuration field.

        Alternatively, you can also rely on setuptools' discovery methods
        (for example by using `find_namespace_packages(...)`/`find_namespace:`
        instead of `find_packages(...)`/`find:`).

        You can read more about "package discovery" on setuptools documentation page:

        - https://setuptools.pypa.io/en/latest/userguide/package_discovery.html

        If you don't want 'mmcv.ops.csrc.pytorch' to be distributed and are
        already explicitly excluding 'mmcv.ops.csrc.pytorch' via
        `find_namespace_packages(...)/find_namespace` or `find_packages(...)/find`,
        you can try to use `exclude_package_data`, or `include-package-data=False` in
        combination with a more fine grained `package-data` configuration.

        You can read more about "package data files" on setuptools documentation page:

        - https://setuptools.pypa.io/en/latest/userguide/datafiles.html


        [^1]: For Python, any directory (with suitable naming) can be imported,
              even if it does not contain any `.py` files.
              On the other hand, currently there is no concept of package data
              directory, all directories are treated like packages.
        ********************************************************************************

!!
  check.warn(importable)
/mnt/nfs2/engdes/wc296/paper6/envs/torch-cu128-001/lib/python3.12/site-packages/setuptools/command/build_py.py:212: _Warning: Package 'mmcv.ops.csrc.pytorch.cpu' is absent from the `packages` configuration.
!!

        ********************************************************************************
        ############################
        # Package would be ignored #
        ############################
        Python recognizes 'mmcv.ops.csrc.pytorch.cpu' as an importable package[^1],
        but it is absent from setuptools' `packages` configuration.

        This leads to an ambiguous overall configuration. If you want to distribute this
        package, please make sure that 'mmcv.ops.csrc.pytorch.cpu' is explicitly added
        to the `packages` configuration field.

        Alternatively, you can also rely on setuptools' discovery methods
        (for example by using `find_namespace_packages(...)`/`find_namespace:`
        instead of `find_packages(...)`/`find:`).

        You can read more about "package discovery" on setuptools documentation page:

        - https://setuptools.pypa.io/en/latest/userguide/package_discovery.html

        If you don't want 'mmcv.ops.csrc.pytorch.cpu' to be distributed and are
        already explicitly excluding 'mmcv.ops.csrc.pytorch.cpu' via
        `find_namespace_packages(...)/find_namespace` or `find_packages(...)/find`,
        you can try to use `exclude_package_data`, or `include-package-data=False` in
        combination with a more fine grained `package-data` configuration.

        You can read more about "package data files" on setuptools documentation page:

        - https://setuptools.pypa.io/en/latest/userguide/datafiles.html


        [^1]: For Python, any directory (with suitable naming) can be imported,
              even if it does not contain any `.py` files.
              On the other hand, currently there is no concept of package data
              directory, all directories are treated like packages.
        ********************************************************************************

!!
  check.warn(importable)
/mnt/nfs2/engdes/wc296/paper6/envs/torch-cu128-001/lib/python3.12/site-packages/setuptools/command/build_py.py:212: _Warning: Package 'mmcv.ops.csrc.pytorch.cuda' is absent from the `packages` configuration.
!!

        ********************************************************************************
        ############################
        # Package would be ignored #
        ############################
        Python recognizes 'mmcv.ops.csrc.pytorch.cuda' as an importable package[^1],
        but it is absent from setuptools' `packages` configuration.

        This leads to an ambiguous overall configuration. If you want to distribute this
        package, please make sure that 'mmcv.ops.csrc.pytorch.cuda' is explicitly added
        to the `packages` configuration field.

        Alternatively, you can also rely on setuptools' discovery methods
        (for example by using `find_namespace_packages(...)`/`find_namespace:`
        instead of `find_packages(...)`/`find:`).

        You can read more about "package discovery" on setuptools documentation page:

        - https://setuptools.pypa.io/en/latest/userguide/package_discovery.html

        If you don't want 'mmcv.ops.csrc.pytorch.cuda' to be distributed and are
        already explicitly excluding 'mmcv.ops.csrc.pytorch.cuda' via
        `find_namespace_packages(...)/find_namespace` or `find_packages(...)/find`,
        you can try to use `exclude_package_data`, or `include-package-data=False` in
        combination with a more fine grained `package-data` configuration.

        You can read more about "package data files" on setuptools documentation page:

        - https://setuptools.pypa.io/en/latest/userguide/datafiles.html


        [^1]: For Python, any directory (with suitable naming) can be imported,
              even if it does not contain any `.py` files.
              On the other hand, currently there is no concept of package data
              directory, all directories are treated like packages.
        ********************************************************************************

!!
  check.warn(importable)
/mnt/nfs2/engdes/wc296/paper6/envs/torch-cu128-001/lib/python3.12/site-packages/setuptools/command/build_py.py:212: _Warning: Package 'mmcv.ops.csrc.pytorch.mlu' is absent from the `packages` configuration.
!!

        ********************************************************************************
        ############################
        # Package would be ignored #
        ############################
        Python recognizes 'mmcv.ops.csrc.pytorch.mlu' as an importable package[^1],
        but it is absent from setuptools' `packages` configuration.

        This leads to an ambiguous overall configuration. If you want to distribute this
        package, please make sure that 'mmcv.ops.csrc.pytorch.mlu' is explicitly added
        to the `packages` configuration field.

        Alternatively, you can also rely on setuptools' discovery methods
        (for example by using `find_namespace_packages(...)`/`find_namespace:`
        instead of `find_packages(...)`/`find:`).

        You can read more about "package discovery" on setuptools documentation page:

        - https://setuptools.pypa.io/en/latest/userguide/package_discovery.html

        If you don't want 'mmcv.ops.csrc.pytorch.mlu' to be distributed and are
        already explicitly excluding 'mmcv.ops.csrc.pytorch.mlu' via
        `find_namespace_packages(...)/find_namespace` or `find_packages(...)/find`,
        you can try to use `exclude_package_data`, or `include-package-data=False` in
        combination with a more fine grained `package-data` configuration.

        You can read more about "package data files" on setuptools documentation page:

        - https://setuptools.pypa.io/en/latest/userguide/datafiles.html


        [^1]: For Python, any directory (with suitable naming) can be imported,
              even if it does not contain any `.py` files.
              On the other hand, currently there is no concept of package data
              directory, all directories are treated like packages.
        ********************************************************************************

!!
  check.warn(importable)
/mnt/nfs2/engdes/wc296/paper6/envs/torch-cu128-001/lib/python3.12/site-packages/setuptools/command/build_py.py:212: _Warning: Package 'mmcv.ops.csrc.pytorch.mps' is absent from the `packages` configuration.
!!

        ********************************************************************************
        ############################
        # Package would be ignored #
        ############################
        Python recognizes 'mmcv.ops.csrc.pytorch.mps' as an importable package[^1],
        but it is absent from setuptools' `packages` configuration.

        This leads to an ambiguous overall configuration. If you want to distribute this
        package, please make sure that 'mmcv.ops.csrc.pytorch.mps' is explicitly added
        to the `packages` configuration field.

        Alternatively, you can also rely on setuptools' discovery methods
        (for example by using `find_namespace_packages(...)`/`find_namespace:`
        instead of `find_packages(...)`/`find:`).

        You can read more about "package discovery" on setuptools documentation page:

        - https://setuptools.pypa.io/en/latest/userguide/package_discovery.html

        If you don't want 'mmcv.ops.csrc.pytorch.mps' to be distributed and are
        already explicitly excluding 'mmcv.ops.csrc.pytorch.mps' via
        `find_namespace_packages(...)/find_namespace` or `find_packages(...)/find`,
        you can try to use `exclude_package_data`, or `include-package-data=False` in
        combination with a more fine grained `package-data` configuration.

        You can read more about "package data files" on setuptools documentation page:

        - https://setuptools.pypa.io/en/latest/userguide/datafiles.html


        [^1]: For Python, any directory (with suitable naming) can be imported,
              even if it does not contain any `.py` files.
              On the other hand, currently there is no concept of package data
              directory, all directories are treated like packages.
        ********************************************************************************

!!
  check.warn(importable)
/mnt/nfs2/engdes/wc296/paper6/envs/torch-cu128-001/lib/python3.12/site-packages/setuptools/command/build_py.py:212: _Warning: Package 'mmcv.ops.csrc.pytorch.npu' is absent from the `packages` configuration.
!!

        ********************************************************************************
        ############################
        # Package would be ignored #
        ############################
        Python recognizes 'mmcv.ops.csrc.pytorch.npu' as an importable package[^1],
        but it is absent from setuptools' `packages` configuration.

        This leads to an ambiguous overall configuration. If you want to distribute this
        package, please make sure that 'mmcv.ops.csrc.pytorch.npu' is explicitly added
        to the `packages` configuration field.

        Alternatively, you can also rely on setuptools' discovery methods
        (for example by using `find_namespace_packages(...)`/`find_namespace:`
        instead of `find_packages(...)`/`find:`).

        You can read more about "package discovery" on setuptools documentation page:

        - https://setuptools.pypa.io/en/latest/userguide/package_discovery.html

        If you don't want 'mmcv.ops.csrc.pytorch.npu' to be distributed and are
        already explicitly excluding 'mmcv.ops.csrc.pytorch.npu' via
        `find_namespace_packages(...)/find_namespace` or `find_packages(...)/find`,
        you can try to use `exclude_package_data`, or `include-package-data=False` in
        combination with a more fine grained `package-data` configuration.

        You can read more about "package data files" on setuptools documentation page:

        - https://setuptools.pypa.io/en/latest/userguide/datafiles.html


        [^1]: For Python, any directory (with suitable naming) can be imported,
              even if it does not contain any `.py` files.
              On the other hand, currently there is no concept of package data
              directory, all directories are treated like packages.
        ********************************************************************************

!!
  check.warn(importable)
/mnt/nfs2/engdes/wc296/paper6/envs/torch-cu128-001/lib/python3.12/site-packages/setuptools/command/build_py.py:212: _Warning: Package 'mmcv.ops.csrc.tensorrt' is absent from the `packages` configuration.
!!

        ********************************************************************************
        ############################
        # Package would be ignored #
        ############################
        Python recognizes 'mmcv.ops.csrc.tensorrt' as an importable package[^1],
        but it is absent from setuptools' `packages` configuration.

        This leads to an ambiguous overall configuration. If you want to distribute this
        package, please make sure that 'mmcv.ops.csrc.tensorrt' is explicitly added
        to the `packages` configuration field.

        Alternatively, you can also rely on setuptools' discovery methods
        (for example by using `find_namespace_packages(...)`/`find_namespace:`
        instead of `find_packages(...)`/`find:`).

        You can read more about "package discovery" on setuptools documentation page:

        - https://setuptools.pypa.io/en/latest/userguide/package_discovery.html

        If you don't want 'mmcv.ops.csrc.tensorrt' to be distributed and are
        already explicitly excluding 'mmcv.ops.csrc.tensorrt' via
        `find_namespace_packages(...)/find_namespace` or `find_packages(...)/find`,
        you can try to use `exclude_package_data`, or `include-package-data=False` in
        combination with a more fine grained `package-data` configuration.

        You can read more about "package data files" on setuptools documentation page:

        - https://setuptools.pypa.io/en/latest/userguide/datafiles.html


        [^1]: For Python, any directory (with suitable naming) can be imported,
              even if it does not contain any `.py` files.
              On the other hand, currently there is no concept of package data
              directory, all directories are treated like packages.
        ********************************************************************************

!!
  check.warn(importable)
/mnt/nfs2/engdes/wc296/paper6/envs/torch-cu128-001/lib/python3.12/site-packages/setuptools/command/build_py.py:212: _Warning: Package 'mmcv.ops.csrc.tensorrt.plugins' is absent from the `packages` configuration.
!!

        ********************************************************************************
        ############################
        # Package would be ignored #
        ############################
        Python recognizes 'mmcv.ops.csrc.tensorrt.plugins' as an importable package[^1],
        but it is absent from setuptools' `packages` configuration.

        This leads to an ambiguous overall configuration. If you want to distribute this
        package, please make sure that 'mmcv.ops.csrc.tensorrt.plugins' is explicitly added
        to the `packages` configuration field.

        Alternatively, you can also rely on setuptools' discovery methods
        (for example by using `find_namespace_packages(...)`/`find_namespace:`
        instead of `find_packages(...)`/`find:`).

        You can read more about "package discovery" on setuptools documentation page:

        - https://setuptools.pypa.io/en/latest/userguide/package_discovery.html

        If you don't want 'mmcv.ops.csrc.tensorrt.plugins' to be distributed and are
        already explicitly excluding 'mmcv.ops.csrc.tensorrt.plugins' via
        `find_namespace_packages(...)/find_namespace` or `find_packages(...)/find`,
        you can try to use `exclude_package_data`, or `include-package-data=False` in
        combination with a more fine grained `package-data` configuration.

        You can read more about "package data files" on setuptools documentation page:

        - https://setuptools.pypa.io/en/latest/userguide/datafiles.html


        [^1]: For Python, any directory (with suitable naming) can be imported,
              even if it does not contain any `.py` files.
              On the other hand, currently there is no concept of package data
              directory, all directories are treated like packages.
        ********************************************************************************

!!
  check.warn(importable)
creating build/lib.linux-x86_64-cpython-312/mmcv/model_zoo
copying mmcv/model_zoo/deprecated.json -> build/lib.linux-x86_64-cpython-312/mmcv/model_zoo
copying mmcv/model_zoo/mmcls.json -> build/lib.linux-x86_64-cpython-312/mmcv/model_zoo
copying mmcv/model_zoo/open_mmlab.json -> build/lib.linux-x86_64-cpython-312/mmcv/model_zoo
copying mmcv/model_zoo/torchvision_0.12.json -> build/lib.linux-x86_64-cpython-312/mmcv/model_zoo
creating build/lib.linux-x86_64-cpython-312/mmcv/ops/csrc/common
copying mmcv/ops/csrc/common/box_iou_rotated_utils.hpp -> build/lib.linux-x86_64-cpython-312/mmcv/ops/csrc/common
copying mmcv/ops/csrc/common/parrots_cpp_helper.hpp -> build/lib.linux-x86_64-cpython-312/mmcv/ops/csrc/common
copying mmcv/ops/csrc/common/parrots_cuda_helper.hpp -> build/lib.linux-x86_64-cpython-312/mmcv/ops/csrc/common
copying mmcv/ops/csrc/common/pytorch_cpp_helper.hpp -> build/lib.linux-x86_64-cpython-312/mmcv/ops/csrc/common
copying mmcv/ops/csrc/common/pytorch_cuda_helper.hpp -> build/lib.linux-x86_64-cpython-312/mmcv/ops/csrc/common
copying mmcv/ops/csrc/common/pytorch_device_registry.hpp -> build/lib.linux-x86_64-cpython-312/mmcv/ops/csrc/common
copying mmcv/ops/csrc/common/pytorch_mlu_helper.hpp -> build/lib.linux-x86_64-cpython-312/mmcv/ops/csrc/common
copying mmcv/ops/csrc/common/pytorch_npu_helper.hpp -> build/lib.linux-x86_64-cpython-312/mmcv/ops/csrc/common
creating build/lib.linux-x86_64-cpython-312/mmcv/ops/csrc/common/cuda
copying mmcv/ops/csrc/common/cuda/active_rotated_filter_cuda_kernel.cuh -> build/lib.linux-x86_64-cpython-312/mmcv/ops/csrc/common/cuda
copying mmcv/ops/csrc/common/cuda/assign_score_withk_cuda_kernel.cuh -> build/lib.linux-x86_64-cpython-312/mmcv/ops/csrc/common/cuda
copying mmcv/ops/csrc/common/cuda/ball_query_cuda_kernel.cuh -> build/lib.linux-x86_64-cpython-312/mmcv/ops/csrc/common/cuda
copying mmcv/ops/csrc/common/cuda/bbox_overlaps_cuda_kernel.cuh -> build/lib.linux-x86_64-cpython-312/mmcv/ops/csrc/common/cuda
copying mmcv/ops/csrc/common/cuda/border_align_cuda_kernel.cuh -> build/lib.linux-x86_64-cpython-312/mmcv/ops/csrc/common/cuda
copying mmcv/ops/csrc/common/cuda/box_iou_quadri_cuda.cuh -> build/lib.linux-x86_64-cpython-312/mmcv/ops/csrc/common/cuda
copying mmcv/ops/csrc/common/cuda/box_iou_rotated_cuda.cuh -> build/lib.linux-x86_64-cpython-312/mmcv/ops/csrc/common/cuda
copying mmcv/ops/csrc/common/cuda/carafe_cuda_kernel.cuh -> build/lib.linux-x86_64-cpython-312/mmcv/ops/csrc/common/cuda
copying mmcv/ops/csrc/common/cuda/carafe_naive_cuda_kernel.cuh -> build/lib.linux-x86_64-cpython-312/mmcv/ops/csrc/common/cuda
copying mmcv/ops/csrc/common/cuda/chamfer_distance_cuda_kernel.cuh -> build/lib.linux-x86_64-cpython-312/mmcv/ops/csrc/common/cuda
copying mmcv/ops/csrc/common/cuda/common_cuda_helper.hpp -> build/lib.linux-x86_64-cpython-312/mmcv/ops/csrc/common/cuda
copying mmcv/ops/csrc/common/cuda/convex_iou_cuda_kernel.cuh -> build/lib.linux-x86_64-cpython-312/mmcv/ops/csrc/common/cuda
copying mmcv/ops/csrc/common/cuda/correlation_cuda.cuh -> build/lib.linux-x86_64-cpython-312/mmcv/ops/csrc/common/cuda
copying mmcv/ops/csrc/common/cuda/deform_conv_cuda_kernel.cuh -> build/lib.linux-x86_64-cpython-312/mmcv/ops/csrc/common/cuda
copying mmcv/ops/csrc/common/cuda/deform_roi_pool_cuda_kernel.cuh -> build/lib.linux-x86_64-cpython-312/mmcv/ops/csrc/common/cuda
copying mmcv/ops/csrc/common/cuda/diff_iou_rotated_cuda_kernel.cuh -> build/lib.linux-x86_64-cpython-312/mmcv/ops/csrc/common/cuda
copying mmcv/ops/csrc/common/cuda/furthest_point_sample_cuda_kernel.cuh -> build/lib.linux-x86_64-cpython-312/mmcv/ops/csrc/common/cuda
copying mmcv/ops/csrc/common/cuda/gather_points_cuda_kernel.cuh -> build/lib.linux-x86_64-cpython-312/mmcv/ops/csrc/common/cuda
copying mmcv/ops/csrc/common/cuda/group_points_cuda_kernel.cuh -> build/lib.linux-x86_64-cpython-312/mmcv/ops/csrc/common/cuda
copying mmcv/ops/csrc/common/cuda/iou3d_cuda_kernel.cuh -> build/lib.linux-x86_64-cpython-312/mmcv/ops/csrc/common/cuda
copying mmcv/ops/csrc/common/cuda/knn_cuda_kernel.cuh -> build/lib.linux-x86_64-cpython-312/mmcv/ops/csrc/common/cuda
copying mmcv/ops/csrc/common/cuda/masked_conv2d_cuda_kernel.cuh -> build/lib.linux-x86_64-cpython-312/mmcv/ops/csrc/common/cuda
copying mmcv/ops/csrc/common/cuda/min_area_polygons_cuda.cuh -> build/lib.linux-x86_64-cpython-312/mmcv/ops/csrc/common/cuda
copying mmcv/ops/csrc/common/cuda/modulated_deform_conv_cuda_kernel.cuh -> build/lib.linux-x86_64-cpython-312/mmcv/ops/csrc/common/cuda
copying mmcv/ops/csrc/common/cuda/ms_deform_attn_cuda_kernel.cuh -> build/lib.linux-x86_64-cpython-312/mmcv/ops/csrc/common/cuda
copying mmcv/ops/csrc/common/cuda/nms_cuda_kernel.cuh -> build/lib.linux-x86_64-cpython-312/mmcv/ops/csrc/common/cuda
copying mmcv/ops/csrc/common/cuda/nms_quadri_cuda.cuh -> build/lib.linux-x86_64-cpython-312/mmcv/ops/csrc/common/cuda
copying mmcv/ops/csrc/common/cuda/nms_rotated_cuda.cuh -> build/lib.linux-x86_64-cpython-312/mmcv/ops/csrc/common/cuda
copying mmcv/ops/csrc/common/cuda/parrots_cudawarpfunction.cuh -> build/lib.linux-x86_64-cpython-312/mmcv/ops/csrc/common/cuda
copying mmcv/ops/csrc/common/cuda/points_in_boxes_cuda_kernel.cuh -> build/lib.linux-x86_64-cpython-312/mmcv/ops/csrc/common/cuda
copying mmcv/ops/csrc/common/cuda/points_in_polygons_cuda_kernel.cuh -> build/lib.linux-x86_64-cpython-312/mmcv/ops/csrc/common/cuda
copying mmcv/ops/csrc/common/cuda/prroi_pool_cuda_kernel.cuh -> build/lib.linux-x86_64-cpython-312/mmcv/ops/csrc/common/cuda
copying mmcv/ops/csrc/common/cuda/psamask_cuda_kernel.cuh -> build/lib.linux-x86_64-cpython-312/mmcv/ops/csrc/common/cuda
copying mmcv/ops/csrc/common/cuda/riroi_align_rotated_cuda_kernel.cuh -> build/lib.linux-x86_64-cpython-312/mmcv/ops/csrc/common/cuda
copying mmcv/ops/csrc/common/cuda/roi_align_cuda_kernel.cuh -> build/lib.linux-x86_64-cpython-312/mmcv/ops/csrc/common/cuda
copying mmcv/ops/csrc/common/cuda/roi_align_rotated_cuda_kernel.cuh -> build/lib.linux-x86_64-cpython-312/mmcv/ops/csrc/common/cuda
copying mmcv/ops/csrc/common/cuda/roi_pool_cuda_kernel.cuh -> build/lib.linux-x86_64-cpython-312/mmcv/ops/csrc/common/cuda
copying mmcv/ops/csrc/common/cuda/roiaware_pool3d_cuda_kernel.cuh -> build/lib.linux-x86_64-cpython-312/mmcv/ops/csrc/common/cuda
copying mmcv/ops/csrc/common/cuda/roipoint_pool3d_cuda_kernel.cuh -> build/lib.linux-x86_64-cpython-312/mmcv/ops/csrc/common/cuda
copying mmcv/ops/csrc/common/cuda/rotated_feature_align_cuda_kernel.cuh -> build/lib.linux-x86_64-cpython-312/mmcv/ops/csrc/common/cuda
copying mmcv/ops/csrc/common/cuda/scatter_points_cuda_kernel.cuh -> build/lib.linux-x86_64-cpython-312/mmcv/ops/csrc/common/cuda
copying mmcv/ops/csrc/common/cuda/sigmoid_focal_loss_cuda_kernel.cuh -> build/lib.linux-x86_64-cpython-312/mmcv/ops/csrc/common/cuda
copying mmcv/ops/csrc/common/cuda/softmax_focal_loss_cuda_kernel.cuh -> build/lib.linux-x86_64-cpython-312/mmcv/ops/csrc/common/cuda
copying mmcv/ops/csrc/common/cuda/stack_ball_query_cuda_kernel.cuh -> build/lib.linux-x86_64-cpython-312/mmcv/ops/csrc/common/cuda
copying mmcv/ops/csrc/common/cuda/stack_group_points_cuda_kernel.cuh -> build/lib.linux-x86_64-cpython-312/mmcv/ops/csrc/common/cuda
copying mmcv/ops/csrc/common/cuda/sync_bn_cuda_kernel.cuh -> build/lib.linux-x86_64-cpython-312/mmcv/ops/csrc/common/cuda
copying mmcv/ops/csrc/common/cuda/three_interpolate_cuda_kernel.cuh -> build/lib.linux-x86_64-cpython-312/mmcv/ops/csrc/common/cuda
copying mmcv/ops/csrc/common/cuda/three_nn_cuda_kernel.cuh -> build/lib.linux-x86_64-cpython-312/mmcv/ops/csrc/common/cuda
copying mmcv/ops/csrc/common/cuda/tin_shift_cuda_kernel.cuh -> build/lib.linux-x86_64-cpython-312/mmcv/ops/csrc/common/cuda
copying mmcv/ops/csrc/common/cuda/voxelization_cuda_kernel.cuh -> build/lib.linux-x86_64-cpython-312/mmcv/ops/csrc/common/cuda
creating build/lib.linux-x86_64-cpython-312/mmcv/ops/csrc/common/cuda/spconv
copying mmcv/ops/csrc/common/cuda/spconv/indice.cuh -> build/lib.linux-x86_64-cpython-312/mmcv/ops/csrc/common/cuda/spconv
copying mmcv/ops/csrc/common/cuda/spconv/reordering.cuh -> build/lib.linux-x86_64-cpython-312/mmcv/ops/csrc/common/cuda/spconv
creating build/lib.linux-x86_64-cpython-312/mmcv/ops/csrc/common/mlu
copying mmcv/ops/csrc/common/mlu/common_mlu_helper.hpp -> build/lib.linux-x86_64-cpython-312/mmcv/ops/csrc/common/mlu
creating build/lib.linux-x86_64-cpython-312/mmcv/ops/csrc/common/mps
copying mmcv/ops/csrc/common/mps/MPSDevice.h -> build/lib.linux-x86_64-cpython-312/mmcv/ops/csrc/common/mps
copying mmcv/ops/csrc/common/mps/MPSLibrary.h -> build/lib.linux-x86_64-cpython-312/mmcv/ops/csrc/common/mps
copying mmcv/ops/csrc/common/mps/MPSLibrary.mm -> build/lib.linux-x86_64-cpython-312/mmcv/ops/csrc/common/mps
copying mmcv/ops/csrc/common/mps/MPSStream.h -> build/lib.linux-x86_64-cpython-312/mmcv/ops/csrc/common/mps
copying mmcv/ops/csrc/common/mps/MPSUtils.h -> build/lib.linux-x86_64-cpython-312/mmcv/ops/csrc/common/mps
creating build/lib.linux-x86_64-cpython-312/mmcv/ops/csrc/common/utils/spconv
copying mmcv/ops/csrc/common/utils/spconv/paramsgrid.h -> build/lib.linux-x86_64-cpython-312/mmcv/ops/csrc/common/utils/spconv
copying mmcv/ops/csrc/common/utils/spconv/prettyprint.h -> build/lib.linux-x86_64-cpython-312/mmcv/ops/csrc/common/utils/spconv
copying mmcv/ops/csrc/common/utils/spconv/pybind11_utils.h -> build/lib.linux-x86_64-cpython-312/mmcv/ops/csrc/common/utils/spconv
creating build/lib.linux-x86_64-cpython-312/mmcv/ops/csrc/common/utils/spconv/spconv
copying mmcv/ops/csrc/common/utils/spconv/spconv/geometry.h -> build/lib.linux-x86_64-cpython-312/mmcv/ops/csrc/common/utils/spconv/spconv
copying mmcv/ops/csrc/common/utils/spconv/spconv/indice.h -> build/lib.linux-x86_64-cpython-312/mmcv/ops/csrc/common/utils/spconv/spconv
copying mmcv/ops/csrc/common/utils/spconv/spconv/maxpool.h -> build/lib.linux-x86_64-cpython-312/mmcv/ops/csrc/common/utils/spconv/spconv
copying mmcv/ops/csrc/common/utils/spconv/spconv/mp_helper.h -> build/lib.linux-x86_64-cpython-312/mmcv/ops/csrc/common/utils/spconv/spconv
copying mmcv/ops/csrc/common/utils/spconv/spconv/point2voxel.h -> build/lib.linux-x86_64-cpython-312/mmcv/ops/csrc/common/utils/spconv/spconv
copying mmcv/ops/csrc/common/utils/spconv/spconv/reordering.h -> build/lib.linux-x86_64-cpython-312/mmcv/ops/csrc/common/utils/spconv/spconv
creating build/lib.linux-x86_64-cpython-312/mmcv/ops/csrc/common/utils/spconv/tensorview
copying mmcv/ops/csrc/common/utils/spconv/tensorview/helper_kernel.cuh -> build/lib.linux-x86_64-cpython-312/mmcv/ops/csrc/common/utils/spconv/tensorview
copying mmcv/ops/csrc/common/utils/spconv/tensorview/helper_launch.h -> build/lib.linux-x86_64-cpython-312/mmcv/ops/csrc/common/utils/spconv/tensorview
copying mmcv/ops/csrc/common/utils/spconv/tensorview/tensorview.h -> build/lib.linux-x86_64-cpython-312/mmcv/ops/csrc/common/utils/spconv/tensorview
creating build/lib.linux-x86_64-cpython-312/mmcv/ops/csrc/onnxruntime
copying mmcv/ops/csrc/onnxruntime/corner_pool.h -> build/lib.linux-x86_64-cpython-312/mmcv/ops/csrc/onnxruntime
copying mmcv/ops/csrc/onnxruntime/deform_conv.h -> build/lib.linux-x86_64-cpython-312/mmcv/ops/csrc/onnxruntime
copying mmcv/ops/csrc/onnxruntime/grid_sample.h -> build/lib.linux-x86_64-cpython-312/mmcv/ops/csrc/onnxruntime
copying mmcv/ops/csrc/onnxruntime/modulated_deform_conv.h -> build/lib.linux-x86_64-cpython-312/mmcv/ops/csrc/onnxruntime
copying mmcv/ops/csrc/onnxruntime/nms.h -> build/lib.linux-x86_64-cpython-312/mmcv/ops/csrc/onnxruntime
copying mmcv/ops/csrc/onnxruntime/onnxruntime_register.h -> build/lib.linux-x86_64-cpython-312/mmcv/ops/csrc/onnxruntime
copying mmcv/ops/csrc/onnxruntime/onnxruntime_session_options_config_keys.h -> build/lib.linux-x86_64-cpython-312/mmcv/ops/csrc/onnxruntime
copying mmcv/ops/csrc/onnxruntime/ort_mmcv_utils.h -> build/lib.linux-x86_64-cpython-312/mmcv/ops/csrc/onnxruntime
copying mmcv/ops/csrc/onnxruntime/reduce_ops.h -> build/lib.linux-x86_64-cpython-312/mmcv/ops/csrc/onnxruntime
copying mmcv/ops/csrc/onnxruntime/roi_align.h -> build/lib.linux-x86_64-cpython-312/mmcv/ops/csrc/onnxruntime
copying mmcv/ops/csrc/onnxruntime/roi_align_rotated.h -> build/lib.linux-x86_64-cpython-312/mmcv/ops/csrc/onnxruntime
copying mmcv/ops/csrc/onnxruntime/rotated_feature_align.h -> build/lib.linux-x86_64-cpython-312/mmcv/ops/csrc/onnxruntime
copying mmcv/ops/csrc/onnxruntime/soft_nms.h -> build/lib.linux-x86_64-cpython-312/mmcv/ops/csrc/onnxruntime
creating build/lib.linux-x86_64-cpython-312/mmcv/ops/csrc/onnxruntime/cpu
copying mmcv/ops/csrc/onnxruntime/cpu/corner_pool.cpp -> build/lib.linux-x86_64-cpython-312/mmcv/ops/csrc/onnxruntime/cpu
copying mmcv/ops/csrc/onnxruntime/cpu/deform_conv.cpp -> build/lib.linux-x86_64-cpython-312/mmcv/ops/csrc/onnxruntime/cpu
copying mmcv/ops/csrc/onnxruntime/cpu/gridSample.cpp -> build/lib.linux-x86_64-cpython-312/mmcv/ops/csrc/onnxruntime/cpu
copying mmcv/ops/csrc/onnxruntime/cpu/modulated_deform_conv.cpp -> build/lib.linux-x86_64-cpython-312/mmcv/ops/csrc/onnxruntime/cpu
copying mmcv/ops/csrc/onnxruntime/cpu/nms.cpp -> build/lib.linux-x86_64-cpython-312/mmcv/ops/csrc/onnxruntime/cpu
copying mmcv/ops/csrc/onnxruntime/cpu/onnxruntime_register.cpp -> build/lib.linux-x86_64-cpython-312/mmcv/ops/csrc/onnxruntime/cpu
copying mmcv/ops/csrc/onnxruntime/cpu/reduce_ops.cpp -> build/lib.linux-x86_64-cpython-312/mmcv/ops/csrc/onnxruntime/cpu
copying mmcv/ops/csrc/onnxruntime/cpu/roi_align.cpp -> build/lib.linux-x86_64-cpython-312/mmcv/ops/csrc/onnxruntime/cpu
copying mmcv/ops/csrc/onnxruntime/cpu/roi_align_rotated.cpp -> build/lib.linux-x86_64-cpython-312/mmcv/ops/csrc/onnxruntime/cpu
copying mmcv/ops/csrc/onnxruntime/cpu/rotated_feature_align.cpp -> build/lib.linux-x86_64-cpython-312/mmcv/ops/csrc/onnxruntime/cpu
copying mmcv/ops/csrc/onnxruntime/cpu/soft_nms.cpp -> build/lib.linux-x86_64-cpython-312/mmcv/ops/csrc/onnxruntime/cpu
creating build/lib.linux-x86_64-cpython-312/mmcv/ops/csrc/parrots
copying mmcv/ops/csrc/parrots/active_rotated_filter.cpp -> build/lib.linux-x86_64-cpython-312/mmcv/ops/csrc/parrots
copying mmcv/ops/csrc/parrots/active_rotated_filter_parrots.cpp -> build/lib.linux-x86_64-cpython-312/mmcv/ops/csrc/parrots
copying mmcv/ops/csrc/parrots/active_rotated_filter_pytorch.h -> build/lib.linux-x86_64-cpython-312/mmcv/ops/csrc/parrots
copying mmcv/ops/csrc/parrots/assign_score_withk.cpp -> build/lib.linux-x86_64-cpython-312/mmcv/ops/csrc/parrots
copying mmcv/ops/csrc/parrots/assign_score_withk_parrots.cpp -> build/lib.linux-x86_64-cpython-312/mmcv/ops/csrc/parrots
copying mmcv/ops/csrc/parrots/assign_score_withk_pytorch.h -> build/lib.linux-x86_64-cpython-312/mmcv/ops/csrc/parrots
copying mmcv/ops/csrc/parrots/ball_query._parrots.cpp -> build/lib.linux-x86_64-cpython-312/mmcv/ops/csrc/parrots
copying mmcv/ops/csrc/parrots/ball_query.cpp -> build/lib.linux-x86_64-cpython-312/mmcv/ops/csrc/parrots
copying mmcv/ops/csrc/parrots/ball_query_pytorch.h -> build/lib.linux-x86_64-cpython-312/mmcv/ops/csrc/parrots
copying mmcv/ops/csrc/parrots/bbox_overlaps.cpp -> build/lib.linux-x86_64-cpython-312/mmcv/ops/csrc/parrots
copying mmcv/ops/csrc/parrots/bbox_overlaps_parrots.cpp -> build/lib.linux-x86_64-cpython-312/mmcv/ops/csrc/parrots
copying mmcv/ops/csrc/parrots/bbox_overlaps_pytorch.h -> build/lib.linux-x86_64-cpython-312/mmcv/ops/csrc/parrots
copying mmcv/ops/csrc/parrots/border_align.cpp -> build/lib.linux-x86_64-cpython-312/mmcv/ops/csrc/parrots
copying mmcv/ops/csrc/parrots/border_align_parrots.cpp -> build/lib.linux-x86_64-cpython-312/mmcv/ops/csrc/parrots
copying mmcv/ops/csrc/parrots/border_align_pytorch.h -> build/lib.linux-x86_64-cpython-312/mmcv/ops/csrc/parrots
copying mmcv/ops/csrc/parrots/box_iou_rotated.cpp -> build/lib.linux-x86_64-cpython-312/mmcv/ops/csrc/parrots
copying mmcv/ops/csrc/parrots/box_iou_rotated_parrots.cpp -> build/lib.linux-x86_64-cpython-312/mmcv/ops/csrc/parrots
copying mmcv/ops/csrc/parrots/box_iou_rotated_pytorch.h -> build/lib.linux-x86_64-cpython-312/mmcv/ops/csrc/parrots
copying mmcv/ops/csrc/parrots/carafe.cpp -> build/lib.linux-x86_64-cpython-312/mmcv/ops/csrc/parrots
copying mmcv/ops/csrc/parrots/carafe_naive.cpp -> build/lib.linux-x86_64-cpython-312/mmcv/ops/csrc/parrots
copying mmcv/ops/csrc/parrots/carafe_naive_parrots.cpp -> build/lib.linux-x86_64-cpython-312/mmcv/ops/csrc/parrots
copying mmcv/ops/csrc/parrots/carafe_naive_pytorch.h -> build/lib.linux-x86_64-cpython-312/mmcv/ops/csrc/parrots
copying mmcv/ops/csrc/parrots/carafe_parrots.cpp -> build/lib.linux-x86_64-cpython-312/mmcv/ops/csrc/parrots
copying mmcv/ops/csrc/parrots/carafe_pytorch.h -> build/lib.linux-x86_64-cpython-312/mmcv/ops/csrc/parrots
copying mmcv/ops/csrc/parrots/chamfer_distance.cpp -> build/lib.linux-x86_64-cpython-312/mmcv/ops/csrc/parrots
copying mmcv/ops/csrc/parrots/chamfer_distance_parrots.cpp -> build/lib.linux-x86_64-cpython-312/mmcv/ops/csrc/parrots
copying mmcv/ops/csrc/parrots/chamfer_distance_pytorch.h -> build/lib.linux-x86_64-cpython-312/mmcv/ops/csrc/parrots
copying mmcv/ops/csrc/parrots/contour_expand.cpp -> build/lib.linux-x86_64-cpython-312/mmcv/ops/csrc/parrots
copying mmcv/ops/csrc/parrots/contour_expand_parrots.cpp -> build/lib.linux-x86_64-cpython-312/mmcv/ops/csrc/parrots
copying mmcv/ops/csrc/parrots/contour_expand_pytorch.h -> build/lib.linux-x86_64-cpython-312/mmcv/ops/csrc/parrots
copying mmcv/ops/csrc/parrots/convex_iou.cpp -> build/lib.linux-x86_64-cpython-312/mmcv/ops/csrc/parrots
copying mmcv/ops/csrc/parrots/convex_iou_parrots.cpp -> build/lib.linux-x86_64-cpython-312/mmcv/ops/csrc/parrots
copying mmcv/ops/csrc/parrots/convex_iou_pytorch.h -> build/lib.linux-x86_64-cpython-312/mmcv/ops/csrc/parrots
copying mmcv/ops/csrc/parrots/correlation.cpp -> build/lib.linux-x86_64-cpython-312/mmcv/ops/csrc/parrots
copying mmcv/ops/csrc/parrots/correlation_parrots.cpp -> build/lib.linux-x86_64-cpython-312/mmcv/ops/csrc/parrots
copying mmcv/ops/csrc/parrots/correlation_pytorch.h -> build/lib.linux-x86_64-cpython-312/mmcv/ops/csrc/parrots
copying mmcv/ops/csrc/parrots/cudabind.cpp -> build/lib.linux-x86_64-cpython-312/mmcv/ops/csrc/parrots
copying mmcv/ops/csrc/parrots/deform_conv.cpp -> build/lib.linux-x86_64-cpython-312/mmcv/ops/csrc/parrots
copying mmcv/ops/csrc/parrots/deform_conv_parrots.cpp -> build/lib.linux-x86_64-cpython-312/mmcv/ops/csrc/parrots
copying mmcv/ops/csrc/parrots/deform_conv_pytorch.h -> build/lib.linux-x86_64-cpython-312/mmcv/ops/csrc/parrots
copying mmcv/ops/csrc/parrots/deform_roi_pool.cpp -> build/lib.linux-x86_64-cpython-312/mmcv/ops/csrc/parrots
copying mmcv/ops/csrc/parrots/deform_roi_pool_parrots.cpp -> build/lib.linux-x86_64-cpython-312/mmcv/ops/csrc/parrots
copying mmcv/ops/csrc/parrots/deform_roi_pool_pytorch.h -> build/lib.linux-x86_64-cpython-312/mmcv/ops/csrc/parrots
copying mmcv/ops/csrc/parrots/diff_iou_rotated.cpp -> build/lib.linux-x86_64-cpython-312/mmcv/ops/csrc/parrots
copying mmcv/ops/csrc/parrots/diff_iou_rotated_parrots.cpp -> build/lib.linux-x86_64-cpython-312/mmcv/ops/csrc/parrots
copying mmcv/ops/csrc/parrots/diff_iou_rotated_pytorch.h -> build/lib.linux-x86_64-cpython-312/mmcv/ops/csrc/parrots
copying mmcv/ops/csrc/parrots/focal_loss.cpp -> build/lib.linux-x86_64-cpython-312/mmcv/ops/csrc/parrots
copying mmcv/ops/csrc/parrots/focal_loss_parrots.cpp -> build/lib.linux-x86_64-cpython-312/mmcv/ops/csrc/parrots
copying mmcv/ops/csrc/parrots/focal_loss_pytorch.h -> build/lib.linux-x86_64-cpython-312/mmcv/ops/csrc/parrots
copying mmcv/ops/csrc/parrots/furthest_point_sample.cpp -> build/lib.linux-x86_64-cpython-312/mmcv/ops/csrc/parrots
copying mmcv/ops/csrc/parrots/furthest_point_sample_parrots.cpp -> build/lib.linux-x86_64-cpython-312/mmcv/ops/csrc/parrots
copying mmcv/ops/csrc/parrots/furthest_point_sample_pytorch.h -> build/lib.linux-x86_64-cpython-312/mmcv/ops/csrc/parrots
copying mmcv/ops/csrc/parrots/fused_bias_leakyrelu.cpp -> build/lib.linux-x86_64-cpython-312/mmcv/ops/csrc/parrots
copying mmcv/ops/csrc/parrots/fused_bias_parrots.cpp -> build/lib.linux-x86_64-cpython-312/mmcv/ops/csrc/parrots
copying mmcv/ops/csrc/parrots/gather_points.cpp -> build/lib.linux-x86_64-cpython-312/mmcv/ops/csrc/parrots
copying mmcv/ops/csrc/parrots/gather_points_parrots.cpp -> build/lib.linux-x86_64-cpython-312/mmcv/ops/csrc/parrots
copying mmcv/ops/csrc/parrots/gather_points_pytorch.h -> build/lib.linux-x86_64-cpython-312/mmcv/ops/csrc/parrots
copying mmcv/ops/csrc/parrots/group_points.cpp -> build/lib.linux-x86_64-cpython-312/mmcv/ops/csrc/parrots
copying mmcv/ops/csrc/parrots/group_points_parrots.cpp -> build/lib.linux-x86_64-cpython-312/mmcv/ops/csrc/parrots
copying mmcv/ops/csrc/parrots/group_points_pytorch.h -> build/lib.linux-x86_64-cpython-312/mmcv/ops/csrc/parrots
copying mmcv/ops/csrc/parrots/info.cpp -> build/lib.linux-x86_64-cpython-312/mmcv/ops/csrc/parrots
copying mmcv/ops/csrc/parrots/iou3d.cpp -> build/lib.linux-x86_64-cpython-312/mmcv/ops/csrc/parrots
copying mmcv/ops/csrc/parrots/iou3d_parrots.cpp -> build/lib.linux-x86_64-cpython-312/mmcv/ops/csrc/parrots
copying mmcv/ops/csrc/parrots/iou3d_pytorch.h -> build/lib.linux-x86_64-cpython-312/mmcv/ops/csrc/parrots
copying mmcv/ops/csrc/parrots/knn.cpp -> build/lib.linux-x86_64-cpython-312/mmcv/ops/csrc/parrots
copying mmcv/ops/csrc/parrots/knn_parrots.cpp -> build/lib.linux-x86_64-cpython-312/mmcv/ops/csrc/parrots
copying mmcv/ops/csrc/parrots/knn_pytorch.h -> build/lib.linux-x86_64-cpython-312/mmcv/ops/csrc/parrots
copying mmcv/ops/csrc/parrots/masked_conv2d.cpp -> build/lib.linux-x86_64-cpython-312/mmcv/ops/csrc/parrots
copying mmcv/ops/csrc/parrots/masked_conv2d_parrots.cpp -> build/lib.linux-x86_64-cpython-312/mmcv/ops/csrc/parrots
copying mmcv/ops/csrc/parrots/masked_conv2d_pytorch.h -> build/lib.linux-x86_64-cpython-312/mmcv/ops/csrc/parrots
copying mmcv/ops/csrc/parrots/min_area_polygons.cpp -> build/lib.linux-x86_64-cpython-312/mmcv/ops/csrc/parrots
copying mmcv/ops/csrc/parrots/min_area_polygons_parrots.cpp -> build/lib.linux-x86_64-cpython-312/mmcv/ops/csrc/parrots
copying mmcv/ops/csrc/parrots/min_area_polygons_pytorch.h -> build/lib.linux-x86_64-cpython-312/mmcv/ops/csrc/parrots
copying mmcv/ops/csrc/parrots/modulated_deform_conv.cpp -> build/lib.linux-x86_64-cpython-312/mmcv/ops/csrc/parrots
copying mmcv/ops/csrc/parrots/modulated_deform_conv_parrots.cpp -> build/lib.linux-x86_64-cpython-312/mmcv/ops/csrc/parrots
copying mmcv/ops/csrc/parrots/modulated_deform_conv_pytorch.h -> build/lib.linux-x86_64-cpython-312/mmcv/ops/csrc/parrots
copying mmcv/ops/csrc/parrots/ms_deform_attn.cpp -> build/lib.linux-x86_64-cpython-312/mmcv/ops/csrc/parrots
copying mmcv/ops/csrc/parrots/ms_deform_attn_parrots.cpp -> build/lib.linux-x86_64-cpython-312/mmcv/ops/csrc/parrots
copying mmcv/ops/csrc/parrots/nms.cpp -> build/lib.linux-x86_64-cpython-312/mmcv/ops/csrc/parrots
copying mmcv/ops/csrc/parrots/nms_parrots.cpp -> build/lib.linux-x86_64-cpython-312/mmcv/ops/csrc/parrots
copying mmcv/ops/csrc/parrots/nms_pytorch.h -> build/lib.linux-x86_64-cpython-312/mmcv/ops/csrc/parrots
copying mmcv/ops/csrc/parrots/nms_rotated.cpp -> build/lib.linux-x86_64-cpython-312/mmcv/ops/csrc/parrots
copying mmcv/ops/csrc/parrots/pixel_group.cpp -> build/lib.linux-x86_64-cpython-312/mmcv/ops/csrc/parrots
copying mmcv/ops/csrc/parrots/pixel_group_parrots.cpp -> build/lib.linux-x86_64-cpython-312/mmcv/ops/csrc/parrots
copying mmcv/ops/csrc/parrots/pixel_group_pytorch.h -> build/lib.linux-x86_64-cpython-312/mmcv/ops/csrc/parrots
copying mmcv/ops/csrc/parrots/points_in_boxes.cpp -> build/lib.linux-x86_64-cpython-312/mmcv/ops/csrc/parrots
copying mmcv/ops/csrc/parrots/points_in_boxes_parrots.cpp -> build/lib.linux-x86_64-cpython-312/mmcv/ops/csrc/parrots
copying mmcv/ops/csrc/parrots/points_in_boxes_pytorch.h -> build/lib.linux-x86_64-cpython-312/mmcv/ops/csrc/parrots
copying mmcv/ops/csrc/parrots/points_in_polygons.cpp -> build/lib.linux-x86_64-cpython-312/mmcv/ops/csrc/parrots
copying mmcv/ops/csrc/parrots/points_in_polygons_parrots.cpp -> build/lib.linux-x86_64-cpython-312/mmcv/ops/csrc/parrots
copying mmcv/ops/csrc/parrots/points_in_polygons_pytorch.h -> build/lib.linux-x86_64-cpython-312/mmcv/ops/csrc/parrots
copying mmcv/ops/csrc/parrots/prroi_pool.cpp -> build/lib.linux-x86_64-cpython-312/mmcv/ops/csrc/parrots
copying mmcv/ops/csrc/parrots/prroi_pool_parrots.cpp -> build/lib.linux-x86_64-cpython-312/mmcv/ops/csrc/parrots
copying mmcv/ops/csrc/parrots/prroi_pool_pytorch.h -> build/lib.linux-x86_64-cpython-312/mmcv/ops/csrc/parrots
copying mmcv/ops/csrc/parrots/psamask.cpp -> build/lib.linux-x86_64-cpython-312/mmcv/ops/csrc/parrots
copying mmcv/ops/csrc/parrots/psamask_parrots.cpp -> build/lib.linux-x86_64-cpython-312/mmcv/ops/csrc/parrots
copying mmcv/ops/csrc/parrots/psamask_pytorch.h -> build/lib.linux-x86_64-cpython-312/mmcv/ops/csrc/parrots
copying mmcv/ops/csrc/parrots/riroi_align_rotated.cpp -> build/lib.linux-x86_64-cpython-312/mmcv/ops/csrc/parrots
copying mmcv/ops/csrc/parrots/riroi_align_rotated_parrots.cpp -> build/lib.linux-x86_64-cpython-312/mmcv/ops/csrc/parrots
copying mmcv/ops/csrc/parrots/riroi_align_rotated_pytorch.h -> build/lib.linux-x86_64-cpython-312/mmcv/ops/csrc/parrots
copying mmcv/ops/csrc/parrots/roi_align.cpp -> build/lib.linux-x86_64-cpython-312/mmcv/ops/csrc/parrots
copying mmcv/ops/csrc/parrots/roi_align_parrots.cpp -> build/lib.linux-x86_64-cpython-312/mmcv/ops/csrc/parrots
copying mmcv/ops/csrc/parrots/roi_align_pytorch.h -> build/lib.linux-x86_64-cpython-312/mmcv/ops/csrc/parrots
copying mmcv/ops/csrc/parrots/roi_align_rotated.cpp -> build/lib.linux-x86_64-cpython-312/mmcv/ops/csrc/parrots
copying mmcv/ops/csrc/parrots/roi_align_rotated_parrots.cpp -> build/lib.linux-x86_64-cpython-312/mmcv/ops/csrc/parrots
copying mmcv/ops/csrc/parrots/roi_align_rotated_pytorch.h -> build/lib.linux-x86_64-cpython-312/mmcv/ops/csrc/parrots
copying mmcv/ops/csrc/parrots/roi_pool.cpp -> build/lib.linux-x86_64-cpython-312/mmcv/ops/csrc/parrots
copying mmcv/ops/csrc/parrots/roi_pool_parrots.cpp -> build/lib.linux-x86_64-cpython-312/mmcv/ops/csrc/parrots
copying mmcv/ops/csrc/parrots/roi_pool_pytorch.h -> build/lib.linux-x86_64-cpython-312/mmcv/ops/csrc/parrots
copying mmcv/ops/csrc/parrots/roiaware_pool3d.cpp -> build/lib.linux-x86_64-cpython-312/mmcv/ops/csrc/parrots
copying mmcv/ops/csrc/parrots/roiaware_pool3d_parrots.cpp -> build/lib.linux-x86_64-cpython-312/mmcv/ops/csrc/parrots
copying mmcv/ops/csrc/parrots/roiaware_pool3d_pytorch.h -> build/lib.linux-x86_64-cpython-312/mmcv/ops/csrc/parrots
copying mmcv/ops/csrc/parrots/roipoint_pool3d.cpp -> build/lib.linux-x86_64-cpython-312/mmcv/ops/csrc/parrots
copying mmcv/ops/csrc/parrots/roipoint_pool3d_parrots.cpp -> build/lib.linux-x86_64-cpython-312/mmcv/ops/csrc/parrots
copying mmcv/ops/csrc/parrots/roipoint_pool3d_pytorch.h -> build/lib.linux-x86_64-cpython-312/mmcv/ops/csrc/parrots
copying mmcv/ops/csrc/parrots/rotated_feature_align.cpp -> build/lib.linux-x86_64-cpython-312/mmcv/ops/csrc/parrots
copying mmcv/ops/csrc/parrots/rotated_feature_align_parrots.cpp -> build/lib.linux-x86_64-cpython-312/mmcv/ops/csrc/parrots
copying mmcv/ops/csrc/parrots/rotated_feature_align_pytorch.h -> build/lib.linux-x86_64-cpython-312/mmcv/ops/csrc/parrots
copying mmcv/ops/csrc/parrots/sync_bn.cpp -> build/lib.linux-x86_64-cpython-312/mmcv/ops/csrc/parrots
copying mmcv/ops/csrc/parrots/sync_bn_parrots.cpp -> build/lib.linux-x86_64-cpython-312/mmcv/ops/csrc/parrots
copying mmcv/ops/csrc/parrots/sync_bn_pytorch.h -> build/lib.linux-x86_64-cpython-312/mmcv/ops/csrc/parrots
copying mmcv/ops/csrc/parrots/three_interpolate.cpp -> build/lib.linux-x86_64-cpython-312/mmcv/ops/csrc/parrots
copying mmcv/ops/csrc/parrots/three_interpolate_parrots.cpp -> build/lib.linux-x86_64-cpython-312/mmcv/ops/csrc/parrots
copying mmcv/ops/csrc/parrots/three_interpolate_pytorch.h -> build/lib.linux-x86_64-cpython-312/mmcv/ops/csrc/parrots
copying mmcv/ops/csrc/parrots/three_nn.cpp -> build/lib.linux-x86_64-cpython-312/mmcv/ops/csrc/parrots
copying mmcv/ops/csrc/parrots/three_nn_parrots.cpp -> build/lib.linux-x86_64-cpython-312/mmcv/ops/csrc/parrots
copying mmcv/ops/csrc/parrots/three_nn_pytorch.h -> build/lib.linux-x86_64-cpython-312/mmcv/ops/csrc/parrots
copying mmcv/ops/csrc/parrots/tin_shift.cpp -> build/lib.linux-x86_64-cpython-312/mmcv/ops/csrc/parrots
copying mmcv/ops/csrc/parrots/tin_shift_parrots.cpp -> build/lib.linux-x86_64-cpython-312/mmcv/ops/csrc/parrots
copying mmcv/ops/csrc/parrots/tin_shift_pytorch.h -> build/lib.linux-x86_64-cpython-312/mmcv/ops/csrc/parrots
copying mmcv/ops/csrc/parrots/upfirdn2d.cpp -> build/lib.linux-x86_64-cpython-312/mmcv/ops/csrc/parrots
copying mmcv/ops/csrc/parrots/upfirdn2d_parrots.cpp -> build/lib.linux-x86_64-cpython-312/mmcv/ops/csrc/parrots
copying mmcv/ops/csrc/parrots/voxelization.cpp -> build/lib.linux-x86_64-cpython-312/mmcv/ops/csrc/parrots
copying mmcv/ops/csrc/parrots/voxelization_parrots.cpp -> build/lib.linux-x86_64-cpython-312/mmcv/ops/csrc/parrots
copying mmcv/ops/csrc/parrots/voxelization_pytorch.h -> build/lib.linux-x86_64-cpython-312/mmcv/ops/csrc/parrots
creating build/lib.linux-x86_64-cpython-312/mmcv/ops/csrc/pytorch
copying mmcv/ops/csrc/pytorch/active_rotated_filter.cpp -> build/lib.linux-x86_64-cpython-312/mmcv/ops/csrc/pytorch
copying mmcv/ops/csrc/pytorch/assign_score_withk.cpp -> build/lib.linux-x86_64-cpython-312/mmcv/ops/csrc/pytorch
copying mmcv/ops/csrc/pytorch/ball_query.cpp -> build/lib.linux-x86_64-cpython-312/mmcv/ops/csrc/pytorch
copying mmcv/ops/csrc/pytorch/bbox_overlaps.cpp -> build/lib.linux-x86_64-cpython-312/mmcv/ops/csrc/pytorch
copying mmcv/ops/csrc/pytorch/border_align.cpp -> build/lib.linux-x86_64-cpython-312/mmcv/ops/csrc/pytorch
copying mmcv/ops/csrc/pytorch/box_iou_quadri.cpp -> build/lib.linux-x86_64-cpython-312/mmcv/ops/csrc/pytorch
copying mmcv/ops/csrc/pytorch/box_iou_rotated.cpp -> build/lib.linux-x86_64-cpython-312/mmcv/ops/csrc/pytorch
copying mmcv/ops/csrc/pytorch/carafe.cpp -> build/lib.linux-x86_64-cpython-312/mmcv/ops/csrc/pytorch
copying mmcv/ops/csrc/pytorch/carafe_naive.cpp -> build/lib.linux-x86_64-cpython-312/mmcv/ops/csrc/pytorch
copying mmcv/ops/csrc/pytorch/chamfer_distance.cpp -> build/lib.linux-x86_64-cpython-312/mmcv/ops/csrc/pytorch
copying mmcv/ops/csrc/pytorch/contour_expand.cpp -> build/lib.linux-x86_64-cpython-312/mmcv/ops/csrc/pytorch
copying mmcv/ops/csrc/pytorch/convex_iou.cpp -> build/lib.linux-x86_64-cpython-312/mmcv/ops/csrc/pytorch
copying mmcv/ops/csrc/pytorch/correlation.cpp -> build/lib.linux-x86_64-cpython-312/mmcv/ops/csrc/pytorch
copying mmcv/ops/csrc/pytorch/deform_conv.cpp -> build/lib.linux-x86_64-cpython-312/mmcv/ops/csrc/pytorch
copying mmcv/ops/csrc/pytorch/deform_roi_pool.cpp -> build/lib.linux-x86_64-cpython-312/mmcv/ops/csrc/pytorch
copying mmcv/ops/csrc/pytorch/diff_iou_rotated.cpp -> build/lib.linux-x86_64-cpython-312/mmcv/ops/csrc/pytorch
copying mmcv/ops/csrc/pytorch/focal_loss.cpp -> build/lib.linux-x86_64-cpython-312/mmcv/ops/csrc/pytorch
copying mmcv/ops/csrc/pytorch/furthest_point_sample.cpp -> build/lib.linux-x86_64-cpython-312/mmcv/ops/csrc/pytorch
copying mmcv/ops/csrc/pytorch/fused_bias_leakyrelu.cpp -> build/lib.linux-x86_64-cpython-312/mmcv/ops/csrc/pytorch
copying mmcv/ops/csrc/pytorch/fused_spconv_ops.cpp -> build/lib.linux-x86_64-cpython-312/mmcv/ops/csrc/pytorch
copying mmcv/ops/csrc/pytorch/gather_points.cpp -> build/lib.linux-x86_64-cpython-312/mmcv/ops/csrc/pytorch
copying mmcv/ops/csrc/pytorch/group_points.cpp -> build/lib.linux-x86_64-cpython-312/mmcv/ops/csrc/pytorch
copying mmcv/ops/csrc/pytorch/info.cpp -> build/lib.linux-x86_64-cpython-312/mmcv/ops/csrc/pytorch
copying mmcv/ops/csrc/pytorch/iou3d.cpp -> build/lib.linux-x86_64-cpython-312/mmcv/ops/csrc/pytorch
copying mmcv/ops/csrc/pytorch/knn.cpp -> build/lib.linux-x86_64-cpython-312/mmcv/ops/csrc/pytorch
copying mmcv/ops/csrc/pytorch/masked_conv2d.cpp -> build/lib.linux-x86_64-cpython-312/mmcv/ops/csrc/pytorch
copying mmcv/ops/csrc/pytorch/min_area_polygons.cpp -> build/lib.linux-x86_64-cpython-312/mmcv/ops/csrc/pytorch
copying mmcv/ops/csrc/pytorch/modulated_deform_conv.cpp -> build/lib.linux-x86_64-cpython-312/mmcv/ops/csrc/pytorch
copying mmcv/ops/csrc/pytorch/ms_deform_attn.cpp -> build/lib.linux-x86_64-cpython-312/mmcv/ops/csrc/pytorch
copying mmcv/ops/csrc/pytorch/nms.cpp -> build/lib.linux-x86_64-cpython-312/mmcv/ops/csrc/pytorch
copying mmcv/ops/csrc/pytorch/nms_quadri.cpp -> build/lib.linux-x86_64-cpython-312/mmcv/ops/csrc/pytorch
copying mmcv/ops/csrc/pytorch/nms_rotated.cpp -> build/lib.linux-x86_64-cpython-312/mmcv/ops/csrc/pytorch
copying mmcv/ops/csrc/pytorch/pixel_group.cpp -> build/lib.linux-x86_64-cpython-312/mmcv/ops/csrc/pytorch
copying mmcv/ops/csrc/pytorch/points_in_boxes.cpp -> build/lib.linux-x86_64-cpython-312/mmcv/ops/csrc/pytorch
copying mmcv/ops/csrc/pytorch/points_in_polygons.cpp -> build/lib.linux-x86_64-cpython-312/mmcv/ops/csrc/pytorch
copying mmcv/ops/csrc/pytorch/prroi_pool.cpp -> build/lib.linux-x86_64-cpython-312/mmcv/ops/csrc/pytorch
copying mmcv/ops/csrc/pytorch/psamask.cpp -> build/lib.linux-x86_64-cpython-312/mmcv/ops/csrc/pytorch
copying mmcv/ops/csrc/pytorch/pybind.cpp -> build/lib.linux-x86_64-cpython-312/mmcv/ops/csrc/pytorch
copying mmcv/ops/csrc/pytorch/riroi_align_rotated.cpp -> build/lib.linux-x86_64-cpython-312/mmcv/ops/csrc/pytorch
copying mmcv/ops/csrc/pytorch/roi_align.cpp -> build/lib.linux-x86_64-cpython-312/mmcv/ops/csrc/pytorch
copying mmcv/ops/csrc/pytorch/roi_align_rotated.cpp -> build/lib.linux-x86_64-cpython-312/mmcv/ops/csrc/pytorch
copying mmcv/ops/csrc/pytorch/roi_pool.cpp -> build/lib.linux-x86_64-cpython-312/mmcv/ops/csrc/pytorch
copying mmcv/ops/csrc/pytorch/roiaware_pool3d.cpp -> build/lib.linux-x86_64-cpython-312/mmcv/ops/csrc/pytorch
copying mmcv/ops/csrc/pytorch/roipoint_pool3d.cpp -> build/lib.linux-x86_64-cpython-312/mmcv/ops/csrc/pytorch
copying mmcv/ops/csrc/pytorch/rotated_feature_align.cpp -> build/lib.linux-x86_64-cpython-312/mmcv/ops/csrc/pytorch
copying mmcv/ops/csrc/pytorch/scatter_points.cpp -> build/lib.linux-x86_64-cpython-312/mmcv/ops/csrc/pytorch
copying mmcv/ops/csrc/pytorch/sparse_pool_ops.cpp -> build/lib.linux-x86_64-cpython-312/mmcv/ops/csrc/pytorch
copying mmcv/ops/csrc/pytorch/spconv_ops.cpp -> build/lib.linux-x86_64-cpython-312/mmcv/ops/csrc/pytorch
copying mmcv/ops/csrc/pytorch/spconv_utils.h -> build/lib.linux-x86_64-cpython-312/mmcv/ops/csrc/pytorch
copying mmcv/ops/csrc/pytorch/sync_bn.cpp -> build/lib.linux-x86_64-cpython-312/mmcv/ops/csrc/pytorch
copying mmcv/ops/csrc/pytorch/three_interpolate.cpp -> build/lib.linux-x86_64-cpython-312/mmcv/ops/csrc/pytorch
copying mmcv/ops/csrc/pytorch/three_nn.cpp -> build/lib.linux-x86_64-cpython-312/mmcv/ops/csrc/pytorch
copying mmcv/ops/csrc/pytorch/tin_shift.cpp -> build/lib.linux-x86_64-cpython-312/mmcv/ops/csrc/pytorch
copying mmcv/ops/csrc/pytorch/upfirdn2d.cpp -> build/lib.linux-x86_64-cpython-312/mmcv/ops/csrc/pytorch
copying mmcv/ops/csrc/pytorch/voxelization.cpp -> build/lib.linux-x86_64-cpython-312/mmcv/ops/csrc/pytorch
creating build/lib.linux-x86_64-cpython-312/mmcv/ops/csrc/pytorch/cpu
copying mmcv/ops/csrc/pytorch/cpu/active_rotated_filter.cpp -> build/lib.linux-x86_64-cpython-312/mmcv/ops/csrc/pytorch/cpu
copying mmcv/ops/csrc/pytorch/cpu/bbox_overlaps_cpu.cpp -> build/lib.linux-x86_64-cpython-312/mmcv/ops/csrc/pytorch/cpu
copying mmcv/ops/csrc/pytorch/cpu/box_iou_quadri.cpp -> build/lib.linux-x86_64-cpython-312/mmcv/ops/csrc/pytorch/cpu
copying mmcv/ops/csrc/pytorch/cpu/box_iou_rotated.cpp -> build/lib.linux-x86_64-cpython-312/mmcv/ops/csrc/pytorch/cpu
copying mmcv/ops/csrc/pytorch/cpu/deform_conv.cpp -> build/lib.linux-x86_64-cpython-312/mmcv/ops/csrc/pytorch/cpu
copying mmcv/ops/csrc/pytorch/cpu/modulated_deform_conv.cpp -> build/lib.linux-x86_64-cpython-312/mmcv/ops/csrc/pytorch/cpu
copying mmcv/ops/csrc/pytorch/cpu/nms.cpp -> build/lib.linux-x86_64-cpython-312/mmcv/ops/csrc/pytorch/cpu
copying mmcv/ops/csrc/pytorch/cpu/nms_quadri.cpp -> build/lib.linux-x86_64-cpython-312/mmcv/ops/csrc/pytorch/cpu
copying mmcv/ops/csrc/pytorch/cpu/nms_rotated.cpp -> build/lib.linux-x86_64-cpython-312/mmcv/ops/csrc/pytorch/cpu
copying mmcv/ops/csrc/pytorch/cpu/pixel_group.cpp -> build/lib.linux-x86_64-cpython-312/mmcv/ops/csrc/pytorch/cpu
copying mmcv/ops/csrc/pytorch/cpu/points_in_boxes.cpp -> build/lib.linux-x86_64-cpython-312/mmcv/ops/csrc/pytorch/cpu
copying mmcv/ops/csrc/pytorch/cpu/psamask.cpp -> build/lib.linux-x86_64-cpython-312/mmcv/ops/csrc/pytorch/cpu
copying mmcv/ops/csrc/pytorch/cpu/roi_align.cpp -> build/lib.linux-x86_64-cpython-312/mmcv/ops/csrc/pytorch/cpu
copying mmcv/ops/csrc/pytorch/cpu/roi_align_rotated.cpp -> build/lib.linux-x86_64-cpython-312/mmcv/ops/csrc/pytorch/cpu
copying mmcv/ops/csrc/pytorch/cpu/rotated_feature_align.cpp -> build/lib.linux-x86_64-cpython-312/mmcv/ops/csrc/pytorch/cpu
copying mmcv/ops/csrc/pytorch/cpu/sparse_indice.cpp -> build/lib.linux-x86_64-cpython-312/mmcv/ops/csrc/pytorch/cpu
copying mmcv/ops/csrc/pytorch/cpu/sparse_maxpool.cpp -> build/lib.linux-x86_64-cpython-312/mmcv/ops/csrc/pytorch/cpu
copying mmcv/ops/csrc/pytorch/cpu/sparse_reordering.cpp -> build/lib.linux-x86_64-cpython-312/mmcv/ops/csrc/pytorch/cpu
copying mmcv/ops/csrc/pytorch/cpu/voxelization.cpp -> build/lib.linux-x86_64-cpython-312/mmcv/ops/csrc/pytorch/cpu
creating build/lib.linux-x86_64-cpython-312/mmcv/ops/csrc/pytorch/cuda
copying mmcv/ops/csrc/pytorch/cuda/active_rotated_filter_cuda.cu -> build/lib.linux-x86_64-cpython-312/mmcv/ops/csrc/pytorch/cuda
copying mmcv/ops/csrc/pytorch/cuda/assign_score_withk_cuda.cu -> build/lib.linux-x86_64-cpython-312/mmcv/ops/csrc/pytorch/cuda
copying mmcv/ops/csrc/pytorch/cuda/ball_query_cuda.cu -> build/lib.linux-x86_64-cpython-312/mmcv/ops/csrc/pytorch/cuda
copying mmcv/ops/csrc/pytorch/cuda/bbox_overlaps_cuda.cu -> build/lib.linux-x86_64-cpython-312/mmcv/ops/csrc/pytorch/cuda
copying mmcv/ops/csrc/pytorch/cuda/border_align_cuda.cu -> build/lib.linux-x86_64-cpython-312/mmcv/ops/csrc/pytorch/cuda
copying mmcv/ops/csrc/pytorch/cuda/box_iou_quadri_cuda.cu -> build/lib.linux-x86_64-cpython-312/mmcv/ops/csrc/pytorch/cuda
copying mmcv/ops/csrc/pytorch/cuda/box_iou_rotated_cuda.cu -> build/lib.linux-x86_64-cpython-312/mmcv/ops/csrc/pytorch/cuda
copying mmcv/ops/csrc/pytorch/cuda/carafe_cuda.cu -> build/lib.linux-x86_64-cpython-312/mmcv/ops/csrc/pytorch/cuda
copying mmcv/ops/csrc/pytorch/cuda/carafe_naive_cuda.cu -> build/lib.linux-x86_64-cpython-312/mmcv/ops/csrc/pytorch/cuda
copying mmcv/ops/csrc/pytorch/cuda/chamfer_distance_cuda.cu -> build/lib.linux-x86_64-cpython-312/mmcv/ops/csrc/pytorch/cuda
copying mmcv/ops/csrc/pytorch/cuda/convex_iou.cu -> build/lib.linux-x86_64-cpython-312/mmcv/ops/csrc/pytorch/cuda
copying mmcv/ops/csrc/pytorch/cuda/correlation_cuda.cu -> build/lib.linux-x86_64-cpython-312/mmcv/ops/csrc/pytorch/cuda
copying mmcv/ops/csrc/pytorch/cuda/cudabind.cpp -> build/lib.linux-x86_64-cpython-312/mmcv/ops/csrc/pytorch/cuda
copying mmcv/ops/csrc/pytorch/cuda/deform_conv_cuda.cu -> build/lib.linux-x86_64-cpython-312/mmcv/ops/csrc/pytorch/cuda
copying mmcv/ops/csrc/pytorch/cuda/deform_roi_pool_cuda.cu -> build/lib.linux-x86_64-cpython-312/mmcv/ops/csrc/pytorch/cuda
copying mmcv/ops/csrc/pytorch/cuda/diff_iou_rotated_cuda.cu -> build/lib.linux-x86_64-cpython-312/mmcv/ops/csrc/pytorch/cuda
copying mmcv/ops/csrc/pytorch/cuda/focal_loss_cuda.cu -> build/lib.linux-x86_64-cpython-312/mmcv/ops/csrc/pytorch/cuda
copying mmcv/ops/csrc/pytorch/cuda/furthest_point_sample_cuda.cu -> build/lib.linux-x86_64-cpython-312/mmcv/ops/csrc/pytorch/cuda
copying mmcv/ops/csrc/pytorch/cuda/fused_bias_leakyrelu_cuda.cu -> build/lib.linux-x86_64-cpython-312/mmcv/ops/csrc/pytorch/cuda
copying mmcv/ops/csrc/pytorch/cuda/fused_spconv_ops_cuda.cu -> build/lib.linux-x86_64-cpython-312/mmcv/ops/csrc/pytorch/cuda
copying mmcv/ops/csrc/pytorch/cuda/gather_points_cuda.cu -> build/lib.linux-x86_64-cpython-312/mmcv/ops/csrc/pytorch/cuda
copying mmcv/ops/csrc/pytorch/cuda/group_points_cuda.cu -> build/lib.linux-x86_64-cpython-312/mmcv/ops/csrc/pytorch/cuda
copying mmcv/ops/csrc/pytorch/cuda/iou3d_cuda.cu -> build/lib.linux-x86_64-cpython-312/mmcv/ops/csrc/pytorch/cuda
copying mmcv/ops/csrc/pytorch/cuda/knn_cuda.cu -> build/lib.linux-x86_64-cpython-312/mmcv/ops/csrc/pytorch/cuda
copying mmcv/ops/csrc/pytorch/cuda/masked_conv2d_cuda.cu -> build/lib.linux-x86_64-cpython-312/mmcv/ops/csrc/pytorch/cuda
copying mmcv/ops/csrc/pytorch/cuda/min_area_polygons.cu -> build/lib.linux-x86_64-cpython-312/mmcv/ops/csrc/pytorch/cuda
copying mmcv/ops/csrc/pytorch/cuda/modulated_deform_conv_cuda.cu -> build/lib.linux-x86_64-cpython-312/mmcv/ops/csrc/pytorch/cuda
copying mmcv/ops/csrc/pytorch/cuda/ms_deform_attn_cuda.cu -> build/lib.linux-x86_64-cpython-312/mmcv/ops/csrc/pytorch/cuda
copying mmcv/ops/csrc/pytorch/cuda/nms_cuda.cu -> build/lib.linux-x86_64-cpython-312/mmcv/ops/csrc/pytorch/cuda
copying mmcv/ops/csrc/pytorch/cuda/nms_quadri_cuda.cu -> build/lib.linux-x86_64-cpython-312/mmcv/ops/csrc/pytorch/cuda
copying mmcv/ops/csrc/pytorch/cuda/nms_rotated_cuda.cu -> build/lib.linux-x86_64-cpython-312/mmcv/ops/csrc/pytorch/cuda
copying mmcv/ops/csrc/pytorch/cuda/points_in_boxes_cuda.cu -> build/lib.linux-x86_64-cpython-312/mmcv/ops/csrc/pytorch/cuda
copying mmcv/ops/csrc/pytorch/cuda/points_in_polygons_cuda.cu -> build/lib.linux-x86_64-cpython-312/mmcv/ops/csrc/pytorch/cuda
copying mmcv/ops/csrc/pytorch/cuda/prroi_pool_cuda.cu -> build/lib.linux-x86_64-cpython-312/mmcv/ops/csrc/pytorch/cuda
copying mmcv/ops/csrc/pytorch/cuda/psamask_cuda.cu -> build/lib.linux-x86_64-cpython-312/mmcv/ops/csrc/pytorch/cuda
copying mmcv/ops/csrc/pytorch/cuda/riroi_align_rotated_cuda.cu -> build/lib.linux-x86_64-cpython-312/mmcv/ops/csrc/pytorch/cuda
copying mmcv/ops/csrc/pytorch/cuda/roi_align_cuda.cu -> build/lib.linux-x86_64-cpython-312/mmcv/ops/csrc/pytorch/cuda
copying mmcv/ops/csrc/pytorch/cuda/roi_align_rotated_cuda.cu -> build/lib.linux-x86_64-cpython-312/mmcv/ops/csrc/pytorch/cuda
copying mmcv/ops/csrc/pytorch/cuda/roi_pool_cuda.cu -> build/lib.linux-x86_64-cpython-312/mmcv/ops/csrc/pytorch/cuda
copying mmcv/ops/csrc/pytorch/cuda/roiaware_pool3d_cuda.cu -> build/lib.linux-x86_64-cpython-312/mmcv/ops/csrc/pytorch/cuda
copying mmcv/ops/csrc/pytorch/cuda/roipoint_pool3d_cuda.cu -> build/lib.linux-x86_64-cpython-312/mmcv/ops/csrc/pytorch/cuda
copying mmcv/ops/csrc/pytorch/cuda/rotated_feature_align_cuda.cu -> build/lib.linux-x86_64-cpython-312/mmcv/ops/csrc/pytorch/cuda
copying mmcv/ops/csrc/pytorch/cuda/scatter_points_cuda.cu -> build/lib.linux-x86_64-cpython-312/mmcv/ops/csrc/pytorch/cuda
copying mmcv/ops/csrc/pytorch/cuda/sparse_indice.cu -> build/lib.linux-x86_64-cpython-312/mmcv/ops/csrc/pytorch/cuda
copying mmcv/ops/csrc/pytorch/cuda/sparse_maxpool.cu -> build/lib.linux-x86_64-cpython-312/mmcv/ops/csrc/pytorch/cuda
copying mmcv/ops/csrc/pytorch/cuda/sparse_pool_ops_cuda.cu -> build/lib.linux-x86_64-cpython-312/mmcv/ops/csrc/pytorch/cuda
copying mmcv/ops/csrc/pytorch/cuda/sparse_reordering.cu -> build/lib.linux-x86_64-cpython-312/mmcv/ops/csrc/pytorch/cuda
copying mmcv/ops/csrc/pytorch/cuda/spconv_ops_cuda.cu -> build/lib.linux-x86_64-cpython-312/mmcv/ops/csrc/pytorch/cuda
copying mmcv/ops/csrc/pytorch/cuda/stack_ball_query_cuda.cu -> build/lib.linux-x86_64-cpython-312/mmcv/ops/csrc/pytorch/cuda
copying mmcv/ops/csrc/pytorch/cuda/stack_group_points_cuda.cu -> build/lib.linux-x86_64-cpython-312/mmcv/ops/csrc/pytorch/cuda
copying mmcv/ops/csrc/pytorch/cuda/sync_bn_cuda.cu -> build/lib.linux-x86_64-cpython-312/mmcv/ops/csrc/pytorch/cuda
copying mmcv/ops/csrc/pytorch/cuda/three_interpolate_cuda.cu -> build/lib.linux-x86_64-cpython-312/mmcv/ops/csrc/pytorch/cuda
copying mmcv/ops/csrc/pytorch/cuda/three_nn_cuda.cu -> build/lib.linux-x86_64-cpython-312/mmcv/ops/csrc/pytorch/cuda
copying mmcv/ops/csrc/pytorch/cuda/tin_shift_cuda.cu -> build/lib.linux-x86_64-cpython-312/mmcv/ops/csrc/pytorch/cuda
copying mmcv/ops/csrc/pytorch/cuda/upfirdn2d_kernel.cu -> build/lib.linux-x86_64-cpython-312/mmcv/ops/csrc/pytorch/cuda
copying mmcv/ops/csrc/pytorch/cuda/voxelization_cuda.cu -> build/lib.linux-x86_64-cpython-312/mmcv/ops/csrc/pytorch/cuda
creating build/lib.linux-x86_64-cpython-312/mmcv/ops/csrc/pytorch/mlu
copying mmcv/ops/csrc/pytorch/mlu/ball_query_mlu.cpp -> build/lib.linux-x86_64-cpython-312/mmcv/ops/csrc/pytorch/mlu
copying mmcv/ops/csrc/pytorch/mlu/bbox_overlaps_mlu.cpp -> build/lib.linux-x86_64-cpython-312/mmcv/ops/csrc/pytorch/mlu
copying mmcv/ops/csrc/pytorch/mlu/box_iou_rotated.cpp -> build/lib.linux-x86_64-cpython-312/mmcv/ops/csrc/pytorch/mlu
copying mmcv/ops/csrc/pytorch/mlu/carafe_mlu.cpp -> build/lib.linux-x86_64-cpython-312/mmcv/ops/csrc/pytorch/mlu
copying mmcv/ops/csrc/pytorch/mlu/deform_roi_pool_mlu.cpp -> build/lib.linux-x86_64-cpython-312/mmcv/ops/csrc/pytorch/mlu
copying mmcv/ops/csrc/pytorch/mlu/diff_iou_rotated_mlu.cpp -> build/lib.linux-x86_64-cpython-312/mmcv/ops/csrc/pytorch/mlu
copying mmcv/ops/csrc/pytorch/mlu/focal_loss_sigmoid_mlu.cpp -> build/lib.linux-x86_64-cpython-312/mmcv/ops/csrc/pytorch/mlu
copying mmcv/ops/csrc/pytorch/mlu/iou3d_mlu.cpp -> build/lib.linux-x86_64-cpython-312/mmcv/ops/csrc/pytorch/mlu
copying mmcv/ops/csrc/pytorch/mlu/masked_conv2d_mlu.cpp -> build/lib.linux-x86_64-cpython-312/mmcv/ops/csrc/pytorch/mlu
copying mmcv/ops/csrc/pytorch/mlu/mlu_common_helper.cpp -> build/lib.linux-x86_64-cpython-312/mmcv/ops/csrc/pytorch/mlu
copying mmcv/ops/csrc/pytorch/mlu/mlu_common_helper.h -> build/lib.linux-x86_64-cpython-312/mmcv/ops/csrc/pytorch/mlu
copying mmcv/ops/csrc/pytorch/mlu/ms_deform_attn_mlu.cpp -> build/lib.linux-x86_64-cpython-312/mmcv/ops/csrc/pytorch/mlu
copying mmcv/ops/csrc/pytorch/mlu/nms_mlu.cpp -> build/lib.linux-x86_64-cpython-312/mmcv/ops/csrc/pytorch/mlu
copying mmcv/ops/csrc/pytorch/mlu/nms_rotated_mlu.cpp -> build/lib.linux-x86_64-cpython-312/mmcv/ops/csrc/pytorch/mlu
copying mmcv/ops/csrc/pytorch/mlu/psamask_mlu.cpp -> build/lib.linux-x86_64-cpython-312/mmcv/ops/csrc/pytorch/mlu
copying mmcv/ops/csrc/pytorch/mlu/roi_align_mlu.cpp -> build/lib.linux-x86_64-cpython-312/mmcv/ops/csrc/pytorch/mlu
copying mmcv/ops/csrc/pytorch/mlu/roi_align_rotated_mlu.cpp -> build/lib.linux-x86_64-cpython-312/mmcv/ops/csrc/pytorch/mlu
copying mmcv/ops/csrc/pytorch/mlu/roi_pool_mlu.cpp -> build/lib.linux-x86_64-cpython-312/mmcv/ops/csrc/pytorch/mlu
copying mmcv/ops/csrc/pytorch/mlu/roiaware_pool3d_mlu.cpp -> build/lib.linux-x86_64-cpython-312/mmcv/ops/csrc/pytorch/mlu
copying mmcv/ops/csrc/pytorch/mlu/roipoint_pool3d_mlu.cpp -> build/lib.linux-x86_64-cpython-312/mmcv/ops/csrc/pytorch/mlu
copying mmcv/ops/csrc/pytorch/mlu/rotated_feature_align_mlu.cpp -> build/lib.linux-x86_64-cpython-312/mmcv/ops/csrc/pytorch/mlu
copying mmcv/ops/csrc/pytorch/mlu/scatter_points_mlu.cpp -> build/lib.linux-x86_64-cpython-312/mmcv/ops/csrc/pytorch/mlu
copying mmcv/ops/csrc/pytorch/mlu/sparse_conv_mlu.cpp -> build/lib.linux-x86_64-cpython-312/mmcv/ops/csrc/pytorch/mlu
copying mmcv/ops/csrc/pytorch/mlu/three_nn_mlu.cpp -> build/lib.linux-x86_64-cpython-312/mmcv/ops/csrc/pytorch/mlu
copying mmcv/ops/csrc/pytorch/mlu/tin_shift_mlu.cpp -> build/lib.linux-x86_64-cpython-312/mmcv/ops/csrc/pytorch/mlu
copying mmcv/ops/csrc/pytorch/mlu/voxelization_mlu.cpp -> build/lib.linux-x86_64-cpython-312/mmcv/ops/csrc/pytorch/mlu
creating build/lib.linux-x86_64-cpython-312/mmcv/ops/csrc/pytorch/mps
copying mmcv/ops/csrc/pytorch/mps/bbox_overlaps_mps.mm -> build/lib.linux-x86_64-cpython-312/mmcv/ops/csrc/pytorch/mps
creating build/lib.linux-x86_64-cpython-312/mmcv/ops/csrc/pytorch/npu
copying mmcv/ops/csrc/pytorch/npu/active_rotated_filter_npu.cpp -> build/lib.linux-x86_64-cpython-312/mmcv/ops/csrc/pytorch/npu
copying mmcv/ops/csrc/pytorch/npu/bbox_overlaps_npu.cpp -> build/lib.linux-x86_64-cpython-312/mmcv/ops/csrc/pytorch/npu
copying mmcv/ops/csrc/pytorch/npu/box_iou_rotated_npu.cpp -> build/lib.linux-x86_64-cpython-312/mmcv/ops/csrc/pytorch/npu
copying mmcv/ops/csrc/pytorch/npu/deform_roi_pool.cpp -> build/lib.linux-x86_64-cpython-312/mmcv/ops/csrc/pytorch/npu
copying mmcv/ops/csrc/pytorch/npu/focal_loss_npu.cpp -> build/lib.linux-x86_64-cpython-312/mmcv/ops/csrc/pytorch/npu
copying mmcv/ops/csrc/pytorch/npu/fused_bias_leakyrelu_npu.cpp -> build/lib.linux-x86_64-cpython-312/mmcv/ops/csrc/pytorch/npu
copying mmcv/ops/csrc/pytorch/npu/gather_points_npu.cpp -> build/lib.linux-x86_64-cpython-312/mmcv/ops/csrc/pytorch/npu
copying mmcv/ops/csrc/pytorch/npu/nms_npu.cpp -> build/lib.linux-x86_64-cpython-312/mmcv/ops/csrc/pytorch/npu
copying mmcv/ops/csrc/pytorch/npu/nms_rotated_npu.cpp -> build/lib.linux-x86_64-cpython-312/mmcv/ops/csrc/pytorch/npu
copying mmcv/ops/csrc/pytorch/npu/points_in_polygons_npu.cpp -> build/lib.linux-x86_64-cpython-312/mmcv/ops/csrc/pytorch/npu
copying mmcv/ops/csrc/pytorch/npu/psa_mask_npu.cpp -> build/lib.linux-x86_64-cpython-312/mmcv/ops/csrc/pytorch/npu
copying mmcv/ops/csrc/pytorch/npu/roi_align_npu.cpp -> build/lib.linux-x86_64-cpython-312/mmcv/ops/csrc/pytorch/npu
copying mmcv/ops/csrc/pytorch/npu/roi_pool_npu.cpp -> build/lib.linux-x86_64-cpython-312/mmcv/ops/csrc/pytorch/npu
copying mmcv/ops/csrc/pytorch/npu/voxelization_npu.cpp -> build/lib.linux-x86_64-cpython-312/mmcv/ops/csrc/pytorch/npu
creating build/lib.linux-x86_64-cpython-312/mmcv/ops/csrc/tensorrt
copying mmcv/ops/csrc/tensorrt/trt_corner_pool.hpp -> build/lib.linux-x86_64-cpython-312/mmcv/ops/csrc/tensorrt
copying mmcv/ops/csrc/tensorrt/trt_cuda_helper.cuh -> build/lib.linux-x86_64-cpython-312/mmcv/ops/csrc/tensorrt
copying mmcv/ops/csrc/tensorrt/trt_cummaxmin.hpp -> build/lib.linux-x86_64-cpython-312/mmcv/ops/csrc/tensorrt
copying mmcv/ops/csrc/tensorrt/trt_deform_conv.hpp -> build/lib.linux-x86_64-cpython-312/mmcv/ops/csrc/tensorrt
copying mmcv/ops/csrc/tensorrt/trt_grid_sampler.hpp -> build/lib.linux-x86_64-cpython-312/mmcv/ops/csrc/tensorrt
copying mmcv/ops/csrc/tensorrt/trt_instance_norm.hpp -> build/lib.linux-x86_64-cpython-312/mmcv/ops/csrc/tensorrt
copying mmcv/ops/csrc/tensorrt/trt_modulated_deform_conv.hpp -> build/lib.linux-x86_64-cpython-312/mmcv/ops/csrc/tensorrt
copying mmcv/ops/csrc/tensorrt/trt_nms.hpp -> build/lib.linux-x86_64-cpython-312/mmcv/ops/csrc/tensorrt
copying mmcv/ops/csrc/tensorrt/trt_plugin.hpp -> build/lib.linux-x86_64-cpython-312/mmcv/ops/csrc/tensorrt
copying mmcv/ops/csrc/tensorrt/trt_plugin_helper.hpp -> build/lib.linux-x86_64-cpython-312/mmcv/ops/csrc/tensorrt
copying mmcv/ops/csrc/tensorrt/trt_roi_align.hpp -> build/lib.linux-x86_64-cpython-312/mmcv/ops/csrc/tensorrt
copying mmcv/ops/csrc/tensorrt/trt_scatternd.hpp -> build/lib.linux-x86_64-cpython-312/mmcv/ops/csrc/tensorrt
copying mmcv/ops/csrc/tensorrt/trt_serialize.hpp -> build/lib.linux-x86_64-cpython-312/mmcv/ops/csrc/tensorrt
creating build/lib.linux-x86_64-cpython-312/mmcv/ops/csrc/tensorrt/plugins
copying mmcv/ops/csrc/tensorrt/plugins/trt_corner_pool.cpp -> build/lib.linux-x86_64-cpython-312/mmcv/ops/csrc/tensorrt/plugins
copying mmcv/ops/csrc/tensorrt/plugins/trt_corner_pool_kernel.cu -> build/lib.linux-x86_64-cpython-312/mmcv/ops/csrc/tensorrt/plugins
copying mmcv/ops/csrc/tensorrt/plugins/trt_cuda_helper.cu -> build/lib.linux-x86_64-cpython-312/mmcv/ops/csrc/tensorrt/plugins
copying mmcv/ops/csrc/tensorrt/plugins/trt_cummaxmin.cpp -> build/lib.linux-x86_64-cpython-312/mmcv/ops/csrc/tensorrt/plugins
copying mmcv/ops/csrc/tensorrt/plugins/trt_cummaxmin_kernel.cu -> build/lib.linux-x86_64-cpython-312/mmcv/ops/csrc/tensorrt/plugins
copying mmcv/ops/csrc/tensorrt/plugins/trt_deform_conv.cpp -> build/lib.linux-x86_64-cpython-312/mmcv/ops/csrc/tensorrt/plugins
copying mmcv/ops/csrc/tensorrt/plugins/trt_deform_conv_kernel.cu -> build/lib.linux-x86_64-cpython-312/mmcv/ops/csrc/tensorrt/plugins
copying mmcv/ops/csrc/tensorrt/plugins/trt_grid_sampler.cpp -> build/lib.linux-x86_64-cpython-312/mmcv/ops/csrc/tensorrt/plugins
copying mmcv/ops/csrc/tensorrt/plugins/trt_grid_sampler_kernel.cu -> build/lib.linux-x86_64-cpython-312/mmcv/ops/csrc/tensorrt/plugins
copying mmcv/ops/csrc/tensorrt/plugins/trt_instance_norm.cpp -> build/lib.linux-x86_64-cpython-312/mmcv/ops/csrc/tensorrt/plugins
copying mmcv/ops/csrc/tensorrt/plugins/trt_modulated_deform_conv.cpp -> build/lib.linux-x86_64-cpython-312/mmcv/ops/csrc/tensorrt/plugins
copying mmcv/ops/csrc/tensorrt/plugins/trt_modulated_deform_conv_kernel.cu -> build/lib.linux-x86_64-cpython-312/mmcv/ops/csrc/tensorrt/plugins
copying mmcv/ops/csrc/tensorrt/plugins/trt_nms.cpp -> build/lib.linux-x86_64-cpython-312/mmcv/ops/csrc/tensorrt/plugins
copying mmcv/ops/csrc/tensorrt/plugins/trt_nms_kernel.cu -> build/lib.linux-x86_64-cpython-312/mmcv/ops/csrc/tensorrt/plugins
copying mmcv/ops/csrc/tensorrt/plugins/trt_plugin.cpp -> build/lib.linux-x86_64-cpython-312/mmcv/ops/csrc/tensorrt/plugins
copying mmcv/ops/csrc/tensorrt/plugins/trt_roi_align.cpp -> build/lib.linux-x86_64-cpython-312/mmcv/ops/csrc/tensorrt/plugins
copying mmcv/ops/csrc/tensorrt/plugins/trt_roi_align_kernel.cu -> build/lib.linux-x86_64-cpython-312/mmcv/ops/csrc/tensorrt/plugins
copying mmcv/ops/csrc/tensorrt/plugins/trt_scatternd.cpp -> build/lib.linux-x86_64-cpython-312/mmcv/ops/csrc/tensorrt/plugins
copying mmcv/ops/csrc/tensorrt/plugins/trt_scatternd_kernel.cu -> build/lib.linux-x86_64-cpython-312/mmcv/ops/csrc/tensorrt/plugins
warning: build_py: byte-compiling is disabled, skipping.

running build_ext
/mnt/nfs2/engdes/wc296/paper6/envs/torch-cu128-001/lib/python3.12/site-packages/torch/utils/cpp_extension.py:490: UserWarning: There are no g++ version bounds defined for CUDA version 12.8
  warnings.warn(f'There are no {compiler_name} version bounds defined for CUDA version {cuda_str_version}')
building 'mmcv._ext' extension
creating build/temp.linux-x86_64-cpython-312/mmcv/ops/csrc/pytorch
creating build/temp.linux-x86_64-cpython-312/mmcv/ops/csrc/pytorch/cpu
creating build/temp.linux-x86_64-cpython-312/mmcv/ops/csrc/pytorch/cuda
g++ -pthread -B /its/home/wc296/miniconda3/compiler_compat -fno-strict-overflow -Wsign-compare -DNDEBUG -O2 -Wall -fPIC -O2 -isystem /its/home/wc296/miniconda3/include -fPIC -O2 -isystem /its/home/wc296/miniconda3/include -fPIC -DMMCV_WITH_CUDA -I/mnt/nfs2/engdes/wc296/paper6/dependencies/artemis-framework-overlay-005/source/mmcv-full-1.7.2/mmcv/ops/csrc/pytorch -I/mnt/nfs2/engdes/wc296/paper6/dependencies/artemis-framework-overlay-005/source/mmcv-full-1.7.2/mmcv/ops/csrc/common -I/mnt/nfs2/engdes/wc296/paper6/dependencies/artemis-framework-overlay-005/source/mmcv-full-1.7.2/mmcv/ops/csrc/common/cuda -I/mnt/nfs2/engdes/wc296/paper6/envs/torch-cu128-001/lib/python3.12/site-packages/torch/include -I/mnt/nfs2/engdes/wc296/paper6/envs/torch-cu128-001/lib/python3.12/site-packages/torch/include/torch/csrc/api/include -I/mnt/nfs2/engdes/wc296/paper6/toolchains/cuda-12.8-001/include -I/mnt/nfs2/engdes/wc296/paper6/envs/torch-cu128-001/include -I/its/home/wc296/miniconda3/include/python3.12 -c ./mmcv/ops/csrc/pytorch/active_rotated_filter.cpp -o build/temp.linux-x86_64-cpython-312/mmcv/ops/csrc/pytorch/active_rotated_filter.o -std=c++17 -DTORCH_API_INCLUDE_EXTENSION_H -DPYBIND11_COMPILER_TYPE=\"_gcc\" -DPYBIND11_STDLIB=\"_libstdcpp\" -DPYBIND11_BUILD_ABI=\"_cxxabi1016\" -DTORCH_EXTENSION_NAME=_ext -D_GLIBCXX_USE_CXX11_ABI=1
g++ -pthread -B /its/home/wc296/miniconda3/compiler_compat -fno-strict-overflow -Wsign-compare -DNDEBUG -O2 -Wall -fPIC -O2 -isystem /its/home/wc296/miniconda3/include -fPIC -O2 -isystem /its/home/wc296/miniconda3/include -fPIC -DMMCV_WITH_CUDA -I/mnt/nfs2/engdes/wc296/paper6/dependencies/artemis-framework-overlay-005/source/mmcv-full-1.7.2/mmcv/ops/csrc/pytorch -I/mnt/nfs2/engdes/wc296/paper6/dependencies/artemis-framework-overlay-005/source/mmcv-full-1.7.2/mmcv/ops/csrc/common -I/mnt/nfs2/engdes/wc296/paper6/dependencies/artemis-framework-overlay-005/source/mmcv-full-1.7.2/mmcv/ops/csrc/common/cuda -I/mnt/nfs2/engdes/wc296/paper6/envs/torch-cu128-001/lib/python3.12/site-packages/torch/include -I/mnt/nfs2/engdes/wc296/paper6/envs/torch-cu128-001/lib/python3.12/site-packages/torch/include/torch/csrc/api/include -I/mnt/nfs2/engdes/wc296/paper6/toolchains/cuda-12.8-001/include -I/mnt/nfs2/engdes/wc296/paper6/envs/torch-cu128-001/include -I/its/home/wc296/miniconda3/include/python3.12 -c ./mmcv/ops/csrc/pytorch/assign_score_withk.cpp -o build/temp.linux-x86_64-cpython-312/mmcv/ops/csrc/pytorch/assign_score_withk.o -std=c++17 -DTORCH_API_INCLUDE_EXTENSION_H -DPYBIND11_COMPILER_TYPE=\"_gcc\" -DPYBIND11_STDLIB=\"_libstdcpp\" -DPYBIND11_BUILD_ABI=\"_cxxabi1016\" -DTORCH_EXTENSION_NAME=_ext -D_GLIBCXX_USE_CXX11_ABI=1
g++ -pthread -B /its/home/wc296/miniconda3/compiler_compat -fno-strict-overflow -Wsign-compare -DNDEBUG -O2 -Wall -fPIC -O2 -isystem /its/home/wc296/miniconda3/include -fPIC -O2 -isystem /its/home/wc296/miniconda3/include -fPIC -DMMCV_WITH_CUDA -I/mnt/nfs2/engdes/wc296/paper6/dependencies/artemis-framework-overlay-005/source/mmcv-full-1.7.2/mmcv/ops/csrc/pytorch -I/mnt/nfs2/engdes/wc296/paper6/dependencies/artemis-framework-overlay-005/source/mmcv-full-1.7.2/mmcv/ops/csrc/common -I/mnt/nfs2/engdes/wc296/paper6/dependencies/artemis-framework-overlay-005/source/mmcv-full-1.7.2/mmcv/ops/csrc/common/cuda -I/mnt/nfs2/engdes/wc296/paper6/envs/torch-cu128-001/lib/python3.12/site-packages/torch/include -I/mnt/nfs2/engdes/wc296/paper6/envs/torch-cu128-001/lib/python3.12/site-packages/torch/include/torch/csrc/api/include -I/mnt/nfs2/engdes/wc296/paper6/toolchains/cuda-12.8-001/include -I/mnt/nfs2/engdes/wc296/paper6/envs/torch-cu128-001/include -I/its/home/wc296/miniconda3/include/python3.12 -c ./mmcv/ops/csrc/pytorch/ball_query.cpp -o build/temp.linux-x86_64-cpython-312/mmcv/ops/csrc/pytorch/ball_query.o -std=c++17 -DTORCH_API_INCLUDE_EXTENSION_H -DPYBIND11_COMPILER_TYPE=\"_gcc\" -DPYBIND11_STDLIB=\"_libstdcpp\" -DPYBIND11_BUILD_ABI=\"_cxxabi1016\" -DTORCH_EXTENSION_NAME=_ext -D_GLIBCXX_USE_CXX11_ABI=1
g++ -pthread -B /its/home/wc296/miniconda3/compiler_compat -fno-strict-overflow -Wsign-compare -DNDEBUG -O2 -Wall -fPIC -O2 -isystem /its/home/wc296/miniconda3/include -fPIC -O2 -isystem /its/home/wc296/miniconda3/include -fPIC -DMMCV_WITH_CUDA -I/mnt/nfs2/engdes/wc296/paper6/dependencies/artemis-framework-overlay-005/source/mmcv-full-1.7.2/mmcv/ops/csrc/pytorch -I/mnt/nfs2/engdes/wc296/paper6/dependencies/artemis-framework-overlay-005/source/mmcv-full-1.7.2/mmcv/ops/csrc/common -I/mnt/nfs2/engdes/wc296/paper6/dependencies/artemis-framework-overlay-005/source/mmcv-full-1.7.2/mmcv/ops/csrc/common/cuda -I/mnt/nfs2/engdes/wc296/paper6/envs/torch-cu128-001/lib/python3.12/site-packages/torch/include -I/mnt/nfs2/engdes/wc296/paper6/envs/torch-cu128-001/lib/python3.12/site-packages/torch/include/torch/csrc/api/include -I/mnt/nfs2/engdes/wc296/paper6/toolchains/cuda-12.8-001/include -I/mnt/nfs2/engdes/wc296/paper6/envs/torch-cu128-001/include -I/its/home/wc296/miniconda3/include/python3.12 -c ./mmcv/ops/csrc/pytorch/bbox_overlaps.cpp -o build/temp.linux-x86_64-cpython-312/mmcv/ops/csrc/pytorch/bbox_overlaps.o -std=c++17 -DTORCH_API_INCLUDE_EXTENSION_H -DPYBIND11_COMPILER_TYPE=\"_gcc\" -DPYBIND11_STDLIB=\"_libstdcpp\" -DPYBIND11_BUILD_ABI=\"_cxxabi1016\" -DTORCH_EXTENSION_NAME=_ext -D_GLIBCXX_USE_CXX11_ABI=1
g++ -pthread -B /its/home/wc296/miniconda3/compiler_compat -fno-strict-overflow -Wsign-compare -DNDEBUG -O2 -Wall -fPIC -O2 -isystem /its/home/wc296/miniconda3/include -fPIC -O2 -isystem /its/home/wc296/miniconda3/include -fPIC -DMMCV_WITH_CUDA -I/mnt/nfs2/engdes/wc296/paper6/dependencies/artemis-framework-overlay-005/source/mmcv-full-1.7.2/mmcv/ops/csrc/pytorch -I/mnt/nfs2/engdes/wc296/paper6/dependencies/artemis-framework-overlay-005/source/mmcv-full-1.7.2/mmcv/ops/csrc/common -I/mnt/nfs2/engdes/wc296/paper6/dependencies/artemis-framework-overlay-005/source/mmcv-full-1.7.2/mmcv/ops/csrc/common/cuda -I/mnt/nfs2/engdes/wc296/paper6/envs/torch-cu128-001/lib/python3.12/site-packages/torch/include -I/mnt/nfs2/engdes/wc296/paper6/envs/torch-cu128-001/lib/python3.12/site-packages/torch/include/torch/csrc/api/include -I/mnt/nfs2/engdes/wc296/paper6/toolchains/cuda-12.8-001/include -I/mnt/nfs2/engdes/wc296/paper6/envs/torch-cu128-001/include -I/its/home/wc296/miniconda3/include/python3.12 -c ./mmcv/ops/csrc/pytorch/border_align.cpp -o build/temp.linux-x86_64-cpython-312/mmcv/ops/csrc/pytorch/border_align.o -std=c++17 -DTORCH_API_INCLUDE_EXTENSION_H -DPYBIND11_COMPILER_TYPE=\"_gcc\" -DPYBIND11_STDLIB=\"_libstdcpp\" -DPYBIND11_BUILD_ABI=\"_cxxabi1016\" -DTORCH_EXTENSION_NAME=_ext -D_GLIBCXX_USE_CXX11_ABI=1
g++ -pthread -B /its/home/wc296/miniconda3/compiler_compat -fno-strict-overflow -Wsign-compare -DNDEBUG -O2 -Wall -fPIC -O2 -isystem /its/home/wc296/miniconda3/include -fPIC -O2 -isystem /its/home/wc296/miniconda3/include -fPIC -DMMCV_WITH_CUDA -I/mnt/nfs2/engdes/wc296/paper6/dependencies/artemis-framework-overlay-005/source/mmcv-full-1.7.2/mmcv/ops/csrc/pytorch -I/mnt/nfs2/engdes/wc296/paper6/dependencies/artemis-framework-overlay-005/source/mmcv-full-1.7.2/mmcv/ops/csrc/common -I/mnt/nfs2/engdes/wc296/paper6/dependencies/artemis-framework-overlay-005/source/mmcv-full-1.7.2/mmcv/ops/csrc/common/cuda -I/mnt/nfs2/engdes/wc296/paper6/envs/torch-cu128-001/lib/python3.12/site-packages/torch/include -I/mnt/nfs2/engdes/wc296/paper6/envs/torch-cu128-001/lib/python3.12/site-packages/torch/include/torch/csrc/api/include -I/mnt/nfs2/engdes/wc296/paper6/toolchains/cuda-12.8-001/include -I/mnt/nfs2/engdes/wc296/paper6/envs/torch-cu128-001/include -I/its/home/wc296/miniconda3/include/python3.12 -c ./mmcv/ops/csrc/pytorch/box_iou_quadri.cpp -o build/temp.linux-x86_64-cpython-312/mmcv/ops/csrc/pytorch/box_iou_quadri.o -std=c++17 -DTORCH_API_INCLUDE_EXTENSION_H -DPYBIND11_COMPILER_TYPE=\"_gcc\" -DPYBIND11_STDLIB=\"_libstdcpp\" -DPYBIND11_BUILD_ABI=\"_cxxabi1016\" -DTORCH_EXTENSION_NAME=_ext -D_GLIBCXX_USE_CXX11_ABI=1
g++ -pthread -B /its/home/wc296/miniconda3/compiler_compat -fno-strict-overflow -Wsign-compare -DNDEBUG -O2 -Wall -fPIC -O2 -isystem /its/home/wc296/miniconda3/include -fPIC -O2 -isystem /its/home/wc296/miniconda3/include -fPIC -DMMCV_WITH_CUDA -I/mnt/nfs2/engdes/wc296/paper6/dependencies/artemis-framework-overlay-005/source/mmcv-full-1.7.2/mmcv/ops/csrc/pytorch -I/mnt/nfs2/engdes/wc296/paper6/dependencies/artemis-framework-overlay-005/source/mmcv-full-1.7.2/mmcv/ops/csrc/common -I/mnt/nfs2/engdes/wc296/paper6/dependencies/artemis-framework-overlay-005/source/mmcv-full-1.7.2/mmcv/ops/csrc/common/cuda -I/mnt/nfs2/engdes/wc296/paper6/envs/torch-cu128-001/lib/python3.12/site-packages/torch/include -I/mnt/nfs2/engdes/wc296/paper6/envs/torch-cu128-001/lib/python3.12/site-packages/torch/include/torch/csrc/api/include -I/mnt/nfs2/engdes/wc296/paper6/toolchains/cuda-12.8-001/include -I/mnt/nfs2/engdes/wc296/paper6/envs/torch-cu128-001/include -I/its/home/wc296/miniconda3/include/python3.12 -c ./mmcv/ops/csrc/pytorch/box_iou_rotated.cpp -o build/temp.linux-x86_64-cpython-312/mmcv/ops/csrc/pytorch/box_iou_rotated.o -std=c++17 -DTORCH_API_INCLUDE_EXTENSION_H -DPYBIND11_COMPILER_TYPE=\"_gcc\" -DPYBIND11_STDLIB=\"_libstdcpp\" -DPYBIND11_BUILD_ABI=\"_cxxabi1016\" -DTORCH_EXTENSION_NAME=_ext -D_GLIBCXX_USE_CXX11_ABI=1
g++ -pthread -B /its/home/wc296/miniconda3/compiler_compat -fno-strict-overflow -Wsign-compare -DNDEBUG -O2 -Wall -fPIC -O2 -isystem /its/home/wc296/miniconda3/include -fPIC -O2 -isystem /its/home/wc296/miniconda3/include -fPIC -DMMCV_WITH_CUDA -I/mnt/nfs2/engdes/wc296/paper6/dependencies/artemis-framework-overlay-005/source/mmcv-full-1.7.2/mmcv/ops/csrc/pytorch -I/mnt/nfs2/engdes/wc296/paper6/dependencies/artemis-framework-overlay-005/source/mmcv-full-1.7.2/mmcv/ops/csrc/common -I/mnt/nfs2/engdes/wc296/paper6/dependencies/artemis-framework-overlay-005/source/mmcv-full-1.7.2/mmcv/ops/csrc/common/cuda -I/mnt/nfs2/engdes/wc296/paper6/envs/torch-cu128-001/lib/python3.12/site-packages/torch/include -I/mnt/nfs2/engdes/wc296/paper6/envs/torch-cu128-001/lib/python3.12/site-packages/torch/include/torch/csrc/api/include -I/mnt/nfs2/engdes/wc296/paper6/toolchains/cuda-12.8-001/include -I/mnt/nfs2/engdes/wc296/paper6/envs/torch-cu128-001/include -I/its/home/wc296/miniconda3/include/python3.12 -c ./mmcv/ops/csrc/pytorch/carafe.cpp -o build/temp.linux-x86_64-cpython-312/mmcv/ops/csrc/pytorch/carafe.o -std=c++17 -DTORCH_API_INCLUDE_EXTENSION_H -DPYBIND11_COMPILER_TYPE=\"_gcc\" -DPYBIND11_STDLIB=\"_libstdcpp\" -DPYBIND11_BUILD_ABI=\"_cxxabi1016\" -DTORCH_EXTENSION_NAME=_ext -D_GLIBCXX_USE_CXX11_ABI=1
g++ -pthread -B /its/home/wc296/miniconda3/compiler_compat -fno-strict-overflow -Wsign-compare -DNDEBUG -O2 -Wall -fPIC -O2 -isystem /its/home/wc296/miniconda3/include -fPIC -O2 -isystem /its/home/wc296/miniconda3/include -fPIC -DMMCV_WITH_CUDA -I/mnt/nfs2/engdes/wc296/paper6/dependencies/artemis-framework-overlay-005/source/mmcv-full-1.7.2/mmcv/ops/csrc/pytorch -I/mnt/nfs2/engdes/wc296/paper6/dependencies/artemis-framework-overlay-005/source/mmcv-full-1.7.2/mmcv/ops/csrc/common -I/mnt/nfs2/engdes/wc296/paper6/dependencies/artemis-framework-overlay-005/source/mmcv-full-1.7.2/mmcv/ops/csrc/common/cuda -I/mnt/nfs2/engdes/wc296/paper6/envs/torch-cu128-001/lib/python3.12/site-packages/torch/include -I/mnt/nfs2/engdes/wc296/paper6/envs/torch-cu128-001/lib/python3.12/site-packages/torch/include/torch/csrc/api/include -I/mnt/nfs2/engdes/wc296/paper6/toolchains/cuda-12.8-001/include -I/mnt/nfs2/engdes/wc296/paper6/envs/torch-cu128-001/include -I/its/home/wc296/miniconda3/include/python3.12 -c ./mmcv/ops/csrc/pytorch/carafe_naive.cpp -o build/temp.linux-x86_64-cpython-312/mmcv/ops/csrc/pytorch/carafe_naive.o -std=c++17 -DTORCH_API_INCLUDE_EXTENSION_H -DPYBIND11_COMPILER_TYPE=\"_gcc\" -DPYBIND11_STDLIB=\"_libstdcpp\" -DPYBIND11_BUILD_ABI=\"_cxxabi1016\" -DTORCH_EXTENSION_NAME=_ext -D_GLIBCXX_USE_CXX11_ABI=1
g++ -pthread -B /its/home/wc296/miniconda3/compiler_compat -fno-strict-overflow -Wsign-compare -DNDEBUG -O2 -Wall -fPIC -O2 -isystem /its/home/wc296/miniconda3/include -fPIC -O2 -isystem /its/home/wc296/miniconda3/include -fPIC -DMMCV_WITH_CUDA -I/mnt/nfs2/engdes/wc296/paper6/dependencies/artemis-framework-overlay-005/source/mmcv-full-1.7.2/mmcv/ops/csrc/pytorch -I/mnt/nfs2/engdes/wc296/paper6/dependencies/artemis-framework-overlay-005/source/mmcv-full-1.7.2/mmcv/ops/csrc/common -I/mnt/nfs2/engdes/wc296/paper6/dependencies/artemis-framework-overlay-005/source/mmcv-full-1.7.2/mmcv/ops/csrc/common/cuda -I/mnt/nfs2/engdes/wc296/paper6/envs/torch-cu128-001/lib/python3.12/site-packages/torch/include -I/mnt/nfs2/engdes/wc296/paper6/envs/torch-cu128-001/lib/python3.12/site-packages/torch/include/torch/csrc/api/include -I/mnt/nfs2/engdes/wc296/paper6/toolchains/cuda-12.8-001/include -I/mnt/nfs2/engdes/wc296/paper6/envs/torch-cu128-001/include -I/its/home/wc296/miniconda3/include/python3.12 -c ./mmcv/ops/csrc/pytorch/chamfer_distance.cpp -o build/temp.linux-x86_64-cpython-312/mmcv/ops/csrc/pytorch/chamfer_distance.o -std=c++17 -DTORCH_API_INCLUDE_EXTENSION_H -DPYBIND11_COMPILER_TYPE=\"_gcc\" -DPYBIND11_STDLIB=\"_libstdcpp\" -DPYBIND11_BUILD_ABI=\"_cxxabi1016\" -DTORCH_EXTENSION_NAME=_ext -D_GLIBCXX_USE_CXX11_ABI=1
g++ -pthread -B /its/home/wc296/miniconda3/compiler_compat -fno-strict-overflow -Wsign-compare -DNDEBUG -O2 -Wall -fPIC -O2 -isystem /its/home/wc296/miniconda3/include -fPIC -O2 -isystem /its/home/wc296/miniconda3/include -fPIC -DMMCV_WITH_CUDA -I/mnt/nfs2/engdes/wc296/paper6/dependencies/artemis-framework-overlay-005/source/mmcv-full-1.7.2/mmcv/ops/csrc/pytorch -I/mnt/nfs2/engdes/wc296/paper6/dependencies/artemis-framework-overlay-005/source/mmcv-full-1.7.2/mmcv/ops/csrc/common -I/mnt/nfs2/engdes/wc296/paper6/dependencies/artemis-framework-overlay-005/source/mmcv-full-1.7.2/mmcv/ops/csrc/common/cuda -I/mnt/nfs2/engdes/wc296/paper6/envs/torch-cu128-001/lib/python3.12/site-packages/torch/include -I/mnt/nfs2/engdes/wc296/paper6/envs/torch-cu128-001/lib/python3.12/site-packages/torch/include/torch/csrc/api/include -I/mnt/nfs2/engdes/wc296/paper6/toolchains/cuda-12.8-001/include -I/mnt/nfs2/engdes/wc296/paper6/envs/torch-cu128-001/include -I/its/home/wc296/miniconda3/include/python3.12 -c ./mmcv/ops/csrc/pytorch/contour_expand.cpp -o build/temp.linux-x86_64-cpython-312/mmcv/ops/csrc/pytorch/contour_expand.o -std=c++17 -DTORCH_API_INCLUDE_EXTENSION_H -DPYBIND11_COMPILER_TYPE=\"_gcc\" -DPYBIND11_STDLIB=\"_libstdcpp\" -DPYBIND11_BUILD_ABI=\"_cxxabi1016\" -DTORCH_EXTENSION_NAME=_ext -D_GLIBCXX_USE_CXX11_ABI=1
g++ -pthread -B /its/home/wc296/miniconda3/compiler_compat -fno-strict-overflow -Wsign-compare -DNDEBUG -O2 -Wall -fPIC -O2 -isystem /its/home/wc296/miniconda3/include -fPIC -O2 -isystem /its/home/wc296/miniconda3/include -fPIC -DMMCV_WITH_CUDA -I/mnt/nfs2/engdes/wc296/paper6/dependencies/artemis-framework-overlay-005/source/mmcv-full-1.7.2/mmcv/ops/csrc/pytorch -I/mnt/nfs2/engdes/wc296/paper6/dependencies/artemis-framework-overlay-005/source/mmcv-full-1.7.2/mmcv/ops/csrc/common -I/mnt/nfs2/engdes/wc296/paper6/dependencies/artemis-framework-overlay-005/source/mmcv-full-1.7.2/mmcv/ops/csrc/common/cuda -I/mnt/nfs2/engdes/wc296/paper6/envs/torch-cu128-001/lib/python3.12/site-packages/torch/include -I/mnt/nfs2/engdes/wc296/paper6/envs/torch-cu128-001/lib/python3.12/site-packages/torch/include/torch/csrc/api/include -I/mnt/nfs2/engdes/wc296/paper6/toolchains/cuda-12.8-001/include -I/mnt/nfs2/engdes/wc296/paper6/envs/torch-cu128-001/include -I/its/home/wc296/miniconda3/include/python3.12 -c ./mmcv/ops/csrc/pytorch/convex_iou.cpp -o build/temp.linux-x86_64-cpython-312/mmcv/ops/csrc/pytorch/convex_iou.o -std=c++17 -DTORCH_API_INCLUDE_EXTENSION_H -DPYBIND11_COMPILER_TYPE=\"_gcc\" -DPYBIND11_STDLIB=\"_libstdcpp\" -DPYBIND11_BUILD_ABI=\"_cxxabi1016\" -DTORCH_EXTENSION_NAME=_ext -D_GLIBCXX_USE_CXX11_ABI=1
g++ -pthread -B /its/home/wc296/miniconda3/compiler_compat -fno-strict-overflow -Wsign-compare -DNDEBUG -O2 -Wall -fPIC -O2 -isystem /its/home/wc296/miniconda3/include -fPIC -O2 -isystem /its/home/wc296/miniconda3/include -fPIC -DMMCV_WITH_CUDA -I/mnt/nfs2/engdes/wc296/paper6/dependencies/artemis-framework-overlay-005/source/mmcv-full-1.7.2/mmcv/ops/csrc/pytorch -I/mnt/nfs2/engdes/wc296/paper6/dependencies/artemis-framework-overlay-005/source/mmcv-full-1.7.2/mmcv/ops/csrc/common -I/mnt/nfs2/engdes/wc296/paper6/dependencies/artemis-framework-overlay-005/source/mmcv-full-1.7.2/mmcv/ops/csrc/common/cuda -I/mnt/nfs2/engdes/wc296/paper6/envs/torch-cu128-001/lib/python3.12/site-packages/torch/include -I/mnt/nfs2/engdes/wc296/paper6/envs/torch-cu128-001/lib/python3.12/site-packages/torch/include/torch/csrc/api/include -I/mnt/nfs2/engdes/wc296/paper6/toolchains/cuda-12.8-001/include -I/mnt/nfs2/engdes/wc296/paper6/envs/torch-cu128-001/include -I/its/home/wc296/miniconda3/include/python3.12 -c ./mmcv/ops/csrc/pytorch/correlation.cpp -o build/temp.linux-x86_64-cpython-312/mmcv/ops/csrc/pytorch/correlation.o -std=c++17 -DTORCH_API_INCLUDE_EXTENSION_H -DPYBIND11_COMPILER_TYPE=\"_gcc\" -DPYBIND11_STDLIB=\"_libstdcpp\" -DPYBIND11_BUILD_ABI=\"_cxxabi1016\" -DTORCH_EXTENSION_NAME=_ext -D_GLIBCXX_USE_CXX11_ABI=1
g++ -pthread -B /its/home/wc296/miniconda3/compiler_compat -fno-strict-overflow -Wsign-compare -DNDEBUG -O2 -Wall -fPIC -O2 -isystem /its/home/wc296/miniconda3/include -fPIC -O2 -isystem /its/home/wc296/miniconda3/include -fPIC -DMMCV_WITH_CUDA -I/mnt/nfs2/engdes/wc296/paper6/dependencies/artemis-framework-overlay-005/source/mmcv-full-1.7.2/mmcv/ops/csrc/pytorch -I/mnt/nfs2/engdes/wc296/paper6/dependencies/artemis-framework-overlay-005/source/mmcv-full-1.7.2/mmcv/ops/csrc/common -I/mnt/nfs2/engdes/wc296/paper6/dependencies/artemis-framework-overlay-005/source/mmcv-full-1.7.2/mmcv/ops/csrc/common/cuda -I/mnt/nfs2/engdes/wc296/paper6/envs/torch-cu128-001/lib/python3.12/site-packages/torch/include -I/mnt/nfs2/engdes/wc296/paper6/envs/torch-cu128-001/lib/python3.12/site-packages/torch/include/torch/csrc/api/include -I/mnt/nfs2/engdes/wc296/paper6/toolchains/cuda-12.8-001/include -I/mnt/nfs2/engdes/wc296/paper6/envs/torch-cu128-001/include -I/its/home/wc296/miniconda3/include/python3.12 -c ./mmcv/ops/csrc/pytorch/cpu/active_rotated_filter.cpp -o build/temp.linux-x86_64-cpython-312/mmcv/ops/csrc/pytorch/cpu/active_rotated_filter.o -std=c++17 -DTORCH_API_INCLUDE_EXTENSION_H -DPYBIND11_COMPILER_TYPE=\"_gcc\" -DPYBIND11_STDLIB=\"_libstdcpp\" -DPYBIND11_BUILD_ABI=\"_cxxabi1016\" -DTORCH_EXTENSION_NAME=_ext -D_GLIBCXX_USE_CXX11_ABI=1
./mmcv/ops/csrc/pytorch/cpu/active_rotated_filter.cpp:16: warning: ignoring ‘#pragma omp parallel’ [-Wunknown-pragmas]
   16 | #pragma omp parallel for private(i, j, l, k)
      | 
./mmcv/ops/csrc/pytorch/cpu/active_rotated_filter.cpp:44: warning: ignoring ‘#pragma omp parallel’ [-Wunknown-pragmas]
   44 | #pragma omp parallel for private(i, j, l, k)
      | 
g++ -pthread -B /its/home/wc296/miniconda3/compiler_compat -fno-strict-overflow -Wsign-compare -DNDEBUG -O2 -Wall -fPIC -O2 -isystem /its/home/wc296/miniconda3/include -fPIC -O2 -isystem /its/home/wc296/miniconda3/include -fPIC -DMMCV_WITH_CUDA -I/mnt/nfs2/engdes/wc296/paper6/dependencies/artemis-framework-overlay-005/source/mmcv-full-1.7.2/mmcv/ops/csrc/pytorch -I/mnt/nfs2/engdes/wc296/paper6/dependencies/artemis-framework-overlay-005/source/mmcv-full-1.7.2/mmcv/ops/csrc/common -I/mnt/nfs2/engdes/wc296/paper6/dependencies/artemis-framework-overlay-005/source/mmcv-full-1.7.2/mmcv/ops/csrc/common/cuda -I/mnt/nfs2/engdes/wc296/paper6/envs/torch-cu128-001/lib/python3.12/site-packages/torch/include -I/mnt/nfs2/engdes/wc296/paper6/envs/torch-cu128-001/lib/python3.12/site-packages/torch/include/torch/csrc/api/include -I/mnt/nfs2/engdes/wc296/paper6/toolchains/cuda-12.8-001/include -I/mnt/nfs2/engdes/wc296/paper6/envs/torch-cu128-001/include -I/its/home/wc296/miniconda3/include/python3.12 -c ./mmcv/ops/csrc/pytorch/cpu/bbox_overlaps_cpu.cpp -o build/temp.linux-x86_64-cpython-312/mmcv/ops/csrc/pytorch/cpu/bbox_overlaps_cpu.o -std=c++17 -DTORCH_API_INCLUDE_EXTENSION_H -DPYBIND11_COMPILER_TYPE=\"_gcc\" -DPYBIND11_STDLIB=\"_libstdcpp\" -DPYBIND11_BUILD_ABI=\"_cxxabi1016\" -DTORCH_EXTENSION_NAME=_ext -D_GLIBCXX_USE_CXX11_ABI=1
g++ -pthread -B /its/home/wc296/miniconda3/compiler_compat -fno-strict-overflow -Wsign-compare -DNDEBUG -O2 -Wall -fPIC -O2 -isystem /its/home/wc296/miniconda3/include -fPIC -O2 -isystem /its/home/wc296/miniconda3/include -fPIC -DMMCV_WITH_CUDA -I/mnt/nfs2/engdes/wc296/paper6/dependencies/artemis-framework-overlay-005/source/mmcv-full-1.7.2/mmcv/ops/csrc/pytorch -I/mnt/nfs2/engdes/wc296/paper6/dependencies/artemis-framework-overlay-005/source/mmcv-full-1.7.2/mmcv/ops/csrc/common -I/mnt/nfs2/engdes/wc296/paper6/dependencies/artemis-framework-overlay-005/source/mmcv-full-1.7.2/mmcv/ops/csrc/common/cuda -I/mnt/nfs2/engdes/wc296/paper6/envs/torch-cu128-001/lib/python3.12/site-packages/torch/include -I/mnt/nfs2/engdes/wc296/paper6/envs/torch-cu128-001/lib/python3.12/site-packages/torch/include/torch/csrc/api/include -I/mnt/nfs2/engdes/wc296/paper6/toolchains/cuda-12.8-001/include -I/mnt/nfs2/engdes/wc296/paper6/envs/torch-cu128-001/include -I/its/home/wc296/miniconda3/include/python3.12 -c ./mmcv/ops/csrc/pytorch/cpu/box_iou_quadri.cpp -o build/temp.linux-x86_64-cpython-312/mmcv/ops/csrc/pytorch/cpu/box_iou_quadri.o -std=c++17 -DTORCH_API_INCLUDE_EXTENSION_H -DPYBIND11_COMPILER_TYPE=\"_gcc\" -DPYBIND11_STDLIB=\"_libstdcpp\" -DPYBIND11_BUILD_ABI=\"_cxxabi1016\" -DTORCH_EXTENSION_NAME=_ext -D_GLIBCXX_USE_CXX11_ABI=1
In file included from ./mmcv/ops/csrc/pytorch/cpu/box_iou_quadri.cpp:2:
/mnt/nfs2/engdes/wc296/paper6/dependencies/artemis-framework-overlay-005/source/mmcv-full-1.7.2/mmcv/ops/csrc/common/box_iou_rotated_utils.hpp:276: warning: ignoring ‘#pragma unroll ’ [-Wunknown-pragmas]
  276 | #pragma unroll
      | 
g++ -pthread -B /its/home/wc296/miniconda3/compiler_compat -fno-strict-overflow -Wsign-compare -DNDEBUG -O2 -Wall -fPIC -O2 -isystem /its/home/wc296/miniconda3/include -fPIC -O2 -isystem /its/home/wc296/miniconda3/include -fPIC -DMMCV_WITH_CUDA -I/mnt/nfs2/engdes/wc296/paper6/dependencies/artemis-framework-overlay-005/source/mmcv-full-1.7.2/mmcv/ops/csrc/pytorch -I/mnt/nfs2/engdes/wc296/paper6/dependencies/artemis-framework-overlay-005/source/mmcv-full-1.7.2/mmcv/ops/csrc/common -I/mnt/nfs2/engdes/wc296/paper6/dependencies/artemis-framework-overlay-005/source/mmcv-full-1.7.2/mmcv/ops/csrc/common/cuda -I/mnt/nfs2/engdes/wc296/paper6/envs/torch-cu128-001/lib/python3.12/site-packages/torch/include -I/mnt/nfs2/engdes/wc296/paper6/envs/torch-cu128-001/lib/python3.12/site-packages/torch/include/torch/csrc/api/include -I/mnt/nfs2/engdes/wc296/paper6/toolchains/cuda-12.8-001/include -I/mnt/nfs2/engdes/wc296/paper6/envs/torch-cu128-001/include -I/its/home/wc296/miniconda3/include/python3.12 -c ./mmcv/ops/csrc/pytorch/cpu/box_iou_rotated.cpp -o build/temp.linux-x86_64-cpython-312/mmcv/ops/csrc/pytorch/cpu/box_iou_rotated.o -std=c++17 -DTORCH_API_INCLUDE_EXTENSION_H -DPYBIND11_COMPILER_TYPE=\"_gcc\" -DPYBIND11_STDLIB=\"_libstdcpp\" -DPYBIND11_BUILD_ABI=\"_cxxabi1016\" -DTORCH_EXTENSION_NAME=_ext -D_GLIBCXX_USE_CXX11_ABI=1
In file included from ./mmcv/ops/csrc/pytorch/cpu/box_iou_rotated.cpp:4:
/mnt/nfs2/engdes/wc296/paper6/dependencies/artemis-framework-overlay-005/source/mmcv-full-1.7.2/mmcv/ops/csrc/common/box_iou_rotated_utils.hpp:276: warning: ignoring ‘#pragma unroll ’ [-Wunknown-pragmas]
  276 | #pragma unroll
      | 
g++ -pthread -B /its/home/wc296/miniconda3/compiler_compat -fno-strict-overflow -Wsign-compare -DNDEBUG -O2 -Wall -fPIC -O2 -isystem /its/home/wc296/miniconda3/include -fPIC -O2 -isystem /its/home/wc296/miniconda3/include -fPIC -DMMCV_WITH_CUDA -I/mnt/nfs2/engdes/wc296/paper6/dependencies/artemis-framework-overlay-005/source/mmcv-full-1.7.2/mmcv/ops/csrc/pytorch -I/mnt/nfs2/engdes/wc296/paper6/dependencies/artemis-framework-overlay-005/source/mmcv-full-1.7.2/mmcv/ops/csrc/common -I/mnt/nfs2/engdes/wc296/paper6/dependencies/artemis-framework-overlay-005/source/mmcv-full-1.7.2/mmcv/ops/csrc/common/cuda -I/mnt/nfs2/engdes/wc296/paper6/envs/torch-cu128-001/lib/python3.12/site-packages/torch/include -I/mnt/nfs2/engdes/wc296/paper6/envs/torch-cu128-001/lib/python3.12/site-packages/torch/include/torch/csrc/api/include -I/mnt/nfs2/engdes/wc296/paper6/toolchains/cuda-12.8-001/include -I/mnt/nfs2/engdes/wc296/paper6/envs/torch-cu128-001/include -I/its/home/wc296/miniconda3/include/python3.12 -c ./mmcv/ops/csrc/pytorch/cpu/deform_conv.cpp -o build/temp.linux-x86_64-cpython-312/mmcv/ops/csrc/pytorch/cpu/deform_conv.o -std=c++17 -DTORCH_API_INCLUDE_EXTENSION_H -DPYBIND11_COMPILER_TYPE=\"_gcc\" -DPYBIND11_STDLIB=\"_libstdcpp\" -DPYBIND11_BUILD_ABI=\"_cxxabi1016\" -DTORCH_EXTENSION_NAME=_ext -D_GLIBCXX_USE_CXX11_ABI=1
g++ -pthread -B /its/home/wc296/miniconda3/compiler_compat -fno-strict-overflow -Wsign-compare -DNDEBUG -O2 -Wall -fPIC -O2 -isystem /its/home/wc296/miniconda3/include -fPIC -O2 -isystem /its/home/wc296/miniconda3/include -fPIC -DMMCV_WITH_CUDA -I/mnt/nfs2/engdes/wc296/paper6/dependencies/artemis-framework-overlay-005/source/mmcv-full-1.7.2/mmcv/ops/csrc/pytorch -I/mnt/nfs2/engdes/wc296/paper6/dependencies/artemis-framework-overlay-005/source/mmcv-full-1.7.2/mmcv/ops/csrc/common -I/mnt/nfs2/engdes/wc296/paper6/dependencies/artemis-framework-overlay-005/source/mmcv-full-1.7.2/mmcv/ops/csrc/common/cuda -I/mnt/nfs2/engdes/wc296/paper6/envs/torch-cu128-001/lib/python3.12/site-packages/torch/include -I/mnt/nfs2/engdes/wc296/paper6/envs/torch-cu128-001/lib/python3.12/site-packages/torch/include/torch/csrc/api/include -I/mnt/nfs2/engdes/wc296/paper6/toolchains/cuda-12.8-001/include -I/mnt/nfs2/engdes/wc296/paper6/envs/torch-cu128-001/include -I/its/home/wc296/miniconda3/include/python3.12 -c ./mmcv/ops/csrc/pytorch/cpu/modulated_deform_conv.cpp -o build/temp.linux-x86_64-cpython-312/mmcv/ops/csrc/pytorch/cpu/modulated_deform_conv.o -std=c++17 -DTORCH_API_INCLUDE_EXTENSION_H -DPYBIND11_COMPILER_TYPE=\"_gcc\" -DPYBIND11_STDLIB=\"_libstdcpp\" -DPYBIND11_BUILD_ABI=\"_cxxabi1016\" -DTORCH_EXTENSION_NAME=_ext -D_GLIBCXX_USE_CXX11_ABI=1
g++ -pthread -B /its/home/wc296/miniconda3/compiler_compat -fno-strict-overflow -Wsign-compare -DNDEBUG -O2 -Wall -fPIC -O2 -isystem /its/home/wc296/miniconda3/include -fPIC -O2 -isystem /its/home/wc296/miniconda3/include -fPIC -DMMCV_WITH_CUDA -I/mnt/nfs2/engdes/wc296/paper6/dependencies/artemis-framework-overlay-005/source/mmcv-full-1.7.2/mmcv/ops/csrc/pytorch -I/mnt/nfs2/engdes/wc296/paper6/dependencies/artemis-framework-overlay-005/source/mmcv-full-1.7.2/mmcv/ops/csrc/common -I/mnt/nfs2/engdes/wc296/paper6/dependencies/artemis-framework-overlay-005/source/mmcv-full-1.7.2/mmcv/ops/csrc/common/cuda -I/mnt/nfs2/engdes/wc296/paper6/envs/torch-cu128-001/lib/python3.12/site-packages/torch/include -I/mnt/nfs2/engdes/wc296/paper6/envs/torch-cu128-001/lib/python3.12/site-packages/torch/include/torch/csrc/api/include -I/mnt/nfs2/engdes/wc296/paper6/toolchains/cuda-12.8-001/include -I/mnt/nfs2/engdes/wc296/paper6/envs/torch-cu128-001/include -I/its/home/wc296/miniconda3/include/python3.12 -c ./mmcv/ops/csrc/pytorch/cpu/nms.cpp -o build/temp.linux-x86_64-cpython-312/mmcv/ops/csrc/pytorch/cpu/nms.o -std=c++17 -DTORCH_API_INCLUDE_EXTENSION_H -DPYBIND11_COMPILER_TYPE=\"_gcc\" -DPYBIND11_STDLIB=\"_libstdcpp\" -DPYBIND11_BUILD_ABI=\"_cxxabi1016\" -DTORCH_EXTENSION_NAME=_ext -D_GLIBCXX_USE_CXX11_ABI=1
g++ -pthread -B /its/home/wc296/miniconda3/compiler_compat -fno-strict-overflow -Wsign-compare -DNDEBUG -O2 -Wall -fPIC -O2 -isystem /its/home/wc296/miniconda3/include -fPIC -O2 -isystem /its/home/wc296/miniconda3/include -fPIC -DMMCV_WITH_CUDA -I/mnt/nfs2/engdes/wc296/paper6/dependencies/artemis-framework-overlay-005/source/mmcv-full-1.7.2/mmcv/ops/csrc/pytorch -I/mnt/nfs2/engdes/wc296/paper6/dependencies/artemis-framework-overlay-005/source/mmcv-full-1.7.2/mmcv/ops/csrc/common -I/mnt/nfs2/engdes/wc296/paper6/dependencies/artemis-framework-overlay-005/source/mmcv-full-1.7.2/mmcv/ops/csrc/common/cuda -I/mnt/nfs2/engdes/wc296/paper6/envs/torch-cu128-001/lib/python3.12/site-packages/torch/include -I/mnt/nfs2/engdes/wc296/paper6/envs/torch-cu128-001/lib/python3.12/site-packages/torch/include/torch/csrc/api/include -I/mnt/nfs2/engdes/wc296/paper6/toolchains/cuda-12.8-001/include -I/mnt/nfs2/engdes/wc296/paper6/envs/torch-cu128-001/include -I/its/home/wc296/miniconda3/include/python3.12 -c ./mmcv/ops/csrc/pytorch/cpu/nms_quadri.cpp -o build/temp.linux-x86_64-cpython-312/mmcv/ops/csrc/pytorch/cpu/nms_quadri.o -std=c++17 -DTORCH_API_INCLUDE_EXTENSION_H -DPYBIND11_COMPILER_TYPE=\"_gcc\" -DPYBIND11_STDLIB=\"_libstdcpp\" -DPYBIND11_BUILD_ABI=\"_cxxabi1016\" -DTORCH_EXTENSION_NAME=_ext -D_GLIBCXX_USE_CXX11_ABI=1
In file included from ./mmcv/ops/csrc/pytorch/cpu/nms_quadri.cpp:2:
/mnt/nfs2/engdes/wc296/paper6/dependencies/artemis-framework-overlay-005/source/mmcv-full-1.7.2/mmcv/ops/csrc/common/box_iou_rotated_utils.hpp:276: warning: ignoring ‘#pragma unroll ’ [-Wunknown-pragmas]
  276 | #pragma unroll
      | 
g++ -pthread -B /its/home/wc296/miniconda3/compiler_compat -fno-strict-overflow -Wsign-compare -DNDEBUG -O2 -Wall -fPIC -O2 -isystem /its/home/wc296/miniconda3/include -fPIC -O2 -isystem /its/home/wc296/miniconda3/include -fPIC -DMMCV_WITH_CUDA -I/mnt/nfs2/engdes/wc296/paper6/dependencies/artemis-framework-overlay-005/source/mmcv-full-1.7.2/mmcv/ops/csrc/pytorch -I/mnt/nfs2/engdes/wc296/paper6/dependencies/artemis-framework-overlay-005/source/mmcv-full-1.7.2/mmcv/ops/csrc/common -I/mnt/nfs2/engdes/wc296/paper6/dependencies/artemis-framework-overlay-005/source/mmcv-full-1.7.2/mmcv/ops/csrc/common/cuda -I/mnt/nfs2/engdes/wc296/paper6/envs/torch-cu128-001/lib/python3.12/site-packages/torch/include -I/mnt/nfs2/engdes/wc296/paper6/envs/torch-cu128-001/lib/python3.12/site-packages/torch/include/torch/csrc/api/include -I/mnt/nfs2/engdes/wc296/paper6/toolchains/cuda-12.8-001/include -I/mnt/nfs2/engdes/wc296/paper6/envs/torch-cu128-001/include -I/its/home/wc296/miniconda3/include/python3.12 -c ./mmcv/ops/csrc/pytorch/cpu/nms_rotated.cpp -o build/temp.linux-x86_64-cpython-312/mmcv/ops/csrc/pytorch/cpu/nms_rotated.o -std=c++17 -DTORCH_API_INCLUDE_EXTENSION_H -DPYBIND11_COMPILER_TYPE=\"_gcc\" -DPYBIND11_STDLIB=\"_libstdcpp\" -DPYBIND11_BUILD_ABI=\"_cxxabi1016\" -DTORCH_EXTENSION_NAME=_ext -D_GLIBCXX_USE_CXX11_ABI=1
In file included from ./mmcv/ops/csrc/pytorch/cpu/nms_rotated.cpp:4:
/mnt/nfs2/engdes/wc296/paper6/dependencies/artemis-framework-overlay-005/source/mmcv-full-1.7.2/mmcv/ops/csrc/common/box_iou_rotated_utils.hpp:276: warning: ignoring ‘#pragma unroll ’ [-Wunknown-pragmas]
  276 | #pragma unroll
      | 
g++ -pthread -B /its/home/wc296/miniconda3/compiler_compat -fno-strict-overflow -Wsign-compare -DNDEBUG -O2 -Wall -fPIC -O2 -isystem /its/home/wc296/miniconda3/include -fPIC -O2 -isystem /its/home/wc296/miniconda3/include -fPIC -DMMCV_WITH_CUDA -I/mnt/nfs2/engdes/wc296/paper6/dependencies/artemis-framework-overlay-005/source/mmcv-full-1.7.2/mmcv/ops/csrc/pytorch -I/mnt/nfs2/engdes/wc296/paper6/dependencies/artemis-framework-overlay-005/source/mmcv-full-1.7.2/mmcv/ops/csrc/common -I/mnt/nfs2/engdes/wc296/paper6/dependencies/artemis-framework-overlay-005/source/mmcv-full-1.7.2/mmcv/ops/csrc/common/cuda -I/mnt/nfs2/engdes/wc296/paper6/envs/torch-cu128-001/lib/python3.12/site-packages/torch/include -I/mnt/nfs2/engdes/wc296/paper6/envs/torch-cu128-001/lib/python3.12/site-packages/torch/include/torch/csrc/api/include -I/mnt/nfs2/engdes/wc296/paper6/toolchains/cuda-12.8-001/include -I/mnt/nfs2/engdes/wc296/paper6/envs/torch-cu128-001/include -I/its/home/wc296/miniconda3/include/python3.12 -c ./mmcv/ops/csrc/pytorch/cpu/pixel_group.cpp -o build/temp.linux-x86_64-cpython-312/mmcv/ops/csrc/pytorch/cpu/pixel_group.o -std=c++17 -DTORCH_API_INCLUDE_EXTENSION_H -DPYBIND11_COMPILER_TYPE=\"_gcc\" -DPYBIND11_STDLIB=\"_libstdcpp\" -DPYBIND11_BUILD_ABI=\"_cxxabi1016\" -DTORCH_EXTENSION_NAME=_ext -D_GLIBCXX_USE_CXX11_ABI=1
g++ -pthread -B /its/home/wc296/miniconda3/compiler_compat -fno-strict-overflow -Wsign-compare -DNDEBUG -O2 -Wall -fPIC -O2 -isystem /its/home/wc296/miniconda3/include -fPIC -O2 -isystem /its/home/wc296/miniconda3/include -fPIC -DMMCV_WITH_CUDA -I/mnt/nfs2/engdes/wc296/paper6/dependencies/artemis-framework-overlay-005/source/mmcv-full-1.7.2/mmcv/ops/csrc/pytorch -I/mnt/nfs2/engdes/wc296/paper6/dependencies/artemis-framework-overlay-005/source/mmcv-full-1.7.2/mmcv/ops/csrc/common -I/mnt/nfs2/engdes/wc296/paper6/dependencies/artemis-framework-overlay-005/source/mmcv-full-1.7.2/mmcv/ops/csrc/common/cuda -I/mnt/nfs2/engdes/wc296/paper6/envs/torch-cu128-001/lib/python3.12/site-packages/torch/include -I/mnt/nfs2/engdes/wc296/paper6/envs/torch-cu128-001/lib/python3.12/site-packages/torch/include/torch/csrc/api/include -I/mnt/nfs2/engdes/wc296/paper6/toolchains/cuda-12.8-001/include -I/mnt/nfs2/engdes/wc296/paper6/envs/torch-cu128-001/include -I/its/home/wc296/miniconda3/include/python3.12 -c ./mmcv/ops/csrc/pytorch/cpu/points_in_boxes.cpp -o build/temp.linux-x86_64-cpython-312/mmcv/ops/csrc/pytorch/cpu/points_in_boxes.o -std=c++17 -DTORCH_API_INCLUDE_EXTENSION_H -DPYBIND11_COMPILER_TYPE=\"_gcc\" -DPYBIND11_STDLIB=\"_libstdcpp\" -DPYBIND11_BUILD_ABI=\"_cxxabi1016\" -DTORCH_EXTENSION_NAME=_ext -D_GLIBCXX_USE_CXX11_ABI=1
g++ -pthread -B /its/home/wc296/miniconda3/compiler_compat -fno-strict-overflow -Wsign-compare -DNDEBUG -O2 -Wall -fPIC -O2 -isystem /its/home/wc296/miniconda3/include -fPIC -O2 -isystem /its/home/wc296/miniconda3/include -fPIC -DMMCV_WITH_CUDA -I/mnt/nfs2/engdes/wc296/paper6/dependencies/artemis-framework-overlay-005/source/mmcv-full-1.7.2/mmcv/ops/csrc/pytorch -I/mnt/nfs2/engdes/wc296/paper6/dependencies/artemis-framework-overlay-005/source/mmcv-full-1.7.2/mmcv/ops/csrc/common -I/mnt/nfs2/engdes/wc296/paper6/dependencies/artemis-framework-overlay-005/source/mmcv-full-1.7.2/mmcv/ops/csrc/common/cuda -I/mnt/nfs2/engdes/wc296/paper6/envs/torch-cu128-001/lib/python3.12/site-packages/torch/include -I/mnt/nfs2/engdes/wc296/paper6/envs/torch-cu128-001/lib/python3.12/site-packages/torch/include/torch/csrc/api/include -I/mnt/nfs2/engdes/wc296/paper6/toolchains/cuda-12.8-001/include -I/mnt/nfs2/engdes/wc296/paper6/envs/torch-cu128-001/include -I/its/home/wc296/miniconda3/include/python3.12 -c ./mmcv/ops/csrc/pytorch/cpu/psamask.cpp -o build/temp.linux-x86_64-cpython-312/mmcv/ops/csrc/pytorch/cpu/psamask.o -std=c++17 -DTORCH_API_INCLUDE_EXTENSION_H -DPYBIND11_COMPILER_TYPE=\"_gcc\" -DPYBIND11_STDLIB=\"_libstdcpp\" -DPYBIND11_BUILD_ABI=\"_cxxabi1016\" -DTORCH_EXTENSION_NAME=_ext -D_GLIBCXX_USE_CXX11_ABI=1
g++ -pthread -B /its/home/wc296/miniconda3/compiler_compat -fno-strict-overflow -Wsign-compare -DNDEBUG -O2 -Wall -fPIC -O2 -isystem /its/home/wc296/miniconda3/include -fPIC -O2 -isystem /its/home/wc296/miniconda3/include -fPIC -DMMCV_WITH_CUDA -I/mnt/nfs2/engdes/wc296/paper6/dependencies/artemis-framework-overlay-005/source/mmcv-full-1.7.2/mmcv/ops/csrc/pytorch -I/mnt/nfs2/engdes/wc296/paper6/dependencies/artemis-framework-overlay-005/source/mmcv-full-1.7.2/mmcv/ops/csrc/common -I/mnt/nfs2/engdes/wc296/paper6/dependencies/artemis-framework-overlay-005/source/mmcv-full-1.7.2/mmcv/ops/csrc/common/cuda -I/mnt/nfs2/engdes/wc296/paper6/envs/torch-cu128-001/lib/python3.12/site-packages/torch/include -I/mnt/nfs2/engdes/wc296/paper6/envs/torch-cu128-001/lib/python3.12/site-packages/torch/include/torch/csrc/api/include -I/mnt/nfs2/engdes/wc296/paper6/toolchains/cuda-12.8-001/include -I/mnt/nfs2/engdes/wc296/paper6/envs/torch-cu128-001/include -I/its/home/wc296/miniconda3/include/python3.12 -c ./mmcv/ops/csrc/pytorch/cpu/roi_align.cpp -o build/temp.linux-x86_64-cpython-312/mmcv/ops/csrc/pytorch/cpu/roi_align.o -std=c++17 -DTORCH_API_INCLUDE_EXTENSION_H -DPYBIND11_COMPILER_TYPE=\"_gcc\" -DPYBIND11_STDLIB=\"_libstdcpp\" -DPYBIND11_BUILD_ABI=\"_cxxabi1016\" -DTORCH_EXTENSION_NAME=_ext -D_GLIBCXX_USE_CXX11_ABI=1
g++ -pthread -B /its/home/wc296/miniconda3/compiler_compat -fno-strict-overflow -Wsign-compare -DNDEBUG -O2 -Wall -fPIC -O2 -isystem /its/home/wc296/miniconda3/include -fPIC -O2 -isystem /its/home/wc296/miniconda3/include -fPIC -DMMCV_WITH_CUDA -I/mnt/nfs2/engdes/wc296/paper6/dependencies/artemis-framework-overlay-005/source/mmcv-full-1.7.2/mmcv/ops/csrc/pytorch -I/mnt/nfs2/engdes/wc296/paper6/dependencies/artemis-framework-overlay-005/source/mmcv-full-1.7.2/mmcv/ops/csrc/common -I/mnt/nfs2/engdes/wc296/paper6/dependencies/artemis-framework-overlay-005/source/mmcv-full-1.7.2/mmcv/ops/csrc/common/cuda -I/mnt/nfs2/engdes/wc296/paper6/envs/torch-cu128-001/lib/python3.12/site-packages/torch/include -I/mnt/nfs2/engdes/wc296/paper6/envs/torch-cu128-001/lib/python3.12/site-packages/torch/include/torch/csrc/api/include -I/mnt/nfs2/engdes/wc296/paper6/toolchains/cuda-12.8-001/include -I/mnt/nfs2/engdes/wc296/paper6/envs/torch-cu128-001/include -I/its/home/wc296/miniconda3/include/python3.12 -c ./mmcv/ops/csrc/pytorch/cpu/roi_align_rotated.cpp -o build/temp.linux-x86_64-cpython-312/mmcv/ops/csrc/pytorch/cpu/roi_align_rotated.o -std=c++17 -DTORCH_API_INCLUDE_EXTENSION_H -DPYBIND11_COMPILER_TYPE=\"_gcc\" -DPYBIND11_STDLIB=\"_libstdcpp\" -DPYBIND11_BUILD_ABI=\"_cxxabi1016\" -DTORCH_EXTENSION_NAME=_ext -D_GLIBCXX_USE_CXX11_ABI=1
g++ -pthread -B /its/home/wc296/miniconda3/compiler_compat -fno-strict-overflow -Wsign-compare -DNDEBUG -O2 -Wall -fPIC -O2 -isystem /its/home/wc296/miniconda3/include -fPIC -O2 -isystem /its/home/wc296/miniconda3/include -fPIC -DMMCV_WITH_CUDA -I/mnt/nfs2/engdes/wc296/paper6/dependencies/artemis-framework-overlay-005/source/mmcv-full-1.7.2/mmcv/ops/csrc/pytorch -I/mnt/nfs2/engdes/wc296/paper6/dependencies/artemis-framework-overlay-005/source/mmcv-full-1.7.2/mmcv/ops/csrc/common -I/mnt/nfs2/engdes/wc296/paper6/dependencies/artemis-framework-overlay-005/source/mmcv-full-1.7.2/mmcv/ops/csrc/common/cuda -I/mnt/nfs2/engdes/wc296/paper6/envs/torch-cu128-001/lib/python3.12/site-packages/torch/include -I/mnt/nfs2/engdes/wc296/paper6/envs/torch-cu128-001/lib/python3.12/site-packages/torch/include/torch/csrc/api/include -I/mnt/nfs2/engdes/wc296/paper6/toolchains/cuda-12.8-001/include -I/mnt/nfs2/engdes/wc296/paper6/envs/torch-cu128-001/include -I/its/home/wc296/miniconda3/include/python3.12 -c ./mmcv/ops/csrc/pytorch/cpu/rotated_feature_align.cpp -o build/temp.linux-x86_64-cpython-312/mmcv/ops/csrc/pytorch/cpu/rotated_feature_align.o -std=c++17 -DTORCH_API_INCLUDE_EXTENSION_H -DPYBIND11_COMPILER_TYPE=\"_gcc\" -DPYBIND11_STDLIB=\"_libstdcpp\" -DPYBIND11_BUILD_ABI=\"_cxxabi1016\" -DTORCH_EXTENSION_NAME=_ext -D_GLIBCXX_USE_CXX11_ABI=1
g++ -pthread -B /its/home/wc296/miniconda3/compiler_compat -fno-strict-overflow -Wsign-compare -DNDEBUG -O2 -Wall -fPIC -O2 -isystem /its/home/wc296/miniconda3/include -fPIC -O2 -isystem /its/home/wc296/miniconda3/include -fPIC -DMMCV_WITH_CUDA -I/mnt/nfs2/engdes/wc296/paper6/dependencies/artemis-framework-overlay-005/source/mmcv-full-1.7.2/mmcv/ops/csrc/pytorch -I/mnt/nfs2/engdes/wc296/paper6/dependencies/artemis-framework-overlay-005/source/mmcv-full-1.7.2/mmcv/ops/csrc/common -I/mnt/nfs2/engdes/wc296/paper6/dependencies/artemis-framework-overlay-005/source/mmcv-full-1.7.2/mmcv/ops/csrc/common/cuda -I/mnt/nfs2/engdes/wc296/paper6/envs/torch-cu128-001/lib/python3.12/site-packages/torch/include -I/mnt/nfs2/engdes/wc296/paper6/envs/torch-cu128-001/lib/python3.12/site-packages/torch/include/torch/csrc/api/include -I/mnt/nfs2/engdes/wc296/paper6/toolchains/cuda-12.8-001/include -I/mnt/nfs2/engdes/wc296/paper6/envs/torch-cu128-001/include -I/its/home/wc296/miniconda3/include/python3.12 -c ./mmcv/ops/csrc/pytorch/cpu/sparse_indice.cpp -o build/temp.linux-x86_64-cpython-312/mmcv/ops/csrc/pytorch/cpu/sparse_indice.o -std=c++17 -DTORCH_API_INCLUDE_EXTENSION_H -DPYBIND11_COMPILER_TYPE=\"_gcc\" -DPYBIND11_STDLIB=\"_libstdcpp\" -DPYBIND11_BUILD_ABI=\"_cxxabi1016\" -DTORCH_EXTENSION_NAME=_ext -D_GLIBCXX_USE_CXX11_ABI=1
In file included from /mnt/nfs2/engdes/wc296/paper6/dependencies/artemis-framework-overlay-005/source/mmcv-full-1.7.2/mmcv/ops/csrc/common/utils/spconv/spconv/geometry.h:18,
                 from ./mmcv/ops/csrc/pytorch/cpu/sparse_indice.cpp:16:
/mnt/nfs2/engdes/wc296/paper6/dependencies/artemis-framework-overlay-005/source/mmcv-full-1.7.2/mmcv/ops/csrc/common/utils/spconv/tensorview/tensorview.h:387: warning: ignoring ‘#pragma unroll ’ [-Wunknown-pragmas]
  387 | #pragma unroll
      | 
/mnt/nfs2/engdes/wc296/paper6/dependencies/artemis-framework-overlay-005/source/mmcv-full-1.7.2/mmcv/ops/csrc/common/utils/spconv/tensorview/tensorview.h:412: warning: ignoring ‘#pragma unroll ’ [-Wunknown-pragmas]
  412 | #pragma unroll
      | 
/mnt/nfs2/engdes/wc296/paper6/dependencies/artemis-framework-overlay-005/source/mmcv-full-1.7.2/mmcv/ops/csrc/common/utils/spconv/tensorview/tensorview.h:436: warning: ignoring ‘#pragma unroll ’ [-Wunknown-pragmas]
  436 | #pragma unroll
      | 
/mnt/nfs2/engdes/wc296/paper6/dependencies/artemis-framework-overlay-005/source/mmcv-full-1.7.2/mmcv/ops/csrc/common/utils/spconv/tensorview/tensorview.h:447: warning: ignoring ‘#pragma unroll ’ [-Wunknown-pragmas]
  447 | #pragma unroll
      | 
/mnt/nfs2/engdes/wc296/paper6/dependencies/artemis-framework-overlay-005/source/mmcv-full-1.7.2/mmcv/ops/csrc/common/utils/spconv/tensorview/tensorview.h:885: warning: ignoring ‘#pragma unroll ’ [-Wunknown-pragmas]
  885 | #pragma unroll
      | 
/mnt/nfs2/engdes/wc296/paper6/dependencies/artemis-framework-overlay-005/source/mmcv-full-1.7.2/mmcv/ops/csrc/common/utils/spconv/tensorview/tensorview.h:895: warning: ignoring ‘#pragma unroll ’ [-Wunknown-pragmas]
  895 | #pragma unroll
      | 
/mnt/nfs2/engdes/wc296/paper6/dependencies/artemis-framework-overlay-005/source/mmcv-full-1.7.2/mmcv/ops/csrc/common/utils/spconv/tensorview/tensorview.h:901: warning: ignoring ‘#pragma unroll ’ [-Wunknown-pragmas]
  901 | #pragma unroll
      | 
/mnt/nfs2/engdes/wc296/paper6/dependencies/artemis-framework-overlay-005/source/mmcv-full-1.7.2/mmcv/ops/csrc/common/utils/spconv/tensorview/tensorview.h:907: warning: ignoring ‘#pragma unroll ’ [-Wunknown-pragmas]
  907 | #pragma unroll
      | 
/mnt/nfs2/engdes/wc296/paper6/dependencies/artemis-framework-overlay-005/source/mmcv-full-1.7.2/mmcv/ops/csrc/common/utils/spconv/spconv/geometry.h:38: warning: ignoring ‘#pragma unroll ’ [-Wunknown-pragmas]
   38 | #pragma unroll
      | 
/mnt/nfs2/engdes/wc296/paper6/dependencies/artemis-framework-overlay-005/source/mmcv-full-1.7.2/mmcv/ops/csrc/common/utils/spconv/spconv/geometry.h:46: warning: ignoring ‘#pragma unroll ’ [-Wunknown-pragmas]
   46 | #pragma unroll
      | 
/mnt/nfs2/engdes/wc296/paper6/dependencies/artemis-framework-overlay-005/source/mmcv-full-1.7.2/mmcv/ops/csrc/common/utils/spconv/spconv/geometry.h:52: warning: ignoring ‘#pragma unroll ’ [-Wunknown-pragmas]
   52 | #pragma unroll
      | 
/mnt/nfs2/engdes/wc296/paper6/dependencies/artemis-framework-overlay-005/source/mmcv-full-1.7.2/mmcv/ops/csrc/common/utils/spconv/spconv/geometry.h:60: warning: ignoring ‘#pragma unroll ’ [-Wunknown-pragmas]
   60 | #pragma unroll
      | 
/mnt/nfs2/engdes/wc296/paper6/dependencies/artemis-framework-overlay-005/source/mmcv-full-1.7.2/mmcv/ops/csrc/common/utils/spconv/spconv/geometry.h:75: warning: ignoring ‘#pragma unroll ’ [-Wunknown-pragmas]
   75 | #pragma unroll
      | 
/mnt/nfs2/engdes/wc296/paper6/dependencies/artemis-framework-overlay-005/source/mmcv-full-1.7.2/mmcv/ops/csrc/common/utils/spconv/spconv/geometry.h:100: warning: ignoring ‘#pragma unroll ’ [-Wunknown-pragmas]
  100 | #pragma unroll
      | 
/mnt/nfs2/engdes/wc296/paper6/dependencies/artemis-framework-overlay-005/source/mmcv-full-1.7.2/mmcv/ops/csrc/common/utils/spconv/spconv/geometry.h:105: warning: ignoring ‘#pragma unroll ’ [-Wunknown-pragmas]
  105 | #pragma unroll
      | 
/mnt/nfs2/engdes/wc296/paper6/dependencies/artemis-framework-overlay-005/source/mmcv-full-1.7.2/mmcv/ops/csrc/common/utils/spconv/spconv/geometry.h:110: warning: ignoring ‘#pragma unroll ’ [-Wunknown-pragmas]
  110 | #pragma unroll
      | 
/mnt/nfs2/engdes/wc296/paper6/dependencies/artemis-framework-overlay-005/source/mmcv-full-1.7.2/mmcv/ops/csrc/common/utils/spconv/spconv/geometry.h:118: warning: ignoring ‘#pragma unroll ’ [-Wunknown-pragmas]
  118 | #pragma unroll
      | 
/mnt/nfs2/engdes/wc296/paper6/dependencies/artemis-framework-overlay-005/source/mmcv-full-1.7.2/mmcv/ops/csrc/common/utils/spconv/spconv/geometry.h:131: warning: ignoring ‘#pragma unroll ’ [-Wunknown-pragmas]
  131 | #pragma unroll
      | 
/mnt/nfs2/engdes/wc296/paper6/dependencies/artemis-framework-overlay-005/source/mmcv-full-1.7.2/mmcv/ops/csrc/common/utils/spconv/spconv/geometry.h:156: warning: ignoring ‘#pragma unroll ’ [-Wunknown-pragmas]
  156 | #pragma unroll
      | 
/mnt/nfs2/engdes/wc296/paper6/dependencies/artemis-framework-overlay-005/source/mmcv-full-1.7.2/mmcv/ops/csrc/common/utils/spconv/spconv/geometry.h:161: warning: ignoring ‘#pragma unroll ’ [-Wunknown-pragmas]
  161 | #pragma unroll
      | 
/mnt/nfs2/engdes/wc296/paper6/dependencies/artemis-framework-overlay-005/source/mmcv-full-1.7.2/mmcv/ops/csrc/common/utils/spconv/spconv/geometry.h:207: warning: ignoring ‘#pragma unroll ’ [-Wunknown-pragmas]
  207 | #pragma unroll
      | 
/mnt/nfs2/engdes/wc296/paper6/dependencies/artemis-framework-overlay-005/source/mmcv-full-1.7.2/mmcv/ops/csrc/common/utils/spconv/spconv/geometry.h:212: warning: ignoring ‘#pragma unroll ’ [-Wunknown-pragmas]
  212 | #pragma unroll
      | 
/mnt/nfs2/engdes/wc296/paper6/dependencies/artemis-framework-overlay-005/source/mmcv-full-1.7.2/mmcv/ops/csrc/common/utils/spconv/spconv/geometry.h:256: warning: ignoring ‘#pragma unroll ’ [-Wunknown-pragmas]
  256 | #pragma unroll
      | 
/mnt/nfs2/engdes/wc296/paper6/dependencies/artemis-framework-overlay-005/source/mmcv-full-1.7.2/mmcv/ops/csrc/common/utils/spconv/spconv/geometry.h:261: warning: ignoring ‘#pragma unroll ’ [-Wunknown-pragmas]
  261 | #pragma unroll
      | 
/mnt/nfs2/engdes/wc296/paper6/dependencies/artemis-framework-overlay-005/source/mmcv-full-1.7.2/mmcv/ops/csrc/common/utils/spconv/spconv/geometry.h: In instantiation of ‘Index getIndicePairsDeConv(tv::TensorView<const scalar_t>, tv::TensorView<scalar_t>, tv::TensorView<IndexGrid>, tv::TensorView<scalar_t>, tv::TensorView<scalar_t>, const Index*, const Index*, const Index*, const Index*, const Index*) [with Index = int; IndexGrid = int; unsigned int NDim = 1]’:
./mmcv/ops/csrc/pytorch/cpu/sparse_indice.cpp:36:58:   required from ‘Index functor::CreateConvIndicePairFunctor<tv::CPU, Index, IndexGrid, NDim>::operator()(const tv::CPU&, tv::TensorView<const scalar_t>, tv::TensorView<scalar_t>, tv::TensorView<IndexGrid>, tv::TensorView<scalar_t>, tv::TensorView<scalar_t>, tv::SimpleVector<Index, NDim>, tv::SimpleVector<Index, NDim>, tv::SimpleVector<Index, NDim>, tv::SimpleVector<Index, NDim>, tv::SimpleVector<Index, NDim>, bool, bool) [with Index = int; IndexGrid = int; unsigned int NDim = 1]’
./mmcv/ops/csrc/pytorch/cpu/sparse_indice.cpp:80:1:   required from here
/mnt/nfs2/engdes/wc296/paper6/dependencies/artemis-framework-overlay-005/source/mmcv-full-1.7.2/mmcv/ops/csrc/common/utils/spconv/spconv/geometry.h:208:21: warning: comparison of integer expressions of different signedness: ‘int’ and ‘unsigned int’ [-Wsign-compare]
  208 |   for (int i = 0; i < NDim; ++i) {
      |                   ~~^~~~~~
/mnt/nfs2/engdes/wc296/paper6/dependencies/artemis-framework-overlay-005/source/mmcv-full-1.7.2/mmcv/ops/csrc/common/utils/spconv/spconv/geometry.h:213:21: warning: comparison of integer expressions of different signedness: ‘int’ and ‘unsigned int’ [-Wsign-compare]
  213 |   for (int i = 0; i < NDim; ++i) {
      |                   ~~^~~~~~
/mnt/nfs2/engdes/wc296/paper6/dependencies/artemis-framework-overlay-005/source/mmcv-full-1.7.2/mmcv/ops/csrc/common/utils/spconv/spconv/geometry.h: In instantiation of ‘Index getIndicePairsConv(tv::TensorView<const scalar_t>, tv::TensorView<scalar_t>, tv::TensorView<IndexGrid>, tv::TensorView<scalar_t>, tv::TensorView<scalar_t>, const Index*, const Index*, const Index*, const Index*, const Index*) [with Index = int; IndexGrid = int; unsigned int NDim = 1]’:
./mmcv/ops/csrc/pytorch/cpu/sparse_indice.cpp:41:56:   required from ‘Index functor::CreateConvIndicePairFunctor<tv::CPU, Index, IndexGrid, NDim>::operator()(const tv::CPU&, tv::TensorView<const scalar_t>, tv::TensorView<scalar_t>, tv::TensorView<IndexGrid>, tv::TensorView<scalar_t>, tv::TensorView<scalar_t>, tv::SimpleVector<Index, NDim>, tv::SimpleVector<Index, NDim>, tv::SimpleVector<Index, NDim>, tv::SimpleVector<Index, NDim>, tv::SimpleVector<Index, NDim>, bool, bool) [with Index = int; IndexGrid = int; unsigned int NDim = 1]’
./mmcv/ops/csrc/pytorch/cpu/sparse_indice.cpp:80:1:   required from here
/mnt/nfs2/engdes/wc296/paper6/dependencies/artemis-framework-overlay-005/source/mmcv-full-1.7.2/mmcv/ops/csrc/common/utils/spconv/spconv/geometry.h:157:21: warning: comparison of integer expressions of different signedness: ‘int’ and ‘unsigned int’ [-Wsign-compare]
  157 |   for (int i = 0; i < NDim; ++i) {
      |                   ~~^~~~~~
/mnt/nfs2/engdes/wc296/paper6/dependencies/artemis-framework-overlay-005/source/mmcv-full-1.7.2/mmcv/ops/csrc/common/utils/spconv/spconv/geometry.h:162:21: warning: comparison of integer expressions of different signedness: ‘int’ and ‘unsigned int’ [-Wsign-compare]
  162 |   for (int i = 0; i < NDim; ++i) {
      |                   ~~^~~~~~
/mnt/nfs2/engdes/wc296/paper6/dependencies/artemis-framework-overlay-005/source/mmcv-full-1.7.2/mmcv/ops/csrc/common/utils/spconv/spconv/geometry.h: In instantiation of ‘Index getIndicePairsSubM(tv::TensorView<const scalar_t>, tv::TensorView<IndexGrid>, tv::TensorView<scalar_t>, tv::TensorView<scalar_t>, const Index*, const Index*, const Index*, const Index*, const Index*) [with Index = int; IndexGrid = int; unsigned int NDim = 1]’:
./mmcv/ops/csrc/pytorch/cpu/sparse_indice.cpp:60:54:   required from ‘Index functor::CreateSubMIndicePairFunctor<tv::CPU, Index, IndexGrid, NDim>::operator()(const tv::CPU&, tv::TensorView<const scalar_t>, tv::TensorView<IndexGrid>, tv::TensorView<scalar_t>, tv::TensorView<scalar_t>, tv::SimpleVector<Index, NDim>, tv::SimpleVector<Index, NDim>, tv::SimpleVector<Index, NDim>, tv::SimpleVector<Index, NDim>, tv::SimpleVector<Index, NDim>, bool, bool) [with Index = int; IndexGrid = int; unsigned int NDim = 1]’
./mmcv/ops/csrc/pytorch/cpu/sparse_indice.cpp:80:1:   required from here
/mnt/nfs2/engdes/wc296/paper6/dependencies/artemis-framework-overlay-005/source/mmcv-full-1.7.2/mmcv/ops/csrc/common/utils/spconv/spconv/geometry.h:257:21: warning: comparison of integer expressions of different signedness: ‘int’ and ‘unsigned int’ [-Wsign-compare]
  257 |   for (int i = 0; i < NDim; ++i) {
      |                   ~~^~~~~~
/mnt/nfs2/engdes/wc296/paper6/dependencies/artemis-framework-overlay-005/source/mmcv-full-1.7.2/mmcv/ops/csrc/common/utils/spconv/spconv/geometry.h:262:21: warning: comparison of integer expressions of different signedness: ‘int’ and ‘unsigned int’ [-Wsign-compare]
  262 |   for (int i = 0; i < NDim; ++i) {
      |                   ~~^~~~~~
/mnt/nfs2/engdes/wc296/paper6/dependencies/artemis-framework-overlay-005/source/mmcv-full-1.7.2/mmcv/ops/csrc/common/utils/spconv/spconv/geometry.h: In instantiation of ‘Index getIndicePairsDeConv(tv::TensorView<const scalar_t>, tv::TensorView<scalar_t>, tv::TensorView<IndexGrid>, tv::TensorView<scalar_t>, tv::TensorView<scalar_t>, const Index*, const Index*, const Index*, const Index*, const Index*) [with Index = int; IndexGrid = int; unsigned int NDim = 2]’:
./mmcv/ops/csrc/pytorch/cpu/sparse_indice.cpp:36:58:   required from ‘Index functor::CreateConvIndicePairFunctor<tv::CPU, Index, IndexGrid, NDim>::operator()(const tv::CPU&, tv::TensorView<const scalar_t>, tv::TensorView<scalar_t>, tv::TensorView<IndexGrid>, tv::TensorView<scalar_t>, tv::TensorView<scalar_t>, tv::SimpleVector<Index, NDim>, tv::SimpleVector<Index, NDim>, tv::SimpleVector<Index, NDim>, tv::SimpleVector<Index, NDim>, tv::SimpleVector<Index, NDim>, bool, bool) [with Index = int; IndexGrid = int; unsigned int NDim = 2]’
./mmcv/ops/csrc/pytorch/cpu/sparse_indice.cpp:80:1:   required from here
/mnt/nfs2/engdes/wc296/paper6/dependencies/artemis-framework-overlay-005/source/mmcv-full-1.7.2/mmcv/ops/csrc/common/utils/spconv/spconv/geometry.h:208:21: warning: comparison of integer expressions of different signedness: ‘int’ and ‘unsigned int’ [-Wsign-compare]
  208 |   for (int i = 0; i < NDim; ++i) {
      |                   ~~^~~~~~
/mnt/nfs2/engdes/wc296/paper6/dependencies/artemis-framework-overlay-005/source/mmcv-full-1.7.2/mmcv/ops/csrc/common/utils/spconv/spconv/geometry.h:213:21: warning: comparison of integer expressions of different signedness: ‘int’ and ‘unsigned int’ [-Wsign-compare]
  213 |   for (int i = 0; i < NDim; ++i) {
      |                   ~~^~~~~~
/mnt/nfs2/engdes/wc296/paper6/dependencies/artemis-framework-overlay-005/source/mmcv-full-1.7.2/mmcv/ops/csrc/common/utils/spconv/spconv/geometry.h: In instantiation of ‘Index getIndicePairsConv(tv::TensorView<const scalar_t>, tv::TensorView<scalar_t>, tv::TensorView<IndexGrid>, tv::TensorView<scalar_t>, tv::TensorView<scalar_t>, const Index*, const Index*, const Index*, const Index*, const Index*) [with Index = int; IndexGrid = int; unsigned int NDim = 2]’:
./mmcv/ops/csrc/pytorch/cpu/sparse_indice.cpp:41:56:   required from ‘Index functor::CreateConvIndicePairFunctor<tv::CPU, Index, IndexGrid, NDim>::operator()(const tv::CPU&, tv::TensorView<const scalar_t>, tv::TensorView<scalar_t>, tv::TensorView<IndexGrid>, tv::TensorView<scalar_t>, tv::TensorView<scalar_t>, tv::SimpleVector<Index, NDim>, tv::SimpleVector<Index, NDim>, tv::SimpleVector<Index, NDim>, tv::SimpleVector<Index, NDim>, tv::SimpleVector<Index, NDim>, bool, bool) [with Index = int; IndexGrid = int; unsigned int NDim = 2]’
./mmcv/ops/csrc/pytorch/cpu/sparse_indice.cpp:80:1:   required from here
/mnt/nfs2/engdes/wc296/paper6/dependencies/artemis-framework-overlay-005/source/mmcv-full-1.7.2/mmcv/ops/csrc/common/utils/spconv/spconv/geometry.h:157:21: warning: comparison of integer expressions of different signedness: ‘int’ and ‘unsigned int’ [-Wsign-compare]
  157 |   for (int i = 0; i < NDim; ++i) {
      |                   ~~^~~~~~
/mnt/nfs2/engdes/wc296/paper6/dependencies/artemis-framework-overlay-005/source/mmcv-full-1.7.2/mmcv/ops/csrc/common/utils/spconv/spconv/geometry.h:162:21: warning: comparison of integer expressions of different signedness: ‘int’ and ‘unsigned int’ [-Wsign-compare]
  162 |   for (int i = 0; i < NDim; ++i) {
      |                   ~~^~~~~~
/mnt/nfs2/engdes/wc296/paper6/dependencies/artemis-framework-overlay-005/source/mmcv-full-1.7.2/mmcv/ops/csrc/common/utils/spconv/spconv/geometry.h: In instantiation of ‘Index getIndicePairsSubM(tv::TensorView<const scalar_t>, tv::TensorView<IndexGrid>, tv::TensorView<scalar_t>, tv::TensorView<scalar_t>, const Index*, const Index*, const Index*, const Index*, const Index*) [with Index = int; IndexGrid = int; unsigned int NDim = 2]’:
./mmcv/ops/csrc/pytorch/cpu/sparse_indice.cpp:60:54:   required from ‘Index functor::CreateSubMIndicePairFunctor<tv::CPU, Index, IndexGrid, NDim>::operator()(const tv::CPU&, tv::TensorView<const scalar_t>, tv::TensorView<IndexGrid>, tv::TensorView<scalar_t>, tv::TensorView<scalar_t>, tv::SimpleVector<Index, NDim>, tv::SimpleVector<Index, NDim>, tv::SimpleVector<Index, NDim>, tv::SimpleVector<Index, NDim>, tv::SimpleVector<Index, NDim>, bool, bool) [with Index = int; IndexGrid = int; unsigned int NDim = 2]’
./mmcv/ops/csrc/pytorch/cpu/sparse_indice.cpp:80:1:   required from here
/mnt/nfs2/engdes/wc296/paper6/dependencies/artemis-framework-overlay-005/source/mmcv-full-1.7.2/mmcv/ops/csrc/common/utils/spconv/spconv/geometry.h:257:21: warning: comparison of integer expressions of different signedness: ‘int’ and ‘unsigned int’ [-Wsign-compare]
  257 |   for (int i = 0; i < NDim; ++i) {
      |                   ~~^~~~~~
/mnt/nfs2/engdes/wc296/paper6/dependencies/artemis-framework-overlay-005/source/mmcv-full-1.7.2/mmcv/ops/csrc/common/utils/spconv/spconv/geometry.h:262:21: warning: comparison of integer expressions of different signedness: ‘int’ and ‘unsigned int’ [-Wsign-compare]
  262 |   for (int i = 0; i < NDim; ++i) {
      |                   ~~^~~~~~
/mnt/nfs2/engdes/wc296/paper6/dependencies/artemis-framework-overlay-005/source/mmcv-full-1.7.2/mmcv/ops/csrc/common/utils/spconv/spconv/geometry.h: In instantiation of ‘Index getIndicePairsDeConv(tv::TensorView<const scalar_t>, tv::TensorView<scalar_t>, tv::TensorView<IndexGrid>, tv::TensorView<scalar_t>, tv::TensorView<scalar_t>, const Index*, const Index*, const Index*, const Index*, const Index*) [with Index = int; IndexGrid = int; unsigned int NDim = 3]’:
./mmcv/ops/csrc/pytorch/cpu/sparse_indice.cpp:36:58:   required from ‘Index functor::CreateConvIndicePairFunctor<tv::CPU, Index, IndexGrid, NDim>::operator()(const tv::CPU&, tv::TensorView<const scalar_t>, tv::TensorView<scalar_t>, tv::TensorView<IndexGrid>, tv::TensorView<scalar_t>, tv::TensorView<scalar_t>, tv::SimpleVector<Index, NDim>, tv::SimpleVector<Index, NDim>, tv::SimpleVector<Index, NDim>, tv::SimpleVector<Index, NDim>, tv::SimpleVector<Index, NDim>, bool, bool) [with Index = int; IndexGrid = int; unsigned int NDim = 3]’
./mmcv/ops/csrc/pytorch/cpu/sparse_indice.cpp:80:1:   required from here
/mnt/nfs2/engdes/wc296/paper6/dependencies/artemis-framework-overlay-005/source/mmcv-full-1.7.2/mmcv/ops/csrc/common/utils/spconv/spconv/geometry.h:208:21: warning: comparison of integer expressions of different signedness: ‘int’ and ‘unsigned int’ [-Wsign-compare]
  208 |   for (int i = 0; i < NDim; ++i) {
      |                   ~~^~~~~~
/mnt/nfs2/engdes/wc296/paper6/dependencies/artemis-framework-overlay-005/source/mmcv-full-1.7.2/mmcv/ops/csrc/common/utils/spconv/spconv/geometry.h:213:21: warning: comparison of integer expressions of different signedness: ‘int’ and ‘unsigned int’ [-Wsign-compare]
  213 |   for (int i = 0; i < NDim; ++i) {
      |                   ~~^~~~~~
/mnt/nfs2/engdes/wc296/paper6/dependencies/artemis-framework-overlay-005/source/mmcv-full-1.7.2/mmcv/ops/csrc/common/utils/spconv/spconv/geometry.h: In instantiation of ‘Index getIndicePairsConv(tv::TensorView<const scalar_t>, tv::TensorView<scalar_t>, tv::TensorView<IndexGrid>, tv::TensorView<scalar_t>, tv::TensorView<scalar_t>, const Index*, const Index*, const Index*, const Index*, const Index*) [with Index = int; IndexGrid = int; unsigned int NDim = 3]’:
./mmcv/ops/csrc/pytorch/cpu/sparse_indice.cpp:41:56:   required from ‘Index functor::CreateConvIndicePairFunctor<tv::CPU, Index, IndexGrid, NDim>::operator()(const tv::CPU&, tv::TensorView<const scalar_t>, tv::TensorView<scalar_t>, tv::TensorView<IndexGrid>, tv::TensorView<scalar_t>, tv::TensorView<scalar_t>, tv::SimpleVector<Index, NDim>, tv::SimpleVector<Index, NDim>, tv::SimpleVector<Index, NDim>, tv::SimpleVector<Index, NDim>, tv::SimpleVector<Index, NDim>, bool, bool) [with Index = int; IndexGrid = int; unsigned int NDim = 3]’
./mmcv/ops/csrc/pytorch/cpu/sparse_indice.cpp:80:1:   required from here
/mnt/nfs2/engdes/wc296/paper6/dependencies/artemis-framework-overlay-005/source/mmcv-full-1.7.2/mmcv/ops/csrc/common/utils/spconv/spconv/geometry.h:157:21: warning: comparison of integer expressions of different signedness: ‘int’ and ‘unsigned int’ [-Wsign-compare]
  157 |   for (int i = 0; i < NDim; ++i) {
      |                   ~~^~~~~~
/mnt/nfs2/engdes/wc296/paper6/dependencies/artemis-framework-overlay-005/source/mmcv-full-1.7.2/mmcv/ops/csrc/common/utils/spconv/spconv/geometry.h:162:21: warning: comparison of integer expressions of different signedness: ‘int’ and ‘unsigned int’ [-Wsign-compare]
  162 |   for (int i = 0; i < NDim; ++i) {
      |                   ~~^~~~~~
/mnt/nfs2/engdes/wc296/paper6/dependencies/artemis-framework-overlay-005/source/mmcv-full-1.7.2/mmcv/ops/csrc/common/utils/spconv/spconv/geometry.h: In instantiation of ‘Index getIndicePairsSubM(tv::TensorView<const scalar_t>, tv::TensorView<IndexGrid>, tv::TensorView<scalar_t>, tv::TensorView<scalar_t>, const Index*, const Index*, const Index*, const Index*, const Index*) [with Index = int; IndexGrid = int; unsigned int NDim = 3]’:
./mmcv/ops/csrc/pytorch/cpu/sparse_indice.cpp:60:54:   required from ‘Index functor::CreateSubMIndicePairFunctor<tv::CPU, Index, IndexGrid, NDim>::operator()(const tv::CPU&, tv::TensorView<const scalar_t>, tv::TensorView<IndexGrid>, tv::TensorView<scalar_t>, tv::TensorView<scalar_t>, tv::SimpleVector<Index, NDim>, tv::SimpleVector<Index, NDim>, tv::SimpleVector<Index, NDim>, tv::SimpleVector<Index, NDim>, tv::SimpleVector<Index, NDim>, bool, bool) [with Index = int; IndexGrid = int; unsigned int NDim = 3]’
./mmcv/ops/csrc/pytorch/cpu/sparse_indice.cpp:80:1:   required from here
/mnt/nfs2/engdes/wc296/paper6/dependencies/artemis-framework-overlay-005/source/mmcv-full-1.7.2/mmcv/ops/csrc/common/utils/spconv/spconv/geometry.h:257:21: warning: comparison of integer expressions of different signedness: ‘int’ and ‘unsigned int’ [-Wsign-compare]
  257 |   for (int i = 0; i < NDim; ++i) {
      |                   ~~^~~~~~
/mnt/nfs2/engdes/wc296/paper6/dependencies/artemis-framework-overlay-005/source/mmcv-full-1.7.2/mmcv/ops/csrc/common/utils/spconv/spconv/geometry.h:262:21: warning: comparison of integer expressions of different signedness: ‘int’ and ‘unsigned int’ [-Wsign-compare]
  262 |   for (int i = 0; i < NDim; ++i) {
      |                   ~~^~~~~~
/mnt/nfs2/engdes/wc296/paper6/dependencies/artemis-framework-overlay-005/source/mmcv-full-1.7.2/mmcv/ops/csrc/common/utils/spconv/spconv/geometry.h: In instantiation of ‘Index getIndicePairsDeConv(tv::TensorView<const scalar_t>, tv::TensorView<scalar_t>, tv::TensorView<IndexGrid>, tv::TensorView<scalar_t>, tv::TensorView<scalar_t>, const Index*, const Index*, const Index*, const Index*, const Index*) [with Index = int; IndexGrid = int; unsigned int NDim = 4]’:
./mmcv/ops/csrc/pytorch/cpu/sparse_indice.cpp:36:58:   required from ‘Index functor::CreateConvIndicePairFunctor<tv::CPU, Index, IndexGrid, NDim>::operator()(const tv::CPU&, tv::TensorView<const scalar_t>, tv::TensorView<scalar_t>, tv::TensorView<IndexGrid>, tv::TensorView<scalar_t>, tv::TensorView<scalar_t>, tv::SimpleVector<Index, NDim>, tv::SimpleVector<Index, NDim>, tv::SimpleVector<Index, NDim>, tv::SimpleVector<Index, NDim>, tv::SimpleVector<Index, NDim>, bool, bool) [with Index = int; IndexGrid = int; unsigned int NDim = 4]’
./mmcv/ops/csrc/pytorch/cpu/sparse_indice.cpp:80:1:   required from here
/mnt/nfs2/engdes/wc296/paper6/dependencies/artemis-framework-overlay-005/source/mmcv-full-1.7.2/mmcv/ops/csrc/common/utils/spconv/spconv/geometry.h:208:21: warning: comparison of integer expressions of different signedness: ‘int’ and ‘unsigned int’ [-Wsign-compare]
  208 |   for (int i = 0; i < NDim; ++i) {
      |                   ~~^~~~~~
/mnt/nfs2/engdes/wc296/paper6/dependencies/artemis-framework-overlay-005/source/mmcv-full-1.7.2/mmcv/ops/csrc/common/utils/spconv/spconv/geometry.h:213:21: warning: comparison of integer expressions of different signedness: ‘int’ and ‘unsigned int’ [-Wsign-compare]
  213 |   for (int i = 0; i < NDim; ++i) {
      |                   ~~^~~~~~
/mnt/nfs2/engdes/wc296/paper6/dependencies/artemis-framework-overlay-005/source/mmcv-full-1.7.2/mmcv/ops/csrc/common/utils/spconv/spconv/geometry.h: In instantiation of ‘Index getIndicePairsConv(tv::TensorView<const scalar_t>, tv::TensorView<scalar_t>, tv::TensorView<IndexGrid>, tv::TensorView<scalar_t>, tv::TensorView<scalar_t>, const Index*, const Index*, const Index*, const Index*, const Index*) [with Index = int; IndexGrid = int; unsigned int NDim = 4]’:
./mmcv/ops/csrc/pytorch/cpu/sparse_indice.cpp:41:56:   required from ‘Index functor::CreateConvIndicePairFunctor<tv::CPU, Index, IndexGrid, NDim>::operator()(const tv::CPU&, tv::TensorView<const scalar_t>, tv::TensorView<scalar_t>, tv::TensorView<IndexGrid>, tv::TensorView<scalar_t>, tv::TensorView<scalar_t>, tv::SimpleVector<Index, NDim>, tv::SimpleVector<Index, NDim>, tv::SimpleVector<Index, NDim>, tv::SimpleVector<Index, NDim>, tv::SimpleVector<Index, NDim>, bool, bool) [with Index = int; IndexGrid = int; unsigned int NDim = 4]’
./mmcv/ops/csrc/pytorch/cpu/sparse_indice.cpp:80:1:   required from here
/mnt/nfs2/engdes/wc296/paper6/dependencies/artemis-framework-overlay-005/source/mmcv-full-1.7.2/mmcv/ops/csrc/common/utils/spconv/spconv/geometry.h:157:21: warning: comparison of integer expressions of different signedness: ‘int’ and ‘unsigned int’ [-Wsign-compare]
  157 |   for (int i = 0; i < NDim; ++i) {
      |                   ~~^~~~~~
/mnt/nfs2/engdes/wc296/paper6/dependencies/artemis-framework-overlay-005/source/mmcv-full-1.7.2/mmcv/ops/csrc/common/utils/spconv/spconv/geometry.h:162:21: warning: comparison of integer expressions of different signedness: ‘int’ and ‘unsigned int’ [-Wsign-compare]
  162 |   for (int i = 0; i < NDim; ++i) {
      |                   ~~^~~~~~
/mnt/nfs2/engdes/wc296/paper6/dependencies/artemis-framework-overlay-005/source/mmcv-full-1.7.2/mmcv/ops/csrc/common/utils/spconv/spconv/geometry.h: In instantiation of ‘Index getIndicePairsSubM(tv::TensorView<const scalar_t>, tv::TensorView<IndexGrid>, tv::TensorView<scalar_t>, tv::TensorView<scalar_t>, const Index*, const Index*, const Index*, const Index*, const Index*) [with Index = int; IndexGrid = int; unsigned int NDim = 4]’:
./mmcv/ops/csrc/pytorch/cpu/sparse_indice.cpp:60:54:   required from ‘Index functor::CreateSubMIndicePairFunctor<tv::CPU, Index, IndexGrid, NDim>::operator()(const tv::CPU&, tv::TensorView<const scalar_t>, tv::TensorView<IndexGrid>, tv::TensorView<scalar_t>, tv::TensorView<scalar_t>, tv::SimpleVector<Index, NDim>, tv::SimpleVector<Index, NDim>, tv::SimpleVector<Index, NDim>, tv::SimpleVector<Index, NDim>, tv::SimpleVector<Index, NDim>, bool, bool) [with Index = int; IndexGrid = int; unsigned int NDim = 4]’
./mmcv/ops/csrc/pytorch/cpu/sparse_indice.cpp:80:1:   required from here
/mnt/nfs2/engdes/wc296/paper6/dependencies/artemis-framework-overlay-005/source/mmcv-full-1.7.2/mmcv/ops/csrc/common/utils/spconv/spconv/geometry.h:257:21: warning: comparison of integer expressions of different signedness: ‘int’ and ‘unsigned int’ [-Wsign-compare]
  257 |   for (int i = 0; i < NDim; ++i) {
      |                   ~~^~~~~~
/mnt/nfs2/engdes/wc296/paper6/dependencies/artemis-framework-overlay-005/source/mmcv-full-1.7.2/mmcv/ops/csrc/common/utils/spconv/spconv/geometry.h:262:21: warning: comparison of integer expressions of different signedness: ‘int’ and ‘unsigned int’ [-Wsign-compare]
  262 |   for (int i = 0; i < NDim; ++i) {
      |                   ~~^~~~~~
/mnt/nfs2/engdes/wc296/paper6/dependencies/artemis-framework-overlay-005/source/mmcv-full-1.7.2/mmcv/ops/csrc/common/utils/spconv/spconv/geometry.h: In instantiation of ‘Index getIndicePairsDeConv(tv::TensorView<const scalar_t>, tv::TensorView<scalar_t>, tv::TensorView<IndexGrid>, tv::TensorView<scalar_t>, tv::TensorView<scalar_t>, const Index*, const Index*, const Index*, const Index*, const Index*) [with Index = long int; IndexGrid = int; unsigned int NDim = 1]’:
./mmcv/ops/csrc/pytorch/cpu/sparse_indice.cpp:36:58:   required from ‘Index functor::CreateConvIndicePairFunctor<tv::CPU, Index, IndexGrid, NDim>::operator()(const tv::CPU&, tv::TensorView<const scalar_t>, tv::TensorView<scalar_t>, tv::TensorView<IndexGrid>, tv::TensorView<scalar_t>, tv::TensorView<scalar_t>, tv::SimpleVector<Index, NDim>, tv::SimpleVector<Index, NDim>, tv::SimpleVector<Index, NDim>, tv::SimpleVector<Index, NDim>, tv::SimpleVector<Index, NDim>, bool, bool) [with Index = long int; IndexGrid = int; unsigned int NDim = 1]’
./mmcv/ops/csrc/pytorch/cpu/sparse_indice.cpp:81:1:   required from here
/mnt/nfs2/engdes/wc296/paper6/dependencies/artemis-framework-overlay-005/source/mmcv-full-1.7.2/mmcv/ops/csrc/common/utils/spconv/spconv/geometry.h:208:21: warning: comparison of integer expressions of different signedness: ‘int’ and ‘unsigned int’ [-Wsign-compare]
  208 |   for (int i = 0; i < NDim; ++i) {
      |                   ~~^~~~~~
/mnt/nfs2/engdes/wc296/paper6/dependencies/artemis-framework-overlay-005/source/mmcv-full-1.7.2/mmcv/ops/csrc/common/utils/spconv/spconv/geometry.h:213:21: warning: comparison of integer expressions of different signedness: ‘int’ and ‘unsigned int’ [-Wsign-compare]
  213 |   for (int i = 0; i < NDim; ++i) {
      |                   ~~^~~~~~
/mnt/nfs2/engdes/wc296/paper6/dependencies/artemis-framework-overlay-005/source/mmcv-full-1.7.2/mmcv/ops/csrc/common/utils/spconv/spconv/geometry.h: In instantiation of ‘Index getIndicePairsConv(tv::TensorView<const scalar_t>, tv::TensorView<scalar_t>, tv::TensorView<IndexGrid>, tv::TensorView<scalar_t>, tv::TensorView<scalar_t>, const Index*, const Index*, const Index*, const Index*, const Index*) [with Index = long int; IndexGrid = int; unsigned int NDim = 1]’:
./mmcv/ops/csrc/pytorch/cpu/sparse_indice.cpp:41:56:   required from ‘Index functor::CreateConvIndicePairFunctor<tv::CPU, Index, IndexGrid, NDim>::operator()(const tv::CPU&, tv::TensorView<const scalar_t>, tv::TensorView<scalar_t>, tv::TensorView<IndexGrid>, tv::TensorView<scalar_t>, tv::TensorView<scalar_t>, tv::SimpleVector<Index, NDim>, tv::SimpleVector<Index, NDim>, tv::SimpleVector<Index, NDim>, tv::SimpleVector<Index, NDim>, tv::SimpleVector<Index, NDim>, bool, bool) [with Index = long int; IndexGrid = int; unsigned int NDim = 1]’
./mmcv/ops/csrc/pytorch/cpu/sparse_indice.cpp:81:1:   required from here
/mnt/nfs2/engdes/wc296/paper6/dependencies/artemis-framework-overlay-005/source/mmcv-full-1.7.2/mmcv/ops/csrc/common/utils/spconv/spconv/geometry.h:157:21: warning: comparison of integer expressions of different signedness: ‘int’ and ‘unsigned int’ [-Wsign-compare]
  157 |   for (int i = 0; i < NDim; ++i) {
      |                   ~~^~~~~~
/mnt/nfs2/engdes/wc296/paper6/dependencies/artemis-framework-overlay-005/source/mmcv-full-1.7.2/mmcv/ops/csrc/common/utils/spconv/spconv/geometry.h:162:21: warning: comparison of integer expressions of different signedness: ‘int’ and ‘unsigned int’ [-Wsign-compare]
  162 |   for (int i = 0; i < NDim; ++i) {
      |                   ~~^~~~~~
/mnt/nfs2/engdes/wc296/paper6/dependencies/artemis-framework-overlay-005/source/mmcv-full-1.7.2/mmcv/ops/csrc/common/utils/spconv/spconv/geometry.h: In instantiation of ‘Index getIndicePairsSubM(tv::TensorView<const scalar_t>, tv::TensorView<IndexGrid>, tv::TensorView<scalar_t>, tv::TensorView<scalar_t>, const Index*, const Index*, const Index*, const Index*, const Index*) [with Index = long int; IndexGrid = int; unsigned int NDim = 1]’:
./mmcv/ops/csrc/pytorch/cpu/sparse_indice.cpp:60:54:   required from ‘Index functor::CreateSubMIndicePairFunctor<tv::CPU, Index, IndexGrid, NDim>::operator()(const tv::CPU&, tv::TensorView<const scalar_t>, tv::TensorView<IndexGrid>, tv::TensorView<scalar_t>, tv::TensorView<scalar_t>, tv::SimpleVector<Index, NDim>, tv::SimpleVector<Index, NDim>, tv::SimpleVector<Index, NDim>, tv::SimpleVector<Index, NDim>, tv::SimpleVector<Index, NDim>, bool, bool) [with Index = long int; IndexGrid = int; unsigned int NDim = 1]’
./mmcv/ops/csrc/pytorch/cpu/sparse_indice.cpp:81:1:   required from here
/mnt/nfs2/engdes/wc296/paper6/dependencies/artemis-framework-overlay-005/source/mmcv-full-1.7.2/mmcv/ops/csrc/common/utils/spconv/spconv/geometry.h:257:21: warning: comparison of integer expressions of different signedness: ‘int’ and ‘unsigned int’ [-Wsign-compare]
  257 |   for (int i = 0; i < NDim; ++i) {
      |                   ~~^~~~~~
/mnt/nfs2/engdes/wc296/paper6/dependencies/artemis-framework-overlay-005/source/mmcv-full-1.7.2/mmcv/ops/csrc/common/utils/spconv/spconv/geometry.h:262:21: warning: comparison of integer expressions of different signedness: ‘int’ and ‘unsigned int’ [-Wsign-compare]
  262 |   for (int i = 0; i < NDim; ++i) {
      |                   ~~^~~~~~
/mnt/nfs2/engdes/wc296/paper6/dependencies/artemis-framework-overlay-005/source/mmcv-full-1.7.2/mmcv/ops/csrc/common/utils/spconv/spconv/geometry.h: In instantiation of ‘Index getIndicePairsDeConv(tv::TensorView<const scalar_t>, tv::TensorView<scalar_t>, tv::TensorView<IndexGrid>, tv::TensorView<scalar_t>, tv::TensorView<scalar_t>, const Index*, const Index*, const Index*, const Index*, const Index*) [with Index = long int; IndexGrid = int; unsigned int NDim = 2]’:
./mmcv/ops/csrc/pytorch/cpu/sparse_indice.cpp:36:58:   required from ‘Index functor::CreateConvIndicePairFunctor<tv::CPU, Index, IndexGrid, NDim>::operator()(const tv::CPU&, tv::TensorView<const scalar_t>, tv::TensorView<scalar_t>, tv::TensorView<IndexGrid>, tv::TensorView<scalar_t>, tv::TensorView<scalar_t>, tv::SimpleVector<Index, NDim>, tv::SimpleVector<Index, NDim>, tv::SimpleVector<Index, NDim>, tv::SimpleVector<Index, NDim>, tv::SimpleVector<Index, NDim>, bool, bool) [with Index = long int; IndexGrid = int; unsigned int NDim = 2]’
./mmcv/ops/csrc/pytorch/cpu/sparse_indice.cpp:81:1:   required from here
/mnt/nfs2/engdes/wc296/paper6/dependencies/artemis-framework-overlay-005/source/mmcv-full-1.7.2/mmcv/ops/csrc/common/utils/spconv/spconv/geometry.h:208:21: warning: comparison of integer expressions of different signedness: ‘int’ and ‘unsigned int’ [-Wsign-compare]
  208 |   for (int i = 0; i < NDim; ++i) {
      |                   ~~^~~~~~
/mnt/nfs2/engdes/wc296/paper6/dependencies/artemis-framework-overlay-005/source/mmcv-full-1.7.2/mmcv/ops/csrc/common/utils/spconv/spconv/geometry.h:213:21: warning: comparison of integer expressions of different signedness: ‘int’ and ‘unsigned int’ [-Wsign-compare]
  213 |   for (int i = 0; i < NDim; ++i) {
      |                   ~~^~~~~~
/mnt/nfs2/engdes/wc296/paper6/dependencies/artemis-framework-overlay-005/source/mmcv-full-1.7.2/mmcv/ops/csrc/common/utils/spconv/spconv/geometry.h: In instantiation of ‘Index getIndicePairsConv(tv::TensorView<const scalar_t>, tv::TensorView<scalar_t>, tv::TensorView<IndexGrid>, tv::TensorView<scalar_t>, tv::TensorView<scalar_t>, const Index*, const Index*, const Index*, const Index*, const Index*) [with Index = long int; IndexGrid = int; unsigned int NDim = 2]’:
./mmcv/ops/csrc/pytorch/cpu/sparse_indice.cpp:41:56:   required from ‘Index functor::CreateConvIndicePairFunctor<tv::CPU, Index, IndexGrid, NDim>::operator()(const tv::CPU&, tv::TensorView<const scalar_t>, tv::TensorView<scalar_t>, tv::TensorView<IndexGrid>, tv::TensorView<scalar_t>, tv::TensorView<scalar_t>, tv::SimpleVector<Index, NDim>, tv::SimpleVector<Index, NDim>, tv::SimpleVector<Index, NDim>, tv::SimpleVector<Index, NDim>, tv::SimpleVector<Index, NDim>, bool, bool) [with Index = long int; IndexGrid = int; unsigned int NDim = 2]’
./mmcv/ops/csrc/pytorch/cpu/sparse_indice.cpp:81:1:   required from here
/mnt/nfs2/engdes/wc296/paper6/dependencies/artemis-framework-overlay-005/source/mmcv-full-1.7.2/mmcv/ops/csrc/common/utils/spconv/spconv/geometry.h:157:21: warning: comparison of integer expressions of different signedness: ‘int’ and ‘unsigned int’ [-Wsign-compare]
  157 |   for (int i = 0; i < NDim; ++i) {
      |                   ~~^~~~~~
/mnt/nfs2/engdes/wc296/paper6/dependencies/artemis-framework-overlay-005/source/mmcv-full-1.7.2/mmcv/ops/csrc/common/utils/spconv/spconv/geometry.h:162:21: warning: comparison of integer expressions of different signedness: ‘int’ and ‘unsigned int’ [-Wsign-compare]
  162 |   for (int i = 0; i < NDim; ++i) {
      |                   ~~^~~~~~
/mnt/nfs2/engdes/wc296/paper6/dependencies/artemis-framework-overlay-005/source/mmcv-full-1.7.2/mmcv/ops/csrc/common/utils/spconv/spconv/geometry.h: In instantiation of ‘Index getIndicePairsSubM(tv::TensorView<const scalar_t>, tv::TensorView<IndexGrid>, tv::TensorView<scalar_t>, tv::TensorView<scalar_t>, const Index*, const Index*, const Index*, const Index*, const Index*) [with Index = long int; IndexGrid = int; unsigned int NDim = 2]’:
./mmcv/ops/csrc/pytorch/cpu/sparse_indice.cpp:60:54:   required from ‘Index functor::CreateSubMIndicePairFunctor<tv::CPU, Index, IndexGrid, NDim>::operator()(const tv::CPU&, tv::TensorView<const scalar_t>, tv::TensorView<IndexGrid>, tv::TensorView<scalar_t>, tv::TensorView<scalar_t>, tv::SimpleVector<Index, NDim>, tv::SimpleVector<Index, NDim>, tv::SimpleVector<Index, NDim>, tv::SimpleVector<Index, NDim>, tv::SimpleVector<Index, NDim>, bool, bool) [with Index = long int; IndexGrid = int; unsigned int NDim = 2]’
./mmcv/ops/csrc/pytorch/cpu/sparse_indice.cpp:81:1:   required from here
/mnt/nfs2/engdes/wc296/paper6/dependencies/artemis-framework-overlay-005/source/mmcv-full-1.7.2/mmcv/ops/csrc/common/utils/spconv/spconv/geometry.h:257:21: warning: comparison of integer expressions of different signedness: ‘int’ and ‘unsigned int’ [-Wsign-compare]
  257 |   for (int i = 0; i < NDim; ++i) {
      |                   ~~^~~~~~
/mnt/nfs2/engdes/wc296/paper6/dependencies/artemis-framework-overlay-005/source/mmcv-full-1.7.2/mmcv/ops/csrc/common/utils/spconv/spconv/geometry.h:262:21: warning: comparison of integer expressions of different signedness: ‘int’ and ‘unsigned int’ [-Wsign-compare]
  262 |   for (int i = 0; i < NDim; ++i) {
      |                   ~~^~~~~~
/mnt/nfs2/engdes/wc296/paper6/dependencies/artemis-framework-overlay-005/source/mmcv-full-1.7.2/mmcv/ops/csrc/common/utils/spconv/spconv/geometry.h: In instantiation of ‘Index getIndicePairsDeConv(tv::TensorView<const scalar_t>, tv::TensorView<scalar_t>, tv::TensorView<IndexGrid>, tv::TensorView<scalar_t>, tv::TensorView<scalar_t>, const Index*, const Index*, const Index*, const Index*, const Index*) [with Index = long int; IndexGrid = int; unsigned int NDim = 3]’:
./mmcv/ops/csrc/pytorch/cpu/sparse_indice.cpp:36:58:   required from ‘Index functor::CreateConvIndicePairFunctor<tv::CPU, Index, IndexGrid, NDim>::operator()(const tv::CPU&, tv::TensorView<const scalar_t>, tv::TensorView<scalar_t>, tv::TensorView<IndexGrid>, tv::TensorView<scalar_t>, tv::TensorView<scalar_t>, tv::SimpleVector<Index, NDim>, tv::SimpleVector<Index, NDim>, tv::SimpleVector<Index, NDim>, tv::SimpleVector<Index, NDim>, tv::SimpleVector<Index, NDim>, bool, bool) [with Index = long int; IndexGrid = int; unsigned int NDim = 3]’
./mmcv/ops/csrc/pytorch/cpu/sparse_indice.cpp:81:1:   required from here
/mnt/nfs2/engdes/wc296/paper6/dependencies/artemis-framework-overlay-005/source/mmcv-full-1.7.2/mmcv/ops/csrc/common/utils/spconv/spconv/geometry.h:208:21: warning: comparison of integer expressions of different signedness: ‘int’ and ‘unsigned int’ [-Wsign-compare]
  208 |   for (int i = 0; i < NDim; ++i) {
      |                   ~~^~~~~~
/mnt/nfs2/engdes/wc296/paper6/dependencies/artemis-framework-overlay-005/source/mmcv-full-1.7.2/mmcv/ops/csrc/common/utils/spconv/spconv/geometry.h:213:21: warning: comparison of integer expressions of different signedness: ‘int’ and ‘unsigned int’ [-Wsign-compare]
  213 |   for (int i = 0; i < NDim; ++i) {
      |                   ~~^~~~~~
/mnt/nfs2/engdes/wc296/paper6/dependencies/artemis-framework-overlay-005/source/mmcv-full-1.7.2/mmcv/ops/csrc/common/utils/spconv/spconv/geometry.h: In instantiation of ‘Index getIndicePairsConv(tv::TensorView<const scalar_t>, tv::TensorView<scalar_t>, tv::TensorView<IndexGrid>, tv::TensorView<scalar_t>, tv::TensorView<scalar_t>, const Index*, const Index*, const Index*, const Index*, const Index*) [with Index = long int; IndexGrid = int; unsigned int NDim = 3]’:
./mmcv/ops/csrc/pytorch/cpu/sparse_indice.cpp:41:56:   required from ‘Index functor::CreateConvIndicePairFunctor<tv::CPU, Index, IndexGrid, NDim>::operator()(const tv::CPU&, tv::TensorView<const scalar_t>, tv::TensorView<scalar_t>, tv::TensorView<IndexGrid>, tv::TensorView<scalar_t>, tv::TensorView<scalar_t>, tv::SimpleVector<Index, NDim>, tv::SimpleVector<Index, NDim>, tv::SimpleVector<Index, NDim>, tv::SimpleVector<Index, NDim>, tv::SimpleVector<Index, NDim>, bool, bool) [with Index = long int; IndexGrid = int; unsigned int NDim = 3]’
./mmcv/ops/csrc/pytorch/cpu/sparse_indice.cpp:81:1:   required from here
/mnt/nfs2/engdes/wc296/paper6/dependencies/artemis-framework-overlay-005/source/mmcv-full-1.7.2/mmcv/ops/csrc/common/utils/spconv/spconv/geometry.h:157:21: warning: comparison of integer expressions of different signedness: ‘int’ and ‘unsigned int’ [-Wsign-compare]
  157 |   for (int i = 0; i < NDim; ++i) {
      |                   ~~^~~~~~
/mnt/nfs2/engdes/wc296/paper6/dependencies/artemis-framework-overlay-005/source/mmcv-full-1.7.2/mmcv/ops/csrc/common/utils/spconv/spconv/geometry.h:162:21: warning: comparison of integer expressions of different signedness: ‘int’ and ‘unsigned int’ [-Wsign-compare]
  162 |   for (int i = 0; i < NDim; ++i) {
      |                   ~~^~~~~~
/mnt/nfs2/engdes/wc296/paper6/dependencies/artemis-framework-overlay-005/source/mmcv-full-1.7.2/mmcv/ops/csrc/common/utils/spconv/spconv/geometry.h: In instantiation of ‘Index getIndicePairsSubM(tv::TensorView<const scalar_t>, tv::TensorView<IndexGrid>, tv::TensorView<scalar_t>, tv::TensorView<scalar_t>, const Index*, const Index*, const Index*, const Index*, const Index*) [with Index = long int; IndexGrid = int; unsigned int NDim = 3]’:
./mmcv/ops/csrc/pytorch/cpu/sparse_indice.cpp:60:54:   required from ‘Index functor::CreateSubMIndicePairFunctor<tv::CPU, Index, IndexGrid, NDim>::operator()(const tv::CPU&, tv::TensorView<const scalar_t>, tv::TensorView<IndexGrid>, tv::TensorView<scalar_t>, tv::TensorView<scalar_t>, tv::SimpleVector<Index, NDim>, tv::SimpleVector<Index, NDim>, tv::SimpleVector<Index, NDim>, tv::SimpleVector<Index, NDim>, tv::SimpleVector<Index, NDim>, bool, bool) [with Index = long int; IndexGrid = int; unsigned int NDim = 3]’
./mmcv/ops/csrc/pytorch/cpu/sparse_indice.cpp:81:1:   required from here
/mnt/nfs2/engdes/wc296/paper6/dependencies/artemis-framework-overlay-005/source/mmcv-full-1.7.2/mmcv/ops/csrc/common/utils/spconv/spconv/geometry.h:257:21: warning: comparison of integer expressions of different signedness: ‘int’ and ‘unsigned int’ [-Wsign-compare]
  257 |   for (int i = 0; i < NDim; ++i) {
      |                   ~~^~~~~~
/mnt/nfs2/engdes/wc296/paper6/dependencies/artemis-framework-overlay-005/source/mmcv-full-1.7.2/mmcv/ops/csrc/common/utils/spconv/spconv/geometry.h:262:21: warning: comparison of integer expressions of different signedness: ‘int’ and ‘unsigned int’ [-Wsign-compare]
  262 |   for (int i = 0; i < NDim; ++i) {
      |                   ~~^~~~~~
/mnt/nfs2/engdes/wc296/paper6/dependencies/artemis-framework-overlay-005/source/mmcv-full-1.7.2/mmcv/ops/csrc/common/utils/spconv/spconv/geometry.h: In instantiation of ‘Index getIndicePairsDeConv(tv::TensorView<const scalar_t>, tv::TensorView<scalar_t>, tv::TensorView<IndexGrid>, tv::TensorView<scalar_t>, tv::TensorView<scalar_t>, const Index*, const Index*, const Index*, const Index*, const Index*) [with Index = long int; IndexGrid = int; unsigned int NDim = 4]’:
./mmcv/ops/csrc/pytorch/cpu/sparse_indice.cpp:36:58:   required from ‘Index functor::CreateConvIndicePairFunctor<tv::CPU, Index, IndexGrid, NDim>::operator()(const tv::CPU&, tv::TensorView<const scalar_t>, tv::TensorView<scalar_t>, tv::TensorView<IndexGrid>, tv::TensorView<scalar_t>, tv::TensorView<scalar_t>, tv::SimpleVector<Index, NDim>, tv::SimpleVector<Index, NDim>, tv::SimpleVector<Index, NDim>, tv::SimpleVector<Index, NDim>, tv::SimpleVector<Index, NDim>, bool, bool) [with Index = long int; IndexGrid = int; unsigned int NDim = 4]’
./mmcv/ops/csrc/pytorch/cpu/sparse_indice.cpp:81:1:   required from here
/mnt/nfs2/engdes/wc296/paper6/dependencies/artemis-framework-overlay-005/source/mmcv-full-1.7.2/mmcv/ops/csrc/common/utils/spconv/spconv/geometry.h:208:21: warning: comparison of integer expressions of different signedness: ‘int’ and ‘unsigned int’ [-Wsign-compare]
  208 |   for (int i = 0; i < NDim; ++i) {
      |                   ~~^~~~~~
/mnt/nfs2/engdes/wc296/paper6/dependencies/artemis-framework-overlay-005/source/mmcv-full-1.7.2/mmcv/ops/csrc/common/utils/spconv/spconv/geometry.h:213:21: warning: comparison of integer expressions of different signedness: ‘int’ and ‘unsigned int’ [-Wsign-compare]
  213 |   for (int i = 0; i < NDim; ++i) {
      |                   ~~^~~~~~
/mnt/nfs2/engdes/wc296/paper6/dependencies/artemis-framework-overlay-005/source/mmcv-full-1.7.2/mmcv/ops/csrc/common/utils/spconv/spconv/geometry.h: In instantiation of ‘Index getIndicePairsConv(tv::TensorView<const scalar_t>, tv::TensorView<scalar_t>, tv::TensorView<IndexGrid>, tv::TensorView<scalar_t>, tv::TensorView<scalar_t>, const Index*, const Index*, const Index*, const Index*, const Index*) [with Index = long int; IndexGrid = int; unsigned int NDim = 4]’:
./mmcv/ops/csrc/pytorch/cpu/sparse_indice.cpp:41:56:   required from ‘Index functor::CreateConvIndicePairFunctor<tv::CPU, Index, IndexGrid, NDim>::operator()(const tv::CPU&, tv::TensorView<const scalar_t>, tv::TensorView<scalar_t>, tv::TensorView<IndexGrid>, tv::TensorView<scalar_t>, tv::TensorView<scalar_t>, tv::SimpleVector<Index, NDim>, tv::SimpleVector<Index, NDim>, tv::SimpleVector<Index, NDim>, tv::SimpleVector<Index, NDim>, tv::SimpleVector<Index, NDim>, bool, bool) [with Index = long int; IndexGrid = int; unsigned int NDim = 4]’
./mmcv/ops/csrc/pytorch/cpu/sparse_indice.cpp:81:1:   required from here
/mnt/nfs2/engdes/wc296/paper6/dependencies/artemis-framework-overlay-005/source/mmcv-full-1.7.2/mmcv/ops/csrc/common/utils/spconv/spconv/geometry.h:157:21: warning: comparison of integer expressions of different signedness: ‘int’ and ‘unsigned int’ [-Wsign-compare]
  157 |   for (int i = 0; i < NDim; ++i) {
      |                   ~~^~~~~~
/mnt/nfs2/engdes/wc296/paper6/dependencies/artemis-framework-overlay-005/source/mmcv-full-1.7.2/mmcv/ops/csrc/common/utils/spconv/spconv/geometry.h:162:21: warning: comparison of integer expressions of different signedness: ‘int’ and ‘unsigned int’ [-Wsign-compare]
  162 |   for (int i = 0; i < NDim; ++i) {
      |                   ~~^~~~~~
/mnt/nfs2/engdes/wc296/paper6/dependencies/artemis-framework-overlay-005/source/mmcv-full-1.7.2/mmcv/ops/csrc/common/utils/spconv/spconv/geometry.h: In instantiation of ‘Index getIndicePairsSubM(tv::TensorView<const scalar_t>, tv::TensorView<IndexGrid>, tv::TensorView<scalar_t>, tv::TensorView<scalar_t>, const Index*, const Index*, const Index*, const Index*, const Index*) [with Index = long int; IndexGrid = int; unsigned int NDim = 4]’:
./mmcv/ops/csrc/pytorch/cpu/sparse_indice.cpp:60:54:   required from ‘Index functor::CreateSubMIndicePairFunctor<tv::CPU, Index, IndexGrid, NDim>::operator()(const tv::CPU&, tv::TensorView<const scalar_t>, tv::TensorView<IndexGrid>, tv::TensorView<scalar_t>, tv::TensorView<scalar_t>, tv::SimpleVector<Index, NDim>, tv::SimpleVector<Index, NDim>, tv::SimpleVector<Index, NDim>, tv::SimpleVector<Index, NDim>, tv::SimpleVector<Index, NDim>, bool, bool) [with Index = long int; IndexGrid = int; unsigned int NDim = 4]’
./mmcv/ops/csrc/pytorch/cpu/sparse_indice.cpp:81:1:   required from here
/mnt/nfs2/engdes/wc296/paper6/dependencies/artemis-framework-overlay-005/source/mmcv-full-1.7.2/mmcv/ops/csrc/common/utils/spconv/spconv/geometry.h:257:21: warning: comparison of integer expressions of different signedness: ‘int’ and ‘unsigned int’ [-Wsign-compare]
  257 |   for (int i = 0; i < NDim; ++i) {
      |                   ~~^~~~~~
/mnt/nfs2/engdes/wc296/paper6/dependencies/artemis-framework-overlay-005/source/mmcv-full-1.7.2/mmcv/ops/csrc/common/utils/spconv/spconv/geometry.h:262:21: warning: comparison of integer expressions of different signedness: ‘int’ and ‘unsigned int’ [-Wsign-compare]
  262 |   for (int i = 0; i < NDim; ++i) {
      |                   ~~^~~~~~
g++ -pthread -B /its/home/wc296/miniconda3/compiler_compat -fno-strict-overflow -Wsign-compare -DNDEBUG -O2 -Wall -fPIC -O2 -isystem /its/home/wc296/miniconda3/include -fPIC -O2 -isystem /its/home/wc296/miniconda3/include -fPIC -DMMCV_WITH_CUDA -I/mnt/nfs2/engdes/wc296/paper6/dependencies/artemis-framework-overlay-005/source/mmcv-full-1.7.2/mmcv/ops/csrc/pytorch -I/mnt/nfs2/engdes/wc296/paper6/dependencies/artemis-framework-overlay-005/source/mmcv-full-1.7.2/mmcv/ops/csrc/common -I/mnt/nfs2/engdes/wc296/paper6/dependencies/artemis-framework-overlay-005/source/mmcv-full-1.7.2/mmcv/ops/csrc/common/cuda -I/mnt/nfs2/engdes/wc296/paper6/envs/torch-cu128-001/lib/python3.12/site-packages/torch/include -I/mnt/nfs2/engdes/wc296/paper6/envs/torch-cu128-001/lib/python3.12/site-packages/torch/include/torch/csrc/api/include -I/mnt/nfs2/engdes/wc296/paper6/toolchains/cuda-12.8-001/include -I/mnt/nfs2/engdes/wc296/paper6/envs/torch-cu128-001/include -I/its/home/wc296/miniconda3/include/python3.12 -c ./mmcv/ops/csrc/pytorch/cpu/sparse_maxpool.cpp -o build/temp.linux-x86_64-cpython-312/mmcv/ops/csrc/pytorch/cpu/sparse_maxpool.o -std=c++17 -DTORCH_API_INCLUDE_EXTENSION_H -DPYBIND11_COMPILER_TYPE=\"_gcc\" -DPYBIND11_STDLIB=\"_libstdcpp\" -DPYBIND11_BUILD_ABI=\"_cxxabi1016\" -DTORCH_EXTENSION_NAME=_ext -D_GLIBCXX_USE_CXX11_ABI=1
In file included from /mnt/nfs2/engdes/wc296/paper6/dependencies/artemis-framework-overlay-005/source/mmcv-full-1.7.2/mmcv/ops/csrc/common/utils/spconv/spconv/maxpool.h:17,
                 from ./mmcv/ops/csrc/pytorch/cpu/sparse_maxpool.cpp:16:
/mnt/nfs2/engdes/wc296/paper6/dependencies/artemis-framework-overlay-005/source/mmcv-full-1.7.2/mmcv/ops/csrc/common/utils/spconv/tensorview/tensorview.h:387: warning: ignoring ‘#pragma unroll ’ [-Wunknown-pragmas]
  387 | #pragma unroll
      | 
/mnt/nfs2/engdes/wc296/paper6/dependencies/artemis-framework-overlay-005/source/mmcv-full-1.7.2/mmcv/ops/csrc/common/utils/spconv/tensorview/tensorview.h:412: warning: ignoring ‘#pragma unroll ’ [-Wunknown-pragmas]
  412 | #pragma unroll
      | 
/mnt/nfs2/engdes/wc296/paper6/dependencies/artemis-framework-overlay-005/source/mmcv-full-1.7.2/mmcv/ops/csrc/common/utils/spconv/tensorview/tensorview.h:436: warning: ignoring ‘#pragma unroll ’ [-Wunknown-pragmas]
  436 | #pragma unroll
      | 
/mnt/nfs2/engdes/wc296/paper6/dependencies/artemis-framework-overlay-005/source/mmcv-full-1.7.2/mmcv/ops/csrc/common/utils/spconv/tensorview/tensorview.h:447: warning: ignoring ‘#pragma unroll ’ [-Wunknown-pragmas]
  447 | #pragma unroll
      | 
/mnt/nfs2/engdes/wc296/paper6/dependencies/artemis-framework-overlay-005/source/mmcv-full-1.7.2/mmcv/ops/csrc/common/utils/spconv/tensorview/tensorview.h:885: warning: ignoring ‘#pragma unroll ’ [-Wunknown-pragmas]
  885 | #pragma unroll
      | 
/mnt/nfs2/engdes/wc296/paper6/dependencies/artemis-framework-overlay-005/source/mmcv-full-1.7.2/mmcv/ops/csrc/common/utils/spconv/tensorview/tensorview.h:895: warning: ignoring ‘#pragma unroll ’ [-Wunknown-pragmas]
  895 | #pragma unroll
      | 
/mnt/nfs2/engdes/wc296/paper6/dependencies/artemis-framework-overlay-005/source/mmcv-full-1.7.2/mmcv/ops/csrc/common/utils/spconv/tensorview/tensorview.h:901: warning: ignoring ‘#pragma unroll ’ [-Wunknown-pragmas]
  901 | #pragma unroll
      | 
/mnt/nfs2/engdes/wc296/paper6/dependencies/artemis-framework-overlay-005/source/mmcv-full-1.7.2/mmcv/ops/csrc/common/utils/spconv/tensorview/tensorview.h:907: warning: ignoring ‘#pragma unroll ’ [-Wunknown-pragmas]
  907 | #pragma unroll
      | 
/mnt/nfs2/engdes/wc296/paper6/dependencies/artemis-framework-overlay-005/source/mmcv-full-1.7.2/mmcv/ops/csrc/common/utils/spconv/tensorview/tensorview.h: In instantiation of ‘tv::ShapeBase<MaxDim> tv::ShapeBase<MaxDim>::subshape(int) const [with long unsigned int MaxDim = 6]’:
/mnt/nfs2/engdes/wc296/paper6/dependencies/artemis-framework-overlay-005/source/mmcv-full-1.7.2/mmcv/ops/csrc/common/utils/spconv/tensorview/tensorview.h:922:54:   required from ‘tv::TensorView<scalar_t, Rank> tv::TensorView<scalar_t, Rank>::subview(int, Integers ...) [with Integers = {}; scalar_t = const int; int Rank = -1]’
./mmcv/ops/csrc/pytorch/cpu/sparse_maxpool.cpp:29:37:   required from ‘void functor::SparseMaxPoolForwardFunctor<tv::CPU, scalar_t, Index>::operator()(const tv::CPU&, tv::TensorView<scalar_t>, tv::TensorView<const scalar_t>, tv::TensorView<const scalar_t>, int) [with scalar_t = float; Index = int]’
./mmcv/ops/csrc/pytorch/cpu/sparse_maxpool.cpp:77:1:   required from here
/mnt/nfs2/engdes/wc296/paper6/dependencies/artemis-framework-overlay-005/source/mmcv-full-1.7.2/mmcv/ops/csrc/common/utils/spconv/tensorview/tensorview.h:345:27: warning: comparison of integer expressions of different signedness: ‘int’ and ‘const size_t’ {aka ‘const long unsigned int’} [-Wsign-compare]
  345 |     for (int i = start; i < this->mSize; ++i) {
      |                         ~~^~~~~~~~~~~~~
g++ -pthread -B /its/home/wc296/miniconda3/compiler_compat -fno-strict-overflow -Wsign-compare -DNDEBUG -O2 -Wall -fPIC -O2 -isystem /its/home/wc296/miniconda3/include -fPIC -O2 -isystem /its/home/wc296/miniconda3/include -fPIC -DMMCV_WITH_CUDA -I/mnt/nfs2/engdes/wc296/paper6/dependencies/artemis-framework-overlay-005/source/mmcv-full-1.7.2/mmcv/ops/csrc/pytorch -I/mnt/nfs2/engdes/wc296/paper6/dependencies/artemis-framework-overlay-005/source/mmcv-full-1.7.2/mmcv/ops/csrc/common -I/mnt/nfs2/engdes/wc296/paper6/dependencies/artemis-framework-overlay-005/source/mmcv-full-1.7.2/mmcv/ops/csrc/common/cuda -I/mnt/nfs2/engdes/wc296/paper6/envs/torch-cu128-001/lib/python3.12/site-packages/torch/include -I/mnt/nfs2/engdes/wc296/paper6/envs/torch-cu128-001/lib/python3.12/site-packages/torch/include/torch/csrc/api/include -I/mnt/nfs2/engdes/wc296/paper6/toolchains/cuda-12.8-001/include -I/mnt/nfs2/engdes/wc296/paper6/envs/torch-cu128-001/include -I/its/home/wc296/miniconda3/include/python3.12 -c ./mmcv/ops/csrc/pytorch/cpu/sparse_reordering.cpp -o build/temp.linux-x86_64-cpython-312/mmcv/ops/csrc/pytorch/cpu/sparse_reordering.o -std=c++17 -DTORCH_API_INCLUDE_EXTENSION_H -DPYBIND11_COMPILER_TYPE=\"_gcc\" -DPYBIND11_STDLIB=\"_libstdcpp\" -DPYBIND11_BUILD_ABI=\"_cxxabi1016\" -DTORCH_EXTENSION_NAME=_ext -D_GLIBCXX_USE_CXX11_ABI=1
In file included from /mnt/nfs2/engdes/wc296/paper6/dependencies/artemis-framework-overlay-005/source/mmcv-full-1.7.2/mmcv/ops/csrc/common/utils/spconv/spconv/reordering.h:17,
                 from ./mmcv/ops/csrc/pytorch/cpu/sparse_reordering.cpp:16:
/mnt/nfs2/engdes/wc296/paper6/dependencies/artemis-framework-overlay-005/source/mmcv-full-1.7.2/mmcv/ops/csrc/common/utils/spconv/tensorview/tensorview.h:387: warning: ignoring ‘#pragma unroll ’ [-Wunknown-pragmas]
  387 | #pragma unroll
      | 
/mnt/nfs2/engdes/wc296/paper6/dependencies/artemis-framework-overlay-005/source/mmcv-full-1.7.2/mmcv/ops/csrc/common/utils/spconv/tensorview/tensorview.h:412: warning: ignoring ‘#pragma unroll ’ [-Wunknown-pragmas]
  412 | #pragma unroll
      | 
/mnt/nfs2/engdes/wc296/paper6/dependencies/artemis-framework-overlay-005/source/mmcv-full-1.7.2/mmcv/ops/csrc/common/utils/spconv/tensorview/tensorview.h:436: warning: ignoring ‘#pragma unroll ’ [-Wunknown-pragmas]
  436 | #pragma unroll
      | 
/mnt/nfs2/engdes/wc296/paper6/dependencies/artemis-framework-overlay-005/source/mmcv-full-1.7.2/mmcv/ops/csrc/common/utils/spconv/tensorview/tensorview.h:447: warning: ignoring ‘#pragma unroll ’ [-Wunknown-pragmas]
  447 | #pragma unroll
      | 
/mnt/nfs2/engdes/wc296/paper6/dependencies/artemis-framework-overlay-005/source/mmcv-full-1.7.2/mmcv/ops/csrc/common/utils/spconv/tensorview/tensorview.h:885: warning: ignoring ‘#pragma unroll ’ [-Wunknown-pragmas]
  885 | #pragma unroll
      | 
/mnt/nfs2/engdes/wc296/paper6/dependencies/artemis-framework-overlay-005/source/mmcv-full-1.7.2/mmcv/ops/csrc/common/utils/spconv/tensorview/tensorview.h:895: warning: ignoring ‘#pragma unroll ’ [-Wunknown-pragmas]
  895 | #pragma unroll
      | 
/mnt/nfs2/engdes/wc296/paper6/dependencies/artemis-framework-overlay-005/source/mmcv-full-1.7.2/mmcv/ops/csrc/common/utils/spconv/tensorview/tensorview.h:901: warning: ignoring ‘#pragma unroll ’ [-Wunknown-pragmas]
  901 | #pragma unroll
      | 
/mnt/nfs2/engdes/wc296/paper6/dependencies/artemis-framework-overlay-005/source/mmcv-full-1.7.2/mmcv/ops/csrc/common/utils/spconv/tensorview/tensorview.h:907: warning: ignoring ‘#pragma unroll ’ [-Wunknown-pragmas]
  907 | #pragma unroll
      | 
g++ -pthread -B /its/home/wc296/miniconda3/compiler_compat -fno-strict-overflow -Wsign-compare -DNDEBUG -O2 -Wall -fPIC -O2 -isystem /its/home/wc296/miniconda3/include -fPIC -O2 -isystem /its/home/wc296/miniconda3/include -fPIC -DMMCV_WITH_CUDA -I/mnt/nfs2/engdes/wc296/paper6/dependencies/artemis-framework-overlay-005/source/mmcv-full-1.7.2/mmcv/ops/csrc/pytorch -I/mnt/nfs2/engdes/wc296/paper6/dependencies/artemis-framework-overlay-005/source/mmcv-full-1.7.2/mmcv/ops/csrc/common -I/mnt/nfs2/engdes/wc296/paper6/dependencies/artemis-framework-overlay-005/source/mmcv-full-1.7.2/mmcv/ops/csrc/common/cuda -I/mnt/nfs2/engdes/wc296/paper6/envs/torch-cu128-001/lib/python3.12/site-packages/torch/include -I/mnt/nfs2/engdes/wc296/paper6/envs/torch-cu128-001/lib/python3.12/site-packages/torch/include/torch/csrc/api/include -I/mnt/nfs2/engdes/wc296/paper6/toolchains/cuda-12.8-001/include -I/mnt/nfs2/engdes/wc296/paper6/envs/torch-cu128-001/include -I/its/home/wc296/miniconda3/include/python3.12 -c ./mmcv/ops/csrc/pytorch/cpu/voxelization.cpp -o build/temp.linux-x86_64-cpython-312/mmcv/ops/csrc/pytorch/cpu/voxelization.o -std=c++17 -DTORCH_API_INCLUDE_EXTENSION_H -DPYBIND11_COMPILER_TYPE=\"_gcc\" -DPYBIND11_STDLIB=\"_libstdcpp\" -DPYBIND11_BUILD_ABI=\"_cxxabi1016\" -DTORCH_EXTENSION_NAME=_ext -D_GLIBCXX_USE_CXX11_ABI=1
/mnt/nfs2/engdes/wc296/paper6/toolchains/cuda-12.8-001/bin/nvcc -DMMCV_WITH_CUDA -I/mnt/nfs2/engdes/wc296/paper6/dependencies/artemis-framework-overlay-005/source/mmcv-full-1.7.2/mmcv/ops/csrc/pytorch -I/mnt/nfs2/engdes/wc296/paper6/dependencies/artemis-framework-overlay-005/source/mmcv-full-1.7.2/mmcv/ops/csrc/common -I/mnt/nfs2/engdes/wc296/paper6/dependencies/artemis-framework-overlay-005/source/mmcv-full-1.7.2/mmcv/ops/csrc/common/cuda -I/mnt/nfs2/engdes/wc296/paper6/envs/torch-cu128-001/lib/python3.12/site-packages/torch/include -I/mnt/nfs2/engdes/wc296/paper6/envs/torch-cu128-001/lib/python3.12/site-packages/torch/include/torch/csrc/api/include -I/mnt/nfs2/engdes/wc296/paper6/toolchains/cuda-12.8-001/include -I/mnt/nfs2/engdes/wc296/paper6/envs/torch-cu128-001/include -I/its/home/wc296/miniconda3/include/python3.12 -c ./mmcv/ops/csrc/pytorch/cuda/active_rotated_filter_cuda.cu -o build/temp.linux-x86_64-cpython-312/mmcv/ops/csrc/pytorch/cuda/active_rotated_filter_cuda.o -D__CUDA_NO_HALF_OPERATORS__ -D__CUDA_NO_HALF_CONVERSIONS__ -D__CUDA_NO_BFLOAT16_CONVERSIONS__ -D__CUDA_NO_HALF2_OPERATORS__ --expt-relaxed-constexpr --compiler-options '-fPIC' -std=c++17 -DTORCH_API_INCLUDE_EXTENSION_H -DPYBIND11_COMPILER_TYPE=\"_gcc\" -DPYBIND11_STDLIB=\"_libstdcpp\" -DPYBIND11_BUILD_ABI=\"_cxxabi1016\" -DTORCH_EXTENSION_NAME=_ext -D_GLIBCXX_USE_CXX11_ABI=1 -gencode=arch=compute_120,code=sm_120
/mnt/nfs2/engdes/wc296/paper6/toolchains/cuda-12.8-001/bin/nvcc -DMMCV_WITH_CUDA -I/mnt/nfs2/engdes/wc296/paper6/dependencies/artemis-framework-overlay-005/source/mmcv-full-1.7.2/mmcv/ops/csrc/pytorch -I/mnt/nfs2/engdes/wc296/paper6/dependencies/artemis-framework-overlay-005/source/mmcv-full-1.7.2/mmcv/ops/csrc/common -I/mnt/nfs2/engdes/wc296/paper6/dependencies/artemis-framework-overlay-005/source/mmcv-full-1.7.2/mmcv/ops/csrc/common/cuda -I/mnt/nfs2/engdes/wc296/paper6/envs/torch-cu128-001/lib/python3.12/site-packages/torch/include -I/mnt/nfs2/engdes/wc296/paper6/envs/torch-cu128-001/lib/python3.12/site-packages/torch/include/torch/csrc/api/include -I/mnt/nfs2/engdes/wc296/paper6/toolchains/cuda-12.8-001/include -I/mnt/nfs2/engdes/wc296/paper6/envs/torch-cu128-001/include -I/its/home/wc296/miniconda3/include/python3.12 -c ./mmcv/ops/csrc/pytorch/cuda/assign_score_withk_cuda.cu -o build/temp.linux-x86_64-cpython-312/mmcv/ops/csrc/pytorch/cuda/assign_score_withk_cuda.o -D__CUDA_NO_HALF_OPERATORS__ -D__CUDA_NO_HALF_CONVERSIONS__ -D__CUDA_NO_BFLOAT16_CONVERSIONS__ -D__CUDA_NO_HALF2_OPERATORS__ --expt-relaxed-constexpr --compiler-options '-fPIC' -std=c++17 -DTORCH_API_INCLUDE_EXTENSION_H -DPYBIND11_COMPILER_TYPE=\"_gcc\" -DPYBIND11_STDLIB=\"_libstdcpp\" -DPYBIND11_BUILD_ABI=\"_cxxabi1016\" -DTORCH_EXTENSION_NAME=_ext -D_GLIBCXX_USE_CXX11_ABI=1 -gencode=arch=compute_120,code=sm_120
/mnt/nfs2/engdes/wc296/paper6/toolchains/cuda-12.8-001/bin/nvcc -DMMCV_WITH_CUDA -I/mnt/nfs2/engdes/wc296/paper6/dependencies/artemis-framework-overlay-005/source/mmcv-full-1.7.2/mmcv/ops/csrc/pytorch -I/mnt/nfs2/engdes/wc296/paper6/dependencies/artemis-framework-overlay-005/source/mmcv-full-1.7.2/mmcv/ops/csrc/common -I/mnt/nfs2/engdes/wc296/paper6/dependencies/artemis-framework-overlay-005/source/mmcv-full-1.7.2/mmcv/ops/csrc/common/cuda -I/mnt/nfs2/engdes/wc296/paper6/envs/torch-cu128-001/lib/python3.12/site-packages/torch/include -I/mnt/nfs2/engdes/wc296/paper6/envs/torch-cu128-001/lib/python3.12/site-packages/torch/include/torch/csrc/api/include -I/mnt/nfs2/engdes/wc296/paper6/toolchains/cuda-12.8-001/include -I/mnt/nfs2/engdes/wc296/paper6/envs/torch-cu128-001/include -I/its/home/wc296/miniconda3/include/python3.12 -c ./mmcv/ops/csrc/pytorch/cuda/ball_query_cuda.cu -o build/temp.linux-x86_64-cpython-312/mmcv/ops/csrc/pytorch/cuda/ball_query_cuda.o -D__CUDA_NO_HALF_OPERATORS__ -D__CUDA_NO_HALF_CONVERSIONS__ -D__CUDA_NO_BFLOAT16_CONVERSIONS__ -D__CUDA_NO_HALF2_OPERATORS__ --expt-relaxed-constexpr --compiler-options '-fPIC' -std=c++17 -DTORCH_API_INCLUDE_EXTENSION_H -DPYBIND11_COMPILER_TYPE=\"_gcc\" -DPYBIND11_STDLIB=\"_libstdcpp\" -DPYBIND11_BUILD_ABI=\"_cxxabi1016\" -DTORCH_EXTENSION_NAME=_ext -D_GLIBCXX_USE_CXX11_ABI=1 -gencode=arch=compute_120,code=sm_120
/mnt/nfs2/engdes/wc296/paper6/toolchains/cuda-12.8-001/bin/nvcc -DMMCV_WITH_CUDA -I/mnt/nfs2/engdes/wc296/paper6/dependencies/artemis-framework-overlay-005/source/mmcv-full-1.7.2/mmcv/ops/csrc/pytorch -I/mnt/nfs2/engdes/wc296/paper6/dependencies/artemis-framework-overlay-005/source/mmcv-full-1.7.2/mmcv/ops/csrc/common -I/mnt/nfs2/engdes/wc296/paper6/dependencies/artemis-framework-overlay-005/source/mmcv-full-1.7.2/mmcv/ops/csrc/common/cuda -I/mnt/nfs2/engdes/wc296/paper6/envs/torch-cu128-001/lib/python3.12/site-packages/torch/include -I/mnt/nfs2/engdes/wc296/paper6/envs/torch-cu128-001/lib/python3.12/site-packages/torch/include/torch/csrc/api/include -I/mnt/nfs2/engdes/wc296/paper6/toolchains/cuda-12.8-001/include -I/mnt/nfs2/engdes/wc296/paper6/envs/torch-cu128-001/include -I/its/home/wc296/miniconda3/include/python3.12 -c ./mmcv/ops/csrc/pytorch/cuda/bbox_overlaps_cuda.cu -o build/temp.linux-x86_64-cpython-312/mmcv/ops/csrc/pytorch/cuda/bbox_overlaps_cuda.o -D__CUDA_NO_HALF_OPERATORS__ -D__CUDA_NO_HALF_CONVERSIONS__ -D__CUDA_NO_BFLOAT16_CONVERSIONS__ -D__CUDA_NO_HALF2_OPERATORS__ --expt-relaxed-constexpr --compiler-options '-fPIC' -std=c++17 -DTORCH_API_INCLUDE_EXTENSION_H -DPYBIND11_COMPILER_TYPE=\"_gcc\" -DPYBIND11_STDLIB=\"_libstdcpp\" -DPYBIND11_BUILD_ABI=\"_cxxabi1016\" -DTORCH_EXTENSION_NAME=_ext -D_GLIBCXX_USE_CXX11_ABI=1 -gencode=arch=compute_120,code=sm_120
/mnt/nfs2/engdes/wc296/paper6/toolchains/cuda-12.8-001/bin/nvcc -DMMCV_WITH_CUDA -I/mnt/nfs2/engdes/wc296/paper6/dependencies/artemis-framework-overlay-005/source/mmcv-full-1.7.2/mmcv/ops/csrc/pytorch -I/mnt/nfs2/engdes/wc296/paper6/dependencies/artemis-framework-overlay-005/source/mmcv-full-1.7.2/mmcv/ops/csrc/common -I/mnt/nfs2/engdes/wc296/paper6/dependencies/artemis-framework-overlay-005/source/mmcv-full-1.7.2/mmcv/ops/csrc/common/cuda -I/mnt/nfs2/engdes/wc296/paper6/envs/torch-cu128-001/lib/python3.12/site-packages/torch/include -I/mnt/nfs2/engdes/wc296/paper6/envs/torch-cu128-001/lib/python3.12/site-packages/torch/include/torch/csrc/api/include -I/mnt/nfs2/engdes/wc296/paper6/toolchains/cuda-12.8-001/include -I/mnt/nfs2/engdes/wc296/paper6/envs/torch-cu128-001/include -I/its/home/wc296/miniconda3/include/python3.12 -c ./mmcv/ops/csrc/pytorch/cuda/border_align_cuda.cu -o build/temp.linux-x86_64-cpython-312/mmcv/ops/csrc/pytorch/cuda/border_align_cuda.o -D__CUDA_NO_HALF_OPERATORS__ -D__CUDA_NO_HALF_CONVERSIONS__ -D__CUDA_NO_BFLOAT16_CONVERSIONS__ -D__CUDA_NO_HALF2_OPERATORS__ --expt-relaxed-constexpr --compiler-options '-fPIC' -std=c++17 -DTORCH_API_INCLUDE_EXTENSION_H -DPYBIND11_COMPILER_TYPE=\"_gcc\" -DPYBIND11_STDLIB=\"_libstdcpp\" -DPYBIND11_BUILD_ABI=\"_cxxabi1016\" -DTORCH_EXTENSION_NAME=_ext -D_GLIBCXX_USE_CXX11_ABI=1 -gencode=arch=compute_120,code=sm_120
/mnt/nfs2/engdes/wc296/paper6/toolchains/cuda-12.8-001/bin/nvcc -DMMCV_WITH_CUDA -I/mnt/nfs2/engdes/wc296/paper6/dependencies/artemis-framework-overlay-005/source/mmcv-full-1.7.2/mmcv/ops/csrc/pytorch -I/mnt/nfs2/engdes/wc296/paper6/dependencies/artemis-framework-overlay-005/source/mmcv-full-1.7.2/mmcv/ops/csrc/common -I/mnt/nfs2/engdes/wc296/paper6/dependencies/artemis-framework-overlay-005/source/mmcv-full-1.7.2/mmcv/ops/csrc/common/cuda -I/mnt/nfs2/engdes/wc296/paper6/envs/torch-cu128-001/lib/python3.12/site-packages/torch/include -I/mnt/nfs2/engdes/wc296/paper6/envs/torch-cu128-001/lib/python3.12/site-packages/torch/include/torch/csrc/api/include -I/mnt/nfs2/engdes/wc296/paper6/toolchains/cuda-12.8-001/include -I/mnt/nfs2/engdes/wc296/paper6/envs/torch-cu128-001/include -I/its/home/wc296/miniconda3/include/python3.12 -c ./mmcv/ops/csrc/pytorch/cuda/box_iou_quadri_cuda.cu -o build/temp.linux-x86_64-cpython-312/mmcv/ops/csrc/pytorch/cuda/box_iou_quadri_cuda.o -D__CUDA_NO_HALF_OPERATORS__ -D__CUDA_NO_HALF_CONVERSIONS__ -D__CUDA_NO_BFLOAT16_CONVERSIONS__ -D__CUDA_NO_HALF2_OPERATORS__ --expt-relaxed-constexpr --compiler-options '-fPIC' -std=c++17 -DTORCH_API_INCLUDE_EXTENSION_H -DPYBIND11_COMPILER_TYPE=\"_gcc\" -DPYBIND11_STDLIB=\"_libstdcpp\" -DPYBIND11_BUILD_ABI=\"_cxxabi1016\" -DTORCH_EXTENSION_NAME=_ext -D_GLIBCXX_USE_CXX11_ABI=1 -gencode=arch=compute_120,code=sm_120
/mnt/nfs2/engdes/wc296/paper6/toolchains/cuda-12.8-001/bin/nvcc -DMMCV_WITH_CUDA -I/mnt/nfs2/engdes/wc296/paper6/dependencies/artemis-framework-overlay-005/source/mmcv-full-1.7.2/mmcv/ops/csrc/pytorch -I/mnt/nfs2/engdes/wc296/paper6/dependencies/artemis-framework-overlay-005/source/mmcv-full-1.7.2/mmcv/ops/csrc/common -I/mnt/nfs2/engdes/wc296/paper6/dependencies/artemis-framework-overlay-005/source/mmcv-full-1.7.2/mmcv/ops/csrc/common/cuda -I/mnt/nfs2/engdes/wc296/paper6/envs/torch-cu128-001/lib/python3.12/site-packages/torch/include -I/mnt/nfs2/engdes/wc296/paper6/envs/torch-cu128-001/lib/python3.12/site-packages/torch/include/torch/csrc/api/include -I/mnt/nfs2/engdes/wc296/paper6/toolchains/cuda-12.8-001/include -I/mnt/nfs2/engdes/wc296/paper6/envs/torch-cu128-001/include -I/its/home/wc296/miniconda3/include/python3.12 -c ./mmcv/ops/csrc/pytorch/cuda/box_iou_rotated_cuda.cu -o build/temp.linux-x86_64-cpython-312/mmcv/ops/csrc/pytorch/cuda/box_iou_rotated_cuda.o -D__CUDA_NO_HALF_OPERATORS__ -D__CUDA_NO_HALF_CONVERSIONS__ -D__CUDA_NO_BFLOAT16_CONVERSIONS__ -D__CUDA_NO_HALF2_OPERATORS__ --expt-relaxed-constexpr --compiler-options '-fPIC' -std=c++17 -DTORCH_API_INCLUDE_EXTENSION_H -DPYBIND11_COMPILER_TYPE=\"_gcc\" -DPYBIND11_STDLIB=\"_libstdcpp\" -DPYBIND11_BUILD_ABI=\"_cxxabi1016\" -DTORCH_EXTENSION_NAME=_ext -D_GLIBCXX_USE_CXX11_ABI=1 -gencode=arch=compute_120,code=sm_120
/mnt/nfs2/engdes/wc296/paper6/toolchains/cuda-12.8-001/bin/nvcc -DMMCV_WITH_CUDA -I/mnt/nfs2/engdes/wc296/paper6/dependencies/artemis-framework-overlay-005/source/mmcv-full-1.7.2/mmcv/ops/csrc/pytorch -I/mnt/nfs2/engdes/wc296/paper6/dependencies/artemis-framework-overlay-005/source/mmcv-full-1.7.2/mmcv/ops/csrc/common -I/mnt/nfs2/engdes/wc296/paper6/dependencies/artemis-framework-overlay-005/source/mmcv-full-1.7.2/mmcv/ops/csrc/common/cuda -I/mnt/nfs2/engdes/wc296/paper6/envs/torch-cu128-001/lib/python3.12/site-packages/torch/include -I/mnt/nfs2/engdes/wc296/paper6/envs/torch-cu128-001/lib/python3.12/site-packages/torch/include/torch/csrc/api/include -I/mnt/nfs2/engdes/wc296/paper6/toolchains/cuda-12.8-001/include -I/mnt/nfs2/engdes/wc296/paper6/envs/torch-cu128-001/include -I/its/home/wc296/miniconda3/include/python3.12 -c ./mmcv/ops/csrc/pytorch/cuda/carafe_cuda.cu -o build/temp.linux-x86_64-cpython-312/mmcv/ops/csrc/pytorch/cuda/carafe_cuda.o -D__CUDA_NO_HALF_OPERATORS__ -D__CUDA_NO_HALF_CONVERSIONS__ -D__CUDA_NO_BFLOAT16_CONVERSIONS__ -D__CUDA_NO_HALF2_OPERATORS__ --expt-relaxed-constexpr --compiler-options '-fPIC' -std=c++17 -DTORCH_API_INCLUDE_EXTENSION_H -DPYBIND11_COMPILER_TYPE=\"_gcc\" -DPYBIND11_STDLIB=\"_libstdcpp\" -DPYBIND11_BUILD_ABI=\"_cxxabi1016\" -DTORCH_EXTENSION_NAME=_ext -D_GLIBCXX_USE_CXX11_ABI=1 -gencode=arch=compute_120,code=sm_120
/mnt/nfs2/engdes/wc296/paper6/toolchains/cuda-12.8-001/bin/nvcc -DMMCV_WITH_CUDA -I/mnt/nfs2/engdes/wc296/paper6/dependencies/artemis-framework-overlay-005/source/mmcv-full-1.7.2/mmcv/ops/csrc/pytorch -I/mnt/nfs2/engdes/wc296/paper6/dependencies/artemis-framework-overlay-005/source/mmcv-full-1.7.2/mmcv/ops/csrc/common -I/mnt/nfs2/engdes/wc296/paper6/dependencies/artemis-framework-overlay-005/source/mmcv-full-1.7.2/mmcv/ops/csrc/common/cuda -I/mnt/nfs2/engdes/wc296/paper6/envs/torch-cu128-001/lib/python3.12/site-packages/torch/include -I/mnt/nfs2/engdes/wc296/paper6/envs/torch-cu128-001/lib/python3.12/site-packages/torch/include/torch/csrc/api/include -I/mnt/nfs2/engdes/wc296/paper6/toolchains/cuda-12.8-001/include -I/mnt/nfs2/engdes/wc296/paper6/envs/torch-cu128-001/include -I/its/home/wc296/miniconda3/include/python3.12 -c ./mmcv/ops/csrc/pytorch/cuda/carafe_naive_cuda.cu -o build/temp.linux-x86_64-cpython-312/mmcv/ops/csrc/pytorch/cuda/carafe_naive_cuda.o -D__CUDA_NO_HALF_OPERATORS__ -D__CUDA_NO_HALF_CONVERSIONS__ -D__CUDA_NO_BFLOAT16_CONVERSIONS__ -D__CUDA_NO_HALF2_OPERATORS__ --expt-relaxed-constexpr --compiler-options '-fPIC' -std=c++17 -DTORCH_API_INCLUDE_EXTENSION_H -DPYBIND11_COMPILER_TYPE=\"_gcc\" -DPYBIND11_STDLIB=\"_libstdcpp\" -DPYBIND11_BUILD_ABI=\"_cxxabi1016\" -DTORCH_EXTENSION_NAME=_ext -D_GLIBCXX_USE_CXX11_ABI=1 -gencode=arch=compute_120,code=sm_120
/mnt/nfs2/engdes/wc296/paper6/toolchains/cuda-12.8-001/bin/nvcc -DMMCV_WITH_CUDA -I/mnt/nfs2/engdes/wc296/paper6/dependencies/artemis-framework-overlay-005/source/mmcv-full-1.7.2/mmcv/ops/csrc/pytorch -I/mnt/nfs2/engdes/wc296/paper6/dependencies/artemis-framework-overlay-005/source/mmcv-full-1.7.2/mmcv/ops/csrc/common -I/mnt/nfs2/engdes/wc296/paper6/dependencies/artemis-framework-overlay-005/source/mmcv-full-1.7.2/mmcv/ops/csrc/common/cuda -I/mnt/nfs2/engdes/wc296/paper6/envs/torch-cu128-001/lib/python3.12/site-packages/torch/include -I/mnt/nfs2/engdes/wc296/paper6/envs/torch-cu128-001/lib/python3.12/site-packages/torch/include/torch/csrc/api/include -I/mnt/nfs2/engdes/wc296/paper6/toolchains/cuda-12.8-001/include -I/mnt/nfs2/engdes/wc296/paper6/envs/torch-cu128-001/include -I/its/home/wc296/miniconda3/include/python3.12 -c ./mmcv/ops/csrc/pytorch/cuda/chamfer_distance_cuda.cu -o build/temp.linux-x86_64-cpython-312/mmcv/ops/csrc/pytorch/cuda/chamfer_distance_cuda.o -D__CUDA_NO_HALF_OPERATORS__ -D__CUDA_NO_HALF_CONVERSIONS__ -D__CUDA_NO_BFLOAT16_CONVERSIONS__ -D__CUDA_NO_HALF2_OPERATORS__ --expt-relaxed-constexpr --compiler-options '-fPIC' -std=c++17 -DTORCH_API_INCLUDE_EXTENSION_H -DPYBIND11_COMPILER_TYPE=\"_gcc\" -DPYBIND11_STDLIB=\"_libstdcpp\" -DPYBIND11_BUILD_ABI=\"_cxxabi1016\" -DTORCH_EXTENSION_NAME=_ext -D_GLIBCXX_USE_CXX11_ABI=1 -gencode=arch=compute_120,code=sm_120
/mnt/nfs2/engdes/wc296/paper6/toolchains/cuda-12.8-001/bin/nvcc -DMMCV_WITH_CUDA -I/mnt/nfs2/engdes/wc296/paper6/dependencies/artemis-framework-overlay-005/source/mmcv-full-1.7.2/mmcv/ops/csrc/pytorch -I/mnt/nfs2/engdes/wc296/paper6/dependencies/artemis-framework-overlay-005/source/mmcv-full-1.7.2/mmcv/ops/csrc/common -I/mnt/nfs2/engdes/wc296/paper6/dependencies/artemis-framework-overlay-005/source/mmcv-full-1.7.2/mmcv/ops/csrc/common/cuda -I/mnt/nfs2/engdes/wc296/paper6/envs/torch-cu128-001/lib/python3.12/site-packages/torch/include -I/mnt/nfs2/engdes/wc296/paper6/envs/torch-cu128-001/lib/python3.12/site-packages/torch/include/torch/csrc/api/include -I/mnt/nfs2/engdes/wc296/paper6/toolchains/cuda-12.8-001/include -I/mnt/nfs2/engdes/wc296/paper6/envs/torch-cu128-001/include -I/its/home/wc296/miniconda3/include/python3.12 -c ./mmcv/ops/csrc/pytorch/cuda/convex_iou.cu -o build/temp.linux-x86_64-cpython-312/mmcv/ops/csrc/pytorch/cuda/convex_iou.o -D__CUDA_NO_HALF_OPERATORS__ -D__CUDA_NO_HALF_CONVERSIONS__ -D__CUDA_NO_BFLOAT16_CONVERSIONS__ -D__CUDA_NO_HALF2_OPERATORS__ --expt-relaxed-constexpr --compiler-options '-fPIC' -std=c++17 -DTORCH_API_INCLUDE_EXTENSION_H -DPYBIND11_COMPILER_TYPE=\"_gcc\" -DPYBIND11_STDLIB=\"_libstdcpp\" -DPYBIND11_BUILD_ABI=\"_cxxabi1016\" -DTORCH_EXTENSION_NAME=_ext -D_GLIBCXX_USE_CXX11_ABI=1 -gencode=arch=compute_120,code=sm_120
/mnt/nfs2/engdes/wc296/paper6/toolchains/cuda-12.8-001/bin/nvcc -DMMCV_WITH_CUDA -I/mnt/nfs2/engdes/wc296/paper6/dependencies/artemis-framework-overlay-005/source/mmcv-full-1.7.2/mmcv/ops/csrc/pytorch -I/mnt/nfs2/engdes/wc296/paper6/dependencies/artemis-framework-overlay-005/source/mmcv-full-1.7.2/mmcv/ops/csrc/common -I/mnt/nfs2/engdes/wc296/paper6/dependencies/artemis-framework-overlay-005/source/mmcv-full-1.7.2/mmcv/ops/csrc/common/cuda -I/mnt/nfs2/engdes/wc296/paper6/envs/torch-cu128-001/lib/python3.12/site-packages/torch/include -I/mnt/nfs2/engdes/wc296/paper6/envs/torch-cu128-001/lib/python3.12/site-packages/torch/include/torch/csrc/api/include -I/mnt/nfs2/engdes/wc296/paper6/toolchains/cuda-12.8-001/include -I/mnt/nfs2/engdes/wc296/paper6/envs/torch-cu128-001/include -I/its/home/wc296/miniconda3/include/python3.12 -c ./mmcv/ops/csrc/pytorch/cuda/correlation_cuda.cu -o build/temp.linux-x86_64-cpython-312/mmcv/ops/csrc/pytorch/cuda/correlation_cuda.o -D__CUDA_NO_HALF_OPERATORS__ -D__CUDA_NO_HALF_CONVERSIONS__ -D__CUDA_NO_BFLOAT16_CONVERSIONS__ -D__CUDA_NO_HALF2_OPERATORS__ --expt-relaxed-constexpr --compiler-options '-fPIC' -std=c++17 -DTORCH_API_INCLUDE_EXTENSION_H -DPYBIND11_COMPILER_TYPE=\"_gcc\" -DPYBIND11_STDLIB=\"_libstdcpp\" -DPYBIND11_BUILD_ABI=\"_cxxabi1016\" -DTORCH_EXTENSION_NAME=_ext -D_GLIBCXX_USE_CXX11_ABI=1 -gencode=arch=compute_120,code=sm_120
g++ -pthread -B /its/home/wc296/miniconda3/compiler_compat -fno-strict-overflow -Wsign-compare -DNDEBUG -O2 -Wall -fPIC -O2 -isystem /its/home/wc296/miniconda3/include -fPIC -O2 -isystem /its/home/wc296/miniconda3/include -fPIC -DMMCV_WITH_CUDA -I/mnt/nfs2/engdes/wc296/paper6/dependencies/artemis-framework-overlay-005/source/mmcv-full-1.7.2/mmcv/ops/csrc/pytorch -I/mnt/nfs2/engdes/wc296/paper6/dependencies/artemis-framework-overlay-005/source/mmcv-full-1.7.2/mmcv/ops/csrc/common -I/mnt/nfs2/engdes/wc296/paper6/dependencies/artemis-framework-overlay-005/source/mmcv-full-1.7.2/mmcv/ops/csrc/common/cuda -I/mnt/nfs2/engdes/wc296/paper6/envs/torch-cu128-001/lib/python3.12/site-packages/torch/include -I/mnt/nfs2/engdes/wc296/paper6/envs/torch-cu128-001/lib/python3.12/site-packages/torch/include/torch/csrc/api/include -I/mnt/nfs2/engdes/wc296/paper6/toolchains/cuda-12.8-001/include -I/mnt/nfs2/engdes/wc296/paper6/envs/torch-cu128-001/include -I/its/home/wc296/miniconda3/include/python3.12 -c ./mmcv/ops/csrc/pytorch/cuda/cudabind.cpp -o build/temp.linux-x86_64-cpython-312/mmcv/ops/csrc/pytorch/cuda/cudabind.o -std=c++17 -DTORCH_API_INCLUDE_EXTENSION_H -DPYBIND11_COMPILER_TYPE=\"_gcc\" -DPYBIND11_STDLIB=\"_libstdcpp\" -DPYBIND11_BUILD_ABI=\"_cxxabi1016\" -DTORCH_EXTENSION_NAME=_ext -D_GLIBCXX_USE_CXX11_ABI=1
/mnt/nfs2/engdes/wc296/paper6/toolchains/cuda-12.8-001/bin/nvcc -DMMCV_WITH_CUDA -I/mnt/nfs2/engdes/wc296/paper6/dependencies/artemis-framework-overlay-005/source/mmcv-full-1.7.2/mmcv/ops/csrc/pytorch -I/mnt/nfs2/engdes/wc296/paper6/dependencies/artemis-framework-overlay-005/source/mmcv-full-1.7.2/mmcv/ops/csrc/common -I/mnt/nfs2/engdes/wc296/paper6/dependencies/artemis-framework-overlay-005/source/mmcv-full-1.7.2/mmcv/ops/csrc/common/cuda -I/mnt/nfs2/engdes/wc296/paper6/envs/torch-cu128-001/lib/python3.12/site-packages/torch/include -I/mnt/nfs2/engdes/wc296/paper6/envs/torch-cu128-001/lib/python3.12/site-packages/torch/include/torch/csrc/api/include -I/mnt/nfs2/engdes/wc296/paper6/toolchains/cuda-12.8-001/include -I/mnt/nfs2/engdes/wc296/paper6/envs/torch-cu128-001/include -I/its/home/wc296/miniconda3/include/python3.12 -c ./mmcv/ops/csrc/pytorch/cuda/deform_conv_cuda.cu -o build/temp.linux-x86_64-cpython-312/mmcv/ops/csrc/pytorch/cuda/deform_conv_cuda.o -D__CUDA_NO_HALF_OPERATORS__ -D__CUDA_NO_HALF_CONVERSIONS__ -D__CUDA_NO_BFLOAT16_CONVERSIONS__ -D__CUDA_NO_HALF2_OPERATORS__ --expt-relaxed-constexpr --compiler-options '-fPIC' -std=c++17 -DTORCH_API_INCLUDE_EXTENSION_H -DPYBIND11_COMPILER_TYPE=\"_gcc\" -DPYBIND11_STDLIB=\"_libstdcpp\" -DPYBIND11_BUILD_ABI=\"_cxxabi1016\" -DTORCH_EXTENSION_NAME=_ext -D_GLIBCXX_USE_CXX11_ABI=1 -gencode=arch=compute_120,code=sm_120
/mnt/nfs2/engdes/wc296/paper6/toolchains/cuda-12.8-001/bin/nvcc -DMMCV_WITH_CUDA -I/mnt/nfs2/engdes/wc296/paper6/dependencies/artemis-framework-overlay-005/source/mmcv-full-1.7.2/mmcv/ops/csrc/pytorch -I/mnt/nfs2/engdes/wc296/paper6/dependencies/artemis-framework-overlay-005/source/mmcv-full-1.7.2/mmcv/ops/csrc/common -I/mnt/nfs2/engdes/wc296/paper6/dependencies/artemis-framework-overlay-005/source/mmcv-full-1.7.2/mmcv/ops/csrc/common/cuda -I/mnt/nfs2/engdes/wc296/paper6/envs/torch-cu128-001/lib/python3.12/site-packages/torch/include -I/mnt/nfs2/engdes/wc296/paper6/envs/torch-cu128-001/lib/python3.12/site-packages/torch/include/torch/csrc/api/include -I/mnt/nfs2/engdes/wc296/paper6/toolchains/cuda-12.8-001/include -I/mnt/nfs2/engdes/wc296/paper6/envs/torch-cu128-001/include -I/its/home/wc296/miniconda3/include/python3.12 -c ./mmcv/ops/csrc/pytorch/cuda/deform_roi_pool_cuda.cu -o build/temp.linux-x86_64-cpython-312/mmcv/ops/csrc/pytorch/cuda/deform_roi_pool_cuda.o -D__CUDA_NO_HALF_OPERATORS__ -D__CUDA_NO_HALF_CONVERSIONS__ -D__CUDA_NO_BFLOAT16_CONVERSIONS__ -D__CUDA_NO_HALF2_OPERATORS__ --expt-relaxed-constexpr --compiler-options '-fPIC' -std=c++17 -DTORCH_API_INCLUDE_EXTENSION_H -DPYBIND11_COMPILER_TYPE=\"_gcc\" -DPYBIND11_STDLIB=\"_libstdcpp\" -DPYBIND11_BUILD_ABI=\"_cxxabi1016\" -DTORCH_EXTENSION_NAME=_ext -D_GLIBCXX_USE_CXX11_ABI=1 -gencode=arch=compute_120,code=sm_120
/mnt/nfs2/engdes/wc296/paper6/toolchains/cuda-12.8-001/bin/nvcc -DMMCV_WITH_CUDA -I/mnt/nfs2/engdes/wc296/paper6/dependencies/artemis-framework-overlay-005/source/mmcv-full-1.7.2/mmcv/ops/csrc/pytorch -I/mnt/nfs2/engdes/wc296/paper6/dependencies/artemis-framework-overlay-005/source/mmcv-full-1.7.2/mmcv/ops/csrc/common -I/mnt/nfs2/engdes/wc296/paper6/dependencies/artemis-framework-overlay-005/source/mmcv-full-1.7.2/mmcv/ops/csrc/common/cuda -I/mnt/nfs2/engdes/wc296/paper6/envs/torch-cu128-001/lib/python3.12/site-packages/torch/include -I/mnt/nfs2/engdes/wc296/paper6/envs/torch-cu128-001/lib/python3.12/site-packages/torch/include/torch/csrc/api/include -I/mnt/nfs2/engdes/wc296/paper6/toolchains/cuda-12.8-001/include -I/mnt/nfs2/engdes/wc296/paper6/envs/torch-cu128-001/include -I/its/home/wc296/miniconda3/include/python3.12 -c ./mmcv/ops/csrc/pytorch/cuda/diff_iou_rotated_cuda.cu -o build/temp.linux-x86_64-cpython-312/mmcv/ops/csrc/pytorch/cuda/diff_iou_rotated_cuda.o -D__CUDA_NO_HALF_OPERATORS__ -D__CUDA_NO_HALF_CONVERSIONS__ -D__CUDA_NO_BFLOAT16_CONVERSIONS__ -D__CUDA_NO_HALF2_OPERATORS__ --expt-relaxed-constexpr --compiler-options '-fPIC' -std=c++17 -DTORCH_API_INCLUDE_EXTENSION_H -DPYBIND11_COMPILER_TYPE=\"_gcc\" -DPYBIND11_STDLIB=\"_libstdcpp\" -DPYBIND11_BUILD_ABI=\"_cxxabi1016\" -DTORCH_EXTENSION_NAME=_ext -D_GLIBCXX_USE_CXX11_ABI=1 -gencode=arch=compute_120,code=sm_120
/mnt/nfs2/engdes/wc296/paper6/toolchains/cuda-12.8-001/bin/nvcc -DMMCV_WITH_CUDA -I/mnt/nfs2/engdes/wc296/paper6/dependencies/artemis-framework-overlay-005/source/mmcv-full-1.7.2/mmcv/ops/csrc/pytorch -I/mnt/nfs2/engdes/wc296/paper6/dependencies/artemis-framework-overlay-005/source/mmcv-full-1.7.2/mmcv/ops/csrc/common -I/mnt/nfs2/engdes/wc296/paper6/dependencies/artemis-framework-overlay-005/source/mmcv-full-1.7.2/mmcv/ops/csrc/common/cuda -I/mnt/nfs2/engdes/wc296/paper6/envs/torch-cu128-001/lib/python3.12/site-packages/torch/include -I/mnt/nfs2/engdes/wc296/paper6/envs/torch-cu128-001/lib/python3.12/site-packages/torch/include/torch/csrc/api/include -I/mnt/nfs2/engdes/wc296/paper6/toolchains/cuda-12.8-001/include -I/mnt/nfs2/engdes/wc296/paper6/envs/torch-cu128-001/include -I/its/home/wc296/miniconda3/include/python3.12 -c ./mmcv/ops/csrc/pytorch/cuda/focal_loss_cuda.cu -o build/temp.linux-x86_64-cpython-312/mmcv/ops/csrc/pytorch/cuda/focal_loss_cuda.o -D__CUDA_NO_HALF_OPERATORS__ -D__CUDA_NO_HALF_CONVERSIONS__ -D__CUDA_NO_BFLOAT16_CONVERSIONS__ -D__CUDA_NO_HALF2_OPERATORS__ --expt-relaxed-constexpr --compiler-options '-fPIC' -std=c++17 -DTORCH_API_INCLUDE_EXTENSION_H -DPYBIND11_COMPILER_TYPE=\"_gcc\" -DPYBIND11_STDLIB=\"_libstdcpp\" -DPYBIND11_BUILD_ABI=\"_cxxabi1016\" -DTORCH_EXTENSION_NAME=_ext -D_GLIBCXX_USE_CXX11_ABI=1 -gencode=arch=compute_120,code=sm_120
/mnt/nfs2/engdes/wc296/paper6/toolchains/cuda-12.8-001/bin/nvcc -DMMCV_WITH_CUDA -I/mnt/nfs2/engdes/wc296/paper6/dependencies/artemis-framework-overlay-005/source/mmcv-full-1.7.2/mmcv/ops/csrc/pytorch -I/mnt/nfs2/engdes/wc296/paper6/dependencies/artemis-framework-overlay-005/source/mmcv-full-1.7.2/mmcv/ops/csrc/common -I/mnt/nfs2/engdes/wc296/paper6/dependencies/artemis-framework-overlay-005/source/mmcv-full-1.7.2/mmcv/ops/csrc/common/cuda -I/mnt/nfs2/engdes/wc296/paper6/envs/torch-cu128-001/lib/python3.12/site-packages/torch/include -I/mnt/nfs2/engdes/wc296/paper6/envs/torch-cu128-001/lib/python3.12/site-packages/torch/include/torch/csrc/api/include -I/mnt/nfs2/engdes/wc296/paper6/toolchains/cuda-12.8-001/include -I/mnt/nfs2/engdes/wc296/paper6/envs/torch-cu128-001/include -I/its/home/wc296/miniconda3/include/python3.12 -c ./mmcv/ops/csrc/pytorch/cuda/furthest_point_sample_cuda.cu -o build/temp.linux-x86_64-cpython-312/mmcv/ops/csrc/pytorch/cuda/furthest_point_sample_cuda.o -D__CUDA_NO_HALF_OPERATORS__ -D__CUDA_NO_HALF_CONVERSIONS__ -D__CUDA_NO_BFLOAT16_CONVERSIONS__ -D__CUDA_NO_HALF2_OPERATORS__ --expt-relaxed-constexpr --compiler-options '-fPIC' -std=c++17 -DTORCH_API_INCLUDE_EXTENSION_H -DPYBIND11_COMPILER_TYPE=\"_gcc\" -DPYBIND11_STDLIB=\"_libstdcpp\" -DPYBIND11_BUILD_ABI=\"_cxxabi1016\" -DTORCH_EXTENSION_NAME=_ext -D_GLIBCXX_USE_CXX11_ABI=1 -gencode=arch=compute_120,code=sm_120
/mnt/nfs2/engdes/wc296/paper6/toolchains/cuda-12.8-001/bin/nvcc -DMMCV_WITH_CUDA -I/mnt/nfs2/engdes/wc296/paper6/dependencies/artemis-framework-overlay-005/source/mmcv-full-1.7.2/mmcv/ops/csrc/pytorch -I/mnt/nfs2/engdes/wc296/paper6/dependencies/artemis-framework-overlay-005/source/mmcv-full-1.7.2/mmcv/ops/csrc/common -I/mnt/nfs2/engdes/wc296/paper6/dependencies/artemis-framework-overlay-005/source/mmcv-full-1.7.2/mmcv/ops/csrc/common/cuda -I/mnt/nfs2/engdes/wc296/paper6/envs/torch-cu128-001/lib/python3.12/site-packages/torch/include -I/mnt/nfs2/engdes/wc296/paper6/envs/torch-cu128-001/lib/python3.12/site-packages/torch/include/torch/csrc/api/include -I/mnt/nfs2/engdes/wc296/paper6/toolchains/cuda-12.8-001/include -I/mnt/nfs2/engdes/wc296/paper6/envs/torch-cu128-001/include -I/its/home/wc296/miniconda3/include/python3.12 -c ./mmcv/ops/csrc/pytorch/cuda/fused_bias_leakyrelu_cuda.cu -o build/temp.linux-x86_64-cpython-312/mmcv/ops/csrc/pytorch/cuda/fused_bias_leakyrelu_cuda.o -D__CUDA_NO_HALF_OPERATORS__ -D__CUDA_NO_HALF_CONVERSIONS__ -D__CUDA_NO_BFLOAT16_CONVERSIONS__ -D__CUDA_NO_HALF2_OPERATORS__ --expt-relaxed-constexpr --compiler-options '-fPIC' -std=c++17 -DTORCH_API_INCLUDE_EXTENSION_H -DPYBIND11_COMPILER_TYPE=\"_gcc\" -DPYBIND11_STDLIB=\"_libstdcpp\" -DPYBIND11_BUILD_ABI=\"_cxxabi1016\" -DTORCH_EXTENSION_NAME=_ext -D_GLIBCXX_USE_CXX11_ABI=1 -gencode=arch=compute_120,code=sm_120
/mnt/nfs2/engdes/wc296/paper6/toolchains/cuda-12.8-001/bin/nvcc -DMMCV_WITH_CUDA -I/mnt/nfs2/engdes/wc296/paper6/dependencies/artemis-framework-overlay-005/source/mmcv-full-1.7.2/mmcv/ops/csrc/pytorch -I/mnt/nfs2/engdes/wc296/paper6/dependencies/artemis-framework-overlay-005/source/mmcv-full-1.7.2/mmcv/ops/csrc/common -I/mnt/nfs2/engdes/wc296/paper6/dependencies/artemis-framework-overlay-005/source/mmcv-full-1.7.2/mmcv/ops/csrc/common/cuda -I/mnt/nfs2/engdes/wc296/paper6/envs/torch-cu128-001/lib/python3.12/site-packages/torch/include -I/mnt/nfs2/engdes/wc296/paper6/envs/torch-cu128-001/lib/python3.12/site-packages/torch/include/torch/csrc/api/include -I/mnt/nfs2/engdes/wc296/paper6/toolchains/cuda-12.8-001/include -I/mnt/nfs2/engdes/wc296/paper6/envs/torch-cu128-001/include -I/its/home/wc296/miniconda3/include/python3.12 -c ./mmcv/ops/csrc/pytorch/cuda/fused_spconv_ops_cuda.cu -o build/temp.linux-x86_64-cpython-312/mmcv/ops/csrc/pytorch/cuda/fused_spconv_ops_cuda.o -D__CUDA_NO_HALF_OPERATORS__ -D__CUDA_NO_HALF_CONVERSIONS__ -D__CUDA_NO_BFLOAT16_CONVERSIONS__ -D__CUDA_NO_HALF2_OPERATORS__ --expt-relaxed-constexpr --compiler-options '-fPIC' -std=c++17 -DTORCH_API_INCLUDE_EXTENSION_H -DPYBIND11_COMPILER_TYPE=\"_gcc\" -DPYBIND11_STDLIB=\"_libstdcpp\" -DPYBIND11_BUILD_ABI=\"_cxxabi1016\" -DTORCH_EXTENSION_NAME=_ext -D_GLIBCXX_USE_CXX11_ABI=1 -gencode=arch=compute_120,code=sm_120
./mmcv/ops/csrc/pytorch/cuda/../spconv_utils.h: In instantiation of ‘void tv::check_torch_dtype(const at::Tensor&) [with scalar_t = double]’:
./mmcv/ops/csrc/pytorch/cuda/../spconv_utils.h:71:30:   required from ‘tv::TensorView<scalar_t> tv::torch2tv(const at::Tensor&) [with scalar_t = double]’
./mmcv/ops/csrc/pytorch/cuda/fused_spconv_ops_cuda.cu:52:1239:   required from here
./mmcv/ops/csrc/pytorch/cuda/../spconv_utils.h:38:20: warning: ‘at::DeprecatedTypeProperties& at::Tensor::type() const’ is deprecated: Tensor.type() is deprecated. Instead use Tensor.options(), which in many cases (e.g. in a constructor) is a drop-in replacement. If you were using data from type(), that is now available from Tensor itself, so instead of tensor.type().scalar_type(), use tensor.scalar_type() instead and instead of tensor.type().backend() use tensor.device(). [-Wdeprecated-declarations]
   38 |   switch (tensor.type().scalarType()) {
      |         ~~~~~~~~~~~^~
/mnt/nfs2/engdes/wc296/paper6/envs/torch-cu128-001/lib/python3.12/site-packages/torch/include/ATen/core/TensorBody.h:225:1: note: declared here
  225 |   DeprecatedTypeProperties & type() const {
      | ^ ~~
./mmcv/ops/csrc/pytorch/cuda/../spconv_utils.h:38:20: warning: ‘at::DeprecatedTypeProperties& at::Tensor::type() const’ is deprecated: Tensor.type() is deprecated. Instead use Tensor.options(), which in many cases (e.g. in a constructor) is a drop-in replacement. If you were using data from type(), that is now available from Tensor itself, so instead of tensor.type().scalar_type(), use tensor.scalar_type() instead and instead of tensor.type().backend() use tensor.device(). [-Wdeprecated-declarations]
   38 |   switch (tensor.type().scalarType()) {
      |         ~~~~~~~~~~~^~
/mnt/nfs2/engdes/wc296/paper6/envs/torch-cu128-001/lib/python3.12/site-packages/torch/include/ATen/core/TensorBody.h:225:1: note: declared here
  225 |   DeprecatedTypeProperties & type() const {
      | ^ ~~
./mmcv/ops/csrc/pytorch/cuda/../spconv_utils.h: In instantiation of ‘void tv::check_torch_dtype(const at::Tensor&) [with scalar_t = const double]’:
./mmcv/ops/csrc/pytorch/cuda/../spconv_utils.h:71:30:   required from ‘tv::TensorView<scalar_t> tv::torch2tv(const at::Tensor&) [with scalar_t = const double]’
./mmcv/ops/csrc/pytorch/cuda/fused_spconv_ops_cuda.cu:52:1282:   required from here
./mmcv/ops/csrc/pytorch/cuda/../spconv_utils.h:38:20: warning: ‘at::DeprecatedTypeProperties& at::Tensor::type() const’ is deprecated: Tensor.type() is deprecated. Instead use Tensor.options(), which in many cases (e.g. in a constructor) is a drop-in replacement. If you were using data from type(), that is now available from Tensor itself, so instead of tensor.type().scalar_type(), use tensor.scalar_type() instead and instead of tensor.type().backend() use tensor.device(). [-Wdeprecated-declarations]
   38 |   switch (tensor.type().scalarType()) {
      |         ~~~~~~~~~~~^~
/mnt/nfs2/engdes/wc296/paper6/envs/torch-cu128-001/lib/python3.12/site-packages/torch/include/ATen/core/TensorBody.h:225:1: note: declared here
  225 |   DeprecatedTypeProperties & type() const {
      | ^ ~~
./mmcv/ops/csrc/pytorch/cuda/../spconv_utils.h:38:20: warning: ‘at::DeprecatedTypeProperties& at::Tensor::type() const’ is deprecated: Tensor.type() is deprecated. Instead use Tensor.options(), which in many cases (e.g. in a constructor) is a drop-in replacement. If you were using data from type(), that is now available from Tensor itself, so instead of tensor.type().scalar_type(), use tensor.scalar_type() instead and instead of tensor.type().backend() use tensor.device(). [-Wdeprecated-declarations]
   38 |   switch (tensor.type().scalarType()) {
      |         ~~~~~~~~~~~^~
/mnt/nfs2/engdes/wc296/paper6/envs/torch-cu128-001/lib/python3.12/site-packages/torch/include/ATen/core/TensorBody.h:225:1: note: declared here
  225 |   DeprecatedTypeProperties & type() const {
      | ^ ~~
./mmcv/ops/csrc/pytorch/cuda/../spconv_utils.h: In instantiation of ‘void tv::check_torch_dtype(const at::Tensor&) [with scalar_t = const int]’:
./mmcv/ops/csrc/pytorch/cuda/../spconv_utils.h:71:30:   required from ‘tv::TensorView<scalar_t> tv::torch2tv(const at::Tensor&) [with scalar_t = const int]’
./mmcv/ops/csrc/pytorch/cuda/fused_spconv_ops_cuda.cu:52:1320:   required from here
./mmcv/ops/csrc/pytorch/cuda/../spconv_utils.h:38:20: warning: ‘at::DeprecatedTypeProperties& at::Tensor::type() const’ is deprecated: Tensor.type() is deprecated. Instead use Tensor.options(), which in many cases (e.g. in a constructor) is a drop-in replacement. If you were using data from type(), that is now available from Tensor itself, so instead of tensor.type().scalar_type(), use tensor.scalar_type() instead and instead of tensor.type().backend() use tensor.device(). [-Wdeprecated-declarations]
   38 |   switch (tensor.type().scalarType()) {
      |         ~~~~~~~~~~~^~
/mnt/nfs2/engdes/wc296/paper6/envs/torch-cu128-001/lib/python3.12/site-packages/torch/include/ATen/core/TensorBody.h:225:1: note: declared here
  225 |   DeprecatedTypeProperties & type() const {
      | ^ ~~
./mmcv/ops/csrc/pytorch/cuda/../spconv_utils.h:38:20: warning: ‘at::DeprecatedTypeProperties& at::Tensor::type() const’ is deprecated: Tensor.type() is deprecated. Instead use Tensor.options(), which in many cases (e.g. in a constructor) is a drop-in replacement. If you were using data from type(), that is now available from Tensor itself, so instead of tensor.type().scalar_type(), use tensor.scalar_type() instead and instead of tensor.type().backend() use tensor.device(). [-Wdeprecated-declarations]
   38 |   switch (tensor.type().scalarType()) {
      |         ~~~~~~~~~~~^~
/mnt/nfs2/engdes/wc296/paper6/envs/torch-cu128-001/lib/python3.12/site-packages/torch/include/ATen/core/TensorBody.h:225:1: note: declared here
  225 |   DeprecatedTypeProperties & type() const {
      | ^ ~~
./mmcv/ops/csrc/pytorch/cuda/../spconv_utils.h: In instantiation of ‘void tv::check_torch_dtype(const at::Tensor&) [with scalar_t = float]’:
./mmcv/ops/csrc/pytorch/cuda/../spconv_utils.h:71:30:   required from ‘tv::TensorView<scalar_t> tv::torch2tv(const at::Tensor&) [with scalar_t = float]’
./mmcv/ops/csrc/pytorch/cuda/fused_spconv_ops_cuda.cu:52:3908:   required from here
./mmcv/ops/csrc/pytorch/cuda/../spconv_utils.h:38:20: warning: ‘at::DeprecatedTypeProperties& at::Tensor::type() const’ is deprecated: Tensor.type() is deprecated. Instead use Tensor.options(), which in many cases (e.g. in a constructor) is a drop-in replacement. If you were using data from type(), that is now available from Tensor itself, so instead of tensor.type().scalar_type(), use tensor.scalar_type() instead and instead of tensor.type().backend() use tensor.device(). [-Wdeprecated-declarations]
   38 |   switch (tensor.type().scalarType()) {
      |         ~~~~~~~~~~~^~
/mnt/nfs2/engdes/wc296/paper6/envs/torch-cu128-001/lib/python3.12/site-packages/torch/include/ATen/core/TensorBody.h:225:1: note: declared here
  225 |   DeprecatedTypeProperties & type() const {
      | ^ ~~
./mmcv/ops/csrc/pytorch/cuda/../spconv_utils.h:38:20: warning: ‘at::DeprecatedTypeProperties& at::Tensor::type() const’ is deprecated: Tensor.type() is deprecated. Instead use Tensor.options(), which in many cases (e.g. in a constructor) is a drop-in replacement. If you were using data from type(), that is now available from Tensor itself, so instead of tensor.type().scalar_type(), use tensor.scalar_type() instead and instead of tensor.type().backend() use tensor.device(). [-Wdeprecated-declarations]
   38 |   switch (tensor.type().scalarType()) {
      |         ~~~~~~~~~~~^~
/mnt/nfs2/engdes/wc296/paper6/envs/torch-cu128-001/lib/python3.12/site-packages/torch/include/ATen/core/TensorBody.h:225:1: note: declared here
  225 |   DeprecatedTypeProperties & type() const {
      | ^ ~~
./mmcv/ops/csrc/pytorch/cuda/../spconv_utils.h: In instantiation of ‘void tv::check_torch_dtype(const at::Tensor&) [with scalar_t = const float]’:
./mmcv/ops/csrc/pytorch/cuda/../spconv_utils.h:71:30:   required from ‘tv::TensorView<scalar_t> tv::torch2tv(const at::Tensor&) [with scalar_t = const float]’
./mmcv/ops/csrc/pytorch/cuda/fused_spconv_ops_cuda.cu:52:3950:   required from here
./mmcv/ops/csrc/pytorch/cuda/../spconv_utils.h:38:20: warning: ‘at::DeprecatedTypeProperties& at::Tensor::type() const’ is deprecated: Tensor.type() is deprecated. Instead use Tensor.options(), which in many cases (e.g. in a constructor) is a drop-in replacement. If you were using data from type(), that is now available from Tensor itself, so instead of tensor.type().scalar_type(), use tensor.scalar_type() instead and instead of tensor.type().backend() use tensor.device(). [-Wdeprecated-declarations]
   38 |   switch (tensor.type().scalarType()) {
      |         ~~~~~~~~~~~^~
/mnt/nfs2/engdes/wc296/paper6/envs/torch-cu128-001/lib/python3.12/site-packages/torch/include/ATen/core/TensorBody.h:225:1: note: declared here
  225 |   DeprecatedTypeProperties & type() const {
      | ^ ~~
./mmcv/ops/csrc/pytorch/cuda/../spconv_utils.h:38:20: warning: ‘at::DeprecatedTypeProperties& at::Tensor::type() const’ is deprecated: Tensor.type() is deprecated. Instead use Tensor.options(), which in many cases (e.g. in a constructor) is a drop-in replacement. If you were using data from type(), that is now available from Tensor itself, so instead of tensor.type().scalar_type(), use tensor.scalar_type() instead and instead of tensor.type().backend() use tensor.device(). [-Wdeprecated-declarations]
   38 |   switch (tensor.type().scalarType()) {
      |         ~~~~~~~~~~~^~
/mnt/nfs2/engdes/wc296/paper6/envs/torch-cu128-001/lib/python3.12/site-packages/torch/include/ATen/core/TensorBody.h:225:1: note: declared here
  225 |   DeprecatedTypeProperties & type() const {
      | ^ ~~
./mmcv/ops/csrc/pytorch/cuda/../spconv_utils.h: In instantiation of ‘void tv::check_torch_dtype(const at::Tensor&) [with scalar_t = c10::Half]’:
./mmcv/ops/csrc/pytorch/cuda/../spconv_utils.h:71:30:   required from ‘tv::TensorView<scalar_t> tv::torch2tv(const at::Tensor&) [with scalar_t = c10::Half]’
./mmcv/ops/csrc/pytorch/cuda/fused_spconv_ops_cuda.cu:52:0:   required from here
./mmcv/ops/csrc/pytorch/cuda/../spconv_utils.h:38:20: warning: ‘at::DeprecatedTypeProperties& at::Tensor::type() const’ is deprecated: Tensor.type() is deprecated. Instead use Tensor.options(), which in many cases (e.g. in a constructor) is a drop-in replacement. If you were using data from type(), that is now available from Tensor itself, so instead of tensor.type().scalar_type(), use tensor.scalar_type() instead and instead of tensor.type().backend() use tensor.device(). [-Wdeprecated-declarations]
   38 |   switch (tensor.type().scalarType()) {
      |         ~~~~~~~~~~~^~
/mnt/nfs2/engdes/wc296/paper6/envs/torch-cu128-001/lib/python3.12/site-packages/torch/include/ATen/core/TensorBody.h:225:1: note: declared here
  225 |   DeprecatedTypeProperties & type() const {
      | ^ ~~
./mmcv/ops/csrc/pytorch/cuda/../spconv_utils.h:38:20: warning: ‘at::DeprecatedTypeProperties& at::Tensor::type() const’ is deprecated: Tensor.type() is deprecated. Instead use Tensor.options(), which in many cases (e.g. in a constructor) is a drop-in replacement. If you were using data from type(), that is now available from Tensor itself, so instead of tensor.type().scalar_type(), use tensor.scalar_type() instead and instead of tensor.type().backend() use tensor.device(). [-Wdeprecated-declarations]
   38 |   switch (tensor.type().scalarType()) {
      |         ~~~~~~~~~~~^~
/mnt/nfs2/engdes/wc296/paper6/envs/torch-cu128-001/lib/python3.12/site-packages/torch/include/ATen/core/TensorBody.h:225:1: note: declared here
  225 |   DeprecatedTypeProperties & type() const {
      | ^ ~~
./mmcv/ops/csrc/pytorch/cuda/../spconv_utils.h: In instantiation of ‘void tv::check_torch_dtype(const at::Tensor&) [with scalar_t = const c10::Half]’:
./mmcv/ops/csrc/pytorch/cuda/../spconv_utils.h:71:30:   required from ‘tv::TensorView<scalar_t> tv::torch2tv(const at::Tensor&) [with scalar_t = const c10::Half]’
./mmcv/ops/csrc/pytorch/cuda/fused_spconv_ops_cuda.cu:52:0:   required from here
./mmcv/ops/csrc/pytorch/cuda/../spconv_utils.h:38:20: warning: ‘at::DeprecatedTypeProperties& at::Tensor::type() const’ is deprecated: Tensor.type() is deprecated. Instead use Tensor.options(), which in many cases (e.g. in a constructor) is a drop-in replacement. If you were using data from type(), that is now available from Tensor itself, so instead of tensor.type().scalar_type(), use tensor.scalar_type() instead and instead of tensor.type().backend() use tensor.device(). [-Wdeprecated-declarations]
   38 |   switch (tensor.type().scalarType()) {
      |         ~~~~~~~~~~~^~
/mnt/nfs2/engdes/wc296/paper6/envs/torch-cu128-001/lib/python3.12/site-packages/torch/include/ATen/core/TensorBody.h:225:1: note: declared here
  225 |   DeprecatedTypeProperties & type() const {
      | ^ ~~
./mmcv/ops/csrc/pytorch/cuda/../spconv_utils.h:38:20: warning: ‘at::DeprecatedTypeProperties& at::Tensor::type() const’ is deprecated: Tensor.type() is deprecated. Instead use Tensor.options(), which in many cases (e.g. in a constructor) is a drop-in replacement. If you were using data from type(), that is now available from Tensor itself, so instead of tensor.type().scalar_type(), use tensor.scalar_type() instead and instead of tensor.type().backend() use tensor.device(). [-Wdeprecated-declarations]
   38 |   switch (tensor.type().scalarType()) {
      |         ~~~~~~~~~~~^~
/mnt/nfs2/engdes/wc296/paper6/envs/torch-cu128-001/lib/python3.12/site-packages/torch/include/ATen/core/TensorBody.h:225:1: note: declared here
  225 |   DeprecatedTypeProperties & type() const {
      | ^ ~~
/mnt/nfs2/engdes/wc296/paper6/toolchains/cuda-12.8-001/bin/nvcc -DMMCV_WITH_CUDA -I/mnt/nfs2/engdes/wc296/paper6/dependencies/artemis-framework-overlay-005/source/mmcv-full-1.7.2/mmcv/ops/csrc/pytorch -I/mnt/nfs2/engdes/wc296/paper6/dependencies/artemis-framework-overlay-005/source/mmcv-full-1.7.2/mmcv/ops/csrc/common -I/mnt/nfs2/engdes/wc296/paper6/dependencies/artemis-framework-overlay-005/source/mmcv-full-1.7.2/mmcv/ops/csrc/common/cuda -I/mnt/nfs2/engdes/wc296/paper6/envs/torch-cu128-001/lib/python3.12/site-packages/torch/include -I/mnt/nfs2/engdes/wc296/paper6/envs/torch-cu128-001/lib/python3.12/site-packages/torch/include/torch/csrc/api/include -I/mnt/nfs2/engdes/wc296/paper6/toolchains/cuda-12.8-001/include -I/mnt/nfs2/engdes/wc296/paper6/envs/torch-cu128-001/include -I/its/home/wc296/miniconda3/include/python3.12 -c ./mmcv/ops/csrc/pytorch/cuda/gather_points_cuda.cu -o build/temp.linux-x86_64-cpython-312/mmcv/ops/csrc/pytorch/cuda/gather_points_cuda.o -D__CUDA_NO_HALF_OPERATORS__ -D__CUDA_NO_HALF_CONVERSIONS__ -D__CUDA_NO_BFLOAT16_CONVERSIONS__ -D__CUDA_NO_HALF2_OPERATORS__ --expt-relaxed-constexpr --compiler-options '-fPIC' -std=c++17 -DTORCH_API_INCLUDE_EXTENSION_H -DPYBIND11_COMPILER_TYPE=\"_gcc\" -DPYBIND11_STDLIB=\"_libstdcpp\" -DPYBIND11_BUILD_ABI=\"_cxxabi1016\" -DTORCH_EXTENSION_NAME=_ext -D_GLIBCXX_USE_CXX11_ABI=1 -gencode=arch=compute_120,code=sm_120
/mnt/nfs2/engdes/wc296/paper6/toolchains/cuda-12.8-001/bin/nvcc -DMMCV_WITH_CUDA -I/mnt/nfs2/engdes/wc296/paper6/dependencies/artemis-framework-overlay-005/source/mmcv-full-1.7.2/mmcv/ops/csrc/pytorch -I/mnt/nfs2/engdes/wc296/paper6/dependencies/artemis-framework-overlay-005/source/mmcv-full-1.7.2/mmcv/ops/csrc/common -I/mnt/nfs2/engdes/wc296/paper6/dependencies/artemis-framework-overlay-005/source/mmcv-full-1.7.2/mmcv/ops/csrc/common/cuda -I/mnt/nfs2/engdes/wc296/paper6/envs/torch-cu128-001/lib/python3.12/site-packages/torch/include -I/mnt/nfs2/engdes/wc296/paper6/envs/torch-cu128-001/lib/python3.12/site-packages/torch/include/torch/csrc/api/include -I/mnt/nfs2/engdes/wc296/paper6/toolchains/cuda-12.8-001/include -I/mnt/nfs2/engdes/wc296/paper6/envs/torch-cu128-001/include -I/its/home/wc296/miniconda3/include/python3.12 -c ./mmcv/ops/csrc/pytorch/cuda/group_points_cuda.cu -o build/temp.linux-x86_64-cpython-312/mmcv/ops/csrc/pytorch/cuda/group_points_cuda.o -D__CUDA_NO_HALF_OPERATORS__ -D__CUDA_NO_HALF_CONVERSIONS__ -D__CUDA_NO_BFLOAT16_CONVERSIONS__ -D__CUDA_NO_HALF2_OPERATORS__ --expt-relaxed-constexpr --compiler-options '-fPIC' -std=c++17 -DTORCH_API_INCLUDE_EXTENSION_H -DPYBIND11_COMPILER_TYPE=\"_gcc\" -DPYBIND11_STDLIB=\"_libstdcpp\" -DPYBIND11_BUILD_ABI=\"_cxxabi1016\" -DTORCH_EXTENSION_NAME=_ext -D_GLIBCXX_USE_CXX11_ABI=1 -gencode=arch=compute_120,code=sm_120
/mnt/nfs2/engdes/wc296/paper6/toolchains/cuda-12.8-001/bin/nvcc -DMMCV_WITH_CUDA -I/mnt/nfs2/engdes/wc296/paper6/dependencies/artemis-framework-overlay-005/source/mmcv-full-1.7.2/mmcv/ops/csrc/pytorch -I/mnt/nfs2/engdes/wc296/paper6/dependencies/artemis-framework-overlay-005/source/mmcv-full-1.7.2/mmcv/ops/csrc/common -I/mnt/nfs2/engdes/wc296/paper6/dependencies/artemis-framework-overlay-005/source/mmcv-full-1.7.2/mmcv/ops/csrc/common/cuda -I/mnt/nfs2/engdes/wc296/paper6/envs/torch-cu128-001/lib/python3.12/site-packages/torch/include -I/mnt/nfs2/engdes/wc296/paper6/envs/torch-cu128-001/lib/python3.12/site-packages/torch/include/torch/csrc/api/include -I/mnt/nfs2/engdes/wc296/paper6/toolchains/cuda-12.8-001/include -I/mnt/nfs2/engdes/wc296/paper6/envs/torch-cu128-001/include -I/its/home/wc296/miniconda3/include/python3.12 -c ./mmcv/ops/csrc/pytorch/cuda/iou3d_cuda.cu -o build/temp.linux-x86_64-cpython-312/mmcv/ops/csrc/pytorch/cuda/iou3d_cuda.o -D__CUDA_NO_HALF_OPERATORS__ -D__CUDA_NO_HALF_CONVERSIONS__ -D__CUDA_NO_BFLOAT16_CONVERSIONS__ -D__CUDA_NO_HALF2_OPERATORS__ --expt-relaxed-constexpr --compiler-options '-fPIC' -std=c++17 -DTORCH_API_INCLUDE_EXTENSION_H -DPYBIND11_COMPILER_TYPE=\"_gcc\" -DPYBIND11_STDLIB=\"_libstdcpp\" -DPYBIND11_BUILD_ABI=\"_cxxabi1016\" -DTORCH_EXTENSION_NAME=_ext -D_GLIBCXX_USE_CXX11_ABI=1 -gencode=arch=compute_120,code=sm_120
/mnt/nfs2/engdes/wc296/paper6/toolchains/cuda-12.8-001/bin/nvcc -DMMCV_WITH_CUDA -I/mnt/nfs2/engdes/wc296/paper6/dependencies/artemis-framework-overlay-005/source/mmcv-full-1.7.2/mmcv/ops/csrc/pytorch -I/mnt/nfs2/engdes/wc296/paper6/dependencies/artemis-framework-overlay-005/source/mmcv-full-1.7.2/mmcv/ops/csrc/common -I/mnt/nfs2/engdes/wc296/paper6/dependencies/artemis-framework-overlay-005/source/mmcv-full-1.7.2/mmcv/ops/csrc/common/cuda -I/mnt/nfs2/engdes/wc296/paper6/envs/torch-cu128-001/lib/python3.12/site-packages/torch/include -I/mnt/nfs2/engdes/wc296/paper6/envs/torch-cu128-001/lib/python3.12/site-packages/torch/include/torch/csrc/api/include -I/mnt/nfs2/engdes/wc296/paper6/toolchains/cuda-12.8-001/include -I/mnt/nfs2/engdes/wc296/paper6/envs/torch-cu128-001/include -I/its/home/wc296/miniconda3/include/python3.12 -c ./mmcv/ops/csrc/pytorch/cuda/knn_cuda.cu -o build/temp.linux-x86_64-cpython-312/mmcv/ops/csrc/pytorch/cuda/knn_cuda.o -D__CUDA_NO_HALF_OPERATORS__ -D__CUDA_NO_HALF_CONVERSIONS__ -D__CUDA_NO_BFLOAT16_CONVERSIONS__ -D__CUDA_NO_HALF2_OPERATORS__ --expt-relaxed-constexpr --compiler-options '-fPIC' -std=c++17 -DTORCH_API_INCLUDE_EXTENSION_H -DPYBIND11_COMPILER_TYPE=\"_gcc\" -DPYBIND11_STDLIB=\"_libstdcpp\" -DPYBIND11_BUILD_ABI=\"_cxxabi1016\" -DTORCH_EXTENSION_NAME=_ext -D_GLIBCXX_USE_CXX11_ABI=1 -gencode=arch=compute_120,code=sm_120
/mnt/nfs2/engdes/wc296/paper6/toolchains/cuda-12.8-001/bin/nvcc -DMMCV_WITH_CUDA -I/mnt/nfs2/engdes/wc296/paper6/dependencies/artemis-framework-overlay-005/source/mmcv-full-1.7.2/mmcv/ops/csrc/pytorch -I/mnt/nfs2/engdes/wc296/paper6/dependencies/artemis-framework-overlay-005/source/mmcv-full-1.7.2/mmcv/ops/csrc/common -I/mnt/nfs2/engdes/wc296/paper6/dependencies/artemis-framework-overlay-005/source/mmcv-full-1.7.2/mmcv/ops/csrc/common/cuda -I/mnt/nfs2/engdes/wc296/paper6/envs/torch-cu128-001/lib/python3.12/site-packages/torch/include -I/mnt/nfs2/engdes/wc296/paper6/envs/torch-cu128-001/lib/python3.12/site-packages/torch/include/torch/csrc/api/include -I/mnt/nfs2/engdes/wc296/paper6/toolchains/cuda-12.8-001/include -I/mnt/nfs2/engdes/wc296/paper6/envs/torch-cu128-001/include -I/its/home/wc296/miniconda3/include/python3.12 -c ./mmcv/ops/csrc/pytorch/cuda/masked_conv2d_cuda.cu -o build/temp.linux-x86_64-cpython-312/mmcv/ops/csrc/pytorch/cuda/masked_conv2d_cuda.o -D__CUDA_NO_HALF_OPERATORS__ -D__CUDA_NO_HALF_CONVERSIONS__ -D__CUDA_NO_BFLOAT16_CONVERSIONS__ -D__CUDA_NO_HALF2_OPERATORS__ --expt-relaxed-constexpr --compiler-options '-fPIC' -std=c++17 -DTORCH_API_INCLUDE_EXTENSION_H -DPYBIND11_COMPILER_TYPE=\"_gcc\" -DPYBIND11_STDLIB=\"_libstdcpp\" -DPYBIND11_BUILD_ABI=\"_cxxabi1016\" -DTORCH_EXTENSION_NAME=_ext -D_GLIBCXX_USE_CXX11_ABI=1 -gencode=arch=compute_120,code=sm_120
/mnt/nfs2/engdes/wc296/paper6/toolchains/cuda-12.8-001/bin/nvcc -DMMCV_WITH_CUDA -I/mnt/nfs2/engdes/wc296/paper6/dependencies/artemis-framework-overlay-005/source/mmcv-full-1.7.2/mmcv/ops/csrc/pytorch -I/mnt/nfs2/engdes/wc296/paper6/dependencies/artemis-framework-overlay-005/source/mmcv-full-1.7.2/mmcv/ops/csrc/common -I/mnt/nfs2/engdes/wc296/paper6/dependencies/artemis-framework-overlay-005/source/mmcv-full-1.7.2/mmcv/ops/csrc/common/cuda -I/mnt/nfs2/engdes/wc296/paper6/envs/torch-cu128-001/lib/python3.12/site-packages/torch/include -I/mnt/nfs2/engdes/wc296/paper6/envs/torch-cu128-001/lib/python3.12/site-packages/torch/include/torch/csrc/api/include -I/mnt/nfs2/engdes/wc296/paper6/toolchains/cuda-12.8-001/include -I/mnt/nfs2/engdes/wc296/paper6/envs/torch-cu128-001/include -I/its/home/wc296/miniconda3/include/python3.12 -c ./mmcv/ops/csrc/pytorch/cuda/min_area_polygons.cu -o build/temp.linux-x86_64-cpython-312/mmcv/ops/csrc/pytorch/cuda/min_area_polygons.o -D__CUDA_NO_HALF_OPERATORS__ -D__CUDA_NO_HALF_CONVERSIONS__ -D__CUDA_NO_BFLOAT16_CONVERSIONS__ -D__CUDA_NO_HALF2_OPERATORS__ --expt-relaxed-constexpr --compiler-options '-fPIC' -std=c++17 -DTORCH_API_INCLUDE_EXTENSION_H -DPYBIND11_COMPILER_TYPE=\"_gcc\" -DPYBIND11_STDLIB=\"_libstdcpp\" -DPYBIND11_BUILD_ABI=\"_cxxabi1016\" -DTORCH_EXTENSION_NAME=_ext -D_GLIBCXX_USE_CXX11_ABI=1 -gencode=arch=compute_120,code=sm_120
/mnt/nfs2/engdes/wc296/paper6/toolchains/cuda-12.8-001/bin/nvcc -DMMCV_WITH_CUDA -I/mnt/nfs2/engdes/wc296/paper6/dependencies/artemis-framework-overlay-005/source/mmcv-full-1.7.2/mmcv/ops/csrc/pytorch -I/mnt/nfs2/engdes/wc296/paper6/dependencies/artemis-framework-overlay-005/source/mmcv-full-1.7.2/mmcv/ops/csrc/common -I/mnt/nfs2/engdes/wc296/paper6/dependencies/artemis-framework-overlay-005/source/mmcv-full-1.7.2/mmcv/ops/csrc/common/cuda -I/mnt/nfs2/engdes/wc296/paper6/envs/torch-cu128-001/lib/python3.12/site-packages/torch/include -I/mnt/nfs2/engdes/wc296/paper6/envs/torch-cu128-001/lib/python3.12/site-packages/torch/include/torch/csrc/api/include -I/mnt/nfs2/engdes/wc296/paper6/toolchains/cuda-12.8-001/include -I/mnt/nfs2/engdes/wc296/paper6/envs/torch-cu128-001/include -I/its/home/wc296/miniconda3/include/python3.12 -c ./mmcv/ops/csrc/pytorch/cuda/modulated_deform_conv_cuda.cu -o build/temp.linux-x86_64-cpython-312/mmcv/ops/csrc/pytorch/cuda/modulated_deform_conv_cuda.o -D__CUDA_NO_HALF_OPERATORS__ -D__CUDA_NO_HALF_CONVERSIONS__ -D__CUDA_NO_BFLOAT16_CONVERSIONS__ -D__CUDA_NO_HALF2_OPERATORS__ --expt-relaxed-constexpr --compiler-options '-fPIC' -std=c++17 -DTORCH_API_INCLUDE_EXTENSION_H -DPYBIND11_COMPILER_TYPE=\"_gcc\" -DPYBIND11_STDLIB=\"_libstdcpp\" -DPYBIND11_BUILD_ABI=\"_cxxabi1016\" -DTORCH_EXTENSION_NAME=_ext -D_GLIBCXX_USE_CXX11_ABI=1 -gencode=arch=compute_120,code=sm_120
/mnt/nfs2/engdes/wc296/paper6/toolchains/cuda-12.8-001/bin/nvcc -DMMCV_WITH_CUDA -I/mnt/nfs2/engdes/wc296/paper6/dependencies/artemis-framework-overlay-005/source/mmcv-full-1.7.2/mmcv/ops/csrc/pytorch -I/mnt/nfs2/engdes/wc296/paper6/dependencies/artemis-framework-overlay-005/source/mmcv-full-1.7.2/mmcv/ops/csrc/common -I/mnt/nfs2/engdes/wc296/paper6/dependencies/artemis-framework-overlay-005/source/mmcv-full-1.7.2/mmcv/ops/csrc/common/cuda -I/mnt/nfs2/engdes/wc296/paper6/envs/torch-cu128-001/lib/python3.12/site-packages/torch/include -I/mnt/nfs2/engdes/wc296/paper6/envs/torch-cu128-001/lib/python3.12/site-packages/torch/include/torch/csrc/api/include -I/mnt/nfs2/engdes/wc296/paper6/toolchains/cuda-12.8-001/include -I/mnt/nfs2/engdes/wc296/paper6/envs/torch-cu128-001/include -I/its/home/wc296/miniconda3/include/python3.12 -c ./mmcv/ops/csrc/pytorch/cuda/ms_deform_attn_cuda.cu -o build/temp.linux-x86_64-cpython-312/mmcv/ops/csrc/pytorch/cuda/ms_deform_attn_cuda.o -D__CUDA_NO_HALF_OPERATORS__ -D__CUDA_NO_HALF_CONVERSIONS__ -D__CUDA_NO_BFLOAT16_CONVERSIONS__ -D__CUDA_NO_HALF2_OPERATORS__ --expt-relaxed-constexpr --compiler-options '-fPIC' -std=c++17 -DTORCH_API_INCLUDE_EXTENSION_H -DPYBIND11_COMPILER_TYPE=\"_gcc\" -DPYBIND11_STDLIB=\"_libstdcpp\" -DPYBIND11_BUILD_ABI=\"_cxxabi1016\" -DTORCH_EXTENSION_NAME=_ext -D_GLIBCXX_USE_CXX11_ABI=1 -gencode=arch=compute_120,code=sm_120
/mnt/nfs2/engdes/wc296/paper6/toolchains/cuda-12.8-001/bin/nvcc -DMMCV_WITH_CUDA -I/mnt/nfs2/engdes/wc296/paper6/dependencies/artemis-framework-overlay-005/source/mmcv-full-1.7.2/mmcv/ops/csrc/pytorch -I/mnt/nfs2/engdes/wc296/paper6/dependencies/artemis-framework-overlay-005/source/mmcv-full-1.7.2/mmcv/ops/csrc/common -I/mnt/nfs2/engdes/wc296/paper6/dependencies/artemis-framework-overlay-005/source/mmcv-full-1.7.2/mmcv/ops/csrc/common/cuda -I/mnt/nfs2/engdes/wc296/paper6/envs/torch-cu128-001/lib/python3.12/site-packages/torch/include -I/mnt/nfs2/engdes/wc296/paper6/envs/torch-cu128-001/lib/python3.12/site-packages/torch/include/torch/csrc/api/include -I/mnt/nfs2/engdes/wc296/paper6/toolchains/cuda-12.8-001/include -I/mnt/nfs2/engdes/wc296/paper6/envs/torch-cu128-001/include -I/its/home/wc296/miniconda3/include/python3.12 -c ./mmcv/ops/csrc/pytorch/cuda/nms_cuda.cu -o build/temp.linux-x86_64-cpython-312/mmcv/ops/csrc/pytorch/cuda/nms_cuda.o -D__CUDA_NO_HALF_OPERATORS__ -D__CUDA_NO_HALF_CONVERSIONS__ -D__CUDA_NO_BFLOAT16_CONVERSIONS__ -D__CUDA_NO_HALF2_OPERATORS__ --expt-relaxed-constexpr --compiler-options '-fPIC' -std=c++17 -DTORCH_API_INCLUDE_EXTENSION_H -DPYBIND11_COMPILER_TYPE=\"_gcc\" -DPYBIND11_STDLIB=\"_libstdcpp\" -DPYBIND11_BUILD_ABI=\"_cxxabi1016\" -DTORCH_EXTENSION_NAME=_ext -D_GLIBCXX_USE_CXX11_ABI=1 -gencode=arch=compute_120,code=sm_120
/mnt/nfs2/engdes/wc296/paper6/toolchains/cuda-12.8-001/bin/nvcc -DMMCV_WITH_CUDA -I/mnt/nfs2/engdes/wc296/paper6/dependencies/artemis-framework-overlay-005/source/mmcv-full-1.7.2/mmcv/ops/csrc/pytorch -I/mnt/nfs2/engdes/wc296/paper6/dependencies/artemis-framework-overlay-005/source/mmcv-full-1.7.2/mmcv/ops/csrc/common -I/mnt/nfs2/engdes/wc296/paper6/dependencies/artemis-framework-overlay-005/source/mmcv-full-1.7.2/mmcv/ops/csrc/common/cuda -I/mnt/nfs2/engdes/wc296/paper6/envs/torch-cu128-001/lib/python3.12/site-packages/torch/include -I/mnt/nfs2/engdes/wc296/paper6/envs/torch-cu128-001/lib/python3.12/site-packages/torch/include/torch/csrc/api/include -I/mnt/nfs2/engdes/wc296/paper6/toolchains/cuda-12.8-001/include -I/mnt/nfs2/engdes/wc296/paper6/envs/torch-cu128-001/include -I/its/home/wc296/miniconda3/include/python3.12 -c ./mmcv/ops/csrc/pytorch/cuda/nms_quadri_cuda.cu -o build/temp.linux-x86_64-cpython-312/mmcv/ops/csrc/pytorch/cuda/nms_quadri_cuda.o -D__CUDA_NO_HALF_OPERATORS__ -D__CUDA_NO_HALF_CONVERSIONS__ -D__CUDA_NO_BFLOAT16_CONVERSIONS__ -D__CUDA_NO_HALF2_OPERATORS__ --expt-relaxed-constexpr --compiler-options '-fPIC' -std=c++17 -DTORCH_API_INCLUDE_EXTENSION_H -DPYBIND11_COMPILER_TYPE=\"_gcc\" -DPYBIND11_STDLIB=\"_libstdcpp\" -DPYBIND11_BUILD_ABI=\"_cxxabi1016\" -DTORCH_EXTENSION_NAME=_ext -D_GLIBCXX_USE_CXX11_ABI=1 -gencode=arch=compute_120,code=sm_120
/mnt/nfs2/engdes/wc296/paper6/toolchains/cuda-12.8-001/bin/nvcc -DMMCV_WITH_CUDA -I/mnt/nfs2/engdes/wc296/paper6/dependencies/artemis-framework-overlay-005/source/mmcv-full-1.7.2/mmcv/ops/csrc/pytorch -I/mnt/nfs2/engdes/wc296/paper6/dependencies/artemis-framework-overlay-005/source/mmcv-full-1.7.2/mmcv/ops/csrc/common -I/mnt/nfs2/engdes/wc296/paper6/dependencies/artemis-framework-overlay-005/source/mmcv-full-1.7.2/mmcv/ops/csrc/common/cuda -I/mnt/nfs2/engdes/wc296/paper6/envs/torch-cu128-001/lib/python3.12/site-packages/torch/include -I/mnt/nfs2/engdes/wc296/paper6/envs/torch-cu128-001/lib/python3.12/site-packages/torch/include/torch/csrc/api/include -I/mnt/nfs2/engdes/wc296/paper6/toolchains/cuda-12.8-001/include -I/mnt/nfs2/engdes/wc296/paper6/envs/torch-cu128-001/include -I/its/home/wc296/miniconda3/include/python3.12 -c ./mmcv/ops/csrc/pytorch/cuda/nms_rotated_cuda.cu -o build/temp.linux-x86_64-cpython-312/mmcv/ops/csrc/pytorch/cuda/nms_rotated_cuda.o -D__CUDA_NO_HALF_OPERATORS__ -D__CUDA_NO_HALF_CONVERSIONS__ -D__CUDA_NO_BFLOAT16_CONVERSIONS__ -D__CUDA_NO_HALF2_OPERATORS__ --expt-relaxed-constexpr --compiler-options '-fPIC' -std=c++17 -DTORCH_API_INCLUDE_EXTENSION_H -DPYBIND11_COMPILER_TYPE=\"_gcc\" -DPYBIND11_STDLIB=\"_libstdcpp\" -DPYBIND11_BUILD_ABI=\"_cxxabi1016\" -DTORCH_EXTENSION_NAME=_ext -D_GLIBCXX_USE_CXX11_ABI=1 -gencode=arch=compute_120,code=sm_120
/mnt/nfs2/engdes/wc296/paper6/toolchains/cuda-12.8-001/bin/nvcc -DMMCV_WITH_CUDA -I/mnt/nfs2/engdes/wc296/paper6/dependencies/artemis-framework-overlay-005/source/mmcv-full-1.7.2/mmcv/ops/csrc/pytorch -I/mnt/nfs2/engdes/wc296/paper6/dependencies/artemis-framework-overlay-005/source/mmcv-full-1.7.2/mmcv/ops/csrc/common -I/mnt/nfs2/engdes/wc296/paper6/dependencies/artemis-framework-overlay-005/source/mmcv-full-1.7.2/mmcv/ops/csrc/common/cuda -I/mnt/nfs2/engdes/wc296/paper6/envs/torch-cu128-001/lib/python3.12/site-packages/torch/include -I/mnt/nfs2/engdes/wc296/paper6/envs/torch-cu128-001/lib/python3.12/site-packages/torch/include/torch/csrc/api/include -I/mnt/nfs2/engdes/wc296/paper6/toolchains/cuda-12.8-001/include -I/mnt/nfs2/engdes/wc296/paper6/envs/torch-cu128-001/include -I/its/home/wc296/miniconda3/include/python3.12 -c ./mmcv/ops/csrc/pytorch/cuda/points_in_boxes_cuda.cu -o build/temp.linux-x86_64-cpython-312/mmcv/ops/csrc/pytorch/cuda/points_in_boxes_cuda.o -D__CUDA_NO_HALF_OPERATORS__ -D__CUDA_NO_HALF_CONVERSIONS__ -D__CUDA_NO_BFLOAT16_CONVERSIONS__ -D__CUDA_NO_HALF2_OPERATORS__ --expt-relaxed-constexpr --compiler-options '-fPIC' -std=c++17 -DTORCH_API_INCLUDE_EXTENSION_H -DPYBIND11_COMPILER_TYPE=\"_gcc\" -DPYBIND11_STDLIB=\"_libstdcpp\" -DPYBIND11_BUILD_ABI=\"_cxxabi1016\" -DTORCH_EXTENSION_NAME=_ext -D_GLIBCXX_USE_CXX11_ABI=1 -gencode=arch=compute_120,code=sm_120
/mnt/nfs2/engdes/wc296/paper6/toolchains/cuda-12.8-001/bin/nvcc -DMMCV_WITH_CUDA -I/mnt/nfs2/engdes/wc296/paper6/dependencies/artemis-framework-overlay-005/source/mmcv-full-1.7.2/mmcv/ops/csrc/pytorch -I/mnt/nfs2/engdes/wc296/paper6/dependencies/artemis-framework-overlay-005/source/mmcv-full-1.7.2/mmcv/ops/csrc/common -I/mnt/nfs2/engdes/wc296/paper6/dependencies/artemis-framework-overlay-005/source/mmcv-full-1.7.2/mmcv/ops/csrc/common/cuda -I/mnt/nfs2/engdes/wc296/paper6/envs/torch-cu128-001/lib/python3.12/site-packages/torch/include -I/mnt/nfs2/engdes/wc296/paper6/envs/torch-cu128-001/lib/python3.12/site-packages/torch/include/torch/csrc/api/include -I/mnt/nfs2/engdes/wc296/paper6/toolchains/cuda-12.8-001/include -I/mnt/nfs2/engdes/wc296/paper6/envs/torch-cu128-001/include -I/its/home/wc296/miniconda3/include/python3.12 -c ./mmcv/ops/csrc/pytorch/cuda/points_in_polygons_cuda.cu -o build/temp.linux-x86_64-cpython-312/mmcv/ops/csrc/pytorch/cuda/points_in_polygons_cuda.o -D__CUDA_NO_HALF_OPERATORS__ -D__CUDA_NO_HALF_CONVERSIONS__ -D__CUDA_NO_BFLOAT16_CONVERSIONS__ -D__CUDA_NO_HALF2_OPERATORS__ --expt-relaxed-constexpr --compiler-options '-fPIC' -std=c++17 -DTORCH_API_INCLUDE_EXTENSION_H -DPYBIND11_COMPILER_TYPE=\"_gcc\" -DPYBIND11_STDLIB=\"_libstdcpp\" -DPYBIND11_BUILD_ABI=\"_cxxabi1016\" -DTORCH_EXTENSION_NAME=_ext -D_GLIBCXX_USE_CXX11_ABI=1 -gencode=arch=compute_120,code=sm_120
/mnt/nfs2/engdes/wc296/paper6/toolchains/cuda-12.8-001/bin/nvcc -DMMCV_WITH_CUDA -I/mnt/nfs2/engdes/wc296/paper6/dependencies/artemis-framework-overlay-005/source/mmcv-full-1.7.2/mmcv/ops/csrc/pytorch -I/mnt/nfs2/engdes/wc296/paper6/dependencies/artemis-framework-overlay-005/source/mmcv-full-1.7.2/mmcv/ops/csrc/common -I/mnt/nfs2/engdes/wc296/paper6/dependencies/artemis-framework-overlay-005/source/mmcv-full-1.7.2/mmcv/ops/csrc/common/cuda -I/mnt/nfs2/engdes/wc296/paper6/envs/torch-cu128-001/lib/python3.12/site-packages/torch/include -I/mnt/nfs2/engdes/wc296/paper6/envs/torch-cu128-001/lib/python3.12/site-packages/torch/include/torch/csrc/api/include -I/mnt/nfs2/engdes/wc296/paper6/toolchains/cuda-12.8-001/include -I/mnt/nfs2/engdes/wc296/paper6/envs/torch-cu128-001/include -I/its/home/wc296/miniconda3/include/python3.12 -c ./mmcv/ops/csrc/pytorch/cuda/prroi_pool_cuda.cu -o build/temp.linux-x86_64-cpython-312/mmcv/ops/csrc/pytorch/cuda/prroi_pool_cuda.o -D__CUDA_NO_HALF_OPERATORS__ -D__CUDA_NO_HALF_CONVERSIONS__ -D__CUDA_NO_BFLOAT16_CONVERSIONS__ -D__CUDA_NO_HALF2_OPERATORS__ --expt-relaxed-constexpr --compiler-options '-fPIC' -std=c++17 -DTORCH_API_INCLUDE_EXTENSION_H -DPYBIND11_COMPILER_TYPE=\"_gcc\" -DPYBIND11_STDLIB=\"_libstdcpp\" -DPYBIND11_BUILD_ABI=\"_cxxabi1016\" -DTORCH_EXTENSION_NAME=_ext -D_GLIBCXX_USE_CXX11_ABI=1 -gencode=arch=compute_120,code=sm_120
/mnt/nfs2/engdes/wc296/paper6/toolchains/cuda-12.8-001/bin/nvcc -DMMCV_WITH_CUDA -I/mnt/nfs2/engdes/wc296/paper6/dependencies/artemis-framework-overlay-005/source/mmcv-full-1.7.2/mmcv/ops/csrc/pytorch -I/mnt/nfs2/engdes/wc296/paper6/dependencies/artemis-framework-overlay-005/source/mmcv-full-1.7.2/mmcv/ops/csrc/common -I/mnt/nfs2/engdes/wc296/paper6/dependencies/artemis-framework-overlay-005/source/mmcv-full-1.7.2/mmcv/ops/csrc/common/cuda -I/mnt/nfs2/engdes/wc296/paper6/envs/torch-cu128-001/lib/python3.12/site-packages/torch/include -I/mnt/nfs2/engdes/wc296/paper6/envs/torch-cu128-001/lib/python3.12/site-packages/torch/include/torch/csrc/api/include -I/mnt/nfs2/engdes/wc296/paper6/toolchains/cuda-12.8-001/include -I/mnt/nfs2/engdes/wc296/paper6/envs/torch-cu128-001/include -I/its/home/wc296/miniconda3/include/python3.12 -c ./mmcv/ops/csrc/pytorch/cuda/psamask_cuda.cu -o build/temp.linux-x86_64-cpython-312/mmcv/ops/csrc/pytorch/cuda/psamask_cuda.o -D__CUDA_NO_HALF_OPERATORS__ -D__CUDA_NO_HALF_CONVERSIONS__ -D__CUDA_NO_BFLOAT16_CONVERSIONS__ -D__CUDA_NO_HALF2_OPERATORS__ --expt-relaxed-constexpr --compiler-options '-fPIC' -std=c++17 -DTORCH_API_INCLUDE_EXTENSION_H -DPYBIND11_COMPILER_TYPE=\"_gcc\" -DPYBIND11_STDLIB=\"_libstdcpp\" -DPYBIND11_BUILD_ABI=\"_cxxabi1016\" -DTORCH_EXTENSION_NAME=_ext -D_GLIBCXX_USE_CXX11_ABI=1 -gencode=arch=compute_120,code=sm_120
/mnt/nfs2/engdes/wc296/paper6/toolchains/cuda-12.8-001/bin/nvcc -DMMCV_WITH_CUDA -I/mnt/nfs2/engdes/wc296/paper6/dependencies/artemis-framework-overlay-005/source/mmcv-full-1.7.2/mmcv/ops/csrc/pytorch -I/mnt/nfs2/engdes/wc296/paper6/dependencies/artemis-framework-overlay-005/source/mmcv-full-1.7.2/mmcv/ops/csrc/common -I/mnt/nfs2/engdes/wc296/paper6/dependencies/artemis-framework-overlay-005/source/mmcv-full-1.7.2/mmcv/ops/csrc/common/cuda -I/mnt/nfs2/engdes/wc296/paper6/envs/torch-cu128-001/lib/python3.12/site-packages/torch/include -I/mnt/nfs2/engdes/wc296/paper6/envs/torch-cu128-001/lib/python3.12/site-packages/torch/include/torch/csrc/api/include -I/mnt/nfs2/engdes/wc296/paper6/toolchains/cuda-12.8-001/include -I/mnt/nfs2/engdes/wc296/paper6/envs/torch-cu128-001/include -I/its/home/wc296/miniconda3/include/python3.12 -c ./mmcv/ops/csrc/pytorch/cuda/riroi_align_rotated_cuda.cu -o build/temp.linux-x86_64-cpython-312/mmcv/ops/csrc/pytorch/cuda/riroi_align_rotated_cuda.o -D__CUDA_NO_HALF_OPERATORS__ -D__CUDA_NO_HALF_CONVERSIONS__ -D__CUDA_NO_BFLOAT16_CONVERSIONS__ -D__CUDA_NO_HALF2_OPERATORS__ --expt-relaxed-constexpr --compiler-options '-fPIC' -std=c++17 -DTORCH_API_INCLUDE_EXTENSION_H -DPYBIND11_COMPILER_TYPE=\"_gcc\" -DPYBIND11_STDLIB=\"_libstdcpp\" -DPYBIND11_BUILD_ABI=\"_cxxabi1016\" -DTORCH_EXTENSION_NAME=_ext -D_GLIBCXX_USE_CXX11_ABI=1 -gencode=arch=compute_120,code=sm_120
/mnt/nfs2/engdes/wc296/paper6/toolchains/cuda-12.8-001/bin/nvcc -DMMCV_WITH_CUDA -I/mnt/nfs2/engdes/wc296/paper6/dependencies/artemis-framework-overlay-005/source/mmcv-full-1.7.2/mmcv/ops/csrc/pytorch -I/mnt/nfs2/engdes/wc296/paper6/dependencies/artemis-framework-overlay-005/source/mmcv-full-1.7.2/mmcv/ops/csrc/common -I/mnt/nfs2/engdes/wc296/paper6/dependencies/artemis-framework-overlay-005/source/mmcv-full-1.7.2/mmcv/ops/csrc/common/cuda -I/mnt/nfs2/engdes/wc296/paper6/envs/torch-cu128-001/lib/python3.12/site-packages/torch/include -I/mnt/nfs2/engdes/wc296/paper6/envs/torch-cu128-001/lib/python3.12/site-packages/torch/include/torch/csrc/api/include -I/mnt/nfs2/engdes/wc296/paper6/toolchains/cuda-12.8-001/include -I/mnt/nfs2/engdes/wc296/paper6/envs/torch-cu128-001/include -I/its/home/wc296/miniconda3/include/python3.12 -c ./mmcv/ops/csrc/pytorch/cuda/roi_align_cuda.cu -o build/temp.linux-x86_64-cpython-312/mmcv/ops/csrc/pytorch/cuda/roi_align_cuda.o -D__CUDA_NO_HALF_OPERATORS__ -D__CUDA_NO_HALF_CONVERSIONS__ -D__CUDA_NO_BFLOAT16_CONVERSIONS__ -D__CUDA_NO_HALF2_OPERATORS__ --expt-relaxed-constexpr --compiler-options '-fPIC' -std=c++17 -DTORCH_API_INCLUDE_EXTENSION_H -DPYBIND11_COMPILER_TYPE=\"_gcc\" -DPYBIND11_STDLIB=\"_libstdcpp\" -DPYBIND11_BUILD_ABI=\"_cxxabi1016\" -DTORCH_EXTENSION_NAME=_ext -D_GLIBCXX_USE_CXX11_ABI=1 -gencode=arch=compute_120,code=sm_120
/mnt/nfs2/engdes/wc296/paper6/toolchains/cuda-12.8-001/bin/nvcc -DMMCV_WITH_CUDA -I/mnt/nfs2/engdes/wc296/paper6/dependencies/artemis-framework-overlay-005/source/mmcv-full-1.7.2/mmcv/ops/csrc/pytorch -I/mnt/nfs2/engdes/wc296/paper6/dependencies/artemis-framework-overlay-005/source/mmcv-full-1.7.2/mmcv/ops/csrc/common -I/mnt/nfs2/engdes/wc296/paper6/dependencies/artemis-framework-overlay-005/source/mmcv-full-1.7.2/mmcv/ops/csrc/common/cuda -I/mnt/nfs2/engdes/wc296/paper6/envs/torch-cu128-001/lib/python3.12/site-packages/torch/include -I/mnt/nfs2/engdes/wc296/paper6/envs/torch-cu128-001/lib/python3.12/site-packages/torch/include/torch/csrc/api/include -I/mnt/nfs2/engdes/wc296/paper6/toolchains/cuda-12.8-001/include -I/mnt/nfs2/engdes/wc296/paper6/envs/torch-cu128-001/include -I/its/home/wc296/miniconda3/include/python3.12 -c ./mmcv/ops/csrc/pytorch/cuda/roi_align_rotated_cuda.cu -o build/temp.linux-x86_64-cpython-312/mmcv/ops/csrc/pytorch/cuda/roi_align_rotated_cuda.o -D__CUDA_NO_HALF_OPERATORS__ -D__CUDA_NO_HALF_CONVERSIONS__ -D__CUDA_NO_BFLOAT16_CONVERSIONS__ -D__CUDA_NO_HALF2_OPERATORS__ --expt-relaxed-constexpr --compiler-options '-fPIC' -std=c++17 -DTORCH_API_INCLUDE_EXTENSION_H -DPYBIND11_COMPILER_TYPE=\"_gcc\" -DPYBIND11_STDLIB=\"_libstdcpp\" -DPYBIND11_BUILD_ABI=\"_cxxabi1016\" -DTORCH_EXTENSION_NAME=_ext -D_GLIBCXX_USE_CXX11_ABI=1 -gencode=arch=compute_120,code=sm_120
/mnt/nfs2/engdes/wc296/paper6/toolchains/cuda-12.8-001/bin/nvcc -DMMCV_WITH_CUDA -I/mnt/nfs2/engdes/wc296/paper6/dependencies/artemis-framework-overlay-005/source/mmcv-full-1.7.2/mmcv/ops/csrc/pytorch -I/mnt/nfs2/engdes/wc296/paper6/dependencies/artemis-framework-overlay-005/source/mmcv-full-1.7.2/mmcv/ops/csrc/common -I/mnt/nfs2/engdes/wc296/paper6/dependencies/artemis-framework-overlay-005/source/mmcv-full-1.7.2/mmcv/ops/csrc/common/cuda -I/mnt/nfs2/engdes/wc296/paper6/envs/torch-cu128-001/lib/python3.12/site-packages/torch/include -I/mnt/nfs2/engdes/wc296/paper6/envs/torch-cu128-001/lib/python3.12/site-packages/torch/include/torch/csrc/api/include -I/mnt/nfs2/engdes/wc296/paper6/toolchains/cuda-12.8-001/include -I/mnt/nfs2/engdes/wc296/paper6/envs/torch-cu128-001/include -I/its/home/wc296/miniconda3/include/python3.12 -c ./mmcv/ops/csrc/pytorch/cuda/roi_pool_cuda.cu -o build/temp.linux-x86_64-cpython-312/mmcv/ops/csrc/pytorch/cuda/roi_pool_cuda.o -D__CUDA_NO_HALF_OPERATORS__ -D__CUDA_NO_HALF_CONVERSIONS__ -D__CUDA_NO_BFLOAT16_CONVERSIONS__ -D__CUDA_NO_HALF2_OPERATORS__ --expt-relaxed-constexpr --compiler-options '-fPIC' -std=c++17 -DTORCH_API_INCLUDE_EXTENSION_H -DPYBIND11_COMPILER_TYPE=\"_gcc\" -DPYBIND11_STDLIB=\"_libstdcpp\" -DPYBIND11_BUILD_ABI=\"_cxxabi1016\" -DTORCH_EXTENSION_NAME=_ext -D_GLIBCXX_USE_CXX11_ABI=1 -gencode=arch=compute_120,code=sm_120
/mnt/nfs2/engdes/wc296/paper6/toolchains/cuda-12.8-001/bin/nvcc -DMMCV_WITH_CUDA -I/mnt/nfs2/engdes/wc296/paper6/dependencies/artemis-framework-overlay-005/source/mmcv-full-1.7.2/mmcv/ops/csrc/pytorch -I/mnt/nfs2/engdes/wc296/paper6/dependencies/artemis-framework-overlay-005/source/mmcv-full-1.7.2/mmcv/ops/csrc/common -I/mnt/nfs2/engdes/wc296/paper6/dependencies/artemis-framework-overlay-005/source/mmcv-full-1.7.2/mmcv/ops/csrc/common/cuda -I/mnt/nfs2/engdes/wc296/paper6/envs/torch-cu128-001/lib/python3.12/site-packages/torch/include -I/mnt/nfs2/engdes/wc296/paper6/envs/torch-cu128-001/lib/python3.12/site-packages/torch/include/torch/csrc/api/include -I/mnt/nfs2/engdes/wc296/paper6/toolchains/cuda-12.8-001/include -I/mnt/nfs2/engdes/wc296/paper6/envs/torch-cu128-001/include -I/its/home/wc296/miniconda3/include/python3.12 -c ./mmcv/ops/csrc/pytorch/cuda/roiaware_pool3d_cuda.cu -o build/temp.linux-x86_64-cpython-312/mmcv/ops/csrc/pytorch/cuda/roiaware_pool3d_cuda.o -D__CUDA_NO_HALF_OPERATORS__ -D__CUDA_NO_HALF_CONVERSIONS__ -D__CUDA_NO_BFLOAT16_CONVERSIONS__ -D__CUDA_NO_HALF2_OPERATORS__ --expt-relaxed-constexpr --compiler-options '-fPIC' -std=c++17 -DTORCH_API_INCLUDE_EXTENSION_H -DPYBIND11_COMPILER_TYPE=\"_gcc\" -DPYBIND11_STDLIB=\"_libstdcpp\" -DPYBIND11_BUILD_ABI=\"_cxxabi1016\" -DTORCH_EXTENSION_NAME=_ext -D_GLIBCXX_USE_CXX11_ABI=1 -gencode=arch=compute_120,code=sm_120
/mnt/nfs2/engdes/wc296/paper6/toolchains/cuda-12.8-001/bin/nvcc -DMMCV_WITH_CUDA -I/mnt/nfs2/engdes/wc296/paper6/dependencies/artemis-framework-overlay-005/source/mmcv-full-1.7.2/mmcv/ops/csrc/pytorch -I/mnt/nfs2/engdes/wc296/paper6/dependencies/artemis-framework-overlay-005/source/mmcv-full-1.7.2/mmcv/ops/csrc/common -I/mnt/nfs2/engdes/wc296/paper6/dependencies/artemis-framework-overlay-005/source/mmcv-full-1.7.2/mmcv/ops/csrc/common/cuda -I/mnt/nfs2/engdes/wc296/paper6/envs/torch-cu128-001/lib/python3.12/site-packages/torch/include -I/mnt/nfs2/engdes/wc296/paper6/envs/torch-cu128-001/lib/python3.12/site-packages/torch/include/torch/csrc/api/include -I/mnt/nfs2/engdes/wc296/paper6/toolchains/cuda-12.8-001/include -I/mnt/nfs2/engdes/wc296/paper6/envs/torch-cu128-001/include -I/its/home/wc296/miniconda3/include/python3.12 -c ./mmcv/ops/csrc/pytorch/cuda/roipoint_pool3d_cuda.cu -o build/temp.linux-x86_64-cpython-312/mmcv/ops/csrc/pytorch/cuda/roipoint_pool3d_cuda.o -D__CUDA_NO_HALF_OPERATORS__ -D__CUDA_NO_HALF_CONVERSIONS__ -D__CUDA_NO_BFLOAT16_CONVERSIONS__ -D__CUDA_NO_HALF2_OPERATORS__ --expt-relaxed-constexpr --compiler-options '-fPIC' -std=c++17 -DTORCH_API_INCLUDE_EXTENSION_H -DPYBIND11_COMPILER_TYPE=\"_gcc\" -DPYBIND11_STDLIB=\"_libstdcpp\" -DPYBIND11_BUILD_ABI=\"_cxxabi1016\" -DTORCH_EXTENSION_NAME=_ext -D_GLIBCXX_USE_CXX11_ABI=1 -gencode=arch=compute_120,code=sm_120
/mnt/nfs2/engdes/wc296/paper6/toolchains/cuda-12.8-001/bin/nvcc -DMMCV_WITH_CUDA -I/mnt/nfs2/engdes/wc296/paper6/dependencies/artemis-framework-overlay-005/source/mmcv-full-1.7.2/mmcv/ops/csrc/pytorch -I/mnt/nfs2/engdes/wc296/paper6/dependencies/artemis-framework-overlay-005/source/mmcv-full-1.7.2/mmcv/ops/csrc/common -I/mnt/nfs2/engdes/wc296/paper6/dependencies/artemis-framework-overlay-005/source/mmcv-full-1.7.2/mmcv/ops/csrc/common/cuda -I/mnt/nfs2/engdes/wc296/paper6/envs/torch-cu128-001/lib/python3.12/site-packages/torch/include -I/mnt/nfs2/engdes/wc296/paper6/envs/torch-cu128-001/lib/python3.12/site-packages/torch/include/torch/csrc/api/include -I/mnt/nfs2/engdes/wc296/paper6/toolchains/cuda-12.8-001/include -I/mnt/nfs2/engdes/wc296/paper6/envs/torch-cu128-001/include -I/its/home/wc296/miniconda3/include/python3.12 -c ./mmcv/ops/csrc/pytorch/cuda/rotated_feature_align_cuda.cu -o build/temp.linux-x86_64-cpython-312/mmcv/ops/csrc/pytorch/cuda/rotated_feature_align_cuda.o -D__CUDA_NO_HALF_OPERATORS__ -D__CUDA_NO_HALF_CONVERSIONS__ -D__CUDA_NO_BFLOAT16_CONVERSIONS__ -D__CUDA_NO_HALF2_OPERATORS__ --expt-relaxed-constexpr --compiler-options '-fPIC' -std=c++17 -DTORCH_API_INCLUDE_EXTENSION_H -DPYBIND11_COMPILER_TYPE=\"_gcc\" -DPYBIND11_STDLIB=\"_libstdcpp\" -DPYBIND11_BUILD_ABI=\"_cxxabi1016\" -DTORCH_EXTENSION_NAME=_ext -D_GLIBCXX_USE_CXX11_ABI=1 -gencode=arch=compute_120,code=sm_120
/mnt/nfs2/engdes/wc296/paper6/toolchains/cuda-12.8-001/bin/nvcc -DMMCV_WITH_CUDA -I/mnt/nfs2/engdes/wc296/paper6/dependencies/artemis-framework-overlay-005/source/mmcv-full-1.7.2/mmcv/ops/csrc/pytorch -I/mnt/nfs2/engdes/wc296/paper6/dependencies/artemis-framework-overlay-005/source/mmcv-full-1.7.2/mmcv/ops/csrc/common -I/mnt/nfs2/engdes/wc296/paper6/dependencies/artemis-framework-overlay-005/source/mmcv-full-1.7.2/mmcv/ops/csrc/common/cuda -I/mnt/nfs2/engdes/wc296/paper6/envs/torch-cu128-001/lib/python3.12/site-packages/torch/include -I/mnt/nfs2/engdes/wc296/paper6/envs/torch-cu128-001/lib/python3.12/site-packages/torch/include/torch/csrc/api/include -I/mnt/nfs2/engdes/wc296/paper6/toolchains/cuda-12.8-001/include -I/mnt/nfs2/engdes/wc296/paper6/envs/torch-cu128-001/include -I/its/home/wc296/miniconda3/include/python3.12 -c ./mmcv/ops/csrc/pytorch/cuda/scatter_points_cuda.cu -o build/temp.linux-x86_64-cpython-312/mmcv/ops/csrc/pytorch/cuda/scatter_points_cuda.o -D__CUDA_NO_HALF_OPERATORS__ -D__CUDA_NO_HALF_CONVERSIONS__ -D__CUDA_NO_BFLOAT16_CONVERSIONS__ -D__CUDA_NO_HALF2_OPERATORS__ --expt-relaxed-constexpr --compiler-options '-fPIC' -std=c++17 -DTORCH_API_INCLUDE_EXTENSION_H -DPYBIND11_COMPILER_TYPE=\"_gcc\" -DPYBIND11_STDLIB=\"_libstdcpp\" -DPYBIND11_BUILD_ABI=\"_cxxabi1016\" -DTORCH_EXTENSION_NAME=_ext -D_GLIBCXX_USE_CXX11_ABI=1 -gencode=arch=compute_120,code=sm_120
/mnt/nfs2/engdes/wc296/paper6/toolchains/cuda-12.8-001/bin/nvcc -DMMCV_WITH_CUDA -I/mnt/nfs2/engdes/wc296/paper6/dependencies/artemis-framework-overlay-005/source/mmcv-full-1.7.2/mmcv/ops/csrc/pytorch -I/mnt/nfs2/engdes/wc296/paper6/dependencies/artemis-framework-overlay-005/source/mmcv-full-1.7.2/mmcv/ops/csrc/common -I/mnt/nfs2/engdes/wc296/paper6/dependencies/artemis-framework-overlay-005/source/mmcv-full-1.7.2/mmcv/ops/csrc/common/cuda -I/mnt/nfs2/engdes/wc296/paper6/envs/torch-cu128-001/lib/python3.12/site-packages/torch/include -I/mnt/nfs2/engdes/wc296/paper6/envs/torch-cu128-001/lib/python3.12/site-packages/torch/include/torch/csrc/api/include -I/mnt/nfs2/engdes/wc296/paper6/toolchains/cuda-12.8-001/include -I/mnt/nfs2/engdes/wc296/paper6/envs/torch-cu128-001/include -I/its/home/wc296/miniconda3/include/python3.12 -c ./mmcv/ops/csrc/pytorch/cuda/sparse_indice.cu -o build/temp.linux-x86_64-cpython-312/mmcv/ops/csrc/pytorch/cuda/sparse_indice.o -D__CUDA_NO_HALF_OPERATORS__ -D__CUDA_NO_HALF_CONVERSIONS__ -D__CUDA_NO_BFLOAT16_CONVERSIONS__ -D__CUDA_NO_HALF2_OPERATORS__ --expt-relaxed-constexpr --compiler-options '-fPIC' -std=c++17 -DTORCH_API_INCLUDE_EXTENSION_H -DPYBIND11_COMPILER_TYPE=\"_gcc\" -DPYBIND11_STDLIB=\"_libstdcpp\" -DPYBIND11_BUILD_ABI=\"_cxxabi1016\" -DTORCH_EXTENSION_NAME=_ext -D_GLIBCXX_USE_CXX11_ABI=1 -gencode=arch=compute_120,code=sm_120
/mnt/nfs2/engdes/wc296/paper6/toolchains/cuda-12.8-001/bin/nvcc -DMMCV_WITH_CUDA -I/mnt/nfs2/engdes/wc296/paper6/dependencies/artemis-framework-overlay-005/source/mmcv-full-1.7.2/mmcv/ops/csrc/pytorch -I/mnt/nfs2/engdes/wc296/paper6/dependencies/artemis-framework-overlay-005/source/mmcv-full-1.7.2/mmcv/ops/csrc/common -I/mnt/nfs2/engdes/wc296/paper6/dependencies/artemis-framework-overlay-005/source/mmcv-full-1.7.2/mmcv/ops/csrc/common/cuda -I/mnt/nfs2/engdes/wc296/paper6/envs/torch-cu128-001/lib/python3.12/site-packages/torch/include -I/mnt/nfs2/engdes/wc296/paper6/envs/torch-cu128-001/lib/python3.12/site-packages/torch/include/torch/csrc/api/include -I/mnt/nfs2/engdes/wc296/paper6/toolchains/cuda-12.8-001/include -I/mnt/nfs2/engdes/wc296/paper6/envs/torch-cu128-001/include -I/its/home/wc296/miniconda3/include/python3.12 -c ./mmcv/ops/csrc/pytorch/cuda/sparse_maxpool.cu -o build/temp.linux-x86_64-cpython-312/mmcv/ops/csrc/pytorch/cuda/sparse_maxpool.o -D__CUDA_NO_HALF_OPERATORS__ -D__CUDA_NO_HALF_CONVERSIONS__ -D__CUDA_NO_BFLOAT16_CONVERSIONS__ -D__CUDA_NO_HALF2_OPERATORS__ --expt-relaxed-constexpr --compiler-options '-fPIC' -std=c++17 -DTORCH_API_INCLUDE_EXTENSION_H -DPYBIND11_COMPILER_TYPE=\"_gcc\" -DPYBIND11_STDLIB=\"_libstdcpp\" -DPYBIND11_BUILD_ABI=\"_cxxabi1016\" -DTORCH_EXTENSION_NAME=_ext -D_GLIBCXX_USE_CXX11_ABI=1 -gencode=arch=compute_120,code=sm_120
/mnt/nfs2/engdes/wc296/paper6/toolchains/cuda-12.8-001/bin/nvcc -DMMCV_WITH_CUDA -I/mnt/nfs2/engdes/wc296/paper6/dependencies/artemis-framework-overlay-005/source/mmcv-full-1.7.2/mmcv/ops/csrc/pytorch -I/mnt/nfs2/engdes/wc296/paper6/dependencies/artemis-framework-overlay-005/source/mmcv-full-1.7.2/mmcv/ops/csrc/common -I/mnt/nfs2/engdes/wc296/paper6/dependencies/artemis-framework-overlay-005/source/mmcv-full-1.7.2/mmcv/ops/csrc/common/cuda -I/mnt/nfs2/engdes/wc296/paper6/envs/torch-cu128-001/lib/python3.12/site-packages/torch/include -I/mnt/nfs2/engdes/wc296/paper6/envs/torch-cu128-001/lib/python3.12/site-packages/torch/include/torch/csrc/api/include -I/mnt/nfs2/engdes/wc296/paper6/toolchains/cuda-12.8-001/include -I/mnt/nfs2/engdes/wc296/paper6/envs/torch-cu128-001/include -I/its/home/wc296/miniconda3/include/python3.12 -c ./mmcv/ops/csrc/pytorch/cuda/sparse_pool_ops_cuda.cu -o build/temp.linux-x86_64-cpython-312/mmcv/ops/csrc/pytorch/cuda/sparse_pool_ops_cuda.o -D__CUDA_NO_HALF_OPERATORS__ -D__CUDA_NO_HALF_CONVERSIONS__ -D__CUDA_NO_BFLOAT16_CONVERSIONS__ -D__CUDA_NO_HALF2_OPERATORS__ --expt-relaxed-constexpr --compiler-options '-fPIC' -std=c++17 -DTORCH_API_INCLUDE_EXTENSION_H -DPYBIND11_COMPILER_TYPE=\"_gcc\" -DPYBIND11_STDLIB=\"_libstdcpp\" -DPYBIND11_BUILD_ABI=\"_cxxabi1016\" -DTORCH_EXTENSION_NAME=_ext -D_GLIBCXX_USE_CXX11_ABI=1 -gencode=arch=compute_120,code=sm_120
./mmcv/ops/csrc/pytorch/cuda/../spconv_utils.h: In instantiation of ‘void tv::check_torch_dtype(const at::Tensor&) [with scalar_t = double]’:
./mmcv/ops/csrc/pytorch/cuda/../spconv_utils.h:71:30:   required from ‘tv::TensorView<scalar_t> tv::torch2tv(const at::Tensor&) [with scalar_t = double]’
./mmcv/ops/csrc/pytorch/cuda/sparse_pool_ops_cuda.cu:28:1027:   required from here
./mmcv/ops/csrc/pytorch/cuda/../spconv_utils.h:38:20: warning: ‘at::DeprecatedTypeProperties& at::Tensor::type() const’ is deprecated: Tensor.type() is deprecated. Instead use Tensor.options(), which in many cases (e.g. in a constructor) is a drop-in replacement. If you were using data from type(), that is now available from Tensor itself, so instead of tensor.type().scalar_type(), use tensor.scalar_type() instead and instead of tensor.type().backend() use tensor.device(). [-Wdeprecated-declarations]
   38 |   switch (tensor.type().scalarType()) {
      |         ~~~~~~~~~~~^~
/mnt/nfs2/engdes/wc296/paper6/envs/torch-cu128-001/lib/python3.12/site-packages/torch/include/ATen/core/TensorBody.h:225:1: note: declared here
  225 |   DeprecatedTypeProperties & type() const {
      | ^ ~~
./mmcv/ops/csrc/pytorch/cuda/../spconv_utils.h:38:20: warning: ‘at::DeprecatedTypeProperties& at::Tensor::type() const’ is deprecated: Tensor.type() is deprecated. Instead use Tensor.options(), which in many cases (e.g. in a constructor) is a drop-in replacement. If you were using data from type(), that is now available from Tensor itself, so instead of tensor.type().scalar_type(), use tensor.scalar_type() instead and instead of tensor.type().backend() use tensor.device(). [-Wdeprecated-declarations]
   38 |   switch (tensor.type().scalarType()) {
      |         ~~~~~~~~~~~^~
/mnt/nfs2/engdes/wc296/paper6/envs/torch-cu128-001/lib/python3.12/site-packages/torch/include/ATen/core/TensorBody.h:225:1: note: declared here
  225 |   DeprecatedTypeProperties & type() const {
      | ^ ~~
./mmcv/ops/csrc/pytorch/cuda/../spconv_utils.h: In instantiation of ‘void tv::check_torch_dtype(const at::Tensor&) [with scalar_t = const double]’:
./mmcv/ops/csrc/pytorch/cuda/../spconv_utils.h:71:30:   required from ‘tv::TensorView<scalar_t> tv::torch2tv(const at::Tensor&) [with scalar_t = const double]’
./mmcv/ops/csrc/pytorch/cuda/sparse_pool_ops_cuda.cu:28:1065:   required from here
./mmcv/ops/csrc/pytorch/cuda/../spconv_utils.h:38:20: warning: ‘at::DeprecatedTypeProperties& at::Tensor::type() const’ is deprecated: Tensor.type() is deprecated. Instead use Tensor.options(), which in many cases (e.g. in a constructor) is a drop-in replacement. If you were using data from type(), that is now available from Tensor itself, so instead of tensor.type().scalar_type(), use tensor.scalar_type() instead and instead of tensor.type().backend() use tensor.device(). [-Wdeprecated-declarations]
   38 |   switch (tensor.type().scalarType()) {
      |         ~~~~~~~~~~~^~
/mnt/nfs2/engdes/wc296/paper6/envs/torch-cu128-001/lib/python3.12/site-packages/torch/include/ATen/core/TensorBody.h:225:1: note: declared here
  225 |   DeprecatedTypeProperties & type() const {
      | ^ ~~
./mmcv/ops/csrc/pytorch/cuda/../spconv_utils.h:38:20: warning: ‘at::DeprecatedTypeProperties& at::Tensor::type() const’ is deprecated: Tensor.type() is deprecated. Instead use Tensor.options(), which in many cases (e.g. in a constructor) is a drop-in replacement. If you were using data from type(), that is now available from Tensor itself, so instead of tensor.type().scalar_type(), use tensor.scalar_type() instead and instead of tensor.type().backend() use tensor.device(). [-Wdeprecated-declarations]
   38 |   switch (tensor.type().scalarType()) {
      |         ~~~~~~~~~~~^~
/mnt/nfs2/engdes/wc296/paper6/envs/torch-cu128-001/lib/python3.12/site-packages/torch/include/ATen/core/TensorBody.h:225:1: note: declared here
  225 |   DeprecatedTypeProperties & type() const {
      | ^ ~~
./mmcv/ops/csrc/pytorch/cuda/../spconv_utils.h: In instantiation of ‘void tv::check_torch_dtype(const at::Tensor&) [with scalar_t = const int]’:
./mmcv/ops/csrc/pytorch/cuda/../spconv_utils.h:71:30:   required from ‘tv::TensorView<scalar_t> tv::torch2tv(const at::Tensor&) [with scalar_t = const int]’
./mmcv/ops/csrc/pytorch/cuda/sparse_pool_ops_cuda.cu:28:1103:   required from here
./mmcv/ops/csrc/pytorch/cuda/../spconv_utils.h:38:20: warning: ‘at::DeprecatedTypeProperties& at::Tensor::type() const’ is deprecated: Tensor.type() is deprecated. Instead use Tensor.options(), which in many cases (e.g. in a constructor) is a drop-in replacement. If you were using data from type(), that is now available from Tensor itself, so instead of tensor.type().scalar_type(), use tensor.scalar_type() instead and instead of tensor.type().backend() use tensor.device(). [-Wdeprecated-declarations]
   38 |   switch (tensor.type().scalarType()) {
      |         ~~~~~~~~~~~^~
/mnt/nfs2/engdes/wc296/paper6/envs/torch-cu128-001/lib/python3.12/site-packages/torch/include/ATen/core/TensorBody.h:225:1: note: declared here
  225 |   DeprecatedTypeProperties & type() const {
      | ^ ~~
./mmcv/ops/csrc/pytorch/cuda/../spconv_utils.h:38:20: warning: ‘at::DeprecatedTypeProperties& at::Tensor::type() const’ is deprecated: Tensor.type() is deprecated. Instead use Tensor.options(), which in many cases (e.g. in a constructor) is a drop-in replacement. If you were using data from type(), that is now available from Tensor itself, so instead of tensor.type().scalar_type(), use tensor.scalar_type() instead and instead of tensor.type().backend() use tensor.device(). [-Wdeprecated-declarations]
   38 |   switch (tensor.type().scalarType()) {
      |         ~~~~~~~~~~~^~
/mnt/nfs2/engdes/wc296/paper6/envs/torch-cu128-001/lib/python3.12/site-packages/torch/include/ATen/core/TensorBody.h:225:1: note: declared here
  225 |   DeprecatedTypeProperties & type() const {
      | ^ ~~
./mmcv/ops/csrc/pytorch/cuda/../spconv_utils.h: In instantiation of ‘void tv::check_torch_dtype(const at::Tensor&) [with scalar_t = float]’:
./mmcv/ops/csrc/pytorch/cuda/../spconv_utils.h:71:30:   required from ‘tv::TensorView<scalar_t> tv::torch2tv(const at::Tensor&) [with scalar_t = float]’
./mmcv/ops/csrc/pytorch/cuda/sparse_pool_ops_cuda.cu:28:2538:   required from here
./mmcv/ops/csrc/pytorch/cuda/../spconv_utils.h:38:20: warning: ‘at::DeprecatedTypeProperties& at::Tensor::type() const’ is deprecated: Tensor.type() is deprecated. Instead use Tensor.options(), which in many cases (e.g. in a constructor) is a drop-in replacement. If you were using data from type(), that is now available from Tensor itself, so instead of tensor.type().scalar_type(), use tensor.scalar_type() instead and instead of tensor.type().backend() use tensor.device(). [-Wdeprecated-declarations]
   38 |   switch (tensor.type().scalarType()) {
      |         ~~~~~~~~~~~^~
/mnt/nfs2/engdes/wc296/paper6/envs/torch-cu128-001/lib/python3.12/site-packages/torch/include/ATen/core/TensorBody.h:225:1: note: declared here
  225 |   DeprecatedTypeProperties & type() const {
      | ^ ~~
./mmcv/ops/csrc/pytorch/cuda/../spconv_utils.h:38:20: warning: ‘at::DeprecatedTypeProperties& at::Tensor::type() const’ is deprecated: Tensor.type() is deprecated. Instead use Tensor.options(), which in many cases (e.g. in a constructor) is a drop-in replacement. If you were using data from type(), that is now available from Tensor itself, so instead of tensor.type().scalar_type(), use tensor.scalar_type() instead and instead of tensor.type().backend() use tensor.device(). [-Wdeprecated-declarations]
   38 |   switch (tensor.type().scalarType()) {
      |         ~~~~~~~~~~~^~
/mnt/nfs2/engdes/wc296/paper6/envs/torch-cu128-001/lib/python3.12/site-packages/torch/include/ATen/core/TensorBody.h:225:1: note: declared here
  225 |   DeprecatedTypeProperties & type() const {
      | ^ ~~
./mmcv/ops/csrc/pytorch/cuda/../spconv_utils.h: In instantiation of ‘void tv::check_torch_dtype(const at::Tensor&) [with scalar_t = const float]’:
./mmcv/ops/csrc/pytorch/cuda/../spconv_utils.h:71:30:   required from ‘tv::TensorView<scalar_t> tv::torch2tv(const at::Tensor&) [with scalar_t = const float]’
./mmcv/ops/csrc/pytorch/cuda/sparse_pool_ops_cuda.cu:28:2575:   required from here
./mmcv/ops/csrc/pytorch/cuda/../spconv_utils.h:38:20: warning: ‘at::DeprecatedTypeProperties& at::Tensor::type() const’ is deprecated: Tensor.type() is deprecated. Instead use Tensor.options(), which in many cases (e.g. in a constructor) is a drop-in replacement. If you were using data from type(), that is now available from Tensor itself, so instead of tensor.type().scalar_type(), use tensor.scalar_type() instead and instead of tensor.type().backend() use tensor.device(). [-Wdeprecated-declarations]
   38 |   switch (tensor.type().scalarType()) {
      |         ~~~~~~~~~~~^~
/mnt/nfs2/engdes/wc296/paper6/envs/torch-cu128-001/lib/python3.12/site-packages/torch/include/ATen/core/TensorBody.h:225:1: note: declared here
  225 |   DeprecatedTypeProperties & type() const {
      | ^ ~~
./mmcv/ops/csrc/pytorch/cuda/../spconv_utils.h:38:20: warning: ‘at::DeprecatedTypeProperties& at::Tensor::type() const’ is deprecated: Tensor.type() is deprecated. Instead use Tensor.options(), which in many cases (e.g. in a constructor) is a drop-in replacement. If you were using data from type(), that is now available from Tensor itself, so instead of tensor.type().scalar_type(), use tensor.scalar_type() instead and instead of tensor.type().backend() use tensor.device(). [-Wdeprecated-declarations]
   38 |   switch (tensor.type().scalarType()) {
      |         ~~~~~~~~~~~^~
/mnt/nfs2/engdes/wc296/paper6/envs/torch-cu128-001/lib/python3.12/site-packages/torch/include/ATen/core/TensorBody.h:225:1: note: declared here
  225 |   DeprecatedTypeProperties & type() const {
      | ^ ~~
./mmcv/ops/csrc/pytorch/cuda/../spconv_utils.h: In instantiation of ‘void tv::check_torch_dtype(const at::Tensor&) [with scalar_t = c10::Half]’:
./mmcv/ops/csrc/pytorch/cuda/../spconv_utils.h:71:30:   required from ‘tv::TensorView<scalar_t> tv::torch2tv(const at::Tensor&) [with scalar_t = c10::Half]’
./mmcv/ops/csrc/pytorch/cuda/sparse_pool_ops_cuda.cu:28:4049:   required from here
./mmcv/ops/csrc/pytorch/cuda/../spconv_utils.h:38:20: warning: ‘at::DeprecatedTypeProperties& at::Tensor::type() const’ is deprecated: Tensor.type() is deprecated. Instead use Tensor.options(), which in many cases (e.g. in a constructor) is a drop-in replacement. If you were using data from type(), that is now available from Tensor itself, so instead of tensor.type().scalar_type(), use tensor.scalar_type() instead and instead of tensor.type().backend() use tensor.device(). [-Wdeprecated-declarations]
   38 |   switch (tensor.type().scalarType()) {
      |         ~~~~~~~~~~~^~
/mnt/nfs2/engdes/wc296/paper6/envs/torch-cu128-001/lib/python3.12/site-packages/torch/include/ATen/core/TensorBody.h:225:1: note: declared here
  225 |   DeprecatedTypeProperties & type() const {
      | ^ ~~
./mmcv/ops/csrc/pytorch/cuda/../spconv_utils.h:38:20: warning: ‘at::DeprecatedTypeProperties& at::Tensor::type() const’ is deprecated: Tensor.type() is deprecated. Instead use Tensor.options(), which in many cases (e.g. in a constructor) is a drop-in replacement. If you were using data from type(), that is now available from Tensor itself, so instead of tensor.type().scalar_type(), use tensor.scalar_type() instead and instead of tensor.type().backend() use tensor.device(). [-Wdeprecated-declarations]
   38 |   switch (tensor.type().scalarType()) {
      |         ~~~~~~~~~~~^~
/mnt/nfs2/engdes/wc296/paper6/envs/torch-cu128-001/lib/python3.12/site-packages/torch/include/ATen/core/TensorBody.h:225:1: note: declared here
  225 |   DeprecatedTypeProperties & type() const {
      | ^ ~~
./mmcv/ops/csrc/pytorch/cuda/../spconv_utils.h: In instantiation of ‘void tv::check_torch_dtype(const at::Tensor&) [with scalar_t = const c10::Half]’:
./mmcv/ops/csrc/pytorch/cuda/../spconv_utils.h:71:30:   required from ‘tv::TensorView<scalar_t> tv::torch2tv(const at::Tensor&) [with scalar_t = const c10::Half]’
./mmcv/ops/csrc/pytorch/cuda/sparse_pool_ops_cuda.cu:28:4090:   required from here
./mmcv/ops/csrc/pytorch/cuda/../spconv_utils.h:38:20: warning: ‘at::DeprecatedTypeProperties& at::Tensor::type() const’ is deprecated: Tensor.type() is deprecated. Instead use Tensor.options(), which in many cases (e.g. in a constructor) is a drop-in replacement. If you were using data from type(), that is now available from Tensor itself, so instead of tensor.type().scalar_type(), use tensor.scalar_type() instead and instead of tensor.type().backend() use tensor.device(). [-Wdeprecated-declarations]
   38 |   switch (tensor.type().scalarType()) {
      |         ~~~~~~~~~~~^~
/mnt/nfs2/engdes/wc296/paper6/envs/torch-cu128-001/lib/python3.12/site-packages/torch/include/ATen/core/TensorBody.h:225:1: note: declared here
  225 |   DeprecatedTypeProperties & type() const {
      | ^ ~~
./mmcv/ops/csrc/pytorch/cuda/../spconv_utils.h:38:20: warning: ‘at::DeprecatedTypeProperties& at::Tensor::type() const’ is deprecated: Tensor.type() is deprecated. Instead use Tensor.options(), which in many cases (e.g. in a constructor) is a drop-in replacement. If you were using data from type(), that is now available from Tensor itself, so instead of tensor.type().scalar_type(), use tensor.scalar_type() instead and instead of tensor.type().backend() use tensor.device(). [-Wdeprecated-declarations]
   38 |   switch (tensor.type().scalarType()) {
      |         ~~~~~~~~~~~^~
/mnt/nfs2/engdes/wc296/paper6/envs/torch-cu128-001/lib/python3.12/site-packages/torch/include/ATen/core/TensorBody.h:225:1: note: declared here
  225 |   DeprecatedTypeProperties & type() const {
      | ^ ~~
/mnt/nfs2/engdes/wc296/paper6/toolchains/cuda-12.8-001/bin/nvcc -DMMCV_WITH_CUDA -I/mnt/nfs2/engdes/wc296/paper6/dependencies/artemis-framework-overlay-005/source/mmcv-full-1.7.2/mmcv/ops/csrc/pytorch -I/mnt/nfs2/engdes/wc296/paper6/dependencies/artemis-framework-overlay-005/source/mmcv-full-1.7.2/mmcv/ops/csrc/common -I/mnt/nfs2/engdes/wc296/paper6/dependencies/artemis-framework-overlay-005/source/mmcv-full-1.7.2/mmcv/ops/csrc/common/cuda -I/mnt/nfs2/engdes/wc296/paper6/envs/torch-cu128-001/lib/python3.12/site-packages/torch/include -I/mnt/nfs2/engdes/wc296/paper6/envs/torch-cu128-001/lib/python3.12/site-packages/torch/include/torch/csrc/api/include -I/mnt/nfs2/engdes/wc296/paper6/toolchains/cuda-12.8-001/include -I/mnt/nfs2/engdes/wc296/paper6/envs/torch-cu128-001/include -I/its/home/wc296/miniconda3/include/python3.12 -c ./mmcv/ops/csrc/pytorch/cuda/sparse_reordering.cu -o build/temp.linux-x86_64-cpython-312/mmcv/ops/csrc/pytorch/cuda/sparse_reordering.o -D__CUDA_NO_HALF_OPERATORS__ -D__CUDA_NO_HALF_CONVERSIONS__ -D__CUDA_NO_BFLOAT16_CONVERSIONS__ -D__CUDA_NO_HALF2_OPERATORS__ --expt-relaxed-constexpr --compiler-options '-fPIC' -std=c++17 -DTORCH_API_INCLUDE_EXTENSION_H -DPYBIND11_COMPILER_TYPE=\"_gcc\" -DPYBIND11_STDLIB=\"_libstdcpp\" -DPYBIND11_BUILD_ABI=\"_cxxabi1016\" -DTORCH_EXTENSION_NAME=_ext -D_GLIBCXX_USE_CXX11_ABI=1 -gencode=arch=compute_120,code=sm_120
/mnt/nfs2/engdes/wc296/paper6/toolchains/cuda-12.8-001/bin/nvcc -DMMCV_WITH_CUDA -I/mnt/nfs2/engdes/wc296/paper6/dependencies/artemis-framework-overlay-005/source/mmcv-full-1.7.2/mmcv/ops/csrc/pytorch -I/mnt/nfs2/engdes/wc296/paper6/dependencies/artemis-framework-overlay-005/source/mmcv-full-1.7.2/mmcv/ops/csrc/common -I/mnt/nfs2/engdes/wc296/paper6/dependencies/artemis-framework-overlay-005/source/mmcv-full-1.7.2/mmcv/ops/csrc/common/cuda -I/mnt/nfs2/engdes/wc296/paper6/envs/torch-cu128-001/lib/python3.12/site-packages/torch/include -I/mnt/nfs2/engdes/wc296/paper6/envs/torch-cu128-001/lib/python3.12/site-packages/torch/include/torch/csrc/api/include -I/mnt/nfs2/engdes/wc296/paper6/toolchains/cuda-12.8-001/include -I/mnt/nfs2/engdes/wc296/paper6/envs/torch-cu128-001/include -I/its/home/wc296/miniconda3/include/python3.12 -c ./mmcv/ops/csrc/pytorch/cuda/spconv_ops_cuda.cu -o build/temp.linux-x86_64-cpython-312/mmcv/ops/csrc/pytorch/cuda/spconv_ops_cuda.o -D__CUDA_NO_HALF_OPERATORS__ -D__CUDA_NO_HALF_CONVERSIONS__ -D__CUDA_NO_BFLOAT16_CONVERSIONS__ -D__CUDA_NO_HALF2_OPERATORS__ --expt-relaxed-constexpr --compiler-options '-fPIC' -std=c++17 -DTORCH_API_INCLUDE_EXTENSION_H -DPYBIND11_COMPILER_TYPE=\"_gcc\" -DPYBIND11_STDLIB=\"_libstdcpp\" -DPYBIND11_BUILD_ABI=\"_cxxabi1016\" -DTORCH_EXTENSION_NAME=_ext -D_GLIBCXX_USE_CXX11_ABI=1 -gencode=arch=compute_120,code=sm_120
./mmcv/ops/csrc/pytorch/cuda/spconv_ops_cuda.cu(279): warning #177-D: variable "totalGatherTime" was declared but never referenced
    double totalGatherTime = 0;
           ^

Remark: The warnings can be suppressed with "-diag-suppress <warning-number>"

./mmcv/ops/csrc/pytorch/cuda/spconv_ops_cuda.cu(280): warning #177-D: variable "totalGEMMTime" was declared but never referenced
    double totalGEMMTime = 0;
           ^

./mmcv/ops/csrc/pytorch/cuda/spconv_ops_cuda.cu(281): warning #177-D: variable "totalSAddTime" was declared but never referenced
    double totalSAddTime = 0;
           ^

./mmcv/ops/csrc/pytorch/cuda/../spconv_utils.h: In instantiation of ‘void tv::check_torch_dtype(const at::Tensor&) [with scalar_t = double]’:
./mmcv/ops/csrc/pytorch/cuda/../spconv_utils.h:71:30:   required from ‘tv::TensorView<scalar_t> tv::torch2tv(const at::Tensor&) [with scalar_t = double]’
./mmcv/ops/csrc/pytorch/cuda/spconv_ops_cuda.cu:288:1227:   required from here
./mmcv/ops/csrc/pytorch/cuda/../spconv_utils.h:38:20: warning: ‘at::DeprecatedTypeProperties& at::Tensor::type() const’ is deprecated: Tensor.type() is deprecated. Instead use Tensor.options(), which in many cases (e.g. in a constructor) is a drop-in replacement. If you were using data from type(), that is now available from Tensor itself, so instead of tensor.type().scalar_type(), use tensor.scalar_type() instead and instead of tensor.type().backend() use tensor.device(). [-Wdeprecated-declarations]
   38 |   switch (tensor.type().scalarType()) {
      |         ~~~~~~~~~~~^~
/mnt/nfs2/engdes/wc296/paper6/envs/torch-cu128-001/lib/python3.12/site-packages/torch/include/ATen/core/TensorBody.h:225:1: note: declared here
  225 |   DeprecatedTypeProperties & type() const {
      | ^ ~~
./mmcv/ops/csrc/pytorch/cuda/../spconv_utils.h:38:20: warning: ‘at::DeprecatedTypeProperties& at::Tensor::type() const’ is deprecated: Tensor.type() is deprecated. Instead use Tensor.options(), which in many cases (e.g. in a constructor) is a drop-in replacement. If you were using data from type(), that is now available from Tensor itself, so instead of tensor.type().scalar_type(), use tensor.scalar_type() instead and instead of tensor.type().backend() use tensor.device(). [-Wdeprecated-declarations]
   38 |   switch (tensor.type().scalarType()) {
      |         ~~~~~~~~~~~^~
/mnt/nfs2/engdes/wc296/paper6/envs/torch-cu128-001/lib/python3.12/site-packages/torch/include/ATen/core/TensorBody.h:225:1: note: declared here
  225 |   DeprecatedTypeProperties & type() const {
      | ^ ~~
./mmcv/ops/csrc/pytorch/cuda/../spconv_utils.h: In instantiation of ‘void tv::check_torch_dtype(const at::Tensor&) [with scalar_t = const double]’:
./mmcv/ops/csrc/pytorch/cuda/../spconv_utils.h:71:30:   required from ‘tv::TensorView<scalar_t> tv::torch2tv(const at::Tensor&) [with scalar_t = const double]’
./mmcv/ops/csrc/pytorch/cuda/spconv_ops_cuda.cu:288:1270:   required from here
./mmcv/ops/csrc/pytorch/cuda/../spconv_utils.h:38:20: warning: ‘at::DeprecatedTypeProperties& at::Tensor::type() const’ is deprecated: Tensor.type() is deprecated. Instead use Tensor.options(), which in many cases (e.g. in a constructor) is a drop-in replacement. If you were using data from type(), that is now available from Tensor itself, so instead of tensor.type().scalar_type(), use tensor.scalar_type() instead and instead of tensor.type().backend() use tensor.device(). [-Wdeprecated-declarations]
   38 |   switch (tensor.type().scalarType()) {
      |         ~~~~~~~~~~~^~
/mnt/nfs2/engdes/wc296/paper6/envs/torch-cu128-001/lib/python3.12/site-packages/torch/include/ATen/core/TensorBody.h:225:1: note: declared here
  225 |   DeprecatedTypeProperties & type() const {
      | ^ ~~
./mmcv/ops/csrc/pytorch/cuda/../spconv_utils.h:38:20: warning: ‘at::DeprecatedTypeProperties& at::Tensor::type() const’ is deprecated: Tensor.type() is deprecated. Instead use Tensor.options(), which in many cases (e.g. in a constructor) is a drop-in replacement. If you were using data from type(), that is now available from Tensor itself, so instead of tensor.type().scalar_type(), use tensor.scalar_type() instead and instead of tensor.type().backend() use tensor.device(). [-Wdeprecated-declarations]
   38 |   switch (tensor.type().scalarType()) {
      |         ~~~~~~~~~~~^~
/mnt/nfs2/engdes/wc296/paper6/envs/torch-cu128-001/lib/python3.12/site-packages/torch/include/ATen/core/TensorBody.h:225:1: note: declared here
  225 |   DeprecatedTypeProperties & type() const {
      | ^ ~~
./mmcv/ops/csrc/pytorch/cuda/../spconv_utils.h: In instantiation of ‘void tv::check_torch_dtype(const at::Tensor&) [with scalar_t = const int]’:
./mmcv/ops/csrc/pytorch/cuda/../spconv_utils.h:71:30:   required from ‘tv::TensorView<scalar_t> tv::torch2tv(const at::Tensor&) [with scalar_t = const int]’
./mmcv/ops/csrc/pytorch/cuda/spconv_ops_cuda.cu:288:1308:   required from here
./mmcv/ops/csrc/pytorch/cuda/../spconv_utils.h:38:20: warning: ‘at::DeprecatedTypeProperties& at::Tensor::type() const’ is deprecated: Tensor.type() is deprecated. Instead use Tensor.options(), which in many cases (e.g. in a constructor) is a drop-in replacement. If you were using data from type(), that is now available from Tensor itself, so instead of tensor.type().scalar_type(), use tensor.scalar_type() instead and instead of tensor.type().backend() use tensor.device(). [-Wdeprecated-declarations]
   38 |   switch (tensor.type().scalarType()) {
      |         ~~~~~~~~~~~^~
/mnt/nfs2/engdes/wc296/paper6/envs/torch-cu128-001/lib/python3.12/site-packages/torch/include/ATen/core/TensorBody.h:225:1: note: declared here
  225 |   DeprecatedTypeProperties & type() const {
      | ^ ~~
./mmcv/ops/csrc/pytorch/cuda/../spconv_utils.h:38:20: warning: ‘at::DeprecatedTypeProperties& at::Tensor::type() const’ is deprecated: Tensor.type() is deprecated. Instead use Tensor.options(), which in many cases (e.g. in a constructor) is a drop-in replacement. If you were using data from type(), that is now available from Tensor itself, so instead of tensor.type().scalar_type(), use tensor.scalar_type() instead and instead of tensor.type().backend() use tensor.device(). [-Wdeprecated-declarations]
   38 |   switch (tensor.type().scalarType()) {
      |         ~~~~~~~~~~~^~
/mnt/nfs2/engdes/wc296/paper6/envs/torch-cu128-001/lib/python3.12/site-packages/torch/include/ATen/core/TensorBody.h:225:1: note: declared here
  225 |   DeprecatedTypeProperties & type() const {
      | ^ ~~
./mmcv/ops/csrc/pytorch/cuda/../spconv_utils.h: In instantiation of ‘void tv::check_torch_dtype(const at::Tensor&) [with scalar_t = float]’:
./mmcv/ops/csrc/pytorch/cuda/../spconv_utils.h:71:30:   required from ‘tv::TensorView<scalar_t> tv::torch2tv(const at::Tensor&) [with scalar_t = float]’
./mmcv/ops/csrc/pytorch/cuda/spconv_ops_cuda.cu:288:3881:   required from here
./mmcv/ops/csrc/pytorch/cuda/../spconv_utils.h:38:20: warning: ‘at::DeprecatedTypeProperties& at::Tensor::type() const’ is deprecated: Tensor.type() is deprecated. Instead use Tensor.options(), which in many cases (e.g. in a constructor) is a drop-in replacement. If you were using data from type(), that is now available from Tensor itself, so instead of tensor.type().scalar_type(), use tensor.scalar_type() instead and instead of tensor.type().backend() use tensor.device(). [-Wdeprecated-declarations]
   38 |   switch (tensor.type().scalarType()) {
      |         ~~~~~~~~~~~^~
/mnt/nfs2/engdes/wc296/paper6/envs/torch-cu128-001/lib/python3.12/site-packages/torch/include/ATen/core/TensorBody.h:225:1: note: declared here
  225 |   DeprecatedTypeProperties & type() const {
      | ^ ~~
./mmcv/ops/csrc/pytorch/cuda/../spconv_utils.h:38:20: warning: ‘at::DeprecatedTypeProperties& at::Tensor::type() const’ is deprecated: Tensor.type() is deprecated. Instead use Tensor.options(), which in many cases (e.g. in a constructor) is a drop-in replacement. If you were using data from type(), that is now available from Tensor itself, so instead of tensor.type().scalar_type(), use tensor.scalar_type() instead and instead of tensor.type().backend() use tensor.device(). [-Wdeprecated-declarations]
   38 |   switch (tensor.type().scalarType()) {
      |         ~~~~~~~~~~~^~
/mnt/nfs2/engdes/wc296/paper6/envs/torch-cu128-001/lib/python3.12/site-packages/torch/include/ATen/core/TensorBody.h:225:1: note: declared here
  225 |   DeprecatedTypeProperties & type() const {
      | ^ ~~
./mmcv/ops/csrc/pytorch/cuda/../spconv_utils.h: In instantiation of ‘void tv::check_torch_dtype(const at::Tensor&) [with scalar_t = const float]’:
./mmcv/ops/csrc/pytorch/cuda/../spconv_utils.h:71:30:   required from ‘tv::TensorView<scalar_t> tv::torch2tv(const at::Tensor&) [with scalar_t = const float]’
./mmcv/ops/csrc/pytorch/cuda/spconv_ops_cuda.cu:288:3923:   required from here
./mmcv/ops/csrc/pytorch/cuda/../spconv_utils.h:38:20: warning: ‘at::DeprecatedTypeProperties& at::Tensor::type() const’ is deprecated: Tensor.type() is deprecated. Instead use Tensor.options(), which in many cases (e.g. in a constructor) is a drop-in replacement. If you were using data from type(), that is now available from Tensor itself, so instead of tensor.type().scalar_type(), use tensor.scalar_type() instead and instead of tensor.type().backend() use tensor.device(). [-Wdeprecated-declarations]
   38 |   switch (tensor.type().scalarType()) {
      |         ~~~~~~~~~~~^~
/mnt/nfs2/engdes/wc296/paper6/envs/torch-cu128-001/lib/python3.12/site-packages/torch/include/ATen/core/TensorBody.h:225:1: note: declared here
  225 |   DeprecatedTypeProperties & type() const {
      | ^ ~~
./mmcv/ops/csrc/pytorch/cuda/../spconv_utils.h:38:20: warning: ‘at::DeprecatedTypeProperties& at::Tensor::type() const’ is deprecated: Tensor.type() is deprecated. Instead use Tensor.options(), which in many cases (e.g. in a constructor) is a drop-in replacement. If you were using data from type(), that is now available from Tensor itself, so instead of tensor.type().scalar_type(), use tensor.scalar_type() instead and instead of tensor.type().backend() use tensor.device(). [-Wdeprecated-declarations]
   38 |   switch (tensor.type().scalarType()) {
      |         ~~~~~~~~~~~^~
/mnt/nfs2/engdes/wc296/paper6/envs/torch-cu128-001/lib/python3.12/site-packages/torch/include/ATen/core/TensorBody.h:225:1: note: declared here
  225 |   DeprecatedTypeProperties & type() const {
      | ^ ~~
./mmcv/ops/csrc/pytorch/cuda/../spconv_utils.h: In instantiation of ‘void tv::check_torch_dtype(const at::Tensor&) [with scalar_t = c10::Half]’:
./mmcv/ops/csrc/pytorch/cuda/../spconv_utils.h:71:30:   required from ‘tv::TensorView<scalar_t> tv::torch2tv(const at::Tensor&) [with scalar_t = c10::Half]’
./mmcv/ops/csrc/pytorch/cuda/spconv_ops_cuda.cu:288:0:   required from here
./mmcv/ops/csrc/pytorch/cuda/../spconv_utils.h:38:20: warning: ‘at::DeprecatedTypeProperties& at::Tensor::type() const’ is deprecated: Tensor.type() is deprecated. Instead use Tensor.options(), which in many cases (e.g. in a constructor) is a drop-in replacement. If you were using data from type(), that is now available from Tensor itself, so instead of tensor.type().scalar_type(), use tensor.scalar_type() instead and instead of tensor.type().backend() use tensor.device(). [-Wdeprecated-declarations]
   38 |   switch (tensor.type().scalarType()) {
      |         ~~~~~~~~~~~^~
/mnt/nfs2/engdes/wc296/paper6/envs/torch-cu128-001/lib/python3.12/site-packages/torch/include/ATen/core/TensorBody.h:225:1: note: declared here
  225 |   DeprecatedTypeProperties & type() const {
      | ^ ~~
./mmcv/ops/csrc/pytorch/cuda/../spconv_utils.h:38:20: warning: ‘at::DeprecatedTypeProperties& at::Tensor::type() const’ is deprecated: Tensor.type() is deprecated. Instead use Tensor.options(), which in many cases (e.g. in a constructor) is a drop-in replacement. If you were using data from type(), that is now available from Tensor itself, so instead of tensor.type().scalar_type(), use tensor.scalar_type() instead and instead of tensor.type().backend() use tensor.device(). [-Wdeprecated-declarations]
   38 |   switch (tensor.type().scalarType()) {
      |         ~~~~~~~~~~~^~
/mnt/nfs2/engdes/wc296/paper6/envs/torch-cu128-001/lib/python3.12/site-packages/torch/include/ATen/core/TensorBody.h:225:1: note: declared here
  225 |   DeprecatedTypeProperties & type() const {
      | ^ ~~
./mmcv/ops/csrc/pytorch/cuda/../spconv_utils.h: In instantiation of ‘void tv::check_torch_dtype(const at::Tensor&) [with scalar_t = const c10::Half]’:
./mmcv/ops/csrc/pytorch/cuda/../spconv_utils.h:71:30:   required from ‘tv::TensorView<scalar_t> tv::torch2tv(const at::Tensor&) [with scalar_t = const c10::Half]’
./mmcv/ops/csrc/pytorch/cuda/spconv_ops_cuda.cu:288:0:   required from here
./mmcv/ops/csrc/pytorch/cuda/../spconv_utils.h:38:20: warning: ‘at::DeprecatedTypeProperties& at::Tensor::type() const’ is deprecated: Tensor.type() is deprecated. Instead use Tensor.options(), which in many cases (e.g. in a constructor) is a drop-in replacement. If you were using data from type(), that is now available from Tensor itself, so instead of tensor.type().scalar_type(), use tensor.scalar_type() instead and instead of tensor.type().backend() use tensor.device(). [-Wdeprecated-declarations]
   38 |   switch (tensor.type().scalarType()) {
      |         ~~~~~~~~~~~^~
/mnt/nfs2/engdes/wc296/paper6/envs/torch-cu128-001/lib/python3.12/site-packages/torch/include/ATen/core/TensorBody.h:225:1: note: declared here
  225 |   DeprecatedTypeProperties & type() const {
      | ^ ~~
./mmcv/ops/csrc/pytorch/cuda/../spconv_utils.h:38:20: warning: ‘at::DeprecatedTypeProperties& at::Tensor::type() const’ is deprecated: Tensor.type() is deprecated. Instead use Tensor.options(), which in many cases (e.g. in a constructor) is a drop-in replacement. If you were using data from type(), that is now available from Tensor itself, so instead of tensor.type().scalar_type(), use tensor.scalar_type() instead and instead of tensor.type().backend() use tensor.device(). [-Wdeprecated-declarations]
   38 |   switch (tensor.type().scalarType()) {
      |         ~~~~~~~~~~~^~
/mnt/nfs2/engdes/wc296/paper6/envs/torch-cu128-001/lib/python3.12/site-packages/torch/include/ATen/core/TensorBody.h:225:1: note: declared here
  225 |   DeprecatedTypeProperties & type() const {
      | ^ ~~
./mmcv/ops/csrc/pytorch/cuda/../spconv_utils.h: In instantiation of ‘void tv::check_torch_dtype(const at::Tensor&) [with scalar_t = int]’:
./mmcv/ops/csrc/pytorch/cuda/../spconv_utils.h:71:30:   required from ‘tv::TensorView<scalar_t> tv::torch2tv(const at::Tensor&) [with scalar_t = int]’
./mmcv/ops/csrc/pytorch/cuda/spconv_ops_cuda.cu:74:97:   required from ‘std::vector<at::Tensor> GetIndicePairsForwardCUDAKernelLauncher(at::Tensor, int64_t, std::vector<long int>, std::vector<long int>, std::vector<long int>, std::vector<long int>, std::vector<long int>, std::vector<long int>, std::vector<long int>, int64_t, int64_t) [with unsigned int NDim = 2; int64_t = long int]’
./mmcv/ops/csrc/pytorch/cuda/spconv_ops_cuda.cu:444:425:   required from here
./mmcv/ops/csrc/pytorch/cuda/../spconv_utils.h:38:20: warning: ‘at::DeprecatedTypeProperties& at::Tensor::type() const’ is deprecated: Tensor.type() is deprecated. Instead use Tensor.options(), which in many cases (e.g. in a constructor) is a drop-in replacement. If you were using data from type(), that is now available from Tensor itself, so instead of tensor.type().scalar_type(), use tensor.scalar_type() instead and instead of tensor.type().backend() use tensor.device(). [-Wdeprecated-declarations]
   38 |   switch (tensor.type().scalarType()) {
      |         ~~~~~~~~~~~^~
/mnt/nfs2/engdes/wc296/paper6/envs/torch-cu128-001/lib/python3.12/site-packages/torch/include/ATen/core/TensorBody.h:225:1: note: declared here
  225 |   DeprecatedTypeProperties & type() const {
      | ^ ~~
./mmcv/ops/csrc/pytorch/cuda/../spconv_utils.h:38:20: warning: ‘at::DeprecatedTypeProperties& at::Tensor::type() const’ is deprecated: Tensor.type() is deprecated. Instead use Tensor.options(), which in many cases (e.g. in a constructor) is a drop-in replacement. If you were using data from type(), that is now available from Tensor itself, so instead of tensor.type().scalar_type(), use tensor.scalar_type() instead and instead of tensor.type().backend() use tensor.device(). [-Wdeprecated-declarations]
   38 |   switch (tensor.type().scalarType()) {
      |         ~~~~~~~~~~~^~
/mnt/nfs2/engdes/wc296/paper6/envs/torch-cu128-001/lib/python3.12/site-packages/torch/include/ATen/core/TensorBody.h:225:1: note: declared here
  225 |   DeprecatedTypeProperties & type() const {
      | ^ ~~
/mnt/nfs2/engdes/wc296/paper6/toolchains/cuda-12.8-001/bin/nvcc -DMMCV_WITH_CUDA -I/mnt/nfs2/engdes/wc296/paper6/dependencies/artemis-framework-overlay-005/source/mmcv-full-1.7.2/mmcv/ops/csrc/pytorch -I/mnt/nfs2/engdes/wc296/paper6/dependencies/artemis-framework-overlay-005/source/mmcv-full-1.7.2/mmcv/ops/csrc/common -I/mnt/nfs2/engdes/wc296/paper6/dependencies/artemis-framework-overlay-005/source/mmcv-full-1.7.2/mmcv/ops/csrc/common/cuda -I/mnt/nfs2/engdes/wc296/paper6/envs/torch-cu128-001/lib/python3.12/site-packages/torch/include -I/mnt/nfs2/engdes/wc296/paper6/envs/torch-cu128-001/lib/python3.12/site-packages/torch/include/torch/csrc/api/include -I/mnt/nfs2/engdes/wc296/paper6/toolchains/cuda-12.8-001/include -I/mnt/nfs2/engdes/wc296/paper6/envs/torch-cu128-001/include -I/its/home/wc296/miniconda3/include/python3.12 -c ./mmcv/ops/csrc/pytorch/cuda/stack_ball_query_cuda.cu -o build/temp.linux-x86_64-cpython-312/mmcv/ops/csrc/pytorch/cuda/stack_ball_query_cuda.o -D__CUDA_NO_HALF_OPERATORS__ -D__CUDA_NO_HALF_CONVERSIONS__ -D__CUDA_NO_BFLOAT16_CONVERSIONS__ -D__CUDA_NO_HALF2_OPERATORS__ --expt-relaxed-constexpr --compiler-options '-fPIC' -std=c++17 -DTORCH_API_INCLUDE_EXTENSION_H -DPYBIND11_COMPILER_TYPE=\"_gcc\" -DPYBIND11_STDLIB=\"_libstdcpp\" -DPYBIND11_BUILD_ABI=\"_cxxabi1016\" -DTORCH_EXTENSION_NAME=_ext -D_GLIBCXX_USE_CXX11_ABI=1 -gencode=arch=compute_120,code=sm_120
/mnt/nfs2/engdes/wc296/paper6/toolchains/cuda-12.8-001/bin/nvcc -DMMCV_WITH_CUDA -I/mnt/nfs2/engdes/wc296/paper6/dependencies/artemis-framework-overlay-005/source/mmcv-full-1.7.2/mmcv/ops/csrc/pytorch -I/mnt/nfs2/engdes/wc296/paper6/dependencies/artemis-framework-overlay-005/source/mmcv-full-1.7.2/mmcv/ops/csrc/common -I/mnt/nfs2/engdes/wc296/paper6/dependencies/artemis-framework-overlay-005/source/mmcv-full-1.7.2/mmcv/ops/csrc/common/cuda -I/mnt/nfs2/engdes/wc296/paper6/envs/torch-cu128-001/lib/python3.12/site-packages/torch/include -I/mnt/nfs2/engdes/wc296/paper6/envs/torch-cu128-001/lib/python3.12/site-packages/torch/include/torch/csrc/api/include -I/mnt/nfs2/engdes/wc296/paper6/toolchains/cuda-12.8-001/include -I/mnt/nfs2/engdes/wc296/paper6/envs/torch-cu128-001/include -I/its/home/wc296/miniconda3/include/python3.12 -c ./mmcv/ops/csrc/pytorch/cuda/stack_group_points_cuda.cu -o build/temp.linux-x86_64-cpython-312/mmcv/ops/csrc/pytorch/cuda/stack_group_points_cuda.o -D__CUDA_NO_HALF_OPERATORS__ -D__CUDA_NO_HALF_CONVERSIONS__ -D__CUDA_NO_BFLOAT16_CONVERSIONS__ -D__CUDA_NO_HALF2_OPERATORS__ --expt-relaxed-constexpr --compiler-options '-fPIC' -std=c++17 -DTORCH_API_INCLUDE_EXTENSION_H -DPYBIND11_COMPILER_TYPE=\"_gcc\" -DPYBIND11_STDLIB=\"_libstdcpp\" -DPYBIND11_BUILD_ABI=\"_cxxabi1016\" -DTORCH_EXTENSION_NAME=_ext -D_GLIBCXX_USE_CXX11_ABI=1 -gencode=arch=compute_120,code=sm_120
/mnt/nfs2/engdes/wc296/paper6/toolchains/cuda-12.8-001/bin/nvcc -DMMCV_WITH_CUDA -I/mnt/nfs2/engdes/wc296/paper6/dependencies/artemis-framework-overlay-005/source/mmcv-full-1.7.2/mmcv/ops/csrc/pytorch -I/mnt/nfs2/engdes/wc296/paper6/dependencies/artemis-framework-overlay-005/source/mmcv-full-1.7.2/mmcv/ops/csrc/common -I/mnt/nfs2/engdes/wc296/paper6/dependencies/artemis-framework-overlay-005/source/mmcv-full-1.7.2/mmcv/ops/csrc/common/cuda -I/mnt/nfs2/engdes/wc296/paper6/envs/torch-cu128-001/lib/python3.12/site-packages/torch/include -I/mnt/nfs2/engdes/wc296/paper6/envs/torch-cu128-001/lib/python3.12/site-packages/torch/include/torch/csrc/api/include -I/mnt/nfs2/engdes/wc296/paper6/toolchains/cuda-12.8-001/include -I/mnt/nfs2/engdes/wc296/paper6/envs/torch-cu128-001/include -I/its/home/wc296/miniconda3/include/python3.12 -c ./mmcv/ops/csrc/pytorch/cuda/sync_bn_cuda.cu -o build/temp.linux-x86_64-cpython-312/mmcv/ops/csrc/pytorch/cuda/sync_bn_cuda.o -D__CUDA_NO_HALF_OPERATORS__ -D__CUDA_NO_HALF_CONVERSIONS__ -D__CUDA_NO_BFLOAT16_CONVERSIONS__ -D__CUDA_NO_HALF2_OPERATORS__ --expt-relaxed-constexpr --compiler-options '-fPIC' -std=c++17 -DTORCH_API_INCLUDE_EXTENSION_H -DPYBIND11_COMPILER_TYPE=\"_gcc\" -DPYBIND11_STDLIB=\"_libstdcpp\" -DPYBIND11_BUILD_ABI=\"_cxxabi1016\" -DTORCH_EXTENSION_NAME=_ext -D_GLIBCXX_USE_CXX11_ABI=1 -gencode=arch=compute_120,code=sm_120
/mnt/nfs2/engdes/wc296/paper6/toolchains/cuda-12.8-001/bin/nvcc -DMMCV_WITH_CUDA -I/mnt/nfs2/engdes/wc296/paper6/dependencies/artemis-framework-overlay-005/source/mmcv-full-1.7.2/mmcv/ops/csrc/pytorch -I/mnt/nfs2/engdes/wc296/paper6/dependencies/artemis-framework-overlay-005/source/mmcv-full-1.7.2/mmcv/ops/csrc/common -I/mnt/nfs2/engdes/wc296/paper6/dependencies/artemis-framework-overlay-005/source/mmcv-full-1.7.2/mmcv/ops/csrc/common/cuda -I/mnt/nfs2/engdes/wc296/paper6/envs/torch-cu128-001/lib/python3.12/site-packages/torch/include -I/mnt/nfs2/engdes/wc296/paper6/envs/torch-cu128-001/lib/python3.12/site-packages/torch/include/torch/csrc/api/include -I/mnt/nfs2/engdes/wc296/paper6/toolchains/cuda-12.8-001/include -I/mnt/nfs2/engdes/wc296/paper6/envs/torch-cu128-001/include -I/its/home/wc296/miniconda3/include/python3.12 -c ./mmcv/ops/csrc/pytorch/cuda/three_interpolate_cuda.cu -o build/temp.linux-x86_64-cpython-312/mmcv/ops/csrc/pytorch/cuda/three_interpolate_cuda.o -D__CUDA_NO_HALF_OPERATORS__ -D__CUDA_NO_HALF_CONVERSIONS__ -D__CUDA_NO_BFLOAT16_CONVERSIONS__ -D__CUDA_NO_HALF2_OPERATORS__ --expt-relaxed-constexpr --compiler-options '-fPIC' -std=c++17 -DTORCH_API_INCLUDE_EXTENSION_H -DPYBIND11_COMPILER_TYPE=\"_gcc\" -DPYBIND11_STDLIB=\"_libstdcpp\" -DPYBIND11_BUILD_ABI=\"_cxxabi1016\" -DTORCH_EXTENSION_NAME=_ext -D_GLIBCXX_USE_CXX11_ABI=1 -gencode=arch=compute_120,code=sm_120
/mnt/nfs2/engdes/wc296/paper6/toolchains/cuda-12.8-001/bin/nvcc -DMMCV_WITH_CUDA -I/mnt/nfs2/engdes/wc296/paper6/dependencies/artemis-framework-overlay-005/source/mmcv-full-1.7.2/mmcv/ops/csrc/pytorch -I/mnt/nfs2/engdes/wc296/paper6/dependencies/artemis-framework-overlay-005/source/mmcv-full-1.7.2/mmcv/ops/csrc/common -I/mnt/nfs2/engdes/wc296/paper6/dependencies/artemis-framework-overlay-005/source/mmcv-full-1.7.2/mmcv/ops/csrc/common/cuda -I/mnt/nfs2/engdes/wc296/paper6/envs/torch-cu128-001/lib/python3.12/site-packages/torch/include -I/mnt/nfs2/engdes/wc296/paper6/envs/torch-cu128-001/lib/python3.12/site-packages/torch/include/torch/csrc/api/include -I/mnt/nfs2/engdes/wc296/paper6/toolchains/cuda-12.8-001/include -I/mnt/nfs2/engdes/wc296/paper6/envs/torch-cu128-001/include -I/its/home/wc296/miniconda3/include/python3.12 -c ./mmcv/ops/csrc/pytorch/cuda/three_nn_cuda.cu -o build/temp.linux-x86_64-cpython-312/mmcv/ops/csrc/pytorch/cuda/three_nn_cuda.o -D__CUDA_NO_HALF_OPERATORS__ -D__CUDA_NO_HALF_CONVERSIONS__ -D__CUDA_NO_BFLOAT16_CONVERSIONS__ -D__CUDA_NO_HALF2_OPERATORS__ --expt-relaxed-constexpr --compiler-options '-fPIC' -std=c++17 -DTORCH_API_INCLUDE_EXTENSION_H -DPYBIND11_COMPILER_TYPE=\"_gcc\" -DPYBIND11_STDLIB=\"_libstdcpp\" -DPYBIND11_BUILD_ABI=\"_cxxabi1016\" -DTORCH_EXTENSION_NAME=_ext -D_GLIBCXX_USE_CXX11_ABI=1 -gencode=arch=compute_120,code=sm_120
/mnt/nfs2/engdes/wc296/paper6/toolchains/cuda-12.8-001/bin/nvcc -DMMCV_WITH_CUDA -I/mnt/nfs2/engdes/wc296/paper6/dependencies/artemis-framework-overlay-005/source/mmcv-full-1.7.2/mmcv/ops/csrc/pytorch -I/mnt/nfs2/engdes/wc296/paper6/dependencies/artemis-framework-overlay-005/source/mmcv-full-1.7.2/mmcv/ops/csrc/common -I/mnt/nfs2/engdes/wc296/paper6/dependencies/artemis-framework-overlay-005/source/mmcv-full-1.7.2/mmcv/ops/csrc/common/cuda -I/mnt/nfs2/engdes/wc296/paper6/envs/torch-cu128-001/lib/python3.12/site-packages/torch/include -I/mnt/nfs2/engdes/wc296/paper6/envs/torch-cu128-001/lib/python3.12/site-packages/torch/include/torch/csrc/api/include -I/mnt/nfs2/engdes/wc296/paper6/toolchains/cuda-12.8-001/include -I/mnt/nfs2/engdes/wc296/paper6/envs/torch-cu128-001/include -I/its/home/wc296/miniconda3/include/python3.12 -c ./mmcv/ops/csrc/pytorch/cuda/tin_shift_cuda.cu -o build/temp.linux-x86_64-cpython-312/mmcv/ops/csrc/pytorch/cuda/tin_shift_cuda.o -D__CUDA_NO_HALF_OPERATORS__ -D__CUDA_NO_HALF_CONVERSIONS__ -D__CUDA_NO_BFLOAT16_CONVERSIONS__ -D__CUDA_NO_HALF2_OPERATORS__ --expt-relaxed-constexpr --compiler-options '-fPIC' -std=c++17 -DTORCH_API_INCLUDE_EXTENSION_H -DPYBIND11_COMPILER_TYPE=\"_gcc\" -DPYBIND11_STDLIB=\"_libstdcpp\" -DPYBIND11_BUILD_ABI=\"_cxxabi1016\" -DTORCH_EXTENSION_NAME=_ext -D_GLIBCXX_USE_CXX11_ABI=1 -gencode=arch=compute_120,code=sm_120
/mnt/nfs2/engdes/wc296/paper6/toolchains/cuda-12.8-001/bin/nvcc -DMMCV_WITH_CUDA -I/mnt/nfs2/engdes/wc296/paper6/dependencies/artemis-framework-overlay-005/source/mmcv-full-1.7.2/mmcv/ops/csrc/pytorch -I/mnt/nfs2/engdes/wc296/paper6/dependencies/artemis-framework-overlay-005/source/mmcv-full-1.7.2/mmcv/ops/csrc/common -I/mnt/nfs2/engdes/wc296/paper6/dependencies/artemis-framework-overlay-005/source/mmcv-full-1.7.2/mmcv/ops/csrc/common/cuda -I/mnt/nfs2/engdes/wc296/paper6/envs/torch-cu128-001/lib/python3.12/site-packages/torch/include -I/mnt/nfs2/engdes/wc296/paper6/envs/torch-cu128-001/lib/python3.12/site-packages/torch/include/torch/csrc/api/include -I/mnt/nfs2/engdes/wc296/paper6/toolchains/cuda-12.8-001/include -I/mnt/nfs2/engdes/wc296/paper6/envs/torch-cu128-001/include -I/its/home/wc296/miniconda3/include/python3.12 -c ./mmcv/ops/csrc/pytorch/cuda/upfirdn2d_kernel.cu -o build/temp.linux-x86_64-cpython-312/mmcv/ops/csrc/pytorch/cuda/upfirdn2d_kernel.o -D__CUDA_NO_HALF_OPERATORS__ -D__CUDA_NO_HALF_CONVERSIONS__ -D__CUDA_NO_BFLOAT16_CONVERSIONS__ -D__CUDA_NO_HALF2_OPERATORS__ --expt-relaxed-constexpr --compiler-options '-fPIC' -std=c++17 -DTORCH_API_INCLUDE_EXTENSION_H -DPYBIND11_COMPILER_TYPE=\"_gcc\" -DPYBIND11_STDLIB=\"_libstdcpp\" -DPYBIND11_BUILD_ABI=\"_cxxabi1016\" -DTORCH_EXTENSION_NAME=_ext -D_GLIBCXX_USE_CXX11_ABI=1 -gencode=arch=compute_120,code=sm_120
/mnt/nfs2/engdes/wc296/paper6/toolchains/cuda-12.8-001/bin/nvcc -DMMCV_WITH_CUDA -I/mnt/nfs2/engdes/wc296/paper6/dependencies/artemis-framework-overlay-005/source/mmcv-full-1.7.2/mmcv/ops/csrc/pytorch -I/mnt/nfs2/engdes/wc296/paper6/dependencies/artemis-framework-overlay-005/source/mmcv-full-1.7.2/mmcv/ops/csrc/common -I/mnt/nfs2/engdes/wc296/paper6/dependencies/artemis-framework-overlay-005/source/mmcv-full-1.7.2/mmcv/ops/csrc/common/cuda -I/mnt/nfs2/engdes/wc296/paper6/envs/torch-cu128-001/lib/python3.12/site-packages/torch/include -I/mnt/nfs2/engdes/wc296/paper6/envs/torch-cu128-001/lib/python3.12/site-packages/torch/include/torch/csrc/api/include -I/mnt/nfs2/engdes/wc296/paper6/toolchains/cuda-12.8-001/include -I/mnt/nfs2/engdes/wc296/paper6/envs/torch-cu128-001/include -I/its/home/wc296/miniconda3/include/python3.12 -c ./mmcv/ops/csrc/pytorch/cuda/voxelization_cuda.cu -o build/temp.linux-x86_64-cpython-312/mmcv/ops/csrc/pytorch/cuda/voxelization_cuda.o -D__CUDA_NO_HALF_OPERATORS__ -D__CUDA_NO_HALF_CONVERSIONS__ -D__CUDA_NO_BFLOAT16_CONVERSIONS__ -D__CUDA_NO_HALF2_OPERATORS__ --expt-relaxed-constexpr --compiler-options '-fPIC' -std=c++17 -DTORCH_API_INCLUDE_EXTENSION_H -DPYBIND11_COMPILER_TYPE=\"_gcc\" -DPYBIND11_STDLIB=\"_libstdcpp\" -DPYBIND11_BUILD_ABI=\"_cxxabi1016\" -DTORCH_EXTENSION_NAME=_ext -D_GLIBCXX_USE_CXX11_ABI=1 -gencode=arch=compute_120,code=sm_120
g++ -pthread -B /its/home/wc296/miniconda3/compiler_compat -fno-strict-overflow -Wsign-compare -DNDEBUG -O2 -Wall -fPIC -O2 -isystem /its/home/wc296/miniconda3/include -fPIC -O2 -isystem /its/home/wc296/miniconda3/include -fPIC -DMMCV_WITH_CUDA -I/mnt/nfs2/engdes/wc296/paper6/dependencies/artemis-framework-overlay-005/source/mmcv-full-1.7.2/mmcv/ops/csrc/pytorch -I/mnt/nfs2/engdes/wc296/paper6/dependencies/artemis-framework-overlay-005/source/mmcv-full-1.7.2/mmcv/ops/csrc/common -I/mnt/nfs2/engdes/wc296/paper6/dependencies/artemis-framework-overlay-005/source/mmcv-full-1.7.2/mmcv/ops/csrc/common/cuda -I/mnt/nfs2/engdes/wc296/paper6/envs/torch-cu128-001/lib/python3.12/site-packages/torch/include -I/mnt/nfs2/engdes/wc296/paper6/envs/torch-cu128-001/lib/python3.12/site-packages/torch/include/torch/csrc/api/include -I/mnt/nfs2/engdes/wc296/paper6/toolchains/cuda-12.8-001/include -I/mnt/nfs2/engdes/wc296/paper6/envs/torch-cu128-001/include -I/its/home/wc296/miniconda3/include/python3.12 -c ./mmcv/ops/csrc/pytorch/deform_conv.cpp -o build/temp.linux-x86_64-cpython-312/mmcv/ops/csrc/pytorch/deform_conv.o -std=c++17 -DTORCH_API_INCLUDE_EXTENSION_H -DPYBIND11_COMPILER_TYPE=\"_gcc\" -DPYBIND11_STDLIB=\"_libstdcpp\" -DPYBIND11_BUILD_ABI=\"_cxxabi1016\" -DTORCH_EXTENSION_NAME=_ext -D_GLIBCXX_USE_CXX11_ABI=1
g++ -pthread -B /its/home/wc296/miniconda3/compiler_compat -fno-strict-overflow -Wsign-compare -DNDEBUG -O2 -Wall -fPIC -O2 -isystem /its/home/wc296/miniconda3/include -fPIC -O2 -isystem /its/home/wc296/miniconda3/include -fPIC -DMMCV_WITH_CUDA -I/mnt/nfs2/engdes/wc296/paper6/dependencies/artemis-framework-overlay-005/source/mmcv-full-1.7.2/mmcv/ops/csrc/pytorch -I/mnt/nfs2/engdes/wc296/paper6/dependencies/artemis-framework-overlay-005/source/mmcv-full-1.7.2/mmcv/ops/csrc/common -I/mnt/nfs2/engdes/wc296/paper6/dependencies/artemis-framework-overlay-005/source/mmcv-full-1.7.2/mmcv/ops/csrc/common/cuda -I/mnt/nfs2/engdes/wc296/paper6/envs/torch-cu128-001/lib/python3.12/site-packages/torch/include -I/mnt/nfs2/engdes/wc296/paper6/envs/torch-cu128-001/lib/python3.12/site-packages/torch/include/torch/csrc/api/include -I/mnt/nfs2/engdes/wc296/paper6/toolchains/cuda-12.8-001/include -I/mnt/nfs2/engdes/wc296/paper6/envs/torch-cu128-001/include -I/its/home/wc296/miniconda3/include/python3.12 -c ./mmcv/ops/csrc/pytorch/deform_roi_pool.cpp -o build/temp.linux-x86_64-cpython-312/mmcv/ops/csrc/pytorch/deform_roi_pool.o -std=c++17 -DTORCH_API_INCLUDE_EXTENSION_H -DPYBIND11_COMPILER_TYPE=\"_gcc\" -DPYBIND11_STDLIB=\"_libstdcpp\" -DPYBIND11_BUILD_ABI=\"_cxxabi1016\" -DTORCH_EXTENSION_NAME=_ext -D_GLIBCXX_USE_CXX11_ABI=1
g++ -pthread -B /its/home/wc296/miniconda3/compiler_compat -fno-strict-overflow -Wsign-compare -DNDEBUG -O2 -Wall -fPIC -O2 -isystem /its/home/wc296/miniconda3/include -fPIC -O2 -isystem /its/home/wc296/miniconda3/include -fPIC -DMMCV_WITH_CUDA -I/mnt/nfs2/engdes/wc296/paper6/dependencies/artemis-framework-overlay-005/source/mmcv-full-1.7.2/mmcv/ops/csrc/pytorch -I/mnt/nfs2/engdes/wc296/paper6/dependencies/artemis-framework-overlay-005/source/mmcv-full-1.7.2/mmcv/ops/csrc/common -I/mnt/nfs2/engdes/wc296/paper6/dependencies/artemis-framework-overlay-005/source/mmcv-full-1.7.2/mmcv/ops/csrc/common/cuda -I/mnt/nfs2/engdes/wc296/paper6/envs/torch-cu128-001/lib/python3.12/site-packages/torch/include -I/mnt/nfs2/engdes/wc296/paper6/envs/torch-cu128-001/lib/python3.12/site-packages/torch/include/torch/csrc/api/include -I/mnt/nfs2/engdes/wc296/paper6/toolchains/cuda-12.8-001/include -I/mnt/nfs2/engdes/wc296/paper6/envs/torch-cu128-001/include -I/its/home/wc296/miniconda3/include/python3.12 -c ./mmcv/ops/csrc/pytorch/diff_iou_rotated.cpp -o build/temp.linux-x86_64-cpython-312/mmcv/ops/csrc/pytorch/diff_iou_rotated.o -std=c++17 -DTORCH_API_INCLUDE_EXTENSION_H -DPYBIND11_COMPILER_TYPE=\"_gcc\" -DPYBIND11_STDLIB=\"_libstdcpp\" -DPYBIND11_BUILD_ABI=\"_cxxabi1016\" -DTORCH_EXTENSION_NAME=_ext -D_GLIBCXX_USE_CXX11_ABI=1
g++ -pthread -B /its/home/wc296/miniconda3/compiler_compat -fno-strict-overflow -Wsign-compare -DNDEBUG -O2 -Wall -fPIC -O2 -isystem /its/home/wc296/miniconda3/include -fPIC -O2 -isystem /its/home/wc296/miniconda3/include -fPIC -DMMCV_WITH_CUDA -I/mnt/nfs2/engdes/wc296/paper6/dependencies/artemis-framework-overlay-005/source/mmcv-full-1.7.2/mmcv/ops/csrc/pytorch -I/mnt/nfs2/engdes/wc296/paper6/dependencies/artemis-framework-overlay-005/source/mmcv-full-1.7.2/mmcv/ops/csrc/common -I/mnt/nfs2/engdes/wc296/paper6/dependencies/artemis-framework-overlay-005/source/mmcv-full-1.7.2/mmcv/ops/csrc/common/cuda -I/mnt/nfs2/engdes/wc296/paper6/envs/torch-cu128-001/lib/python3.12/site-packages/torch/include -I/mnt/nfs2/engdes/wc296/paper6/envs/torch-cu128-001/lib/python3.12/site-packages/torch/include/torch/csrc/api/include -I/mnt/nfs2/engdes/wc296/paper6/toolchains/cuda-12.8-001/include -I/mnt/nfs2/engdes/wc296/paper6/envs/torch-cu128-001/include -I/its/home/wc296/miniconda3/include/python3.12 -c ./mmcv/ops/csrc/pytorch/focal_loss.cpp -o build/temp.linux-x86_64-cpython-312/mmcv/ops/csrc/pytorch/focal_loss.o -std=c++17 -DTORCH_API_INCLUDE_EXTENSION_H -DPYBIND11_COMPILER_TYPE=\"_gcc\" -DPYBIND11_STDLIB=\"_libstdcpp\" -DPYBIND11_BUILD_ABI=\"_cxxabi1016\" -DTORCH_EXTENSION_NAME=_ext -D_GLIBCXX_USE_CXX11_ABI=1
g++ -pthread -B /its/home/wc296/miniconda3/compiler_compat -fno-strict-overflow -Wsign-compare -DNDEBUG -O2 -Wall -fPIC -O2 -isystem /its/home/wc296/miniconda3/include -fPIC -O2 -isystem /its/home/wc296/miniconda3/include -fPIC -DMMCV_WITH_CUDA -I/mnt/nfs2/engdes/wc296/paper6/dependencies/artemis-framework-overlay-005/source/mmcv-full-1.7.2/mmcv/ops/csrc/pytorch -I/mnt/nfs2/engdes/wc296/paper6/dependencies/artemis-framework-overlay-005/source/mmcv-full-1.7.2/mmcv/ops/csrc/common -I/mnt/nfs2/engdes/wc296/paper6/dependencies/artemis-framework-overlay-005/source/mmcv-full-1.7.2/mmcv/ops/csrc/common/cuda -I/mnt/nfs2/engdes/wc296/paper6/envs/torch-cu128-001/lib/python3.12/site-packages/torch/include -I/mnt/nfs2/engdes/wc296/paper6/envs/torch-cu128-001/lib/python3.12/site-packages/torch/include/torch/csrc/api/include -I/mnt/nfs2/engdes/wc296/paper6/toolchains/cuda-12.8-001/include -I/mnt/nfs2/engdes/wc296/paper6/envs/torch-cu128-001/include -I/its/home/wc296/miniconda3/include/python3.12 -c ./mmcv/ops/csrc/pytorch/furthest_point_sample.cpp -o build/temp.linux-x86_64-cpython-312/mmcv/ops/csrc/pytorch/furthest_point_sample.o -std=c++17 -DTORCH_API_INCLUDE_EXTENSION_H -DPYBIND11_COMPILER_TYPE=\"_gcc\" -DPYBIND11_STDLIB=\"_libstdcpp\" -DPYBIND11_BUILD_ABI=\"_cxxabi1016\" -DTORCH_EXTENSION_NAME=_ext -D_GLIBCXX_USE_CXX11_ABI=1
g++ -pthread -B /its/home/wc296/miniconda3/compiler_compat -fno-strict-overflow -Wsign-compare -DNDEBUG -O2 -Wall -fPIC -O2 -isystem /its/home/wc296/miniconda3/include -fPIC -O2 -isystem /its/home/wc296/miniconda3/include -fPIC -DMMCV_WITH_CUDA -I/mnt/nfs2/engdes/wc296/paper6/dependencies/artemis-framework-overlay-005/source/mmcv-full-1.7.2/mmcv/ops/csrc/pytorch -I/mnt/nfs2/engdes/wc296/paper6/dependencies/artemis-framework-overlay-005/source/mmcv-full-1.7.2/mmcv/ops/csrc/common -I/mnt/nfs2/engdes/wc296/paper6/dependencies/artemis-framework-overlay-005/source/mmcv-full-1.7.2/mmcv/ops/csrc/common/cuda -I/mnt/nfs2/engdes/wc296/paper6/envs/torch-cu128-001/lib/python3.12/site-packages/torch/include -I/mnt/nfs2/engdes/wc296/paper6/envs/torch-cu128-001/lib/python3.12/site-packages/torch/include/torch/csrc/api/include -I/mnt/nfs2/engdes/wc296/paper6/toolchains/cuda-12.8-001/include -I/mnt/nfs2/engdes/wc296/paper6/envs/torch-cu128-001/include -I/its/home/wc296/miniconda3/include/python3.12 -c ./mmcv/ops/csrc/pytorch/fused_bias_leakyrelu.cpp -o build/temp.linux-x86_64-cpython-312/mmcv/ops/csrc/pytorch/fused_bias_leakyrelu.o -std=c++17 -DTORCH_API_INCLUDE_EXTENSION_H -DPYBIND11_COMPILER_TYPE=\"_gcc\" -DPYBIND11_STDLIB=\"_libstdcpp\" -DPYBIND11_BUILD_ABI=\"_cxxabi1016\" -DTORCH_EXTENSION_NAME=_ext -D_GLIBCXX_USE_CXX11_ABI=1
g++ -pthread -B /its/home/wc296/miniconda3/compiler_compat -fno-strict-overflow -Wsign-compare -DNDEBUG -O2 -Wall -fPIC -O2 -isystem /its/home/wc296/miniconda3/include -fPIC -O2 -isystem /its/home/wc296/miniconda3/include -fPIC -DMMCV_WITH_CUDA -I/mnt/nfs2/engdes/wc296/paper6/dependencies/artemis-framework-overlay-005/source/mmcv-full-1.7.2/mmcv/ops/csrc/pytorch -I/mnt/nfs2/engdes/wc296/paper6/dependencies/artemis-framework-overlay-005/source/mmcv-full-1.7.2/mmcv/ops/csrc/common -I/mnt/nfs2/engdes/wc296/paper6/dependencies/artemis-framework-overlay-005/source/mmcv-full-1.7.2/mmcv/ops/csrc/common/cuda -I/mnt/nfs2/engdes/wc296/paper6/envs/torch-cu128-001/lib/python3.12/site-packages/torch/include -I/mnt/nfs2/engdes/wc296/paper6/envs/torch-cu128-001/lib/python3.12/site-packages/torch/include/torch/csrc/api/include -I/mnt/nfs2/engdes/wc296/paper6/toolchains/cuda-12.8-001/include -I/mnt/nfs2/engdes/wc296/paper6/envs/torch-cu128-001/include -I/its/home/wc296/miniconda3/include/python3.12 -c ./mmcv/ops/csrc/pytorch/fused_spconv_ops.cpp -o build/temp.linux-x86_64-cpython-312/mmcv/ops/csrc/pytorch/fused_spconv_ops.o -std=c++17 -DTORCH_API_INCLUDE_EXTENSION_H -DPYBIND11_COMPILER_TYPE=\"_gcc\" -DPYBIND11_STDLIB=\"_libstdcpp\" -DPYBIND11_BUILD_ABI=\"_cxxabi1016\" -DTORCH_EXTENSION_NAME=_ext -D_GLIBCXX_USE_CXX11_ABI=1
g++ -pthread -B /its/home/wc296/miniconda3/compiler_compat -fno-strict-overflow -Wsign-compare -DNDEBUG -O2 -Wall -fPIC -O2 -isystem /its/home/wc296/miniconda3/include -fPIC -O2 -isystem /its/home/wc296/miniconda3/include -fPIC -DMMCV_WITH_CUDA -I/mnt/nfs2/engdes/wc296/paper6/dependencies/artemis-framework-overlay-005/source/mmcv-full-1.7.2/mmcv/ops/csrc/pytorch -I/mnt/nfs2/engdes/wc296/paper6/dependencies/artemis-framework-overlay-005/source/mmcv-full-1.7.2/mmcv/ops/csrc/common -I/mnt/nfs2/engdes/wc296/paper6/dependencies/artemis-framework-overlay-005/source/mmcv-full-1.7.2/mmcv/ops/csrc/common/cuda -I/mnt/nfs2/engdes/wc296/paper6/envs/torch-cu128-001/lib/python3.12/site-packages/torch/include -I/mnt/nfs2/engdes/wc296/paper6/envs/torch-cu128-001/lib/python3.12/site-packages/torch/include/torch/csrc/api/include -I/mnt/nfs2/engdes/wc296/paper6/toolchains/cuda-12.8-001/include -I/mnt/nfs2/engdes/wc296/paper6/envs/torch-cu128-001/include -I/its/home/wc296/miniconda3/include/python3.12 -c ./mmcv/ops/csrc/pytorch/gather_points.cpp -o build/temp.linux-x86_64-cpython-312/mmcv/ops/csrc/pytorch/gather_points.o -std=c++17 -DTORCH_API_INCLUDE_EXTENSION_H -DPYBIND11_COMPILER_TYPE=\"_gcc\" -DPYBIND11_STDLIB=\"_libstdcpp\" -DPYBIND11_BUILD_ABI=\"_cxxabi1016\" -DTORCH_EXTENSION_NAME=_ext -D_GLIBCXX_USE_CXX11_ABI=1
g++ -pthread -B /its/home/wc296/miniconda3/compiler_compat -fno-strict-overflow -Wsign-compare -DNDEBUG -O2 -Wall -fPIC -O2 -isystem /its/home/wc296/miniconda3/include -fPIC -O2 -isystem /its/home/wc296/miniconda3/include -fPIC -DMMCV_WITH_CUDA -I/mnt/nfs2/engdes/wc296/paper6/dependencies/artemis-framework-overlay-005/source/mmcv-full-1.7.2/mmcv/ops/csrc/pytorch -I/mnt/nfs2/engdes/wc296/paper6/dependencies/artemis-framework-overlay-005/source/mmcv-full-1.7.2/mmcv/ops/csrc/common -I/mnt/nfs2/engdes/wc296/paper6/dependencies/artemis-framework-overlay-005/source/mmcv-full-1.7.2/mmcv/ops/csrc/common/cuda -I/mnt/nfs2/engdes/wc296/paper6/envs/torch-cu128-001/lib/python3.12/site-packages/torch/include -I/mnt/nfs2/engdes/wc296/paper6/envs/torch-cu128-001/lib/python3.12/site-packages/torch/include/torch/csrc/api/include -I/mnt/nfs2/engdes/wc296/paper6/toolchains/cuda-12.8-001/include -I/mnt/nfs2/engdes/wc296/paper6/envs/torch-cu128-001/include -I/its/home/wc296/miniconda3/include/python3.12 -c ./mmcv/ops/csrc/pytorch/group_points.cpp -o build/temp.linux-x86_64-cpython-312/mmcv/ops/csrc/pytorch/group_points.o -std=c++17 -DTORCH_API_INCLUDE_EXTENSION_H -DPYBIND11_COMPILER_TYPE=\"_gcc\" -DPYBIND11_STDLIB=\"_libstdcpp\" -DPYBIND11_BUILD_ABI=\"_cxxabi1016\" -DTORCH_EXTENSION_NAME=_ext -D_GLIBCXX_USE_CXX11_ABI=1
g++ -pthread -B /its/home/wc296/miniconda3/compiler_compat -fno-strict-overflow -Wsign-compare -DNDEBUG -O2 -Wall -fPIC -O2 -isystem /its/home/wc296/miniconda3/include -fPIC -O2 -isystem /its/home/wc296/miniconda3/include -fPIC -DMMCV_WITH_CUDA -I/mnt/nfs2/engdes/wc296/paper6/dependencies/artemis-framework-overlay-005/source/mmcv-full-1.7.2/mmcv/ops/csrc/pytorch -I/mnt/nfs2/engdes/wc296/paper6/dependencies/artemis-framework-overlay-005/source/mmcv-full-1.7.2/mmcv/ops/csrc/common -I/mnt/nfs2/engdes/wc296/paper6/dependencies/artemis-framework-overlay-005/source/mmcv-full-1.7.2/mmcv/ops/csrc/common/cuda -I/mnt/nfs2/engdes/wc296/paper6/envs/torch-cu128-001/lib/python3.12/site-packages/torch/include -I/mnt/nfs2/engdes/wc296/paper6/envs/torch-cu128-001/lib/python3.12/site-packages/torch/include/torch/csrc/api/include -I/mnt/nfs2/engdes/wc296/paper6/toolchains/cuda-12.8-001/include -I/mnt/nfs2/engdes/wc296/paper6/envs/torch-cu128-001/include -I/its/home/wc296/miniconda3/include/python3.12 -c ./mmcv/ops/csrc/pytorch/info.cpp -o build/temp.linux-x86_64-cpython-312/mmcv/ops/csrc/pytorch/info.o -std=c++17 -DTORCH_API_INCLUDE_EXTENSION_H -DPYBIND11_COMPILER_TYPE=\"_gcc\" -DPYBIND11_STDLIB=\"_libstdcpp\" -DPYBIND11_BUILD_ABI=\"_cxxabi1016\" -DTORCH_EXTENSION_NAME=_ext -D_GLIBCXX_USE_CXX11_ABI=1
g++ -pthread -B /its/home/wc296/miniconda3/compiler_compat -fno-strict-overflow -Wsign-compare -DNDEBUG -O2 -Wall -fPIC -O2 -isystem /its/home/wc296/miniconda3/include -fPIC -O2 -isystem /its/home/wc296/miniconda3/include -fPIC -DMMCV_WITH_CUDA -I/mnt/nfs2/engdes/wc296/paper6/dependencies/artemis-framework-overlay-005/source/mmcv-full-1.7.2/mmcv/ops/csrc/pytorch -I/mnt/nfs2/engdes/wc296/paper6/dependencies/artemis-framework-overlay-005/source/mmcv-full-1.7.2/mmcv/ops/csrc/common -I/mnt/nfs2/engdes/wc296/paper6/dependencies/artemis-framework-overlay-005/source/mmcv-full-1.7.2/mmcv/ops/csrc/common/cuda -I/mnt/nfs2/engdes/wc296/paper6/envs/torch-cu128-001/lib/python3.12/site-packages/torch/include -I/mnt/nfs2/engdes/wc296/paper6/envs/torch-cu128-001/lib/python3.12/site-packages/torch/include/torch/csrc/api/include -I/mnt/nfs2/engdes/wc296/paper6/toolchains/cuda-12.8-001/include -I/mnt/nfs2/engdes/wc296/paper6/envs/torch-cu128-001/include -I/its/home/wc296/miniconda3/include/python3.12 -c ./mmcv/ops/csrc/pytorch/iou3d.cpp -o build/temp.linux-x86_64-cpython-312/mmcv/ops/csrc/pytorch/iou3d.o -std=c++17 -DTORCH_API_INCLUDE_EXTENSION_H -DPYBIND11_COMPILER_TYPE=\"_gcc\" -DPYBIND11_STDLIB=\"_libstdcpp\" -DPYBIND11_BUILD_ABI=\"_cxxabi1016\" -DTORCH_EXTENSION_NAME=_ext -D_GLIBCXX_USE_CXX11_ABI=1
g++ -pthread -B /its/home/wc296/miniconda3/compiler_compat -fno-strict-overflow -Wsign-compare -DNDEBUG -O2 -Wall -fPIC -O2 -isystem /its/home/wc296/miniconda3/include -fPIC -O2 -isystem /its/home/wc296/miniconda3/include -fPIC -DMMCV_WITH_CUDA -I/mnt/nfs2/engdes/wc296/paper6/dependencies/artemis-framework-overlay-005/source/mmcv-full-1.7.2/mmcv/ops/csrc/pytorch -I/mnt/nfs2/engdes/wc296/paper6/dependencies/artemis-framework-overlay-005/source/mmcv-full-1.7.2/mmcv/ops/csrc/common -I/mnt/nfs2/engdes/wc296/paper6/dependencies/artemis-framework-overlay-005/source/mmcv-full-1.7.2/mmcv/ops/csrc/common/cuda -I/mnt/nfs2/engdes/wc296/paper6/envs/torch-cu128-001/lib/python3.12/site-packages/torch/include -I/mnt/nfs2/engdes/wc296/paper6/envs/torch-cu128-001/lib/python3.12/site-packages/torch/include/torch/csrc/api/include -I/mnt/nfs2/engdes/wc296/paper6/toolchains/cuda-12.8-001/include -I/mnt/nfs2/engdes/wc296/paper6/envs/torch-cu128-001/include -I/its/home/wc296/miniconda3/include/python3.12 -c ./mmcv/ops/csrc/pytorch/knn.cpp -o build/temp.linux-x86_64-cpython-312/mmcv/ops/csrc/pytorch/knn.o -std=c++17 -DTORCH_API_INCLUDE_EXTENSION_H -DPYBIND11_COMPILER_TYPE=\"_gcc\" -DPYBIND11_STDLIB=\"_libstdcpp\" -DPYBIND11_BUILD_ABI=\"_cxxabi1016\" -DTORCH_EXTENSION_NAME=_ext -D_GLIBCXX_USE_CXX11_ABI=1
g++ -pthread -B /its/home/wc296/miniconda3/compiler_compat -fno-strict-overflow -Wsign-compare -DNDEBUG -O2 -Wall -fPIC -O2 -isystem /its/home/wc296/miniconda3/include -fPIC -O2 -isystem /its/home/wc296/miniconda3/include -fPIC -DMMCV_WITH_CUDA -I/mnt/nfs2/engdes/wc296/paper6/dependencies/artemis-framework-overlay-005/source/mmcv-full-1.7.2/mmcv/ops/csrc/pytorch -I/mnt/nfs2/engdes/wc296/paper6/dependencies/artemis-framework-overlay-005/source/mmcv-full-1.7.2/mmcv/ops/csrc/common -I/mnt/nfs2/engdes/wc296/paper6/dependencies/artemis-framework-overlay-005/source/mmcv-full-1.7.2/mmcv/ops/csrc/common/cuda -I/mnt/nfs2/engdes/wc296/paper6/envs/torch-cu128-001/lib/python3.12/site-packages/torch/include -I/mnt/nfs2/engdes/wc296/paper6/envs/torch-cu128-001/lib/python3.12/site-packages/torch/include/torch/csrc/api/include -I/mnt/nfs2/engdes/wc296/paper6/toolchains/cuda-12.8-001/include -I/mnt/nfs2/engdes/wc296/paper6/envs/torch-cu128-001/include -I/its/home/wc296/miniconda3/include/python3.12 -c ./mmcv/ops/csrc/pytorch/masked_conv2d.cpp -o build/temp.linux-x86_64-cpython-312/mmcv/ops/csrc/pytorch/masked_conv2d.o -std=c++17 -DTORCH_API_INCLUDE_EXTENSION_H -DPYBIND11_COMPILER_TYPE=\"_gcc\" -DPYBIND11_STDLIB=\"_libstdcpp\" -DPYBIND11_BUILD_ABI=\"_cxxabi1016\" -DTORCH_EXTENSION_NAME=_ext -D_GLIBCXX_USE_CXX11_ABI=1
g++ -pthread -B /its/home/wc296/miniconda3/compiler_compat -fno-strict-overflow -Wsign-compare -DNDEBUG -O2 -Wall -fPIC -O2 -isystem /its/home/wc296/miniconda3/include -fPIC -O2 -isystem /its/home/wc296/miniconda3/include -fPIC -DMMCV_WITH_CUDA -I/mnt/nfs2/engdes/wc296/paper6/dependencies/artemis-framework-overlay-005/source/mmcv-full-1.7.2/mmcv/ops/csrc/pytorch -I/mnt/nfs2/engdes/wc296/paper6/dependencies/artemis-framework-overlay-005/source/mmcv-full-1.7.2/mmcv/ops/csrc/common -I/mnt/nfs2/engdes/wc296/paper6/dependencies/artemis-framework-overlay-005/source/mmcv-full-1.7.2/mmcv/ops/csrc/common/cuda -I/mnt/nfs2/engdes/wc296/paper6/envs/torch-cu128-001/lib/python3.12/site-packages/torch/include -I/mnt/nfs2/engdes/wc296/paper6/envs/torch-cu128-001/lib/python3.12/site-packages/torch/include/torch/csrc/api/include -I/mnt/nfs2/engdes/wc296/paper6/toolchains/cuda-12.8-001/include -I/mnt/nfs2/engdes/wc296/paper6/envs/torch-cu128-001/include -I/its/home/wc296/miniconda3/include/python3.12 -c ./mmcv/ops/csrc/pytorch/min_area_polygons.cpp -o build/temp.linux-x86_64-cpython-312/mmcv/ops/csrc/pytorch/min_area_polygons.o -std=c++17 -DTORCH_API_INCLUDE_EXTENSION_H -DPYBIND11_COMPILER_TYPE=\"_gcc\" -DPYBIND11_STDLIB=\"_libstdcpp\" -DPYBIND11_BUILD_ABI=\"_cxxabi1016\" -DTORCH_EXTENSION_NAME=_ext -D_GLIBCXX_USE_CXX11_ABI=1
g++ -pthread -B /its/home/wc296/miniconda3/compiler_compat -fno-strict-overflow -Wsign-compare -DNDEBUG -O2 -Wall -fPIC -O2 -isystem /its/home/wc296/miniconda3/include -fPIC -O2 -isystem /its/home/wc296/miniconda3/include -fPIC -DMMCV_WITH_CUDA -I/mnt/nfs2/engdes/wc296/paper6/dependencies/artemis-framework-overlay-005/source/mmcv-full-1.7.2/mmcv/ops/csrc/pytorch -I/mnt/nfs2/engdes/wc296/paper6/dependencies/artemis-framework-overlay-005/source/mmcv-full-1.7.2/mmcv/ops/csrc/common -I/mnt/nfs2/engdes/wc296/paper6/dependencies/artemis-framework-overlay-005/source/mmcv-full-1.7.2/mmcv/ops/csrc/common/cuda -I/mnt/nfs2/engdes/wc296/paper6/envs/torch-cu128-001/lib/python3.12/site-packages/torch/include -I/mnt/nfs2/engdes/wc296/paper6/envs/torch-cu128-001/lib/python3.12/site-packages/torch/include/torch/csrc/api/include -I/mnt/nfs2/engdes/wc296/paper6/toolchains/cuda-12.8-001/include -I/mnt/nfs2/engdes/wc296/paper6/envs/torch-cu128-001/include -I/its/home/wc296/miniconda3/include/python3.12 -c ./mmcv/ops/csrc/pytorch/modulated_deform_conv.cpp -o build/temp.linux-x86_64-cpython-312/mmcv/ops/csrc/pytorch/modulated_deform_conv.o -std=c++17 -DTORCH_API_INCLUDE_EXTENSION_H -DPYBIND11_COMPILER_TYPE=\"_gcc\" -DPYBIND11_STDLIB=\"_libstdcpp\" -DPYBIND11_BUILD_ABI=\"_cxxabi1016\" -DTORCH_EXTENSION_NAME=_ext -D_GLIBCXX_USE_CXX11_ABI=1
g++ -pthread -B /its/home/wc296/miniconda3/compiler_compat -fno-strict-overflow -Wsign-compare -DNDEBUG -O2 -Wall -fPIC -O2 -isystem /its/home/wc296/miniconda3/include -fPIC -O2 -isystem /its/home/wc296/miniconda3/include -fPIC -DMMCV_WITH_CUDA -I/mnt/nfs2/engdes/wc296/paper6/dependencies/artemis-framework-overlay-005/source/mmcv-full-1.7.2/mmcv/ops/csrc/pytorch -I/mnt/nfs2/engdes/wc296/paper6/dependencies/artemis-framework-overlay-005/source/mmcv-full-1.7.2/mmcv/ops/csrc/common -I/mnt/nfs2/engdes/wc296/paper6/dependencies/artemis-framework-overlay-005/source/mmcv-full-1.7.2/mmcv/ops/csrc/common/cuda -I/mnt/nfs2/engdes/wc296/paper6/envs/torch-cu128-001/lib/python3.12/site-packages/torch/include -I/mnt/nfs2/engdes/wc296/paper6/envs/torch-cu128-001/lib/python3.12/site-packages/torch/include/torch/csrc/api/include -I/mnt/nfs2/engdes/wc296/paper6/toolchains/cuda-12.8-001/include -I/mnt/nfs2/engdes/wc296/paper6/envs/torch-cu128-001/include -I/its/home/wc296/miniconda3/include/python3.12 -c ./mmcv/ops/csrc/pytorch/ms_deform_attn.cpp -o build/temp.linux-x86_64-cpython-312/mmcv/ops/csrc/pytorch/ms_deform_attn.o -std=c++17 -DTORCH_API_INCLUDE_EXTENSION_H -DPYBIND11_COMPILER_TYPE=\"_gcc\" -DPYBIND11_STDLIB=\"_libstdcpp\" -DPYBIND11_BUILD_ABI=\"_cxxabi1016\" -DTORCH_EXTENSION_NAME=_ext -D_GLIBCXX_USE_CXX11_ABI=1
g++ -pthread -B /its/home/wc296/miniconda3/compiler_compat -fno-strict-overflow -Wsign-compare -DNDEBUG -O2 -Wall -fPIC -O2 -isystem /its/home/wc296/miniconda3/include -fPIC -O2 -isystem /its/home/wc296/miniconda3/include -fPIC -DMMCV_WITH_CUDA -I/mnt/nfs2/engdes/wc296/paper6/dependencies/artemis-framework-overlay-005/source/mmcv-full-1.7.2/mmcv/ops/csrc/pytorch -I/mnt/nfs2/engdes/wc296/paper6/dependencies/artemis-framework-overlay-005/source/mmcv-full-1.7.2/mmcv/ops/csrc/common -I/mnt/nfs2/engdes/wc296/paper6/dependencies/artemis-framework-overlay-005/source/mmcv-full-1.7.2/mmcv/ops/csrc/common/cuda -I/mnt/nfs2/engdes/wc296/paper6/envs/torch-cu128-001/lib/python3.12/site-packages/torch/include -I/mnt/nfs2/engdes/wc296/paper6/envs/torch-cu128-001/lib/python3.12/site-packages/torch/include/torch/csrc/api/include -I/mnt/nfs2/engdes/wc296/paper6/toolchains/cuda-12.8-001/include -I/mnt/nfs2/engdes/wc296/paper6/envs/torch-cu128-001/include -I/its/home/wc296/miniconda3/include/python3.12 -c ./mmcv/ops/csrc/pytorch/nms.cpp -o build/temp.linux-x86_64-cpython-312/mmcv/ops/csrc/pytorch/nms.o -std=c++17 -DTORCH_API_INCLUDE_EXTENSION_H -DPYBIND11_COMPILER_TYPE=\"_gcc\" -DPYBIND11_STDLIB=\"_libstdcpp\" -DPYBIND11_BUILD_ABI=\"_cxxabi1016\" -DTORCH_EXTENSION_NAME=_ext -D_GLIBCXX_USE_CXX11_ABI=1
g++ -pthread -B /its/home/wc296/miniconda3/compiler_compat -fno-strict-overflow -Wsign-compare -DNDEBUG -O2 -Wall -fPIC -O2 -isystem /its/home/wc296/miniconda3/include -fPIC -O2 -isystem /its/home/wc296/miniconda3/include -fPIC -DMMCV_WITH_CUDA -I/mnt/nfs2/engdes/wc296/paper6/dependencies/artemis-framework-overlay-005/source/mmcv-full-1.7.2/mmcv/ops/csrc/pytorch -I/mnt/nfs2/engdes/wc296/paper6/dependencies/artemis-framework-overlay-005/source/mmcv-full-1.7.2/mmcv/ops/csrc/common -I/mnt/nfs2/engdes/wc296/paper6/dependencies/artemis-framework-overlay-005/source/mmcv-full-1.7.2/mmcv/ops/csrc/common/cuda -I/mnt/nfs2/engdes/wc296/paper6/envs/torch-cu128-001/lib/python3.12/site-packages/torch/include -I/mnt/nfs2/engdes/wc296/paper6/envs/torch-cu128-001/lib/python3.12/site-packages/torch/include/torch/csrc/api/include -I/mnt/nfs2/engdes/wc296/paper6/toolchains/cuda-12.8-001/include -I/mnt/nfs2/engdes/wc296/paper6/envs/torch-cu128-001/include -I/its/home/wc296/miniconda3/include/python3.12 -c ./mmcv/ops/csrc/pytorch/nms_quadri.cpp -o build/temp.linux-x86_64-cpython-312/mmcv/ops/csrc/pytorch/nms_quadri.o -std=c++17 -DTORCH_API_INCLUDE_EXTENSION_H -DPYBIND11_COMPILER_TYPE=\"_gcc\" -DPYBIND11_STDLIB=\"_libstdcpp\" -DPYBIND11_BUILD_ABI=\"_cxxabi1016\" -DTORCH_EXTENSION_NAME=_ext -D_GLIBCXX_USE_CXX11_ABI=1
g++ -pthread -B /its/home/wc296/miniconda3/compiler_compat -fno-strict-overflow -Wsign-compare -DNDEBUG -O2 -Wall -fPIC -O2 -isystem /its/home/wc296/miniconda3/include -fPIC -O2 -isystem /its/home/wc296/miniconda3/include -fPIC -DMMCV_WITH_CUDA -I/mnt/nfs2/engdes/wc296/paper6/dependencies/artemis-framework-overlay-005/source/mmcv-full-1.7.2/mmcv/ops/csrc/pytorch -I/mnt/nfs2/engdes/wc296/paper6/dependencies/artemis-framework-overlay-005/source/mmcv-full-1.7.2/mmcv/ops/csrc/common -I/mnt/nfs2/engdes/wc296/paper6/dependencies/artemis-framework-overlay-005/source/mmcv-full-1.7.2/mmcv/ops/csrc/common/cuda -I/mnt/nfs2/engdes/wc296/paper6/envs/torch-cu128-001/lib/python3.12/site-packages/torch/include -I/mnt/nfs2/engdes/wc296/paper6/envs/torch-cu128-001/lib/python3.12/site-packages/torch/include/torch/csrc/api/include -I/mnt/nfs2/engdes/wc296/paper6/toolchains/cuda-12.8-001/include -I/mnt/nfs2/engdes/wc296/paper6/envs/torch-cu128-001/include -I/its/home/wc296/miniconda3/include/python3.12 -c ./mmcv/ops/csrc/pytorch/nms_rotated.cpp -o build/temp.linux-x86_64-cpython-312/mmcv/ops/csrc/pytorch/nms_rotated.o -std=c++17 -DTORCH_API_INCLUDE_EXTENSION_H -DPYBIND11_COMPILER_TYPE=\"_gcc\" -DPYBIND11_STDLIB=\"_libstdcpp\" -DPYBIND11_BUILD_ABI=\"_cxxabi1016\" -DTORCH_EXTENSION_NAME=_ext -D_GLIBCXX_USE_CXX11_ABI=1
g++ -pthread -B /its/home/wc296/miniconda3/compiler_compat -fno-strict-overflow -Wsign-compare -DNDEBUG -O2 -Wall -fPIC -O2 -isystem /its/home/wc296/miniconda3/include -fPIC -O2 -isystem /its/home/wc296/miniconda3/include -fPIC -DMMCV_WITH_CUDA -I/mnt/nfs2/engdes/wc296/paper6/dependencies/artemis-framework-overlay-005/source/mmcv-full-1.7.2/mmcv/ops/csrc/pytorch -I/mnt/nfs2/engdes/wc296/paper6/dependencies/artemis-framework-overlay-005/source/mmcv-full-1.7.2/mmcv/ops/csrc/common -I/mnt/nfs2/engdes/wc296/paper6/dependencies/artemis-framework-overlay-005/source/mmcv-full-1.7.2/mmcv/ops/csrc/common/cuda -I/mnt/nfs2/engdes/wc296/paper6/envs/torch-cu128-001/lib/python3.12/site-packages/torch/include -I/mnt/nfs2/engdes/wc296/paper6/envs/torch-cu128-001/lib/python3.12/site-packages/torch/include/torch/csrc/api/include -I/mnt/nfs2/engdes/wc296/paper6/toolchains/cuda-12.8-001/include -I/mnt/nfs2/engdes/wc296/paper6/envs/torch-cu128-001/include -I/its/home/wc296/miniconda3/include/python3.12 -c ./mmcv/ops/csrc/pytorch/pixel_group.cpp -o build/temp.linux-x86_64-cpython-312/mmcv/ops/csrc/pytorch/pixel_group.o -std=c++17 -DTORCH_API_INCLUDE_EXTENSION_H -DPYBIND11_COMPILER_TYPE=\"_gcc\" -DPYBIND11_STDLIB=\"_libstdcpp\" -DPYBIND11_BUILD_ABI=\"_cxxabi1016\" -DTORCH_EXTENSION_NAME=_ext -D_GLIBCXX_USE_CXX11_ABI=1
g++ -pthread -B /its/home/wc296/miniconda3/compiler_compat -fno-strict-overflow -Wsign-compare -DNDEBUG -O2 -Wall -fPIC -O2 -isystem /its/home/wc296/miniconda3/include -fPIC -O2 -isystem /its/home/wc296/miniconda3/include -fPIC -DMMCV_WITH_CUDA -I/mnt/nfs2/engdes/wc296/paper6/dependencies/artemis-framework-overlay-005/source/mmcv-full-1.7.2/mmcv/ops/csrc/pytorch -I/mnt/nfs2/engdes/wc296/paper6/dependencies/artemis-framework-overlay-005/source/mmcv-full-1.7.2/mmcv/ops/csrc/common -I/mnt/nfs2/engdes/wc296/paper6/dependencies/artemis-framework-overlay-005/source/mmcv-full-1.7.2/mmcv/ops/csrc/common/cuda -I/mnt/nfs2/engdes/wc296/paper6/envs/torch-cu128-001/lib/python3.12/site-packages/torch/include -I/mnt/nfs2/engdes/wc296/paper6/envs/torch-cu128-001/lib/python3.12/site-packages/torch/include/torch/csrc/api/include -I/mnt/nfs2/engdes/wc296/paper6/toolchains/cuda-12.8-001/include -I/mnt/nfs2/engdes/wc296/paper6/envs/torch-cu128-001/include -I/its/home/wc296/miniconda3/include/python3.12 -c ./mmcv/ops/csrc/pytorch/points_in_boxes.cpp -o build/temp.linux-x86_64-cpython-312/mmcv/ops/csrc/pytorch/points_in_boxes.o -std=c++17 -DTORCH_API_INCLUDE_EXTENSION_H -DPYBIND11_COMPILER_TYPE=\"_gcc\" -DPYBIND11_STDLIB=\"_libstdcpp\" -DPYBIND11_BUILD_ABI=\"_cxxabi1016\" -DTORCH_EXTENSION_NAME=_ext -D_GLIBCXX_USE_CXX11_ABI=1
g++ -pthread -B /its/home/wc296/miniconda3/compiler_compat -fno-strict-overflow -Wsign-compare -DNDEBUG -O2 -Wall -fPIC -O2 -isystem /its/home/wc296/miniconda3/include -fPIC -O2 -isystem /its/home/wc296/miniconda3/include -fPIC -DMMCV_WITH_CUDA -I/mnt/nfs2/engdes/wc296/paper6/dependencies/artemis-framework-overlay-005/source/mmcv-full-1.7.2/mmcv/ops/csrc/pytorch -I/mnt/nfs2/engdes/wc296/paper6/dependencies/artemis-framework-overlay-005/source/mmcv-full-1.7.2/mmcv/ops/csrc/common -I/mnt/nfs2/engdes/wc296/paper6/dependencies/artemis-framework-overlay-005/source/mmcv-full-1.7.2/mmcv/ops/csrc/common/cuda -I/mnt/nfs2/engdes/wc296/paper6/envs/torch-cu128-001/lib/python3.12/site-packages/torch/include -I/mnt/nfs2/engdes/wc296/paper6/envs/torch-cu128-001/lib/python3.12/site-packages/torch/include/torch/csrc/api/include -I/mnt/nfs2/engdes/wc296/paper6/toolchains/cuda-12.8-001/include -I/mnt/nfs2/engdes/wc296/paper6/envs/torch-cu128-001/include -I/its/home/wc296/miniconda3/include/python3.12 -c ./mmcv/ops/csrc/pytorch/points_in_polygons.cpp -o build/temp.linux-x86_64-cpython-312/mmcv/ops/csrc/pytorch/points_in_polygons.o -std=c++17 -DTORCH_API_INCLUDE_EXTENSION_H -DPYBIND11_COMPILER_TYPE=\"_gcc\" -DPYBIND11_STDLIB=\"_libstdcpp\" -DPYBIND11_BUILD_ABI=\"_cxxabi1016\" -DTORCH_EXTENSION_NAME=_ext -D_GLIBCXX_USE_CXX11_ABI=1
g++ -pthread -B /its/home/wc296/miniconda3/compiler_compat -fno-strict-overflow -Wsign-compare -DNDEBUG -O2 -Wall -fPIC -O2 -isystem /its/home/wc296/miniconda3/include -fPIC -O2 -isystem /its/home/wc296/miniconda3/include -fPIC -DMMCV_WITH_CUDA -I/mnt/nfs2/engdes/wc296/paper6/dependencies/artemis-framework-overlay-005/source/mmcv-full-1.7.2/mmcv/ops/csrc/pytorch -I/mnt/nfs2/engdes/wc296/paper6/dependencies/artemis-framework-overlay-005/source/mmcv-full-1.7.2/mmcv/ops/csrc/common -I/mnt/nfs2/engdes/wc296/paper6/dependencies/artemis-framework-overlay-005/source/mmcv-full-1.7.2/mmcv/ops/csrc/common/cuda -I/mnt/nfs2/engdes/wc296/paper6/envs/torch-cu128-001/lib/python3.12/site-packages/torch/include -I/mnt/nfs2/engdes/wc296/paper6/envs/torch-cu128-001/lib/python3.12/site-packages/torch/include/torch/csrc/api/include -I/mnt/nfs2/engdes/wc296/paper6/toolchains/cuda-12.8-001/include -I/mnt/nfs2/engdes/wc296/paper6/envs/torch-cu128-001/include -I/its/home/wc296/miniconda3/include/python3.12 -c ./mmcv/ops/csrc/pytorch/prroi_pool.cpp -o build/temp.linux-x86_64-cpython-312/mmcv/ops/csrc/pytorch/prroi_pool.o -std=c++17 -DTORCH_API_INCLUDE_EXTENSION_H -DPYBIND11_COMPILER_TYPE=\"_gcc\" -DPYBIND11_STDLIB=\"_libstdcpp\" -DPYBIND11_BUILD_ABI=\"_cxxabi1016\" -DTORCH_EXTENSION_NAME=_ext -D_GLIBCXX_USE_CXX11_ABI=1
g++ -pthread -B /its/home/wc296/miniconda3/compiler_compat -fno-strict-overflow -Wsign-compare -DNDEBUG -O2 -Wall -fPIC -O2 -isystem /its/home/wc296/miniconda3/include -fPIC -O2 -isystem /its/home/wc296/miniconda3/include -fPIC -DMMCV_WITH_CUDA -I/mnt/nfs2/engdes/wc296/paper6/dependencies/artemis-framework-overlay-005/source/mmcv-full-1.7.2/mmcv/ops/csrc/pytorch -I/mnt/nfs2/engdes/wc296/paper6/dependencies/artemis-framework-overlay-005/source/mmcv-full-1.7.2/mmcv/ops/csrc/common -I/mnt/nfs2/engdes/wc296/paper6/dependencies/artemis-framework-overlay-005/source/mmcv-full-1.7.2/mmcv/ops/csrc/common/cuda -I/mnt/nfs2/engdes/wc296/paper6/envs/torch-cu128-001/lib/python3.12/site-packages/torch/include -I/mnt/nfs2/engdes/wc296/paper6/envs/torch-cu128-001/lib/python3.12/site-packages/torch/include/torch/csrc/api/include -I/mnt/nfs2/engdes/wc296/paper6/toolchains/cuda-12.8-001/include -I/mnt/nfs2/engdes/wc296/paper6/envs/torch-cu128-001/include -I/its/home/wc296/miniconda3/include/python3.12 -c ./mmcv/ops/csrc/pytorch/psamask.cpp -o build/temp.linux-x86_64-cpython-312/mmcv/ops/csrc/pytorch/psamask.o -std=c++17 -DTORCH_API_INCLUDE_EXTENSION_H -DPYBIND11_COMPILER_TYPE=\"_gcc\" -DPYBIND11_STDLIB=\"_libstdcpp\" -DPYBIND11_BUILD_ABI=\"_cxxabi1016\" -DTORCH_EXTENSION_NAME=_ext -D_GLIBCXX_USE_CXX11_ABI=1
g++ -pthread -B /its/home/wc296/miniconda3/compiler_compat -fno-strict-overflow -Wsign-compare -DNDEBUG -O2 -Wall -fPIC -O2 -isystem /its/home/wc296/miniconda3/include -fPIC -O2 -isystem /its/home/wc296/miniconda3/include -fPIC -DMMCV_WITH_CUDA -I/mnt/nfs2/engdes/wc296/paper6/dependencies/artemis-framework-overlay-005/source/mmcv-full-1.7.2/mmcv/ops/csrc/pytorch -I/mnt/nfs2/engdes/wc296/paper6/dependencies/artemis-framework-overlay-005/source/mmcv-full-1.7.2/mmcv/ops/csrc/common -I/mnt/nfs2/engdes/wc296/paper6/dependencies/artemis-framework-overlay-005/source/mmcv-full-1.7.2/mmcv/ops/csrc/common/cuda -I/mnt/nfs2/engdes/wc296/paper6/envs/torch-cu128-001/lib/python3.12/site-packages/torch/include -I/mnt/nfs2/engdes/wc296/paper6/envs/torch-cu128-001/lib/python3.12/site-packages/torch/include/torch/csrc/api/include -I/mnt/nfs2/engdes/wc296/paper6/toolchains/cuda-12.8-001/include -I/mnt/nfs2/engdes/wc296/paper6/envs/torch-cu128-001/include -I/its/home/wc296/miniconda3/include/python3.12 -c ./mmcv/ops/csrc/pytorch/pybind.cpp -o build/temp.linux-x86_64-cpython-312/mmcv/ops/csrc/pytorch/pybind.o -std=c++17 -DTORCH_API_INCLUDE_EXTENSION_H -DPYBIND11_COMPILER_TYPE=\"_gcc\" -DPYBIND11_STDLIB=\"_libstdcpp\" -DPYBIND11_BUILD_ABI=\"_cxxabi1016\" -DTORCH_EXTENSION_NAME=_ext -D_GLIBCXX_USE_CXX11_ABI=1
g++ -pthread -B /its/home/wc296/miniconda3/compiler_compat -fno-strict-overflow -Wsign-compare -DNDEBUG -O2 -Wall -fPIC -O2 -isystem /its/home/wc296/miniconda3/include -fPIC -O2 -isystem /its/home/wc296/miniconda3/include -fPIC -DMMCV_WITH_CUDA -I/mnt/nfs2/engdes/wc296/paper6/dependencies/artemis-framework-overlay-005/source/mmcv-full-1.7.2/mmcv/ops/csrc/pytorch -I/mnt/nfs2/engdes/wc296/paper6/dependencies/artemis-framework-overlay-005/source/mmcv-full-1.7.2/mmcv/ops/csrc/common -I/mnt/nfs2/engdes/wc296/paper6/dependencies/artemis-framework-overlay-005/source/mmcv-full-1.7.2/mmcv/ops/csrc/common/cuda -I/mnt/nfs2/engdes/wc296/paper6/envs/torch-cu128-001/lib/python3.12/site-packages/torch/include -I/mnt/nfs2/engdes/wc296/paper6/envs/torch-cu128-001/lib/python3.12/site-packages/torch/include/torch/csrc/api/include -I/mnt/nfs2/engdes/wc296/paper6/toolchains/cuda-12.8-001/include -I/mnt/nfs2/engdes/wc296/paper6/envs/torch-cu128-001/include -I/its/home/wc296/miniconda3/include/python3.12 -c ./mmcv/ops/csrc/pytorch/riroi_align_rotated.cpp -o build/temp.linux-x86_64-cpython-312/mmcv/ops/csrc/pytorch/riroi_align_rotated.o -std=c++17 -DTORCH_API_INCLUDE_EXTENSION_H -DPYBIND11_COMPILER_TYPE=\"_gcc\" -DPYBIND11_STDLIB=\"_libstdcpp\" -DPYBIND11_BUILD_ABI=\"_cxxabi1016\" -DTORCH_EXTENSION_NAME=_ext -D_GLIBCXX_USE_CXX11_ABI=1
g++ -pthread -B /its/home/wc296/miniconda3/compiler_compat -fno-strict-overflow -Wsign-compare -DNDEBUG -O2 -Wall -fPIC -O2 -isystem /its/home/wc296/miniconda3/include -fPIC -O2 -isystem /its/home/wc296/miniconda3/include -fPIC -DMMCV_WITH_CUDA -I/mnt/nfs2/engdes/wc296/paper6/dependencies/artemis-framework-overlay-005/source/mmcv-full-1.7.2/mmcv/ops/csrc/pytorch -I/mnt/nfs2/engdes/wc296/paper6/dependencies/artemis-framework-overlay-005/source/mmcv-full-1.7.2/mmcv/ops/csrc/common -I/mnt/nfs2/engdes/wc296/paper6/dependencies/artemis-framework-overlay-005/source/mmcv-full-1.7.2/mmcv/ops/csrc/common/cuda -I/mnt/nfs2/engdes/wc296/paper6/envs/torch-cu128-001/lib/python3.12/site-packages/torch/include -I/mnt/nfs2/engdes/wc296/paper6/envs/torch-cu128-001/lib/python3.12/site-packages/torch/include/torch/csrc/api/include -I/mnt/nfs2/engdes/wc296/paper6/toolchains/cuda-12.8-001/include -I/mnt/nfs2/engdes/wc296/paper6/envs/torch-cu128-001/include -I/its/home/wc296/miniconda3/include/python3.12 -c ./mmcv/ops/csrc/pytorch/roi_align.cpp -o build/temp.linux-x86_64-cpython-312/mmcv/ops/csrc/pytorch/roi_align.o -std=c++17 -DTORCH_API_INCLUDE_EXTENSION_H -DPYBIND11_COMPILER_TYPE=\"_gcc\" -DPYBIND11_STDLIB=\"_libstdcpp\" -DPYBIND11_BUILD_ABI=\"_cxxabi1016\" -DTORCH_EXTENSION_NAME=_ext -D_GLIBCXX_USE_CXX11_ABI=1
g++ -pthread -B /its/home/wc296/miniconda3/compiler_compat -fno-strict-overflow -Wsign-compare -DNDEBUG -O2 -Wall -fPIC -O2 -isystem /its/home/wc296/miniconda3/include -fPIC -O2 -isystem /its/home/wc296/miniconda3/include -fPIC -DMMCV_WITH_CUDA -I/mnt/nfs2/engdes/wc296/paper6/dependencies/artemis-framework-overlay-005/source/mmcv-full-1.7.2/mmcv/ops/csrc/pytorch -I/mnt/nfs2/engdes/wc296/paper6/dependencies/artemis-framework-overlay-005/source/mmcv-full-1.7.2/mmcv/ops/csrc/common -I/mnt/nfs2/engdes/wc296/paper6/dependencies/artemis-framework-overlay-005/source/mmcv-full-1.7.2/mmcv/ops/csrc/common/cuda -I/mnt/nfs2/engdes/wc296/paper6/envs/torch-cu128-001/lib/python3.12/site-packages/torch/include -I/mnt/nfs2/engdes/wc296/paper6/envs/torch-cu128-001/lib/python3.12/site-packages/torch/include/torch/csrc/api/include -I/mnt/nfs2/engdes/wc296/paper6/toolchains/cuda-12.8-001/include -I/mnt/nfs2/engdes/wc296/paper6/envs/torch-cu128-001/include -I/its/home/wc296/miniconda3/include/python3.12 -c ./mmcv/ops/csrc/pytorch/roi_align_rotated.cpp -o build/temp.linux-x86_64-cpython-312/mmcv/ops/csrc/pytorch/roi_align_rotated.o -std=c++17 -DTORCH_API_INCLUDE_EXTENSION_H -DPYBIND11_COMPILER_TYPE=\"_gcc\" -DPYBIND11_STDLIB=\"_libstdcpp\" -DPYBIND11_BUILD_ABI=\"_cxxabi1016\" -DTORCH_EXTENSION_NAME=_ext -D_GLIBCXX_USE_CXX11_ABI=1
g++ -pthread -B /its/home/wc296/miniconda3/compiler_compat -fno-strict-overflow -Wsign-compare -DNDEBUG -O2 -Wall -fPIC -O2 -isystem /its/home/wc296/miniconda3/include -fPIC -O2 -isystem /its/home/wc296/miniconda3/include -fPIC -DMMCV_WITH_CUDA -I/mnt/nfs2/engdes/wc296/paper6/dependencies/artemis-framework-overlay-005/source/mmcv-full-1.7.2/mmcv/ops/csrc/pytorch -I/mnt/nfs2/engdes/wc296/paper6/dependencies/artemis-framework-overlay-005/source/mmcv-full-1.7.2/mmcv/ops/csrc/common -I/mnt/nfs2/engdes/wc296/paper6/dependencies/artemis-framework-overlay-005/source/mmcv-full-1.7.2/mmcv/ops/csrc/common/cuda -I/mnt/nfs2/engdes/wc296/paper6/envs/torch-cu128-001/lib/python3.12/site-packages/torch/include -I/mnt/nfs2/engdes/wc296/paper6/envs/torch-cu128-001/lib/python3.12/site-packages/torch/include/torch/csrc/api/include -I/mnt/nfs2/engdes/wc296/paper6/toolchains/cuda-12.8-001/include -I/mnt/nfs2/engdes/wc296/paper6/envs/torch-cu128-001/include -I/its/home/wc296/miniconda3/include/python3.12 -c ./mmcv/ops/csrc/pytorch/roi_pool.cpp -o build/temp.linux-x86_64-cpython-312/mmcv/ops/csrc/pytorch/roi_pool.o -std=c++17 -DTORCH_API_INCLUDE_EXTENSION_H -DPYBIND11_COMPILER_TYPE=\"_gcc\" -DPYBIND11_STDLIB=\"_libstdcpp\" -DPYBIND11_BUILD_ABI=\"_cxxabi1016\" -DTORCH_EXTENSION_NAME=_ext -D_GLIBCXX_USE_CXX11_ABI=1
g++ -pthread -B /its/home/wc296/miniconda3/compiler_compat -fno-strict-overflow -Wsign-compare -DNDEBUG -O2 -Wall -fPIC -O2 -isystem /its/home/wc296/miniconda3/include -fPIC -O2 -isystem /its/home/wc296/miniconda3/include -fPIC -DMMCV_WITH_CUDA -I/mnt/nfs2/engdes/wc296/paper6/dependencies/artemis-framework-overlay-005/source/mmcv-full-1.7.2/mmcv/ops/csrc/pytorch -I/mnt/nfs2/engdes/wc296/paper6/dependencies/artemis-framework-overlay-005/source/mmcv-full-1.7.2/mmcv/ops/csrc/common -I/mnt/nfs2/engdes/wc296/paper6/dependencies/artemis-framework-overlay-005/source/mmcv-full-1.7.2/mmcv/ops/csrc/common/cuda -I/mnt/nfs2/engdes/wc296/paper6/envs/torch-cu128-001/lib/python3.12/site-packages/torch/include -I/mnt/nfs2/engdes/wc296/paper6/envs/torch-cu128-001/lib/python3.12/site-packages/torch/include/torch/csrc/api/include -I/mnt/nfs2/engdes/wc296/paper6/toolchains/cuda-12.8-001/include -I/mnt/nfs2/engdes/wc296/paper6/envs/torch-cu128-001/include -I/its/home/wc296/miniconda3/include/python3.12 -c ./mmcv/ops/csrc/pytorch/roiaware_pool3d.cpp -o build/temp.linux-x86_64-cpython-312/mmcv/ops/csrc/pytorch/roiaware_pool3d.o -std=c++17 -DTORCH_API_INCLUDE_EXTENSION_H -DPYBIND11_COMPILER_TYPE=\"_gcc\" -DPYBIND11_STDLIB=\"_libstdcpp\" -DPYBIND11_BUILD_ABI=\"_cxxabi1016\" -DTORCH_EXTENSION_NAME=_ext -D_GLIBCXX_USE_CXX11_ABI=1
g++ -pthread -B /its/home/wc296/miniconda3/compiler_compat -fno-strict-overflow -Wsign-compare -DNDEBUG -O2 -Wall -fPIC -O2 -isystem /its/home/wc296/miniconda3/include -fPIC -O2 -isystem /its/home/wc296/miniconda3/include -fPIC -DMMCV_WITH_CUDA -I/mnt/nfs2/engdes/wc296/paper6/dependencies/artemis-framework-overlay-005/source/mmcv-full-1.7.2/mmcv/ops/csrc/pytorch -I/mnt/nfs2/engdes/wc296/paper6/dependencies/artemis-framework-overlay-005/source/mmcv-full-1.7.2/mmcv/ops/csrc/common -I/mnt/nfs2/engdes/wc296/paper6/dependencies/artemis-framework-overlay-005/source/mmcv-full-1.7.2/mmcv/ops/csrc/common/cuda -I/mnt/nfs2/engdes/wc296/paper6/envs/torch-cu128-001/lib/python3.12/site-packages/torch/include -I/mnt/nfs2/engdes/wc296/paper6/envs/torch-cu128-001/lib/python3.12/site-packages/torch/include/torch/csrc/api/include -I/mnt/nfs2/engdes/wc296/paper6/toolchains/cuda-12.8-001/include -I/mnt/nfs2/engdes/wc296/paper6/envs/torch-cu128-001/include -I/its/home/wc296/miniconda3/include/python3.12 -c ./mmcv/ops/csrc/pytorch/roipoint_pool3d.cpp -o build/temp.linux-x86_64-cpython-312/mmcv/ops/csrc/pytorch/roipoint_pool3d.o -std=c++17 -DTORCH_API_INCLUDE_EXTENSION_H -DPYBIND11_COMPILER_TYPE=\"_gcc\" -DPYBIND11_STDLIB=\"_libstdcpp\" -DPYBIND11_BUILD_ABI=\"_cxxabi1016\" -DTORCH_EXTENSION_NAME=_ext -D_GLIBCXX_USE_CXX11_ABI=1
g++ -pthread -B /its/home/wc296/miniconda3/compiler_compat -fno-strict-overflow -Wsign-compare -DNDEBUG -O2 -Wall -fPIC -O2 -isystem /its/home/wc296/miniconda3/include -fPIC -O2 -isystem /its/home/wc296/miniconda3/include -fPIC -DMMCV_WITH_CUDA -I/mnt/nfs2/engdes/wc296/paper6/dependencies/artemis-framework-overlay-005/source/mmcv-full-1.7.2/mmcv/ops/csrc/pytorch -I/mnt/nfs2/engdes/wc296/paper6/dependencies/artemis-framework-overlay-005/source/mmcv-full-1.7.2/mmcv/ops/csrc/common -I/mnt/nfs2/engdes/wc296/paper6/dependencies/artemis-framework-overlay-005/source/mmcv-full-1.7.2/mmcv/ops/csrc/common/cuda -I/mnt/nfs2/engdes/wc296/paper6/envs/torch-cu128-001/lib/python3.12/site-packages/torch/include -I/mnt/nfs2/engdes/wc296/paper6/envs/torch-cu128-001/lib/python3.12/site-packages/torch/include/torch/csrc/api/include -I/mnt/nfs2/engdes/wc296/paper6/toolchains/cuda-12.8-001/include -I/mnt/nfs2/engdes/wc296/paper6/envs/torch-cu128-001/include -I/its/home/wc296/miniconda3/include/python3.12 -c ./mmcv/ops/csrc/pytorch/rotated_feature_align.cpp -o build/temp.linux-x86_64-cpython-312/mmcv/ops/csrc/pytorch/rotated_feature_align.o -std=c++17 -DTORCH_API_INCLUDE_EXTENSION_H -DPYBIND11_COMPILER_TYPE=\"_gcc\" -DPYBIND11_STDLIB=\"_libstdcpp\" -DPYBIND11_BUILD_ABI=\"_cxxabi1016\" -DTORCH_EXTENSION_NAME=_ext -D_GLIBCXX_USE_CXX11_ABI=1
g++ -pthread -B /its/home/wc296/miniconda3/compiler_compat -fno-strict-overflow -Wsign-compare -DNDEBUG -O2 -Wall -fPIC -O2 -isystem /its/home/wc296/miniconda3/include -fPIC -O2 -isystem /its/home/wc296/miniconda3/include -fPIC -DMMCV_WITH_CUDA -I/mnt/nfs2/engdes/wc296/paper6/dependencies/artemis-framework-overlay-005/source/mmcv-full-1.7.2/mmcv/ops/csrc/pytorch -I/mnt/nfs2/engdes/wc296/paper6/dependencies/artemis-framework-overlay-005/source/mmcv-full-1.7.2/mmcv/ops/csrc/common -I/mnt/nfs2/engdes/wc296/paper6/dependencies/artemis-framework-overlay-005/source/mmcv-full-1.7.2/mmcv/ops/csrc/common/cuda -I/mnt/nfs2/engdes/wc296/paper6/envs/torch-cu128-001/lib/python3.12/site-packages/torch/include -I/mnt/nfs2/engdes/wc296/paper6/envs/torch-cu128-001/lib/python3.12/site-packages/torch/include/torch/csrc/api/include -I/mnt/nfs2/engdes/wc296/paper6/toolchains/cuda-12.8-001/include -I/mnt/nfs2/engdes/wc296/paper6/envs/torch-cu128-001/include -I/its/home/wc296/miniconda3/include/python3.12 -c ./mmcv/ops/csrc/pytorch/scatter_points.cpp -o build/temp.linux-x86_64-cpython-312/mmcv/ops/csrc/pytorch/scatter_points.o -std=c++17 -DTORCH_API_INCLUDE_EXTENSION_H -DPYBIND11_COMPILER_TYPE=\"_gcc\" -DPYBIND11_STDLIB=\"_libstdcpp\" -DPYBIND11_BUILD_ABI=\"_cxxabi1016\" -DTORCH_EXTENSION_NAME=_ext -D_GLIBCXX_USE_CXX11_ABI=1
g++ -pthread -B /its/home/wc296/miniconda3/compiler_compat -fno-strict-overflow -Wsign-compare -DNDEBUG -O2 -Wall -fPIC -O2 -isystem /its/home/wc296/miniconda3/include -fPIC -O2 -isystem /its/home/wc296/miniconda3/include -fPIC -DMMCV_WITH_CUDA -I/mnt/nfs2/engdes/wc296/paper6/dependencies/artemis-framework-overlay-005/source/mmcv-full-1.7.2/mmcv/ops/csrc/pytorch -I/mnt/nfs2/engdes/wc296/paper6/dependencies/artemis-framework-overlay-005/source/mmcv-full-1.7.2/mmcv/ops/csrc/common -I/mnt/nfs2/engdes/wc296/paper6/dependencies/artemis-framework-overlay-005/source/mmcv-full-1.7.2/mmcv/ops/csrc/common/cuda -I/mnt/nfs2/engdes/wc296/paper6/envs/torch-cu128-001/lib/python3.12/site-packages/torch/include -I/mnt/nfs2/engdes/wc296/paper6/envs/torch-cu128-001/lib/python3.12/site-packages/torch/include/torch/csrc/api/include -I/mnt/nfs2/engdes/wc296/paper6/toolchains/cuda-12.8-001/include -I/mnt/nfs2/engdes/wc296/paper6/envs/torch-cu128-001/include -I/its/home/wc296/miniconda3/include/python3.12 -c ./mmcv/ops/csrc/pytorch/sparse_pool_ops.cpp -o build/temp.linux-x86_64-cpython-312/mmcv/ops/csrc/pytorch/sparse_pool_ops.o -std=c++17 -DTORCH_API_INCLUDE_EXTENSION_H -DPYBIND11_COMPILER_TYPE=\"_gcc\" -DPYBIND11_STDLIB=\"_libstdcpp\" -DPYBIND11_BUILD_ABI=\"_cxxabi1016\" -DTORCH_EXTENSION_NAME=_ext -D_GLIBCXX_USE_CXX11_ABI=1
g++ -pthread -B /its/home/wc296/miniconda3/compiler_compat -fno-strict-overflow -Wsign-compare -DNDEBUG -O2 -Wall -fPIC -O2 -isystem /its/home/wc296/miniconda3/include -fPIC -O2 -isystem /its/home/wc296/miniconda3/include -fPIC -DMMCV_WITH_CUDA -I/mnt/nfs2/engdes/wc296/paper6/dependencies/artemis-framework-overlay-005/source/mmcv-full-1.7.2/mmcv/ops/csrc/pytorch -I/mnt/nfs2/engdes/wc296/paper6/dependencies/artemis-framework-overlay-005/source/mmcv-full-1.7.2/mmcv/ops/csrc/common -I/mnt/nfs2/engdes/wc296/paper6/dependencies/artemis-framework-overlay-005/source/mmcv-full-1.7.2/mmcv/ops/csrc/common/cuda -I/mnt/nfs2/engdes/wc296/paper6/envs/torch-cu128-001/lib/python3.12/site-packages/torch/include -I/mnt/nfs2/engdes/wc296/paper6/envs/torch-cu128-001/lib/python3.12/site-packages/torch/include/torch/csrc/api/include -I/mnt/nfs2/engdes/wc296/paper6/toolchains/cuda-12.8-001/include -I/mnt/nfs2/engdes/wc296/paper6/envs/torch-cu128-001/include -I/its/home/wc296/miniconda3/include/python3.12 -c ./mmcv/ops/csrc/pytorch/spconv_ops.cpp -o build/temp.linux-x86_64-cpython-312/mmcv/ops/csrc/pytorch/spconv_ops.o -std=c++17 -DTORCH_API_INCLUDE_EXTENSION_H -DPYBIND11_COMPILER_TYPE=\"_gcc\" -DPYBIND11_STDLIB=\"_libstdcpp\" -DPYBIND11_BUILD_ABI=\"_cxxabi1016\" -DTORCH_EXTENSION_NAME=_ext -D_GLIBCXX_USE_CXX11_ABI=1
g++ -pthread -B /its/home/wc296/miniconda3/compiler_compat -fno-strict-overflow -Wsign-compare -DNDEBUG -O2 -Wall -fPIC -O2 -isystem /its/home/wc296/miniconda3/include -fPIC -O2 -isystem /its/home/wc296/miniconda3/include -fPIC -DMMCV_WITH_CUDA -I/mnt/nfs2/engdes/wc296/paper6/dependencies/artemis-framework-overlay-005/source/mmcv-full-1.7.2/mmcv/ops/csrc/pytorch -I/mnt/nfs2/engdes/wc296/paper6/dependencies/artemis-framework-overlay-005/source/mmcv-full-1.7.2/mmcv/ops/csrc/common -I/mnt/nfs2/engdes/wc296/paper6/dependencies/artemis-framework-overlay-005/source/mmcv-full-1.7.2/mmcv/ops/csrc/common/cuda -I/mnt/nfs2/engdes/wc296/paper6/envs/torch-cu128-001/lib/python3.12/site-packages/torch/include -I/mnt/nfs2/engdes/wc296/paper6/envs/torch-cu128-001/lib/python3.12/site-packages/torch/include/torch/csrc/api/include -I/mnt/nfs2/engdes/wc296/paper6/toolchains/cuda-12.8-001/include -I/mnt/nfs2/engdes/wc296/paper6/envs/torch-cu128-001/include -I/its/home/wc296/miniconda3/include/python3.12 -c ./mmcv/ops/csrc/pytorch/sync_bn.cpp -o build/temp.linux-x86_64-cpython-312/mmcv/ops/csrc/pytorch/sync_bn.o -std=c++17 -DTORCH_API_INCLUDE_EXTENSION_H -DPYBIND11_COMPILER_TYPE=\"_gcc\" -DPYBIND11_STDLIB=\"_libstdcpp\" -DPYBIND11_BUILD_ABI=\"_cxxabi1016\" -DTORCH_EXTENSION_NAME=_ext -D_GLIBCXX_USE_CXX11_ABI=1
g++ -pthread -B /its/home/wc296/miniconda3/compiler_compat -fno-strict-overflow -Wsign-compare -DNDEBUG -O2 -Wall -fPIC -O2 -isystem /its/home/wc296/miniconda3/include -fPIC -O2 -isystem /its/home/wc296/miniconda3/include -fPIC -DMMCV_WITH_CUDA -I/mnt/nfs2/engdes/wc296/paper6/dependencies/artemis-framework-overlay-005/source/mmcv-full-1.7.2/mmcv/ops/csrc/pytorch -I/mnt/nfs2/engdes/wc296/paper6/dependencies/artemis-framework-overlay-005/source/mmcv-full-1.7.2/mmcv/ops/csrc/common -I/mnt/nfs2/engdes/wc296/paper6/dependencies/artemis-framework-overlay-005/source/mmcv-full-1.7.2/mmcv/ops/csrc/common/cuda -I/mnt/nfs2/engdes/wc296/paper6/envs/torch-cu128-001/lib/python3.12/site-packages/torch/include -I/mnt/nfs2/engdes/wc296/paper6/envs/torch-cu128-001/lib/python3.12/site-packages/torch/include/torch/csrc/api/include -I/mnt/nfs2/engdes/wc296/paper6/toolchains/cuda-12.8-001/include -I/mnt/nfs2/engdes/wc296/paper6/envs/torch-cu128-001/include -I/its/home/wc296/miniconda3/include/python3.12 -c ./mmcv/ops/csrc/pytorch/three_interpolate.cpp -o build/temp.linux-x86_64-cpython-312/mmcv/ops/csrc/pytorch/three_interpolate.o -std=c++17 -DTORCH_API_INCLUDE_EXTENSION_H -DPYBIND11_COMPILER_TYPE=\"_gcc\" -DPYBIND11_STDLIB=\"_libstdcpp\" -DPYBIND11_BUILD_ABI=\"_cxxabi1016\" -DTORCH_EXTENSION_NAME=_ext -D_GLIBCXX_USE_CXX11_ABI=1
g++ -pthread -B /its/home/wc296/miniconda3/compiler_compat -fno-strict-overflow -Wsign-compare -DNDEBUG -O2 -Wall -fPIC -O2 -isystem /its/home/wc296/miniconda3/include -fPIC -O2 -isystem /its/home/wc296/miniconda3/include -fPIC -DMMCV_WITH_CUDA -I/mnt/nfs2/engdes/wc296/paper6/dependencies/artemis-framework-overlay-005/source/mmcv-full-1.7.2/mmcv/ops/csrc/pytorch -I/mnt/nfs2/engdes/wc296/paper6/dependencies/artemis-framework-overlay-005/source/mmcv-full-1.7.2/mmcv/ops/csrc/common -I/mnt/nfs2/engdes/wc296/paper6/dependencies/artemis-framework-overlay-005/source/mmcv-full-1.7.2/mmcv/ops/csrc/common/cuda -I/mnt/nfs2/engdes/wc296/paper6/envs/torch-cu128-001/lib/python3.12/site-packages/torch/include -I/mnt/nfs2/engdes/wc296/paper6/envs/torch-cu128-001/lib/python3.12/site-packages/torch/include/torch/csrc/api/include -I/mnt/nfs2/engdes/wc296/paper6/toolchains/cuda-12.8-001/include -I/mnt/nfs2/engdes/wc296/paper6/envs/torch-cu128-001/include -I/its/home/wc296/miniconda3/include/python3.12 -c ./mmcv/ops/csrc/pytorch/three_nn.cpp -o build/temp.linux-x86_64-cpython-312/mmcv/ops/csrc/pytorch/three_nn.o -std=c++17 -DTORCH_API_INCLUDE_EXTENSION_H -DPYBIND11_COMPILER_TYPE=\"_gcc\" -DPYBIND11_STDLIB=\"_libstdcpp\" -DPYBIND11_BUILD_ABI=\"_cxxabi1016\" -DTORCH_EXTENSION_NAME=_ext -D_GLIBCXX_USE_CXX11_ABI=1
g++ -pthread -B /its/home/wc296/miniconda3/compiler_compat -fno-strict-overflow -Wsign-compare -DNDEBUG -O2 -Wall -fPIC -O2 -isystem /its/home/wc296/miniconda3/include -fPIC -O2 -isystem /its/home/wc296/miniconda3/include -fPIC -DMMCV_WITH_CUDA -I/mnt/nfs2/engdes/wc296/paper6/dependencies/artemis-framework-overlay-005/source/mmcv-full-1.7.2/mmcv/ops/csrc/pytorch -I/mnt/nfs2/engdes/wc296/paper6/dependencies/artemis-framework-overlay-005/source/mmcv-full-1.7.2/mmcv/ops/csrc/common -I/mnt/nfs2/engdes/wc296/paper6/dependencies/artemis-framework-overlay-005/source/mmcv-full-1.7.2/mmcv/ops/csrc/common/cuda -I/mnt/nfs2/engdes/wc296/paper6/envs/torch-cu128-001/lib/python3.12/site-packages/torch/include -I/mnt/nfs2/engdes/wc296/paper6/envs/torch-cu128-001/lib/python3.12/site-packages/torch/include/torch/csrc/api/include -I/mnt/nfs2/engdes/wc296/paper6/toolchains/cuda-12.8-001/include -I/mnt/nfs2/engdes/wc296/paper6/envs/torch-cu128-001/include -I/its/home/wc296/miniconda3/include/python3.12 -c ./mmcv/ops/csrc/pytorch/tin_shift.cpp -o build/temp.linux-x86_64-cpython-312/mmcv/ops/csrc/pytorch/tin_shift.o -std=c++17 -DTORCH_API_INCLUDE_EXTENSION_H -DPYBIND11_COMPILER_TYPE=\"_gcc\" -DPYBIND11_STDLIB=\"_libstdcpp\" -DPYBIND11_BUILD_ABI=\"_cxxabi1016\" -DTORCH_EXTENSION_NAME=_ext -D_GLIBCXX_USE_CXX11_ABI=1
g++ -pthread -B /its/home/wc296/miniconda3/compiler_compat -fno-strict-overflow -Wsign-compare -DNDEBUG -O2 -Wall -fPIC -O2 -isystem /its/home/wc296/miniconda3/include -fPIC -O2 -isystem /its/home/wc296/miniconda3/include -fPIC -DMMCV_WITH_CUDA -I/mnt/nfs2/engdes/wc296/paper6/dependencies/artemis-framework-overlay-005/source/mmcv-full-1.7.2/mmcv/ops/csrc/pytorch -I/mnt/nfs2/engdes/wc296/paper6/dependencies/artemis-framework-overlay-005/source/mmcv-full-1.7.2/mmcv/ops/csrc/common -I/mnt/nfs2/engdes/wc296/paper6/dependencies/artemis-framework-overlay-005/source/mmcv-full-1.7.2/mmcv/ops/csrc/common/cuda -I/mnt/nfs2/engdes/wc296/paper6/envs/torch-cu128-001/lib/python3.12/site-packages/torch/include -I/mnt/nfs2/engdes/wc296/paper6/envs/torch-cu128-001/lib/python3.12/site-packages/torch/include/torch/csrc/api/include -I/mnt/nfs2/engdes/wc296/paper6/toolchains/cuda-12.8-001/include -I/mnt/nfs2/engdes/wc296/paper6/envs/torch-cu128-001/include -I/its/home/wc296/miniconda3/include/python3.12 -c ./mmcv/ops/csrc/pytorch/upfirdn2d.cpp -o build/temp.linux-x86_64-cpython-312/mmcv/ops/csrc/pytorch/upfirdn2d.o -std=c++17 -DTORCH_API_INCLUDE_EXTENSION_H -DPYBIND11_COMPILER_TYPE=\"_gcc\" -DPYBIND11_STDLIB=\"_libstdcpp\" -DPYBIND11_BUILD_ABI=\"_cxxabi1016\" -DTORCH_EXTENSION_NAME=_ext -D_GLIBCXX_USE_CXX11_ABI=1
g++ -pthread -B /its/home/wc296/miniconda3/compiler_compat -fno-strict-overflow -Wsign-compare -DNDEBUG -O2 -Wall -fPIC -O2 -isystem /its/home/wc296/miniconda3/include -fPIC -O2 -isystem /its/home/wc296/miniconda3/include -fPIC -DMMCV_WITH_CUDA -I/mnt/nfs2/engdes/wc296/paper6/dependencies/artemis-framework-overlay-005/source/mmcv-full-1.7.2/mmcv/ops/csrc/pytorch -I/mnt/nfs2/engdes/wc296/paper6/dependencies/artemis-framework-overlay-005/source/mmcv-full-1.7.2/mmcv/ops/csrc/common -I/mnt/nfs2/engdes/wc296/paper6/dependencies/artemis-framework-overlay-005/source/mmcv-full-1.7.2/mmcv/ops/csrc/common/cuda -I/mnt/nfs2/engdes/wc296/paper6/envs/torch-cu128-001/lib/python3.12/site-packages/torch/include -I/mnt/nfs2/engdes/wc296/paper6/envs/torch-cu128-001/lib/python3.12/site-packages/torch/include/torch/csrc/api/include -I/mnt/nfs2/engdes/wc296/paper6/toolchains/cuda-12.8-001/include -I/mnt/nfs2/engdes/wc296/paper6/envs/torch-cu128-001/include -I/its/home/wc296/miniconda3/include/python3.12 -c ./mmcv/ops/csrc/pytorch/voxelization.cpp -o build/temp.linux-x86_64-cpython-312/mmcv/ops/csrc/pytorch/voxelization.o -std=c++17 -DTORCH_API_INCLUDE_EXTENSION_H -DPYBIND11_COMPILER_TYPE=\"_gcc\" -DPYBIND11_STDLIB=\"_libstdcpp\" -DPYBIND11_BUILD_ABI=\"_cxxabi1016\" -DTORCH_EXTENSION_NAME=_ext -D_GLIBCXX_USE_CXX11_ABI=1
g++ -pthread -B /its/home/wc296/miniconda3/compiler_compat -fno-strict-overflow -Wsign-compare -DNDEBUG -O2 -Wall -fPIC -O2 -isystem /its/home/wc296/miniconda3/include -fPIC -O2 -isystem /its/home/wc296/miniconda3/include -pthread -B /its/home/wc296/miniconda3/compiler_compat -shared -Wl,-rpath,/its/home/wc296/miniconda3/lib -Wl,-rpath-link,/its/home/wc296/miniconda3/lib -L/its/home/wc296/miniconda3/lib -Wl,-rpath,/its/home/wc296/miniconda3/lib -Wl,-rpath-link,/its/home/wc296/miniconda3/lib -L/its/home/wc296/miniconda3/lib build/temp.linux-x86_64-cpython-312/mmcv/ops/csrc/pytorch/active_rotated_filter.o build/temp.linux-x86_64-cpython-312/mmcv/ops/csrc/pytorch/assign_score_withk.o build/temp.linux-x86_64-cpython-312/mmcv/ops/csrc/pytorch/ball_query.o build/temp.linux-x86_64-cpython-312/mmcv/ops/csrc/pytorch/bbox_overlaps.o build/temp.linux-x86_64-cpython-312/mmcv/ops/csrc/pytorch/border_align.o build/temp.linux-x86_64-cpython-312/mmcv/ops/csrc/pytorch/box_iou_quadri.o build/temp.linux-x86_64-cpython-312/mmcv/ops/csrc/pytorch/box_iou_rotated.o build/temp.linux-x86_64-cpython-312/mmcv/ops/csrc/pytorch/carafe.o build/temp.linux-x86_64-cpython-312/mmcv/ops/csrc/pytorch/carafe_naive.o build/temp.linux-x86_64-cpython-312/mmcv/ops/csrc/pytorch/chamfer_distance.o build/temp.linux-x86_64-cpython-312/mmcv/ops/csrc/pytorch/contour_expand.o build/temp.linux-x86_64-cpython-312/mmcv/ops/csrc/pytorch/convex_iou.o build/temp.linux-x86_64-cpython-312/mmcv/ops/csrc/pytorch/correlation.o build/temp.linux-x86_64-cpython-312/mmcv/ops/csrc/pytorch/cpu/active_rotated_filter.o build/temp.linux-x86_64-cpython-312/mmcv/ops/csrc/pytorch/cpu/bbox_overlaps_cpu.o build/temp.linux-x86_64-cpython-312/mmcv/ops/csrc/pytorch/cpu/box_iou_quadri.o build/temp.linux-x86_64-cpython-312/mmcv/ops/csrc/pytorch/cpu/box_iou_rotated.o build/temp.linux-x86_64-cpython-312/mmcv/ops/csrc/pytorch/cpu/deform_conv.o build/temp.linux-x86_64-cpython-312/mmcv/ops/csrc/pytorch/cpu/modulated_deform_conv.o build/temp.linux-x86_64-cpython-312/mmcv/ops/csrc/pytorch/cpu/nms.o build/temp.linux-x86_64-cpython-312/mmcv/ops/csrc/pytorch/cpu/nms_quadri.o build/temp.linux-x86_64-cpython-312/mmcv/ops/csrc/pytorch/cpu/nms_rotated.o build/temp.linux-x86_64-cpython-312/mmcv/ops/csrc/pytorch/cpu/pixel_group.o build/temp.linux-x86_64-cpython-312/mmcv/ops/csrc/pytorch/cpu/points_in_boxes.o build/temp.linux-x86_64-cpython-312/mmcv/ops/csrc/pytorch/cpu/psamask.o build/temp.linux-x86_64-cpython-312/mmcv/ops/csrc/pytorch/cpu/roi_align.o build/temp.linux-x86_64-cpython-312/mmcv/ops/csrc/pytorch/cpu/roi_align_rotated.o build/temp.linux-x86_64-cpython-312/mmcv/ops/csrc/pytorch/cpu/rotated_feature_align.o build/temp.linux-x86_64-cpython-312/mmcv/ops/csrc/pytorch/cpu/sparse_indice.o build/temp.linux-x86_64-cpython-312/mmcv/ops/csrc/pytorch/cpu/sparse_maxpool.o build/temp.linux-x86_64-cpython-312/mmcv/ops/csrc/pytorch/cpu/sparse_reordering.o build/temp.linux-x86_64-cpython-312/mmcv/ops/csrc/pytorch/cpu/voxelization.o build/temp.linux-x86_64-cpython-312/mmcv/ops/csrc/pytorch/cuda/active_rotated_filter_cuda.o build/temp.linux-x86_64-cpython-312/mmcv/ops/csrc/pytorch/cuda/assign_score_withk_cuda.o build/temp.linux-x86_64-cpython-312/mmcv/ops/csrc/pytorch/cuda/ball_query_cuda.o build/temp.linux-x86_64-cpython-312/mmcv/ops/csrc/pytorch/cuda/bbox_overlaps_cuda.o build/temp.linux-x86_64-cpython-312/mmcv/ops/csrc/pytorch/cuda/border_align_cuda.o build/temp.linux-x86_64-cpython-312/mmcv/ops/csrc/pytorch/cuda/box_iou_quadri_cuda.o build/temp.linux-x86_64-cpython-312/mmcv/ops/csrc/pytorch/cuda/box_iou_rotated_cuda.o build/temp.linux-x86_64-cpython-312/mmcv/ops/csrc/pytorch/cuda/carafe_cuda.o build/temp.linux-x86_64-cpython-312/mmcv/ops/csrc/pytorch/cuda/carafe_naive_cuda.o build/temp.linux-x86_64-cpython-312/mmcv/ops/csrc/pytorch/cuda/chamfer_distance_cuda.o build/temp.linux-x86_64-cpython-312/mmcv/ops/csrc/pytorch/cuda/convex_iou.o build/temp.linux-x86_64-cpython-312/mmcv/ops/csrc/pytorch/cuda/correlation_cuda.o build/temp.linux-x86_64-cpython-312/mmcv/ops/csrc/pytorch/cuda/cudabind.o build/temp.linux-x86_64-cpython-312/mmcv/ops/csrc/pytorch/cuda/deform_conv_cuda.o build/temp.linux-x86_64-cpython-312/mmcv/ops/csrc/pytorch/cuda/deform_roi_pool_cuda.o build/temp.linux-x86_64-cpython-312/mmcv/ops/csrc/pytorch/cuda/diff_iou_rotated_cuda.o build/temp.linux-x86_64-cpython-312/mmcv/ops/csrc/pytorch/cuda/focal_loss_cuda.o build/temp.linux-x86_64-cpython-312/mmcv/ops/csrc/pytorch/cuda/furthest_point_sample_cuda.o build/temp.linux-x86_64-cpython-312/mmcv/ops/csrc/pytorch/cuda/fused_bias_leakyrelu_cuda.o build/temp.linux-x86_64-cpython-312/mmcv/ops/csrc/pytorch/cuda/fused_spconv_ops_cuda.o build/temp.linux-x86_64-cpython-312/mmcv/ops/csrc/pytorch/cuda/gather_points_cuda.o build/temp.linux-x86_64-cpython-312/mmcv/ops/csrc/pytorch/cuda/group_points_cuda.o build/temp.linux-x86_64-cpython-312/mmcv/ops/csrc/pytorch/cuda/iou3d_cuda.o build/temp.linux-x86_64-cpython-312/mmcv/ops/csrc/pytorch/cuda/knn_cuda.o build/temp.linux-x86_64-cpython-312/mmcv/ops/csrc/pytorch/cuda/masked_conv2d_cuda.o build/temp.linux-x86_64-cpython-312/mmcv/ops/csrc/pytorch/cuda/min_area_polygons.o build/temp.linux-x86_64-cpython-312/mmcv/ops/csrc/pytorch/cuda/modulated_deform_conv_cuda.o build/temp.linux-x86_64-cpython-312/mmcv/ops/csrc/pytorch/cuda/ms_deform_attn_cuda.o build/temp.linux-x86_64-cpython-312/mmcv/ops/csrc/pytorch/cuda/nms_cuda.o build/temp.linux-x86_64-cpython-312/mmcv/ops/csrc/pytorch/cuda/nms_quadri_cuda.o build/temp.linux-x86_64-cpython-312/mmcv/ops/csrc/pytorch/cuda/nms_rotated_cuda.o build/temp.linux-x86_64-cpython-312/mmcv/ops/csrc/pytorch/cuda/points_in_boxes_cuda.o build/temp.linux-x86_64-cpython-312/mmcv/ops/csrc/pytorch/cuda/points_in_polygons_cuda.o build/temp.linux-x86_64-cpython-312/mmcv/ops/csrc/pytorch/cuda/prroi_pool_cuda.o build/temp.linux-x86_64-cpython-312/mmcv/ops/csrc/pytorch/cuda/psamask_cuda.o build/temp.linux-x86_64-cpython-312/mmcv/ops/csrc/pytorch/cuda/riroi_align_rotated_cuda.o build/temp.linux-x86_64-cpython-312/mmcv/ops/csrc/pytorch/cuda/roi_align_cuda.o build/temp.linux-x86_64-cpython-312/mmcv/ops/csrc/pytorch/cuda/roi_align_rotated_cuda.o build/temp.linux-x86_64-cpython-312/mmcv/ops/csrc/pytorch/cuda/roi_pool_cuda.o build/temp.linux-x86_64-cpython-312/mmcv/ops/csrc/pytorch/cuda/roiaware_pool3d_cuda.o build/temp.linux-x86_64-cpython-312/mmcv/ops/csrc/pytorch/cuda/roipoint_pool3d_cuda.o build/temp.linux-x86_64-cpython-312/mmcv/ops/csrc/pytorch/cuda/rotated_feature_align_cuda.o build/temp.linux-x86_64-cpython-312/mmcv/ops/csrc/pytorch/cuda/scatter_points_cuda.o build/temp.linux-x86_64-cpython-312/mmcv/ops/csrc/pytorch/cuda/sparse_indice.o build/temp.linux-x86_64-cpython-312/mmcv/ops/csrc/pytorch/cuda/sparse_maxpool.o build/temp.linux-x86_64-cpython-312/mmcv/ops/csrc/pytorch/cuda/sparse_pool_ops_cuda.o build/temp.linux-x86_64-cpython-312/mmcv/ops/csrc/pytorch/cuda/sparse_reordering.o build/temp.linux-x86_64-cpython-312/mmcv/ops/csrc/pytorch/cuda/spconv_ops_cuda.o build/temp.linux-x86_64-cpython-312/mmcv/ops/csrc/pytorch/cuda/stack_ball_query_cuda.o build/temp.linux-x86_64-cpython-312/mmcv/ops/csrc/pytorch/cuda/stack_group_points_cuda.o build/temp.linux-x86_64-cpython-312/mmcv/ops/csrc/pytorch/cuda/sync_bn_cuda.o build/temp.linux-x86_64-cpython-312/mmcv/ops/csrc/pytorch/cuda/three_interpolate_cuda.o build/temp.linux-x86_64-cpython-312/mmcv/ops/csrc/pytorch/cuda/three_nn_cuda.o build/temp.linux-x86_64-cpython-312/mmcv/ops/csrc/pytorch/cuda/tin_shift_cuda.o build/temp.linux-x86_64-cpython-312/mmcv/ops/csrc/pytorch/cuda/upfirdn2d_kernel.o build/temp.linux-x86_64-cpython-312/mmcv/ops/csrc/pytorch/cuda/voxelization_cuda.o build/temp.linux-x86_64-cpython-312/mmcv/ops/csrc/pytorch/deform_conv.o build/temp.linux-x86_64-cpython-312/mmcv/ops/csrc/pytorch/deform_roi_pool.o build/temp.linux-x86_64-cpython-312/mmcv/ops/csrc/pytorch/diff_iou_rotated.o build/temp.linux-x86_64-cpython-312/mmcv/ops/csrc/pytorch/focal_loss.o build/temp.linux-x86_64-cpython-312/mmcv/ops/csrc/pytorch/furthest_point_sample.o build/temp.linux-x86_64-cpython-312/mmcv/ops/csrc/pytorch/fused_bias_leakyrelu.o build/temp.linux-x86_64-cpython-312/mmcv/ops/csrc/pytorch/fused_spconv_ops.o build/temp.linux-x86_64-cpython-312/mmcv/ops/csrc/pytorch/gather_points.o build/temp.linux-x86_64-cpython-312/mmcv/ops/csrc/pytorch/group_points.o build/temp.linux-x86_64-cpython-312/mmcv/ops/csrc/pytorch/info.o build/temp.linux-x86_64-cpython-312/mmcv/ops/csrc/pytorch/iou3d.o build/temp.linux-x86_64-cpython-312/mmcv/ops/csrc/pytorch/knn.o build/temp.linux-x86_64-cpython-312/mmcv/ops/csrc/pytorch/masked_conv2d.o build/temp.linux-x86_64-cpython-312/mmcv/ops/csrc/pytorch/min_area_polygons.o build/temp.linux-x86_64-cpython-312/mmcv/ops/csrc/pytorch/modulated_deform_conv.o build/temp.linux-x86_64-cpython-312/mmcv/ops/csrc/pytorch/ms_deform_attn.o build/temp.linux-x86_64-cpython-312/mmcv/ops/csrc/pytorch/nms.o build/temp.linux-x86_64-cpython-312/mmcv/ops/csrc/pytorch/nms_quadri.o build/temp.linux-x86_64-cpython-312/mmcv/ops/csrc/pytorch/nms_rotated.o build/temp.linux-x86_64-cpython-312/mmcv/ops/csrc/pytorch/pixel_group.o build/temp.linux-x86_64-cpython-312/mmcv/ops/csrc/pytorch/points_in_boxes.o build/temp.linux-x86_64-cpython-312/mmcv/ops/csrc/pytorch/points_in_polygons.o build/temp.linux-x86_64-cpython-312/mmcv/ops/csrc/pytorch/prroi_pool.o build/temp.linux-x86_64-cpython-312/mmcv/ops/csrc/pytorch/psamask.o build/temp.linux-x86_64-cpython-312/mmcv/ops/csrc/pytorch/pybind.o build/temp.linux-x86_64-cpython-312/mmcv/ops/csrc/pytorch/riroi_align_rotated.o build/temp.linux-x86_64-cpython-312/mmcv/ops/csrc/pytorch/roi_align.o build/temp.linux-x86_64-cpython-312/mmcv/ops/csrc/pytorch/roi_align_rotated.o build/temp.linux-x86_64-cpython-312/mmcv/ops/csrc/pytorch/roi_pool.o build/temp.linux-x86_64-cpython-312/mmcv/ops/csrc/pytorch/roiaware_pool3d.o build/temp.linux-x86_64-cpython-312/mmcv/ops/csrc/pytorch/roipoint_pool3d.o build/temp.linux-x86_64-cpython-312/mmcv/ops/csrc/pytorch/rotated_feature_align.o build/temp.linux-x86_64-cpython-312/mmcv/ops/csrc/pytorch/scatter_points.o build/temp.linux-x86_64-cpython-312/mmcv/ops/csrc/pytorch/sparse_pool_ops.o build/temp.linux-x86_64-cpython-312/mmcv/ops/csrc/pytorch/spconv_ops.o build/temp.linux-x86_64-cpython-312/mmcv/ops/csrc/pytorch/sync_bn.o build/temp.linux-x86_64-cpython-312/mmcv/ops/csrc/pytorch/three_interpolate.o build/temp.linux-x86_64-cpython-312/mmcv/ops/csrc/pytorch/three_nn.o build/temp.linux-x86_64-cpython-312/mmcv/ops/csrc/pytorch/tin_shift.o build/temp.linux-x86_64-cpython-312/mmcv/ops/csrc/pytorch/upfirdn2d.o build/temp.linux-x86_64-cpython-312/mmcv/ops/csrc/pytorch/voxelization.o -L/mnt/nfs2/engdes/wc296/paper6/envs/torch-cu128-001/lib/python3.12/site-packages/torch/lib -L/mnt/nfs2/engdes/wc296/paper6/toolchains/cuda-12.8-001/lib64 -lc10 -ltorch -ltorch_cpu -ltorch_python -lcudart -lc10_cuda -ltorch_cuda -o build/lib.linux-x86_64-cpython-312/mmcv/_ext.cpython-312-x86_64-linux-gnu.so
/mnt/nfs2/engdes/wc296/paper6/envs/torch-cu128-001/lib/python3.12/site-packages/setuptools/_distutils/cmd.py:90: SetuptoolsDeprecationWarning: setup.py install is deprecated.
!!

        ********************************************************************************
        Please avoid running ``setup.py`` directly.
        Instead, use pypa/build, pypa/installer or other
        standards-based tools.

        See https://blog.ganssle.io/articles/2021/10/setup-py-deprecated.html for details.
        ********************************************************************************

!!
  self.initialize_options()
installing to build/bdist.linux-x86_64/wheel
running install
running install_lib
creating build/bdist.linux-x86_64/wheel
creating build/bdist.linux-x86_64/wheel/mmcv
copying build/lib.linux-x86_64-cpython-312/mmcv/__init__.py -> build/bdist.linux-x86_64/wheel/./mmcv
copying build/lib.linux-x86_64-cpython-312/mmcv/version.py -> build/bdist.linux-x86_64/wheel/./mmcv
creating build/bdist.linux-x86_64/wheel/mmcv/arraymisc
copying build/lib.linux-x86_64-cpython-312/mmcv/arraymisc/__init__.py -> build/bdist.linux-x86_64/wheel/./mmcv/arraymisc
copying build/lib.linux-x86_64-cpython-312/mmcv/arraymisc/quantization.py -> build/bdist.linux-x86_64/wheel/./mmcv/arraymisc
creating build/bdist.linux-x86_64/wheel/mmcv/cnn
copying build/lib.linux-x86_64-cpython-312/mmcv/cnn/__init__.py -> build/bdist.linux-x86_64/wheel/./mmcv/cnn
copying build/lib.linux-x86_64-cpython-312/mmcv/cnn/alexnet.py -> build/bdist.linux-x86_64/wheel/./mmcv/cnn
copying build/lib.linux-x86_64-cpython-312/mmcv/cnn/builder.py -> build/bdist.linux-x86_64/wheel/./mmcv/cnn
copying build/lib.linux-x86_64-cpython-312/mmcv/cnn/resnet.py -> build/bdist.linux-x86_64/wheel/./mmcv/cnn
copying build/lib.linux-x86_64-cpython-312/mmcv/cnn/vgg.py -> build/bdist.linux-x86_64/wheel/./mmcv/cnn
creating build/bdist.linux-x86_64/wheel/mmcv/cnn/bricks
copying build/lib.linux-x86_64-cpython-312/mmcv/cnn/bricks/__init__.py -> build/bdist.linux-x86_64/wheel/./mmcv/cnn/bricks
copying build/lib.linux-x86_64-cpython-312/mmcv/cnn/bricks/activation.py -> build/bdist.linux-x86_64/wheel/./mmcv/cnn/bricks
copying build/lib.linux-x86_64-cpython-312/mmcv/cnn/bricks/context_block.py -> build/bdist.linux-x86_64/wheel/./mmcv/cnn/bricks
copying build/lib.linux-x86_64-cpython-312/mmcv/cnn/bricks/conv.py -> build/bdist.linux-x86_64/wheel/./mmcv/cnn/bricks
copying build/lib.linux-x86_64-cpython-312/mmcv/cnn/bricks/conv2d_adaptive_padding.py -> build/bdist.linux-x86_64/wheel/./mmcv/cnn/bricks
copying build/lib.linux-x86_64-cpython-312/mmcv/cnn/bricks/conv_module.py -> build/bdist.linux-x86_64/wheel/./mmcv/cnn/bricks
copying build/lib.linux-x86_64-cpython-312/mmcv/cnn/bricks/conv_ws.py -> build/bdist.linux-x86_64/wheel/./mmcv/cnn/bricks
copying build/lib.linux-x86_64-cpython-312/mmcv/cnn/bricks/depthwise_separable_conv_module.py -> build/bdist.linux-x86_64/wheel/./mmcv/cnn/bricks
copying build/lib.linux-x86_64-cpython-312/mmcv/cnn/bricks/drop.py -> build/bdist.linux-x86_64/wheel/./mmcv/cnn/bricks
copying build/lib.linux-x86_64-cpython-312/mmcv/cnn/bricks/generalized_attention.py -> build/bdist.linux-x86_64/wheel/./mmcv/cnn/bricks
copying build/lib.linux-x86_64-cpython-312/mmcv/cnn/bricks/hsigmoid.py -> build/bdist.linux-x86_64/wheel/./mmcv/cnn/bricks
copying build/lib.linux-x86_64-cpython-312/mmcv/cnn/bricks/hswish.py -> build/bdist.linux-x86_64/wheel/./mmcv/cnn/bricks
copying build/lib.linux-x86_64-cpython-312/mmcv/cnn/bricks/non_local.py -> build/bdist.linux-x86_64/wheel/./mmcv/cnn/bricks
copying build/lib.linux-x86_64-cpython-312/mmcv/cnn/bricks/norm.py -> build/bdist.linux-x86_64/wheel/./mmcv/cnn/bricks
copying build/lib.linux-x86_64-cpython-312/mmcv/cnn/bricks/padding.py -> build/bdist.linux-x86_64/wheel/./mmcv/cnn/bricks
copying build/lib.linux-x86_64-cpython-312/mmcv/cnn/bricks/plugin.py -> build/bdist.linux-x86_64/wheel/./mmcv/cnn/bricks
copying build/lib.linux-x86_64-cpython-312/mmcv/cnn/bricks/registry.py -> build/bdist.linux-x86_64/wheel/./mmcv/cnn/bricks
copying build/lib.linux-x86_64-cpython-312/mmcv/cnn/bricks/scale.py -> build/bdist.linux-x86_64/wheel/./mmcv/cnn/bricks
copying build/lib.linux-x86_64-cpython-312/mmcv/cnn/bricks/swish.py -> build/bdist.linux-x86_64/wheel/./mmcv/cnn/bricks
copying build/lib.linux-x86_64-cpython-312/mmcv/cnn/bricks/transformer.py -> build/bdist.linux-x86_64/wheel/./mmcv/cnn/bricks
copying build/lib.linux-x86_64-cpython-312/mmcv/cnn/bricks/upsample.py -> build/bdist.linux-x86_64/wheel/./mmcv/cnn/bricks
copying build/lib.linux-x86_64-cpython-312/mmcv/cnn/bricks/wrappers.py -> build/bdist.linux-x86_64/wheel/./mmcv/cnn/bricks
creating build/bdist.linux-x86_64/wheel/mmcv/cnn/rfsearch
copying build/lib.linux-x86_64-cpython-312/mmcv/cnn/rfsearch/__init__.py -> build/bdist.linux-x86_64/wheel/./mmcv/cnn/rfsearch
copying build/lib.linux-x86_64-cpython-312/mmcv/cnn/rfsearch/operator.py -> build/bdist.linux-x86_64/wheel/./mmcv/cnn/rfsearch
copying build/lib.linux-x86_64-cpython-312/mmcv/cnn/rfsearch/search.py -> build/bdist.linux-x86_64/wheel/./mmcv/cnn/rfsearch
copying build/lib.linux-x86_64-cpython-312/mmcv/cnn/rfsearch/utils.py -> build/bdist.linux-x86_64/wheel/./mmcv/cnn/rfsearch
creating build/bdist.linux-x86_64/wheel/mmcv/cnn/utils
copying build/lib.linux-x86_64-cpython-312/mmcv/cnn/utils/__init__.py -> build/bdist.linux-x86_64/wheel/./mmcv/cnn/utils
copying build/lib.linux-x86_64-cpython-312/mmcv/cnn/utils/flops_counter.py -> build/bdist.linux-x86_64/wheel/./mmcv/cnn/utils
copying build/lib.linux-x86_64-cpython-312/mmcv/cnn/utils/fuse_conv_bn.py -> build/bdist.linux-x86_64/wheel/./mmcv/cnn/utils
copying build/lib.linux-x86_64-cpython-312/mmcv/cnn/utils/sync_bn.py -> build/bdist.linux-x86_64/wheel/./mmcv/cnn/utils
copying build/lib.linux-x86_64-cpython-312/mmcv/cnn/utils/weight_init.py -> build/bdist.linux-x86_64/wheel/./mmcv/cnn/utils
creating build/bdist.linux-x86_64/wheel/mmcv/device
copying build/lib.linux-x86_64-cpython-312/mmcv/device/__init__.py -> build/bdist.linux-x86_64/wheel/./mmcv/device
copying build/lib.linux-x86_64-cpython-312/mmcv/device/_functions.py -> build/bdist.linux-x86_64/wheel/./mmcv/device
copying build/lib.linux-x86_64-cpython-312/mmcv/device/scatter_gather.py -> build/bdist.linux-x86_64/wheel/./mmcv/device
copying build/lib.linux-x86_64-cpython-312/mmcv/device/utils.py -> build/bdist.linux-x86_64/wheel/./mmcv/device
creating build/bdist.linux-x86_64/wheel/mmcv/device/ipu
copying build/lib.linux-x86_64-cpython-312/mmcv/device/ipu/__init__.py -> build/bdist.linux-x86_64/wheel/./mmcv/device/ipu
copying build/lib.linux-x86_64-cpython-312/mmcv/device/ipu/dataloader.py -> build/bdist.linux-x86_64/wheel/./mmcv/device/ipu
copying build/lib.linux-x86_64-cpython-312/mmcv/device/ipu/hierarchical_data_manager.py -> build/bdist.linux-x86_64/wheel/./mmcv/device/ipu
copying build/lib.linux-x86_64-cpython-312/mmcv/device/ipu/hook_wrapper.py -> build/bdist.linux-x86_64/wheel/./mmcv/device/ipu
copying build/lib.linux-x86_64-cpython-312/mmcv/device/ipu/model_wrapper.py -> build/bdist.linux-x86_64/wheel/./mmcv/device/ipu
copying build/lib.linux-x86_64-cpython-312/mmcv/device/ipu/runner.py -> build/bdist.linux-x86_64/wheel/./mmcv/device/ipu
copying build/lib.linux-x86_64-cpython-312/mmcv/device/ipu/utils.py -> build/bdist.linux-x86_64/wheel/./mmcv/device/ipu
creating build/bdist.linux-x86_64/wheel/mmcv/device/mlu
copying build/lib.linux-x86_64-cpython-312/mmcv/device/mlu/__init__.py -> build/bdist.linux-x86_64/wheel/./mmcv/device/mlu
copying build/lib.linux-x86_64-cpython-312/mmcv/device/mlu/_functions.py -> build/bdist.linux-x86_64/wheel/./mmcv/device/mlu
copying build/lib.linux-x86_64-cpython-312/mmcv/device/mlu/data_parallel.py -> build/bdist.linux-x86_64/wheel/./mmcv/device/mlu
copying build/lib.linux-x86_64-cpython-312/mmcv/device/mlu/distributed.py -> build/bdist.linux-x86_64/wheel/./mmcv/device/mlu
copying build/lib.linux-x86_64-cpython-312/mmcv/device/mlu/scatter_gather.py -> build/bdist.linux-x86_64/wheel/./mmcv/device/mlu
creating build/bdist.linux-x86_64/wheel/mmcv/device/mps
copying build/lib.linux-x86_64-cpython-312/mmcv/device/mps/__init__.py -> build/bdist.linux-x86_64/wheel/./mmcv/device/mps
copying build/lib.linux-x86_64-cpython-312/mmcv/device/mps/data_parallel.py -> build/bdist.linux-x86_64/wheel/./mmcv/device/mps
creating build/bdist.linux-x86_64/wheel/mmcv/device/npu
copying build/lib.linux-x86_64-cpython-312/mmcv/device/npu/__init__.py -> build/bdist.linux-x86_64/wheel/./mmcv/device/npu
copying build/lib.linux-x86_64-cpython-312/mmcv/device/npu/data_parallel.py -> build/bdist.linux-x86_64/wheel/./mmcv/device/npu
copying build/lib.linux-x86_64-cpython-312/mmcv/device/npu/distributed.py -> build/bdist.linux-x86_64/wheel/./mmcv/device/npu
creating build/bdist.linux-x86_64/wheel/mmcv/engine
copying build/lib.linux-x86_64-cpython-312/mmcv/engine/__init__.py -> build/bdist.linux-x86_64/wheel/./mmcv/engine
copying build/lib.linux-x86_64-cpython-312/mmcv/engine/test.py -> build/bdist.linux-x86_64/wheel/./mmcv/engine
creating build/bdist.linux-x86_64/wheel/mmcv/fileio
copying build/lib.linux-x86_64-cpython-312/mmcv/fileio/__init__.py -> build/bdist.linux-x86_64/wheel/./mmcv/fileio
copying build/lib.linux-x86_64-cpython-312/mmcv/fileio/file_client.py -> build/bdist.linux-x86_64/wheel/./mmcv/fileio
copying build/lib.linux-x86_64-cpython-312/mmcv/fileio/io.py -> build/bdist.linux-x86_64/wheel/./mmcv/fileio
copying build/lib.linux-x86_64-cpython-312/mmcv/fileio/parse.py -> build/bdist.linux-x86_64/wheel/./mmcv/fileio
creating build/bdist.linux-x86_64/wheel/mmcv/fileio/handlers
copying build/lib.linux-x86_64-cpython-312/mmcv/fileio/handlers/__init__.py -> build/bdist.linux-x86_64/wheel/./mmcv/fileio/handlers
copying build/lib.linux-x86_64-cpython-312/mmcv/fileio/handlers/base.py -> build/bdist.linux-x86_64/wheel/./mmcv/fileio/handlers
copying build/lib.linux-x86_64-cpython-312/mmcv/fileio/handlers/json_handler.py -> build/bdist.linux-x86_64/wheel/./mmcv/fileio/handlers
copying build/lib.linux-x86_64-cpython-312/mmcv/fileio/handlers/pickle_handler.py -> build/bdist.linux-x86_64/wheel/./mmcv/fileio/handlers
copying build/lib.linux-x86_64-cpython-312/mmcv/fileio/handlers/yaml_handler.py -> build/bdist.linux-x86_64/wheel/./mmcv/fileio/handlers
creating build/bdist.linux-x86_64/wheel/mmcv/image
copying build/lib.linux-x86_64-cpython-312/mmcv/image/__init__.py -> build/bdist.linux-x86_64/wheel/./mmcv/image
copying build/lib.linux-x86_64-cpython-312/mmcv/image/colorspace.py -> build/bdist.linux-x86_64/wheel/./mmcv/image
copying build/lib.linux-x86_64-cpython-312/mmcv/image/geometric.py -> build/bdist.linux-x86_64/wheel/./mmcv/image
copying build/lib.linux-x86_64-cpython-312/mmcv/image/io.py -> build/bdist.linux-x86_64/wheel/./mmcv/image
copying build/lib.linux-x86_64-cpython-312/mmcv/image/misc.py -> build/bdist.linux-x86_64/wheel/./mmcv/image
copying build/lib.linux-x86_64-cpython-312/mmcv/image/photometric.py -> build/bdist.linux-x86_64/wheel/./mmcv/image
creating build/bdist.linux-x86_64/wheel/mmcv/onnx
copying build/lib.linux-x86_64-cpython-312/mmcv/onnx/__init__.py -> build/bdist.linux-x86_64/wheel/./mmcv/onnx
copying build/lib.linux-x86_64-cpython-312/mmcv/onnx/info.py -> build/bdist.linux-x86_64/wheel/./mmcv/onnx
copying build/lib.linux-x86_64-cpython-312/mmcv/onnx/symbolic.py -> build/bdist.linux-x86_64/wheel/./mmcv/onnx
creating build/bdist.linux-x86_64/wheel/mmcv/onnx/onnx_utils
copying build/lib.linux-x86_64-cpython-312/mmcv/onnx/onnx_utils/__init__.py -> build/bdist.linux-x86_64/wheel/./mmcv/onnx/onnx_utils
copying build/lib.linux-x86_64-cpython-312/mmcv/onnx/onnx_utils/symbolic_helper.py -> build/bdist.linux-x86_64/wheel/./mmcv/onnx/onnx_utils
creating build/bdist.linux-x86_64/wheel/mmcv/ops
copying build/lib.linux-x86_64-cpython-312/mmcv/ops/__init__.py -> build/bdist.linux-x86_64/wheel/./mmcv/ops
copying build/lib.linux-x86_64-cpython-312/mmcv/ops/active_rotated_filter.py -> build/bdist.linux-x86_64/wheel/./mmcv/ops
copying build/lib.linux-x86_64-cpython-312/mmcv/ops/assign_score_withk.py -> build/bdist.linux-x86_64/wheel/./mmcv/ops
copying build/lib.linux-x86_64-cpython-312/mmcv/ops/ball_query.py -> build/bdist.linux-x86_64/wheel/./mmcv/ops
copying build/lib.linux-x86_64-cpython-312/mmcv/ops/bbox.py -> build/bdist.linux-x86_64/wheel/./mmcv/ops
copying build/lib.linux-x86_64-cpython-312/mmcv/ops/border_align.py -> build/bdist.linux-x86_64/wheel/./mmcv/ops
copying build/lib.linux-x86_64-cpython-312/mmcv/ops/box_iou_quadri.py -> build/bdist.linux-x86_64/wheel/./mmcv/ops
copying build/lib.linux-x86_64-cpython-312/mmcv/ops/box_iou_rotated.py -> build/bdist.linux-x86_64/wheel/./mmcv/ops
copying build/lib.linux-x86_64-cpython-312/mmcv/ops/carafe.py -> build/bdist.linux-x86_64/wheel/./mmcv/ops
copying build/lib.linux-x86_64-cpython-312/mmcv/ops/cc_attention.py -> build/bdist.linux-x86_64/wheel/./mmcv/ops
copying build/lib.linux-x86_64-cpython-312/mmcv/ops/chamfer_distance.py -> build/bdist.linux-x86_64/wheel/./mmcv/ops
copying build/lib.linux-x86_64-cpython-312/mmcv/ops/contour_expand.py -> build/bdist.linux-x86_64/wheel/./mmcv/ops
copying build/lib.linux-x86_64-cpython-312/mmcv/ops/convex_iou.py -> build/bdist.linux-x86_64/wheel/./mmcv/ops
copying build/lib.linux-x86_64-cpython-312/mmcv/ops/corner_pool.py -> build/bdist.linux-x86_64/wheel/./mmcv/ops
copying build/lib.linux-x86_64-cpython-312/mmcv/ops/correlation.py -> build/bdist.linux-x86_64/wheel/./mmcv/ops
copying build/lib.linux-x86_64-cpython-312/mmcv/ops/deform_conv.py -> build/bdist.linux-x86_64/wheel/./mmcv/ops
copying build/lib.linux-x86_64-cpython-312/mmcv/ops/deform_roi_pool.py -> build/bdist.linux-x86_64/wheel/./mmcv/ops
copying build/lib.linux-x86_64-cpython-312/mmcv/ops/deprecated_wrappers.py -> build/bdist.linux-x86_64/wheel/./mmcv/ops
copying build/lib.linux-x86_64-cpython-312/mmcv/ops/diff_iou_rotated.py -> build/bdist.linux-x86_64/wheel/./mmcv/ops
copying build/lib.linux-x86_64-cpython-312/mmcv/ops/focal_loss.py -> build/bdist.linux-x86_64/wheel/./mmcv/ops
copying build/lib.linux-x86_64-cpython-312/mmcv/ops/furthest_point_sample.py -> build/bdist.linux-x86_64/wheel/./mmcv/ops
copying build/lib.linux-x86_64-cpython-312/mmcv/ops/fused_bias_leakyrelu.py -> build/bdist.linux-x86_64/wheel/./mmcv/ops
copying build/lib.linux-x86_64-cpython-312/mmcv/ops/gather_points.py -> build/bdist.linux-x86_64/wheel/./mmcv/ops
copying build/lib.linux-x86_64-cpython-312/mmcv/ops/group_points.py -> build/bdist.linux-x86_64/wheel/./mmcv/ops
copying build/lib.linux-x86_64-cpython-312/mmcv/ops/info.py -> build/bdist.linux-x86_64/wheel/./mmcv/ops
copying build/lib.linux-x86_64-cpython-312/mmcv/ops/iou3d.py -> build/bdist.linux-x86_64/wheel/./mmcv/ops
copying build/lib.linux-x86_64-cpython-312/mmcv/ops/knn.py -> build/bdist.linux-x86_64/wheel/./mmcv/ops
copying build/lib.linux-x86_64-cpython-312/mmcv/ops/masked_conv.py -> build/bdist.linux-x86_64/wheel/./mmcv/ops
copying build/lib.linux-x86_64-cpython-312/mmcv/ops/merge_cells.py -> build/bdist.linux-x86_64/wheel/./mmcv/ops
copying build/lib.linux-x86_64-cpython-312/mmcv/ops/min_area_polygons.py -> build/bdist.linux-x86_64/wheel/./mmcv/ops
copying build/lib.linux-x86_64-cpython-312/mmcv/ops/modulated_deform_conv.py -> build/bdist.linux-x86_64/wheel/./mmcv/ops
copying build/lib.linux-x86_64-cpython-312/mmcv/ops/multi_scale_deform_attn.py -> build/bdist.linux-x86_64/wheel/./mmcv/ops
copying build/lib.linux-x86_64-cpython-312/mmcv/ops/nms.py -> build/bdist.linux-x86_64/wheel/./mmcv/ops
copying build/lib.linux-x86_64-cpython-312/mmcv/ops/pixel_group.py -> build/bdist.linux-x86_64/wheel/./mmcv/ops
copying build/lib.linux-x86_64-cpython-312/mmcv/ops/point_sample.py -> build/bdist.linux-x86_64/wheel/./mmcv/ops
copying build/lib.linux-x86_64-cpython-312/mmcv/ops/points_in_boxes.py -> build/bdist.linux-x86_64/wheel/./mmcv/ops
copying build/lib.linux-x86_64-cpython-312/mmcv/ops/points_in_polygons.py -> build/bdist.linux-x86_64/wheel/./mmcv/ops
copying build/lib.linux-x86_64-cpython-312/mmcv/ops/points_sampler.py -> build/bdist.linux-x86_64/wheel/./mmcv/ops
copying build/lib.linux-x86_64-cpython-312/mmcv/ops/prroi_pool.py -> build/bdist.linux-x86_64/wheel/./mmcv/ops
copying build/lib.linux-x86_64-cpython-312/mmcv/ops/psa_mask.py -> build/bdist.linux-x86_64/wheel/./mmcv/ops
copying build/lib.linux-x86_64-cpython-312/mmcv/ops/riroi_align_rotated.py -> build/bdist.linux-x86_64/wheel/./mmcv/ops
copying build/lib.linux-x86_64-cpython-312/mmcv/ops/roi_align.py -> build/bdist.linux-x86_64/wheel/./mmcv/ops
copying build/lib.linux-x86_64-cpython-312/mmcv/ops/roi_align_rotated.py -> build/bdist.linux-x86_64/wheel/./mmcv/ops
copying build/lib.linux-x86_64-cpython-312/mmcv/ops/roi_pool.py -> build/bdist.linux-x86_64/wheel/./mmcv/ops
copying build/lib.linux-x86_64-cpython-312/mmcv/ops/roiaware_pool3d.py -> build/bdist.linux-x86_64/wheel/./mmcv/ops
copying build/lib.linux-x86_64-cpython-312/mmcv/ops/roipoint_pool3d.py -> build/bdist.linux-x86_64/wheel/./mmcv/ops
copying build/lib.linux-x86_64-cpython-312/mmcv/ops/rotated_feature_align.py -> build/bdist.linux-x86_64/wheel/./mmcv/ops
copying build/lib.linux-x86_64-cpython-312/mmcv/ops/saconv.py -> build/bdist.linux-x86_64/wheel/./mmcv/ops
copying build/lib.linux-x86_64-cpython-312/mmcv/ops/scatter_points.py -> build/bdist.linux-x86_64/wheel/./mmcv/ops
copying build/lib.linux-x86_64-cpython-312/mmcv/ops/sparse_conv.py -> build/bdist.linux-x86_64/wheel/./mmcv/ops
copying build/lib.linux-x86_64-cpython-312/mmcv/ops/sparse_functional.py -> build/bdist.linux-x86_64/wheel/./mmcv/ops
copying build/lib.linux-x86_64-cpython-312/mmcv/ops/sparse_modules.py -> build/bdist.linux-x86_64/wheel/./mmcv/ops
copying build/lib.linux-x86_64-cpython-312/mmcv/ops/sparse_ops.py -> build/bdist.linux-x86_64/wheel/./mmcv/ops
copying build/lib.linux-x86_64-cpython-312/mmcv/ops/sparse_pool.py -> build/bdist.linux-x86_64/wheel/./mmcv/ops
copying build/lib.linux-x86_64-cpython-312/mmcv/ops/sparse_structure.py -> build/bdist.linux-x86_64/wheel/./mmcv/ops
copying build/lib.linux-x86_64-cpython-312/mmcv/ops/sync_bn.py -> build/bdist.linux-x86_64/wheel/./mmcv/ops
copying build/lib.linux-x86_64-cpython-312/mmcv/ops/three_interpolate.py -> build/bdist.linux-x86_64/wheel/./mmcv/ops
copying build/lib.linux-x86_64-cpython-312/mmcv/ops/three_nn.py -> build/bdist.linux-x86_64/wheel/./mmcv/ops
copying build/lib.linux-x86_64-cpython-312/mmcv/ops/tin_shift.py -> build/bdist.linux-x86_64/wheel/./mmcv/ops
copying build/lib.linux-x86_64-cpython-312/mmcv/ops/upfirdn2d.py -> build/bdist.linux-x86_64/wheel/./mmcv/ops
copying build/lib.linux-x86_64-cpython-312/mmcv/ops/voxelize.py -> build/bdist.linux-x86_64/wheel/./mmcv/ops
creating build/bdist.linux-x86_64/wheel/mmcv/ops/csrc
creating build/bdist.linux-x86_64/wheel/mmcv/ops/csrc/common
copying build/lib.linux-x86_64-cpython-312/mmcv/ops/csrc/common/box_iou_rotated_utils.hpp -> build/bdist.linux-x86_64/wheel/./mmcv/ops/csrc/common
copying build/lib.linux-x86_64-cpython-312/mmcv/ops/csrc/common/parrots_cpp_helper.hpp -> build/bdist.linux-x86_64/wheel/./mmcv/ops/csrc/common
copying build/lib.linux-x86_64-cpython-312/mmcv/ops/csrc/common/parrots_cuda_helper.hpp -> build/bdist.linux-x86_64/wheel/./mmcv/ops/csrc/common
copying build/lib.linux-x86_64-cpython-312/mmcv/ops/csrc/common/pytorch_cpp_helper.hpp -> build/bdist.linux-x86_64/wheel/./mmcv/ops/csrc/common
copying build/lib.linux-x86_64-cpython-312/mmcv/ops/csrc/common/pytorch_cuda_helper.hpp -> build/bdist.linux-x86_64/wheel/./mmcv/ops/csrc/common
copying build/lib.linux-x86_64-cpython-312/mmcv/ops/csrc/common/pytorch_device_registry.hpp -> build/bdist.linux-x86_64/wheel/./mmcv/ops/csrc/common
copying build/lib.linux-x86_64-cpython-312/mmcv/ops/csrc/common/pytorch_mlu_helper.hpp -> build/bdist.linux-x86_64/wheel/./mmcv/ops/csrc/common
copying build/lib.linux-x86_64-cpython-312/mmcv/ops/csrc/common/pytorch_npu_helper.hpp -> build/bdist.linux-x86_64/wheel/./mmcv/ops/csrc/common
creating build/bdist.linux-x86_64/wheel/mmcv/ops/csrc/common/cuda
copying build/lib.linux-x86_64-cpython-312/mmcv/ops/csrc/common/cuda/active_rotated_filter_cuda_kernel.cuh -> build/bdist.linux-x86_64/wheel/./mmcv/ops/csrc/common/cuda
copying build/lib.linux-x86_64-cpython-312/mmcv/ops/csrc/common/cuda/assign_score_withk_cuda_kernel.cuh -> build/bdist.linux-x86_64/wheel/./mmcv/ops/csrc/common/cuda
copying build/lib.linux-x86_64-cpython-312/mmcv/ops/csrc/common/cuda/ball_query_cuda_kernel.cuh -> build/bdist.linux-x86_64/wheel/./mmcv/ops/csrc/common/cuda
copying build/lib.linux-x86_64-cpython-312/mmcv/ops/csrc/common/cuda/bbox_overlaps_cuda_kernel.cuh -> build/bdist.linux-x86_64/wheel/./mmcv/ops/csrc/common/cuda
copying build/lib.linux-x86_64-cpython-312/mmcv/ops/csrc/common/cuda/border_align_cuda_kernel.cuh -> build/bdist.linux-x86_64/wheel/./mmcv/ops/csrc/common/cuda
copying build/lib.linux-x86_64-cpython-312/mmcv/ops/csrc/common/cuda/box_iou_quadri_cuda.cuh -> build/bdist.linux-x86_64/wheel/./mmcv/ops/csrc/common/cuda
copying build/lib.linux-x86_64-cpython-312/mmcv/ops/csrc/common/cuda/box_iou_rotated_cuda.cuh -> build/bdist.linux-x86_64/wheel/./mmcv/ops/csrc/common/cuda
copying build/lib.linux-x86_64-cpython-312/mmcv/ops/csrc/common/cuda/carafe_cuda_kernel.cuh -> build/bdist.linux-x86_64/wheel/./mmcv/ops/csrc/common/cuda
copying build/lib.linux-x86_64-cpython-312/mmcv/ops/csrc/common/cuda/carafe_naive_cuda_kernel.cuh -> build/bdist.linux-x86_64/wheel/./mmcv/ops/csrc/common/cuda
copying build/lib.linux-x86_64-cpython-312/mmcv/ops/csrc/common/cuda/chamfer_distance_cuda_kernel.cuh -> build/bdist.linux-x86_64/wheel/./mmcv/ops/csrc/common/cuda
copying build/lib.linux-x86_64-cpython-312/mmcv/ops/csrc/common/cuda/common_cuda_helper.hpp -> build/bdist.linux-x86_64/wheel/./mmcv/ops/csrc/common/cuda
copying build/lib.linux-x86_64-cpython-312/mmcv/ops/csrc/common/cuda/convex_iou_cuda_kernel.cuh -> build/bdist.linux-x86_64/wheel/./mmcv/ops/csrc/common/cuda
copying build/lib.linux-x86_64-cpython-312/mmcv/ops/csrc/common/cuda/correlation_cuda.cuh -> build/bdist.linux-x86_64/wheel/./mmcv/ops/csrc/common/cuda
copying build/lib.linux-x86_64-cpython-312/mmcv/ops/csrc/common/cuda/deform_conv_cuda_kernel.cuh -> build/bdist.linux-x86_64/wheel/./mmcv/ops/csrc/common/cuda
copying build/lib.linux-x86_64-cpython-312/mmcv/ops/csrc/common/cuda/deform_roi_pool_cuda_kernel.cuh -> build/bdist.linux-x86_64/wheel/./mmcv/ops/csrc/common/cuda
copying build/lib.linux-x86_64-cpython-312/mmcv/ops/csrc/common/cuda/diff_iou_rotated_cuda_kernel.cuh -> build/bdist.linux-x86_64/wheel/./mmcv/ops/csrc/common/cuda
copying build/lib.linux-x86_64-cpython-312/mmcv/ops/csrc/common/cuda/furthest_point_sample_cuda_kernel.cuh -> build/bdist.linux-x86_64/wheel/./mmcv/ops/csrc/common/cuda
copying build/lib.linux-x86_64-cpython-312/mmcv/ops/csrc/common/cuda/gather_points_cuda_kernel.cuh -> build/bdist.linux-x86_64/wheel/./mmcv/ops/csrc/common/cuda
copying build/lib.linux-x86_64-cpython-312/mmcv/ops/csrc/common/cuda/group_points_cuda_kernel.cuh -> build/bdist.linux-x86_64/wheel/./mmcv/ops/csrc/common/cuda
copying build/lib.linux-x86_64-cpython-312/mmcv/ops/csrc/common/cuda/iou3d_cuda_kernel.cuh -> build/bdist.linux-x86_64/wheel/./mmcv/ops/csrc/common/cuda
copying build/lib.linux-x86_64-cpython-312/mmcv/ops/csrc/common/cuda/knn_cuda_kernel.cuh -> build/bdist.linux-x86_64/wheel/./mmcv/ops/csrc/common/cuda
copying build/lib.linux-x86_64-cpython-312/mmcv/ops/csrc/common/cuda/masked_conv2d_cuda_kernel.cuh -> build/bdist.linux-x86_64/wheel/./mmcv/ops/csrc/common/cuda
copying build/lib.linux-x86_64-cpython-312/mmcv/ops/csrc/common/cuda/min_area_polygons_cuda.cuh -> build/bdist.linux-x86_64/wheel/./mmcv/ops/csrc/common/cuda
copying build/lib.linux-x86_64-cpython-312/mmcv/ops/csrc/common/cuda/modulated_deform_conv_cuda_kernel.cuh -> build/bdist.linux-x86_64/wheel/./mmcv/ops/csrc/common/cuda
copying build/lib.linux-x86_64-cpython-312/mmcv/ops/csrc/common/cuda/ms_deform_attn_cuda_kernel.cuh -> build/bdist.linux-x86_64/wheel/./mmcv/ops/csrc/common/cuda
copying build/lib.linux-x86_64-cpython-312/mmcv/ops/csrc/common/cuda/nms_cuda_kernel.cuh -> build/bdist.linux-x86_64/wheel/./mmcv/ops/csrc/common/cuda
copying build/lib.linux-x86_64-cpython-312/mmcv/ops/csrc/common/cuda/nms_quadri_cuda.cuh -> build/bdist.linux-x86_64/wheel/./mmcv/ops/csrc/common/cuda
copying build/lib.linux-x86_64-cpython-312/mmcv/ops/csrc/common/cuda/nms_rotated_cuda.cuh -> build/bdist.linux-x86_64/wheel/./mmcv/ops/csrc/common/cuda
copying build/lib.linux-x86_64-cpython-312/mmcv/ops/csrc/common/cuda/parrots_cudawarpfunction.cuh -> build/bdist.linux-x86_64/wheel/./mmcv/ops/csrc/common/cuda
copying build/lib.linux-x86_64-cpython-312/mmcv/ops/csrc/common/cuda/points_in_boxes_cuda_kernel.cuh -> build/bdist.linux-x86_64/wheel/./mmcv/ops/csrc/common/cuda
copying build/lib.linux-x86_64-cpython-312/mmcv/ops/csrc/common/cuda/points_in_polygons_cuda_kernel.cuh -> build/bdist.linux-x86_64/wheel/./mmcv/ops/csrc/common/cuda
copying build/lib.linux-x86_64-cpython-312/mmcv/ops/csrc/common/cuda/prroi_pool_cuda_kernel.cuh -> build/bdist.linux-x86_64/wheel/./mmcv/ops/csrc/common/cuda
copying build/lib.linux-x86_64-cpython-312/mmcv/ops/csrc/common/cuda/psamask_cuda_kernel.cuh -> build/bdist.linux-x86_64/wheel/./mmcv/ops/csrc/common/cuda
copying build/lib.linux-x86_64-cpython-312/mmcv/ops/csrc/common/cuda/riroi_align_rotated_cuda_kernel.cuh -> build/bdist.linux-x86_64/wheel/./mmcv/ops/csrc/common/cuda
copying build/lib.linux-x86_64-cpython-312/mmcv/ops/csrc/common/cuda/roi_align_cuda_kernel.cuh -> build/bdist.linux-x86_64/wheel/./mmcv/ops/csrc/common/cuda
copying build/lib.linux-x86_64-cpython-312/mmcv/ops/csrc/common/cuda/roi_align_rotated_cuda_kernel.cuh -> build/bdist.linux-x86_64/wheel/./mmcv/ops/csrc/common/cuda
copying build/lib.linux-x86_64-cpython-312/mmcv/ops/csrc/common/cuda/roi_pool_cuda_kernel.cuh -> build/bdist.linux-x86_64/wheel/./mmcv/ops/csrc/common/cuda
copying build/lib.linux-x86_64-cpython-312/mmcv/ops/csrc/common/cuda/roiaware_pool3d_cuda_kernel.cuh -> build/bdist.linux-x86_64/wheel/./mmcv/ops/csrc/common/cuda
copying build/lib.linux-x86_64-cpython-312/mmcv/ops/csrc/common/cuda/roipoint_pool3d_cuda_kernel.cuh -> build/bdist.linux-x86_64/wheel/./mmcv/ops/csrc/common/cuda
copying build/lib.linux-x86_64-cpython-312/mmcv/ops/csrc/common/cuda/rotated_feature_align_cuda_kernel.cuh -> build/bdist.linux-x86_64/wheel/./mmcv/ops/csrc/common/cuda
copying build/lib.linux-x86_64-cpython-312/mmcv/ops/csrc/common/cuda/scatter_points_cuda_kernel.cuh -> build/bdist.linux-x86_64/wheel/./mmcv/ops/csrc/common/cuda
copying build/lib.linux-x86_64-cpython-312/mmcv/ops/csrc/common/cuda/sigmoid_focal_loss_cuda_kernel.cuh -> build/bdist.linux-x86_64/wheel/./mmcv/ops/csrc/common/cuda
copying build/lib.linux-x86_64-cpython-312/mmcv/ops/csrc/common/cuda/softmax_focal_loss_cuda_kernel.cuh -> build/bdist.linux-x86_64/wheel/./mmcv/ops/csrc/common/cuda
copying build/lib.linux-x86_64-cpython-312/mmcv/ops/csrc/common/cuda/stack_ball_query_cuda_kernel.cuh -> build/bdist.linux-x86_64/wheel/./mmcv/ops/csrc/common/cuda
copying build/lib.linux-x86_64-cpython-312/mmcv/ops/csrc/common/cuda/stack_group_points_cuda_kernel.cuh -> build/bdist.linux-x86_64/wheel/./mmcv/ops/csrc/common/cuda
copying build/lib.linux-x86_64-cpython-312/mmcv/ops/csrc/common/cuda/sync_bn_cuda_kernel.cuh -> build/bdist.linux-x86_64/wheel/./mmcv/ops/csrc/common/cuda
copying build/lib.linux-x86_64-cpython-312/mmcv/ops/csrc/common/cuda/three_interpolate_cuda_kernel.cuh -> build/bdist.linux-x86_64/wheel/./mmcv/ops/csrc/common/cuda
copying build/lib.linux-x86_64-cpython-312/mmcv/ops/csrc/common/cuda/three_nn_cuda_kernel.cuh -> build/bdist.linux-x86_64/wheel/./mmcv/ops/csrc/common/cuda
copying build/lib.linux-x86_64-cpython-312/mmcv/ops/csrc/common/cuda/tin_shift_cuda_kernel.cuh -> build/bdist.linux-x86_64/wheel/./mmcv/ops/csrc/common/cuda
copying build/lib.linux-x86_64-cpython-312/mmcv/ops/csrc/common/cuda/voxelization_cuda_kernel.cuh -> build/bdist.linux-x86_64/wheel/./mmcv/ops/csrc/common/cuda
creating build/bdist.linux-x86_64/wheel/mmcv/ops/csrc/common/cuda/spconv
copying build/lib.linux-x86_64-cpython-312/mmcv/ops/csrc/common/cuda/spconv/indice.cuh -> build/bdist.linux-x86_64/wheel/./mmcv/ops/csrc/common/cuda/spconv
copying build/lib.linux-x86_64-cpython-312/mmcv/ops/csrc/common/cuda/spconv/reordering.cuh -> build/bdist.linux-x86_64/wheel/./mmcv/ops/csrc/common/cuda/spconv
creating build/bdist.linux-x86_64/wheel/mmcv/ops/csrc/common/mlu
copying build/lib.linux-x86_64-cpython-312/mmcv/ops/csrc/common/mlu/common_mlu_helper.hpp -> build/bdist.linux-x86_64/wheel/./mmcv/ops/csrc/common/mlu
creating build/bdist.linux-x86_64/wheel/mmcv/ops/csrc/common/mps
copying build/lib.linux-x86_64-cpython-312/mmcv/ops/csrc/common/mps/MPSDevice.h -> build/bdist.linux-x86_64/wheel/./mmcv/ops/csrc/common/mps
copying build/lib.linux-x86_64-cpython-312/mmcv/ops/csrc/common/mps/MPSLibrary.h -> build/bdist.linux-x86_64/wheel/./mmcv/ops/csrc/common/mps
copying build/lib.linux-x86_64-cpython-312/mmcv/ops/csrc/common/mps/MPSLibrary.mm -> build/bdist.linux-x86_64/wheel/./mmcv/ops/csrc/common/mps
copying build/lib.linux-x86_64-cpython-312/mmcv/ops/csrc/common/mps/MPSStream.h -> build/bdist.linux-x86_64/wheel/./mmcv/ops/csrc/common/mps
copying build/lib.linux-x86_64-cpython-312/mmcv/ops/csrc/common/mps/MPSUtils.h -> build/bdist.linux-x86_64/wheel/./mmcv/ops/csrc/common/mps
creating build/bdist.linux-x86_64/wheel/mmcv/ops/csrc/common/utils
creating build/bdist.linux-x86_64/wheel/mmcv/ops/csrc/common/utils/spconv
copying build/lib.linux-x86_64-cpython-312/mmcv/ops/csrc/common/utils/spconv/paramsgrid.h -> build/bdist.linux-x86_64/wheel/./mmcv/ops/csrc/common/utils/spconv
copying build/lib.linux-x86_64-cpython-312/mmcv/ops/csrc/common/utils/spconv/prettyprint.h -> build/bdist.linux-x86_64/wheel/./mmcv/ops/csrc/common/utils/spconv
copying build/lib.linux-x86_64-cpython-312/mmcv/ops/csrc/common/utils/spconv/pybind11_utils.h -> build/bdist.linux-x86_64/wheel/./mmcv/ops/csrc/common/utils/spconv
creating build/bdist.linux-x86_64/wheel/mmcv/ops/csrc/common/utils/spconv/spconv
copying build/lib.linux-x86_64-cpython-312/mmcv/ops/csrc/common/utils/spconv/spconv/geometry.h -> build/bdist.linux-x86_64/wheel/./mmcv/ops/csrc/common/utils/spconv/spconv
copying build/lib.linux-x86_64-cpython-312/mmcv/ops/csrc/common/utils/spconv/spconv/indice.h -> build/bdist.linux-x86_64/wheel/./mmcv/ops/csrc/common/utils/spconv/spconv
copying build/lib.linux-x86_64-cpython-312/mmcv/ops/csrc/common/utils/spconv/spconv/maxpool.h -> build/bdist.linux-x86_64/wheel/./mmcv/ops/csrc/common/utils/spconv/spconv
copying build/lib.linux-x86_64-cpython-312/mmcv/ops/csrc/common/utils/spconv/spconv/mp_helper.h -> build/bdist.linux-x86_64/wheel/./mmcv/ops/csrc/common/utils/spconv/spconv
copying build/lib.linux-x86_64-cpython-312/mmcv/ops/csrc/common/utils/spconv/spconv/point2voxel.h -> build/bdist.linux-x86_64/wheel/./mmcv/ops/csrc/common/utils/spconv/spconv
copying build/lib.linux-x86_64-cpython-312/mmcv/ops/csrc/common/utils/spconv/spconv/reordering.h -> build/bdist.linux-x86_64/wheel/./mmcv/ops/csrc/common/utils/spconv/spconv
creating build/bdist.linux-x86_64/wheel/mmcv/ops/csrc/common/utils/spconv/tensorview
copying build/lib.linux-x86_64-cpython-312/mmcv/ops/csrc/common/utils/spconv/tensorview/helper_kernel.cuh -> build/bdist.linux-x86_64/wheel/./mmcv/ops/csrc/common/utils/spconv/tensorview
copying build/lib.linux-x86_64-cpython-312/mmcv/ops/csrc/common/utils/spconv/tensorview/helper_launch.h -> build/bdist.linux-x86_64/wheel/./mmcv/ops/csrc/common/utils/spconv/tensorview
copying build/lib.linux-x86_64-cpython-312/mmcv/ops/csrc/common/utils/spconv/tensorview/tensorview.h -> build/bdist.linux-x86_64/wheel/./mmcv/ops/csrc/common/utils/spconv/tensorview
creating build/bdist.linux-x86_64/wheel/mmcv/ops/csrc/onnxruntime
copying build/lib.linux-x86_64-cpython-312/mmcv/ops/csrc/onnxruntime/corner_pool.h -> build/bdist.linux-x86_64/wheel/./mmcv/ops/csrc/onnxruntime
copying build/lib.linux-x86_64-cpython-312/mmcv/ops/csrc/onnxruntime/deform_conv.h -> build/bdist.linux-x86_64/wheel/./mmcv/ops/csrc/onnxruntime
copying build/lib.linux-x86_64-cpython-312/mmcv/ops/csrc/onnxruntime/grid_sample.h -> build/bdist.linux-x86_64/wheel/./mmcv/ops/csrc/onnxruntime
copying build/lib.linux-x86_64-cpython-312/mmcv/ops/csrc/onnxruntime/modulated_deform_conv.h -> build/bdist.linux-x86_64/wheel/./mmcv/ops/csrc/onnxruntime
copying build/lib.linux-x86_64-cpython-312/mmcv/ops/csrc/onnxruntime/nms.h -> build/bdist.linux-x86_64/wheel/./mmcv/ops/csrc/onnxruntime
copying build/lib.linux-x86_64-cpython-312/mmcv/ops/csrc/onnxruntime/onnxruntime_register.h -> build/bdist.linux-x86_64/wheel/./mmcv/ops/csrc/onnxruntime
copying build/lib.linux-x86_64-cpython-312/mmcv/ops/csrc/onnxruntime/onnxruntime_session_options_config_keys.h -> build/bdist.linux-x86_64/wheel/./mmcv/ops/csrc/onnxruntime
copying build/lib.linux-x86_64-cpython-312/mmcv/ops/csrc/onnxruntime/ort_mmcv_utils.h -> build/bdist.linux-x86_64/wheel/./mmcv/ops/csrc/onnxruntime
copying build/lib.linux-x86_64-cpython-312/mmcv/ops/csrc/onnxruntime/reduce_ops.h -> build/bdist.linux-x86_64/wheel/./mmcv/ops/csrc/onnxruntime
copying build/lib.linux-x86_64-cpython-312/mmcv/ops/csrc/onnxruntime/roi_align.h -> build/bdist.linux-x86_64/wheel/./mmcv/ops/csrc/onnxruntime
copying build/lib.linux-x86_64-cpython-312/mmcv/ops/csrc/onnxruntime/roi_align_rotated.h -> build/bdist.linux-x86_64/wheel/./mmcv/ops/csrc/onnxruntime
copying build/lib.linux-x86_64-cpython-312/mmcv/ops/csrc/onnxruntime/rotated_feature_align.h -> build/bdist.linux-x86_64/wheel/./mmcv/ops/csrc/onnxruntime
copying build/lib.linux-x86_64-cpython-312/mmcv/ops/csrc/onnxruntime/soft_nms.h -> build/bdist.linux-x86_64/wheel/./mmcv/ops/csrc/onnxruntime
creating build/bdist.linux-x86_64/wheel/mmcv/ops/csrc/onnxruntime/cpu
copying build/lib.linux-x86_64-cpython-312/mmcv/ops/csrc/onnxruntime/cpu/corner_pool.cpp -> build/bdist.linux-x86_64/wheel/./mmcv/ops/csrc/onnxruntime/cpu
copying build/lib.linux-x86_64-cpython-312/mmcv/ops/csrc/onnxruntime/cpu/deform_conv.cpp -> build/bdist.linux-x86_64/wheel/./mmcv/ops/csrc/onnxruntime/cpu
copying build/lib.linux-x86_64-cpython-312/mmcv/ops/csrc/onnxruntime/cpu/gridSample.cpp -> build/bdist.linux-x86_64/wheel/./mmcv/ops/csrc/onnxruntime/cpu
copying build/lib.linux-x86_64-cpython-312/mmcv/ops/csrc/onnxruntime/cpu/modulated_deform_conv.cpp -> build/bdist.linux-x86_64/wheel/./mmcv/ops/csrc/onnxruntime/cpu
copying build/lib.linux-x86_64-cpython-312/mmcv/ops/csrc/onnxruntime/cpu/nms.cpp -> build/bdist.linux-x86_64/wheel/./mmcv/ops/csrc/onnxruntime/cpu
copying build/lib.linux-x86_64-cpython-312/mmcv/ops/csrc/onnxruntime/cpu/onnxruntime_register.cpp -> build/bdist.linux-x86_64/wheel/./mmcv/ops/csrc/onnxruntime/cpu
copying build/lib.linux-x86_64-cpython-312/mmcv/ops/csrc/onnxruntime/cpu/reduce_ops.cpp -> build/bdist.linux-x86_64/wheel/./mmcv/ops/csrc/onnxruntime/cpu
copying build/lib.linux-x86_64-cpython-312/mmcv/ops/csrc/onnxruntime/cpu/roi_align.cpp -> build/bdist.linux-x86_64/wheel/./mmcv/ops/csrc/onnxruntime/cpu
copying build/lib.linux-x86_64-cpython-312/mmcv/ops/csrc/onnxruntime/cpu/roi_align_rotated.cpp -> build/bdist.linux-x86_64/wheel/./mmcv/ops/csrc/onnxruntime/cpu
copying build/lib.linux-x86_64-cpython-312/mmcv/ops/csrc/onnxruntime/cpu/rotated_feature_align.cpp -> build/bdist.linux-x86_64/wheel/./mmcv/ops/csrc/onnxruntime/cpu
copying build/lib.linux-x86_64-cpython-312/mmcv/ops/csrc/onnxruntime/cpu/soft_nms.cpp -> build/bdist.linux-x86_64/wheel/./mmcv/ops/csrc/onnxruntime/cpu
creating build/bdist.linux-x86_64/wheel/mmcv/ops/csrc/parrots
copying build/lib.linux-x86_64-cpython-312/mmcv/ops/csrc/parrots/active_rotated_filter.cpp -> build/bdist.linux-x86_64/wheel/./mmcv/ops/csrc/parrots
copying build/lib.linux-x86_64-cpython-312/mmcv/ops/csrc/parrots/active_rotated_filter_parrots.cpp -> build/bdist.linux-x86_64/wheel/./mmcv/ops/csrc/parrots
copying build/lib.linux-x86_64-cpython-312/mmcv/ops/csrc/parrots/active_rotated_filter_pytorch.h -> build/bdist.linux-x86_64/wheel/./mmcv/ops/csrc/parrots
copying build/lib.linux-x86_64-cpython-312/mmcv/ops/csrc/parrots/assign_score_withk.cpp -> build/bdist.linux-x86_64/wheel/./mmcv/ops/csrc/parrots
copying build/lib.linux-x86_64-cpython-312/mmcv/ops/csrc/parrots/assign_score_withk_parrots.cpp -> build/bdist.linux-x86_64/wheel/./mmcv/ops/csrc/parrots
copying build/lib.linux-x86_64-cpython-312/mmcv/ops/csrc/parrots/assign_score_withk_pytorch.h -> build/bdist.linux-x86_64/wheel/./mmcv/ops/csrc/parrots
copying build/lib.linux-x86_64-cpython-312/mmcv/ops/csrc/parrots/ball_query._parrots.cpp -> build/bdist.linux-x86_64/wheel/./mmcv/ops/csrc/parrots
copying build/lib.linux-x86_64-cpython-312/mmcv/ops/csrc/parrots/ball_query.cpp -> build/bdist.linux-x86_64/wheel/./mmcv/ops/csrc/parrots
copying build/lib.linux-x86_64-cpython-312/mmcv/ops/csrc/parrots/ball_query_pytorch.h -> build/bdist.linux-x86_64/wheel/./mmcv/ops/csrc/parrots
copying build/lib.linux-x86_64-cpython-312/mmcv/ops/csrc/parrots/bbox_overlaps.cpp -> build/bdist.linux-x86_64/wheel/./mmcv/ops/csrc/parrots
copying build/lib.linux-x86_64-cpython-312/mmcv/ops/csrc/parrots/bbox_overlaps_parrots.cpp -> build/bdist.linux-x86_64/wheel/./mmcv/ops/csrc/parrots
copying build/lib.linux-x86_64-cpython-312/mmcv/ops/csrc/parrots/bbox_overlaps_pytorch.h -> build/bdist.linux-x86_64/wheel/./mmcv/ops/csrc/parrots
copying build/lib.linux-x86_64-cpython-312/mmcv/ops/csrc/parrots/border_align.cpp -> build/bdist.linux-x86_64/wheel/./mmcv/ops/csrc/parrots
copying build/lib.linux-x86_64-cpython-312/mmcv/ops/csrc/parrots/border_align_parrots.cpp -> build/bdist.linux-x86_64/wheel/./mmcv/ops/csrc/parrots
copying build/lib.linux-x86_64-cpython-312/mmcv/ops/csrc/parrots/border_align_pytorch.h -> build/bdist.linux-x86_64/wheel/./mmcv/ops/csrc/parrots
copying build/lib.linux-x86_64-cpython-312/mmcv/ops/csrc/parrots/box_iou_rotated.cpp -> build/bdist.linux-x86_64/wheel/./mmcv/ops/csrc/parrots
copying build/lib.linux-x86_64-cpython-312/mmcv/ops/csrc/parrots/box_iou_rotated_parrots.cpp -> build/bdist.linux-x86_64/wheel/./mmcv/ops/csrc/parrots
copying build/lib.linux-x86_64-cpython-312/mmcv/ops/csrc/parrots/box_iou_rotated_pytorch.h -> build/bdist.linux-x86_64/wheel/./mmcv/ops/csrc/parrots
copying build/lib.linux-x86_64-cpython-312/mmcv/ops/csrc/parrots/carafe.cpp -> build/bdist.linux-x86_64/wheel/./mmcv/ops/csrc/parrots
copying build/lib.linux-x86_64-cpython-312/mmcv/ops/csrc/parrots/carafe_naive.cpp -> build/bdist.linux-x86_64/wheel/./mmcv/ops/csrc/parrots
copying build/lib.linux-x86_64-cpython-312/mmcv/ops/csrc/parrots/carafe_naive_parrots.cpp -> build/bdist.linux-x86_64/wheel/./mmcv/ops/csrc/parrots
copying build/lib.linux-x86_64-cpython-312/mmcv/ops/csrc/parrots/carafe_naive_pytorch.h -> build/bdist.linux-x86_64/wheel/./mmcv/ops/csrc/parrots
copying build/lib.linux-x86_64-cpython-312/mmcv/ops/csrc/parrots/carafe_parrots.cpp -> build/bdist.linux-x86_64/wheel/./mmcv/ops/csrc/parrots
copying build/lib.linux-x86_64-cpython-312/mmcv/ops/csrc/parrots/carafe_pytorch.h -> build/bdist.linux-x86_64/wheel/./mmcv/ops/csrc/parrots
copying build/lib.linux-x86_64-cpython-312/mmcv/ops/csrc/parrots/chamfer_distance.cpp -> build/bdist.linux-x86_64/wheel/./mmcv/ops/csrc/parrots
copying build/lib.linux-x86_64-cpython-312/mmcv/ops/csrc/parrots/chamfer_distance_parrots.cpp -> build/bdist.linux-x86_64/wheel/./mmcv/ops/csrc/parrots
copying build/lib.linux-x86_64-cpython-312/mmcv/ops/csrc/parrots/chamfer_distance_pytorch.h -> build/bdist.linux-x86_64/wheel/./mmcv/ops/csrc/parrots
copying build/lib.linux-x86_64-cpython-312/mmcv/ops/csrc/parrots/contour_expand.cpp -> build/bdist.linux-x86_64/wheel/./mmcv/ops/csrc/parrots
copying build/lib.linux-x86_64-cpython-312/mmcv/ops/csrc/parrots/contour_expand_parrots.cpp -> build/bdist.linux-x86_64/wheel/./mmcv/ops/csrc/parrots
copying build/lib.linux-x86_64-cpython-312/mmcv/ops/csrc/parrots/contour_expand_pytorch.h -> build/bdist.linux-x86_64/wheel/./mmcv/ops/csrc/parrots
copying build/lib.linux-x86_64-cpython-312/mmcv/ops/csrc/parrots/convex_iou.cpp -> build/bdist.linux-x86_64/wheel/./mmcv/ops/csrc/parrots
copying build/lib.linux-x86_64-cpython-312/mmcv/ops/csrc/parrots/convex_iou_parrots.cpp -> build/bdist.linux-x86_64/wheel/./mmcv/ops/csrc/parrots
copying build/lib.linux-x86_64-cpython-312/mmcv/ops/csrc/parrots/convex_iou_pytorch.h -> build/bdist.linux-x86_64/wheel/./mmcv/ops/csrc/parrots
copying build/lib.linux-x86_64-cpython-312/mmcv/ops/csrc/parrots/correlation.cpp -> build/bdist.linux-x86_64/wheel/./mmcv/ops/csrc/parrots
copying build/lib.linux-x86_64-cpython-312/mmcv/ops/csrc/parrots/correlation_parrots.cpp -> build/bdist.linux-x86_64/wheel/./mmcv/ops/csrc/parrots
copying build/lib.linux-x86_64-cpython-312/mmcv/ops/csrc/parrots/correlation_pytorch.h -> build/bdist.linux-x86_64/wheel/./mmcv/ops/csrc/parrots
copying build/lib.linux-x86_64-cpython-312/mmcv/ops/csrc/parrots/cudabind.cpp -> build/bdist.linux-x86_64/wheel/./mmcv/ops/csrc/parrots
copying build/lib.linux-x86_64-cpython-312/mmcv/ops/csrc/parrots/deform_conv.cpp -> build/bdist.linux-x86_64/wheel/./mmcv/ops/csrc/parrots
copying build/lib.linux-x86_64-cpython-312/mmcv/ops/csrc/parrots/deform_conv_parrots.cpp -> build/bdist.linux-x86_64/wheel/./mmcv/ops/csrc/parrots
copying build/lib.linux-x86_64-cpython-312/mmcv/ops/csrc/parrots/deform_conv_pytorch.h -> build/bdist.linux-x86_64/wheel/./mmcv/ops/csrc/parrots
copying build/lib.linux-x86_64-cpython-312/mmcv/ops/csrc/parrots/deform_roi_pool.cpp -> build/bdist.linux-x86_64/wheel/./mmcv/ops/csrc/parrots
copying build/lib.linux-x86_64-cpython-312/mmcv/ops/csrc/parrots/deform_roi_pool_parrots.cpp -> build/bdist.linux-x86_64/wheel/./mmcv/ops/csrc/parrots
copying build/lib.linux-x86_64-cpython-312/mmcv/ops/csrc/parrots/deform_roi_pool_pytorch.h -> build/bdist.linux-x86_64/wheel/./mmcv/ops/csrc/parrots
copying build/lib.linux-x86_64-cpython-312/mmcv/ops/csrc/parrots/diff_iou_rotated.cpp -> build/bdist.linux-x86_64/wheel/./mmcv/ops/csrc/parrots
copying build/lib.linux-x86_64-cpython-312/mmcv/ops/csrc/parrots/diff_iou_rotated_parrots.cpp -> build/bdist.linux-x86_64/wheel/./mmcv/ops/csrc/parrots
copying build/lib.linux-x86_64-cpython-312/mmcv/ops/csrc/parrots/diff_iou_rotated_pytorch.h -> build/bdist.linux-x86_64/wheel/./mmcv/ops/csrc/parrots
copying build/lib.linux-x86_64-cpython-312/mmcv/ops/csrc/parrots/focal_loss.cpp -> build/bdist.linux-x86_64/wheel/./mmcv/ops/csrc/parrots
copying build/lib.linux-x86_64-cpython-312/mmcv/ops/csrc/parrots/focal_loss_parrots.cpp -> build/bdist.linux-x86_64/wheel/./mmcv/ops/csrc/parrots
copying build/lib.linux-x86_64-cpython-312/mmcv/ops/csrc/parrots/focal_loss_pytorch.h -> build/bdist.linux-x86_64/wheel/./mmcv/ops/csrc/parrots
copying build/lib.linux-x86_64-cpython-312/mmcv/ops/csrc/parrots/furthest_point_sample.cpp -> build/bdist.linux-x86_64/wheel/./mmcv/ops/csrc/parrots
copying build/lib.linux-x86_64-cpython-312/mmcv/ops/csrc/parrots/furthest_point_sample_parrots.cpp -> build/bdist.linux-x86_64/wheel/./mmcv/ops/csrc/parrots
copying build/lib.linux-x86_64-cpython-312/mmcv/ops/csrc/parrots/furthest_point_sample_pytorch.h -> build/bdist.linux-x86_64/wheel/./mmcv/ops/csrc/parrots
copying build/lib.linux-x86_64-cpython-312/mmcv/ops/csrc/parrots/fused_bias_leakyrelu.cpp -> build/bdist.linux-x86_64/wheel/./mmcv/ops/csrc/parrots
copying build/lib.linux-x86_64-cpython-312/mmcv/ops/csrc/parrots/fused_bias_parrots.cpp -> build/bdist.linux-x86_64/wheel/./mmcv/ops/csrc/parrots
copying build/lib.linux-x86_64-cpython-312/mmcv/ops/csrc/parrots/gather_points.cpp -> build/bdist.linux-x86_64/wheel/./mmcv/ops/csrc/parrots
copying build/lib.linux-x86_64-cpython-312/mmcv/ops/csrc/parrots/gather_points_parrots.cpp -> build/bdist.linux-x86_64/wheel/./mmcv/ops/csrc/parrots
copying build/lib.linux-x86_64-cpython-312/mmcv/ops/csrc/parrots/gather_points_pytorch.h -> build/bdist.linux-x86_64/wheel/./mmcv/ops/csrc/parrots
copying build/lib.linux-x86_64-cpython-312/mmcv/ops/csrc/parrots/group_points.cpp -> build/bdist.linux-x86_64/wheel/./mmcv/ops/csrc/parrots
copying build/lib.linux-x86_64-cpython-312/mmcv/ops/csrc/parrots/group_points_parrots.cpp -> build/bdist.linux-x86_64/wheel/./mmcv/ops/csrc/parrots
copying build/lib.linux-x86_64-cpython-312/mmcv/ops/csrc/parrots/group_points_pytorch.h -> build/bdist.linux-x86_64/wheel/./mmcv/ops/csrc/parrots
copying build/lib.linux-x86_64-cpython-312/mmcv/ops/csrc/parrots/info.cpp -> build/bdist.linux-x86_64/wheel/./mmcv/ops/csrc/parrots
copying build/lib.linux-x86_64-cpython-312/mmcv/ops/csrc/parrots/iou3d.cpp -> build/bdist.linux-x86_64/wheel/./mmcv/ops/csrc/parrots
copying build/lib.linux-x86_64-cpython-312/mmcv/ops/csrc/parrots/iou3d_parrots.cpp -> build/bdist.linux-x86_64/wheel/./mmcv/ops/csrc/parrots
copying build/lib.linux-x86_64-cpython-312/mmcv/ops/csrc/parrots/iou3d_pytorch.h -> build/bdist.linux-x86_64/wheel/./mmcv/ops/csrc/parrots
copying build/lib.linux-x86_64-cpython-312/mmcv/ops/csrc/parrots/knn.cpp -> build/bdist.linux-x86_64/wheel/./mmcv/ops/csrc/parrots
copying build/lib.linux-x86_64-cpython-312/mmcv/ops/csrc/parrots/knn_parrots.cpp -> build/bdist.linux-x86_64/wheel/./mmcv/ops/csrc/parrots
copying build/lib.linux-x86_64-cpython-312/mmcv/ops/csrc/parrots/knn_pytorch.h -> build/bdist.linux-x86_64/wheel/./mmcv/ops/csrc/parrots
copying build/lib.linux-x86_64-cpython-312/mmcv/ops/csrc/parrots/masked_conv2d.cpp -> build/bdist.linux-x86_64/wheel/./mmcv/ops/csrc/parrots
copying build/lib.linux-x86_64-cpython-312/mmcv/ops/csrc/parrots/masked_conv2d_parrots.cpp -> build/bdist.linux-x86_64/wheel/./mmcv/ops/csrc/parrots
copying build/lib.linux-x86_64-cpython-312/mmcv/ops/csrc/parrots/masked_conv2d_pytorch.h -> build/bdist.linux-x86_64/wheel/./mmcv/ops/csrc/parrots
copying build/lib.linux-x86_64-cpython-312/mmcv/ops/csrc/parrots/min_area_polygons.cpp -> build/bdist.linux-x86_64/wheel/./mmcv/ops/csrc/parrots
copying build/lib.linux-x86_64-cpython-312/mmcv/ops/csrc/parrots/min_area_polygons_parrots.cpp -> build/bdist.linux-x86_64/wheel/./mmcv/ops/csrc/parrots
copying build/lib.linux-x86_64-cpython-312/mmcv/ops/csrc/parrots/min_area_polygons_pytorch.h -> build/bdist.linux-x86_64/wheel/./mmcv/ops/csrc/parrots
copying build/lib.linux-x86_64-cpython-312/mmcv/ops/csrc/parrots/modulated_deform_conv.cpp -> build/bdist.linux-x86_64/wheel/./mmcv/ops/csrc/parrots
copying build/lib.linux-x86_64-cpython-312/mmcv/ops/csrc/parrots/modulated_deform_conv_parrots.cpp -> build/bdist.linux-x86_64/wheel/./mmcv/ops/csrc/parrots
copying build/lib.linux-x86_64-cpython-312/mmcv/ops/csrc/parrots/modulated_deform_conv_pytorch.h -> build/bdist.linux-x86_64/wheel/./mmcv/ops/csrc/parrots
copying build/lib.linux-x86_64-cpython-312/mmcv/ops/csrc/parrots/ms_deform_attn.cpp -> build/bdist.linux-x86_64/wheel/./mmcv/ops/csrc/parrots
copying build/lib.linux-x86_64-cpython-312/mmcv/ops/csrc/parrots/ms_deform_attn_parrots.cpp -> build/bdist.linux-x86_64/wheel/./mmcv/ops/csrc/parrots
copying build/lib.linux-x86_64-cpython-312/mmcv/ops/csrc/parrots/nms.cpp -> build/bdist.linux-x86_64/wheel/./mmcv/ops/csrc/parrots
copying build/lib.linux-x86_64-cpython-312/mmcv/ops/csrc/parrots/nms_parrots.cpp -> build/bdist.linux-x86_64/wheel/./mmcv/ops/csrc/parrots
copying build/lib.linux-x86_64-cpython-312/mmcv/ops/csrc/parrots/nms_pytorch.h -> build/bdist.linux-x86_64/wheel/./mmcv/ops/csrc/parrots
copying build/lib.linux-x86_64-cpython-312/mmcv/ops/csrc/parrots/nms_rotated.cpp -> build/bdist.linux-x86_64/wheel/./mmcv/ops/csrc/parrots
copying build/lib.linux-x86_64-cpython-312/mmcv/ops/csrc/parrots/pixel_group.cpp -> build/bdist.linux-x86_64/wheel/./mmcv/ops/csrc/parrots
copying build/lib.linux-x86_64-cpython-312/mmcv/ops/csrc/parrots/pixel_group_parrots.cpp -> build/bdist.linux-x86_64/wheel/./mmcv/ops/csrc/parrots
copying build/lib.linux-x86_64-cpython-312/mmcv/ops/csrc/parrots/pixel_group_pytorch.h -> build/bdist.linux-x86_64/wheel/./mmcv/ops/csrc/parrots
copying build/lib.linux-x86_64-cpython-312/mmcv/ops/csrc/parrots/points_in_boxes.cpp -> build/bdist.linux-x86_64/wheel/./mmcv/ops/csrc/parrots
copying build/lib.linux-x86_64-cpython-312/mmcv/ops/csrc/parrots/points_in_boxes_parrots.cpp -> build/bdist.linux-x86_64/wheel/./mmcv/ops/csrc/parrots
copying build/lib.linux-x86_64-cpython-312/mmcv/ops/csrc/parrots/points_in_boxes_pytorch.h -> build/bdist.linux-x86_64/wheel/./mmcv/ops/csrc/parrots
copying build/lib.linux-x86_64-cpython-312/mmcv/ops/csrc/parrots/points_in_polygons.cpp -> build/bdist.linux-x86_64/wheel/./mmcv/ops/csrc/parrots
copying build/lib.linux-x86_64-cpython-312/mmcv/ops/csrc/parrots/points_in_polygons_parrots.cpp -> build/bdist.linux-x86_64/wheel/./mmcv/ops/csrc/parrots
copying build/lib.linux-x86_64-cpython-312/mmcv/ops/csrc/parrots/points_in_polygons_pytorch.h -> build/bdist.linux-x86_64/wheel/./mmcv/ops/csrc/parrots
copying build/lib.linux-x86_64-cpython-312/mmcv/ops/csrc/parrots/prroi_pool.cpp -> build/bdist.linux-x86_64/wheel/./mmcv/ops/csrc/parrots
copying build/lib.linux-x86_64-cpython-312/mmcv/ops/csrc/parrots/prroi_pool_parrots.cpp -> build/bdist.linux-x86_64/wheel/./mmcv/ops/csrc/parrots
copying build/lib.linux-x86_64-cpython-312/mmcv/ops/csrc/parrots/prroi_pool_pytorch.h -> build/bdist.linux-x86_64/wheel/./mmcv/ops/csrc/parrots
copying build/lib.linux-x86_64-cpython-312/mmcv/ops/csrc/parrots/psamask.cpp -> build/bdist.linux-x86_64/wheel/./mmcv/ops/csrc/parrots
copying build/lib.linux-x86_64-cpython-312/mmcv/ops/csrc/parrots/psamask_parrots.cpp -> build/bdist.linux-x86_64/wheel/./mmcv/ops/csrc/parrots
copying build/lib.linux-x86_64-cpython-312/mmcv/ops/csrc/parrots/psamask_pytorch.h -> build/bdist.linux-x86_64/wheel/./mmcv/ops/csrc/parrots
copying build/lib.linux-x86_64-cpython-312/mmcv/ops/csrc/parrots/riroi_align_rotated.cpp -> build/bdist.linux-x86_64/wheel/./mmcv/ops/csrc/parrots
copying build/lib.linux-x86_64-cpython-312/mmcv/ops/csrc/parrots/riroi_align_rotated_parrots.cpp -> build/bdist.linux-x86_64/wheel/./mmcv/ops/csrc/parrots
copying build/lib.linux-x86_64-cpython-312/mmcv/ops/csrc/parrots/riroi_align_rotated_pytorch.h -> build/bdist.linux-x86_64/wheel/./mmcv/ops/csrc/parrots
copying build/lib.linux-x86_64-cpython-312/mmcv/ops/csrc/parrots/roi_align.cpp -> build/bdist.linux-x86_64/wheel/./mmcv/ops/csrc/parrots
copying build/lib.linux-x86_64-cpython-312/mmcv/ops/csrc/parrots/roi_align_parrots.cpp -> build/bdist.linux-x86_64/wheel/./mmcv/ops/csrc/parrots
copying build/lib.linux-x86_64-cpython-312/mmcv/ops/csrc/parrots/roi_align_pytorch.h -> build/bdist.linux-x86_64/wheel/./mmcv/ops/csrc/parrots
copying build/lib.linux-x86_64-cpython-312/mmcv/ops/csrc/parrots/roi_align_rotated.cpp -> build/bdist.linux-x86_64/wheel/./mmcv/ops/csrc/parrots
copying build/lib.linux-x86_64-cpython-312/mmcv/ops/csrc/parrots/roi_align_rotated_parrots.cpp -> build/bdist.linux-x86_64/wheel/./mmcv/ops/csrc/parrots
copying build/lib.linux-x86_64-cpython-312/mmcv/ops/csrc/parrots/roi_align_rotated_pytorch.h -> build/bdist.linux-x86_64/wheel/./mmcv/ops/csrc/parrots
copying build/lib.linux-x86_64-cpython-312/mmcv/ops/csrc/parrots/roi_pool.cpp -> build/bdist.linux-x86_64/wheel/./mmcv/ops/csrc/parrots
copying build/lib.linux-x86_64-cpython-312/mmcv/ops/csrc/parrots/roi_pool_parrots.cpp -> build/bdist.linux-x86_64/wheel/./mmcv/ops/csrc/parrots
copying build/lib.linux-x86_64-cpython-312/mmcv/ops/csrc/parrots/roi_pool_pytorch.h -> build/bdist.linux-x86_64/wheel/./mmcv/ops/csrc/parrots
copying build/lib.linux-x86_64-cpython-312/mmcv/ops/csrc/parrots/roiaware_pool3d.cpp -> build/bdist.linux-x86_64/wheel/./mmcv/ops/csrc/parrots
copying build/lib.linux-x86_64-cpython-312/mmcv/ops/csrc/parrots/roiaware_pool3d_parrots.cpp -> build/bdist.linux-x86_64/wheel/./mmcv/ops/csrc/parrots
copying build/lib.linux-x86_64-cpython-312/mmcv/ops/csrc/parrots/roiaware_pool3d_pytorch.h -> build/bdist.linux-x86_64/wheel/./mmcv/ops/csrc/parrots
copying build/lib.linux-x86_64-cpython-312/mmcv/ops/csrc/parrots/roipoint_pool3d.cpp -> build/bdist.linux-x86_64/wheel/./mmcv/ops/csrc/parrots
copying build/lib.linux-x86_64-cpython-312/mmcv/ops/csrc/parrots/roipoint_pool3d_parrots.cpp -> build/bdist.linux-x86_64/wheel/./mmcv/ops/csrc/parrots
copying build/lib.linux-x86_64-cpython-312/mmcv/ops/csrc/parrots/roipoint_pool3d_pytorch.h -> build/bdist.linux-x86_64/wheel/./mmcv/ops/csrc/parrots
copying build/lib.linux-x86_64-cpython-312/mmcv/ops/csrc/parrots/rotated_feature_align.cpp -> build/bdist.linux-x86_64/wheel/./mmcv/ops/csrc/parrots
copying build/lib.linux-x86_64-cpython-312/mmcv/ops/csrc/parrots/rotated_feature_align_parrots.cpp -> build/bdist.linux-x86_64/wheel/./mmcv/ops/csrc/parrots
copying build/lib.linux-x86_64-cpython-312/mmcv/ops/csrc/parrots/rotated_feature_align_pytorch.h -> build/bdist.linux-x86_64/wheel/./mmcv/ops/csrc/parrots
copying build/lib.linux-x86_64-cpython-312/mmcv/ops/csrc/parrots/sync_bn.cpp -> build/bdist.linux-x86_64/wheel/./mmcv/ops/csrc/parrots
copying build/lib.linux-x86_64-cpython-312/mmcv/ops/csrc/parrots/sync_bn_parrots.cpp -> build/bdist.linux-x86_64/wheel/./mmcv/ops/csrc/parrots
copying build/lib.linux-x86_64-cpython-312/mmcv/ops/csrc/parrots/sync_bn_pytorch.h -> build/bdist.linux-x86_64/wheel/./mmcv/ops/csrc/parrots
copying build/lib.linux-x86_64-cpython-312/mmcv/ops/csrc/parrots/three_interpolate.cpp -> build/bdist.linux-x86_64/wheel/./mmcv/ops/csrc/parrots
copying build/lib.linux-x86_64-cpython-312/mmcv/ops/csrc/parrots/three_interpolate_parrots.cpp -> build/bdist.linux-x86_64/wheel/./mmcv/ops/csrc/parrots
copying build/lib.linux-x86_64-cpython-312/mmcv/ops/csrc/parrots/three_interpolate_pytorch.h -> build/bdist.linux-x86_64/wheel/./mmcv/ops/csrc/parrots
copying build/lib.linux-x86_64-cpython-312/mmcv/ops/csrc/parrots/three_nn.cpp -> build/bdist.linux-x86_64/wheel/./mmcv/ops/csrc/parrots
copying build/lib.linux-x86_64-cpython-312/mmcv/ops/csrc/parrots/three_nn_parrots.cpp -> build/bdist.linux-x86_64/wheel/./mmcv/ops/csrc/parrots
copying build/lib.linux-x86_64-cpython-312/mmcv/ops/csrc/parrots/three_nn_pytorch.h -> build/bdist.linux-x86_64/wheel/./mmcv/ops/csrc/parrots
copying build/lib.linux-x86_64-cpython-312/mmcv/ops/csrc/parrots/tin_shift.cpp -> build/bdist.linux-x86_64/wheel/./mmcv/ops/csrc/parrots
copying build/lib.linux-x86_64-cpython-312/mmcv/ops/csrc/parrots/tin_shift_parrots.cpp -> build/bdist.linux-x86_64/wheel/./mmcv/ops/csrc/parrots
copying build/lib.linux-x86_64-cpython-312/mmcv/ops/csrc/parrots/tin_shift_pytorch.h -> build/bdist.linux-x86_64/wheel/./mmcv/ops/csrc/parrots
copying build/lib.linux-x86_64-cpython-312/mmcv/ops/csrc/parrots/upfirdn2d.cpp -> build/bdist.linux-x86_64/wheel/./mmcv/ops/csrc/parrots
copying build/lib.linux-x86_64-cpython-312/mmcv/ops/csrc/parrots/upfirdn2d_parrots.cpp -> build/bdist.linux-x86_64/wheel/./mmcv/ops/csrc/parrots
copying build/lib.linux-x86_64-cpython-312/mmcv/ops/csrc/parrots/voxelization.cpp -> build/bdist.linux-x86_64/wheel/./mmcv/ops/csrc/parrots
copying build/lib.linux-x86_64-cpython-312/mmcv/ops/csrc/parrots/voxelization_parrots.cpp -> build/bdist.linux-x86_64/wheel/./mmcv/ops/csrc/parrots
copying build/lib.linux-x86_64-cpython-312/mmcv/ops/csrc/parrots/voxelization_pytorch.h -> build/bdist.linux-x86_64/wheel/./mmcv/ops/csrc/parrots
creating build/bdist.linux-x86_64/wheel/mmcv/ops/csrc/pytorch
copying build/lib.linux-x86_64-cpython-312/mmcv/ops/csrc/pytorch/active_rotated_filter.cpp -> build/bdist.linux-x86_64/wheel/./mmcv/ops/csrc/pytorch
copying build/lib.linux-x86_64-cpython-312/mmcv/ops/csrc/pytorch/assign_score_withk.cpp -> build/bdist.linux-x86_64/wheel/./mmcv/ops/csrc/pytorch
copying build/lib.linux-x86_64-cpython-312/mmcv/ops/csrc/pytorch/ball_query.cpp -> build/bdist.linux-x86_64/wheel/./mmcv/ops/csrc/pytorch
copying build/lib.linux-x86_64-cpython-312/mmcv/ops/csrc/pytorch/bbox_overlaps.cpp -> build/bdist.linux-x86_64/wheel/./mmcv/ops/csrc/pytorch
copying build/lib.linux-x86_64-cpython-312/mmcv/ops/csrc/pytorch/border_align.cpp -> build/bdist.linux-x86_64/wheel/./mmcv/ops/csrc/pytorch
copying build/lib.linux-x86_64-cpython-312/mmcv/ops/csrc/pytorch/box_iou_quadri.cpp -> build/bdist.linux-x86_64/wheel/./mmcv/ops/csrc/pytorch
copying build/lib.linux-x86_64-cpython-312/mmcv/ops/csrc/pytorch/box_iou_rotated.cpp -> build/bdist.linux-x86_64/wheel/./mmcv/ops/csrc/pytorch
copying build/lib.linux-x86_64-cpython-312/mmcv/ops/csrc/pytorch/carafe.cpp -> build/bdist.linux-x86_64/wheel/./mmcv/ops/csrc/pytorch
copying build/lib.linux-x86_64-cpython-312/mmcv/ops/csrc/pytorch/carafe_naive.cpp -> build/bdist.linux-x86_64/wheel/./mmcv/ops/csrc/pytorch
copying build/lib.linux-x86_64-cpython-312/mmcv/ops/csrc/pytorch/chamfer_distance.cpp -> build/bdist.linux-x86_64/wheel/./mmcv/ops/csrc/pytorch
copying build/lib.linux-x86_64-cpython-312/mmcv/ops/csrc/pytorch/contour_expand.cpp -> build/bdist.linux-x86_64/wheel/./mmcv/ops/csrc/pytorch
copying build/lib.linux-x86_64-cpython-312/mmcv/ops/csrc/pytorch/convex_iou.cpp -> build/bdist.linux-x86_64/wheel/./mmcv/ops/csrc/pytorch
copying build/lib.linux-x86_64-cpython-312/mmcv/ops/csrc/pytorch/correlation.cpp -> build/bdist.linux-x86_64/wheel/./mmcv/ops/csrc/pytorch
copying build/lib.linux-x86_64-cpython-312/mmcv/ops/csrc/pytorch/deform_conv.cpp -> build/bdist.linux-x86_64/wheel/./mmcv/ops/csrc/pytorch
copying build/lib.linux-x86_64-cpython-312/mmcv/ops/csrc/pytorch/deform_roi_pool.cpp -> build/bdist.linux-x86_64/wheel/./mmcv/ops/csrc/pytorch
copying build/lib.linux-x86_64-cpython-312/mmcv/ops/csrc/pytorch/diff_iou_rotated.cpp -> build/bdist.linux-x86_64/wheel/./mmcv/ops/csrc/pytorch
copying build/lib.linux-x86_64-cpython-312/mmcv/ops/csrc/pytorch/focal_loss.cpp -> build/bdist.linux-x86_64/wheel/./mmcv/ops/csrc/pytorch
copying build/lib.linux-x86_64-cpython-312/mmcv/ops/csrc/pytorch/furthest_point_sample.cpp -> build/bdist.linux-x86_64/wheel/./mmcv/ops/csrc/pytorch
copying build/lib.linux-x86_64-cpython-312/mmcv/ops/csrc/pytorch/fused_bias_leakyrelu.cpp -> build/bdist.linux-x86_64/wheel/./mmcv/ops/csrc/pytorch
copying build/lib.linux-x86_64-cpython-312/mmcv/ops/csrc/pytorch/fused_spconv_ops.cpp -> build/bdist.linux-x86_64/wheel/./mmcv/ops/csrc/pytorch
copying build/lib.linux-x86_64-cpython-312/mmcv/ops/csrc/pytorch/gather_points.cpp -> build/bdist.linux-x86_64/wheel/./mmcv/ops/csrc/pytorch
copying build/lib.linux-x86_64-cpython-312/mmcv/ops/csrc/pytorch/group_points.cpp -> build/bdist.linux-x86_64/wheel/./mmcv/ops/csrc/pytorch
copying build/lib.linux-x86_64-cpython-312/mmcv/ops/csrc/pytorch/info.cpp -> build/bdist.linux-x86_64/wheel/./mmcv/ops/csrc/pytorch
copying build/lib.linux-x86_64-cpython-312/mmcv/ops/csrc/pytorch/iou3d.cpp -> build/bdist.linux-x86_64/wheel/./mmcv/ops/csrc/pytorch
copying build/lib.linux-x86_64-cpython-312/mmcv/ops/csrc/pytorch/knn.cpp -> build/bdist.linux-x86_64/wheel/./mmcv/ops/csrc/pytorch
copying build/lib.linux-x86_64-cpython-312/mmcv/ops/csrc/pytorch/masked_conv2d.cpp -> build/bdist.linux-x86_64/wheel/./mmcv/ops/csrc/pytorch
copying build/lib.linux-x86_64-cpython-312/mmcv/ops/csrc/pytorch/min_area_polygons.cpp -> build/bdist.linux-x86_64/wheel/./mmcv/ops/csrc/pytorch
copying build/lib.linux-x86_64-cpython-312/mmcv/ops/csrc/pytorch/modulated_deform_conv.cpp -> build/bdist.linux-x86_64/wheel/./mmcv/ops/csrc/pytorch
copying build/lib.linux-x86_64-cpython-312/mmcv/ops/csrc/pytorch/ms_deform_attn.cpp -> build/bdist.linux-x86_64/wheel/./mmcv/ops/csrc/pytorch
copying build/lib.linux-x86_64-cpython-312/mmcv/ops/csrc/pytorch/nms.cpp -> build/bdist.linux-x86_64/wheel/./mmcv/ops/csrc/pytorch
copying build/lib.linux-x86_64-cpython-312/mmcv/ops/csrc/pytorch/nms_quadri.cpp -> build/bdist.linux-x86_64/wheel/./mmcv/ops/csrc/pytorch
copying build/lib.linux-x86_64-cpython-312/mmcv/ops/csrc/pytorch/nms_rotated.cpp -> build/bdist.linux-x86_64/wheel/./mmcv/ops/csrc/pytorch
copying build/lib.linux-x86_64-cpython-312/mmcv/ops/csrc/pytorch/pixel_group.cpp -> build/bdist.linux-x86_64/wheel/./mmcv/ops/csrc/pytorch
copying build/lib.linux-x86_64-cpython-312/mmcv/ops/csrc/pytorch/points_in_boxes.cpp -> build/bdist.linux-x86_64/wheel/./mmcv/ops/csrc/pytorch
copying build/lib.linux-x86_64-cpython-312/mmcv/ops/csrc/pytorch/points_in_polygons.cpp -> build/bdist.linux-x86_64/wheel/./mmcv/ops/csrc/pytorch
copying build/lib.linux-x86_64-cpython-312/mmcv/ops/csrc/pytorch/prroi_pool.cpp -> build/bdist.linux-x86_64/wheel/./mmcv/ops/csrc/pytorch
copying build/lib.linux-x86_64-cpython-312/mmcv/ops/csrc/pytorch/psamask.cpp -> build/bdist.linux-x86_64/wheel/./mmcv/ops/csrc/pytorch
copying build/lib.linux-x86_64-cpython-312/mmcv/ops/csrc/pytorch/pybind.cpp -> build/bdist.linux-x86_64/wheel/./mmcv/ops/csrc/pytorch
copying build/lib.linux-x86_64-cpython-312/mmcv/ops/csrc/pytorch/riroi_align_rotated.cpp -> build/bdist.linux-x86_64/wheel/./mmcv/ops/csrc/pytorch
copying build/lib.linux-x86_64-cpython-312/mmcv/ops/csrc/pytorch/roi_align.cpp -> build/bdist.linux-x86_64/wheel/./mmcv/ops/csrc/pytorch
copying build/lib.linux-x86_64-cpython-312/mmcv/ops/csrc/pytorch/roi_align_rotated.cpp -> build/bdist.linux-x86_64/wheel/./mmcv/ops/csrc/pytorch
copying build/lib.linux-x86_64-cpython-312/mmcv/ops/csrc/pytorch/roi_pool.cpp -> build/bdist.linux-x86_64/wheel/./mmcv/ops/csrc/pytorch
copying build/lib.linux-x86_64-cpython-312/mmcv/ops/csrc/pytorch/roiaware_pool3d.cpp -> build/bdist.linux-x86_64/wheel/./mmcv/ops/csrc/pytorch
copying build/lib.linux-x86_64-cpython-312/mmcv/ops/csrc/pytorch/roipoint_pool3d.cpp -> build/bdist.linux-x86_64/wheel/./mmcv/ops/csrc/pytorch
copying build/lib.linux-x86_64-cpython-312/mmcv/ops/csrc/pytorch/rotated_feature_align.cpp -> build/bdist.linux-x86_64/wheel/./mmcv/ops/csrc/pytorch
copying build/lib.linux-x86_64-cpython-312/mmcv/ops/csrc/pytorch/scatter_points.cpp -> build/bdist.linux-x86_64/wheel/./mmcv/ops/csrc/pytorch
copying build/lib.linux-x86_64-cpython-312/mmcv/ops/csrc/pytorch/sparse_pool_ops.cpp -> build/bdist.linux-x86_64/wheel/./mmcv/ops/csrc/pytorch
copying build/lib.linux-x86_64-cpython-312/mmcv/ops/csrc/pytorch/spconv_ops.cpp -> build/bdist.linux-x86_64/wheel/./mmcv/ops/csrc/pytorch
copying build/lib.linux-x86_64-cpython-312/mmcv/ops/csrc/pytorch/spconv_utils.h -> build/bdist.linux-x86_64/wheel/./mmcv/ops/csrc/pytorch
copying build/lib.linux-x86_64-cpython-312/mmcv/ops/csrc/pytorch/sync_bn.cpp -> build/bdist.linux-x86_64/wheel/./mmcv/ops/csrc/pytorch
copying build/lib.linux-x86_64-cpython-312/mmcv/ops/csrc/pytorch/three_interpolate.cpp -> build/bdist.linux-x86_64/wheel/./mmcv/ops/csrc/pytorch
copying build/lib.linux-x86_64-cpython-312/mmcv/ops/csrc/pytorch/three_nn.cpp -> build/bdist.linux-x86_64/wheel/./mmcv/ops/csrc/pytorch
copying build/lib.linux-x86_64-cpython-312/mmcv/ops/csrc/pytorch/tin_shift.cpp -> build/bdist.linux-x86_64/wheel/./mmcv/ops/csrc/pytorch
copying build/lib.linux-x86_64-cpython-312/mmcv/ops/csrc/pytorch/upfirdn2d.cpp -> build/bdist.linux-x86_64/wheel/./mmcv/ops/csrc/pytorch
copying build/lib.linux-x86_64-cpython-312/mmcv/ops/csrc/pytorch/voxelization.cpp -> build/bdist.linux-x86_64/wheel/./mmcv/ops/csrc/pytorch
creating build/bdist.linux-x86_64/wheel/mmcv/ops/csrc/pytorch/cpu
copying build/lib.linux-x86_64-cpython-312/mmcv/ops/csrc/pytorch/cpu/active_rotated_filter.cpp -> build/bdist.linux-x86_64/wheel/./mmcv/ops/csrc/pytorch/cpu
copying build/lib.linux-x86_64-cpython-312/mmcv/ops/csrc/pytorch/cpu/bbox_overlaps_cpu.cpp -> build/bdist.linux-x86_64/wheel/./mmcv/ops/csrc/pytorch/cpu
copying build/lib.linux-x86_64-cpython-312/mmcv/ops/csrc/pytorch/cpu/box_iou_quadri.cpp -> build/bdist.linux-x86_64/wheel/./mmcv/ops/csrc/pytorch/cpu
copying build/lib.linux-x86_64-cpython-312/mmcv/ops/csrc/pytorch/cpu/box_iou_rotated.cpp -> build/bdist.linux-x86_64/wheel/./mmcv/ops/csrc/pytorch/cpu
copying build/lib.linux-x86_64-cpython-312/mmcv/ops/csrc/pytorch/cpu/deform_conv.cpp -> build/bdist.linux-x86_64/wheel/./mmcv/ops/csrc/pytorch/cpu
copying build/lib.linux-x86_64-cpython-312/mmcv/ops/csrc/pytorch/cpu/modulated_deform_conv.cpp -> build/bdist.linux-x86_64/wheel/./mmcv/ops/csrc/pytorch/cpu
copying build/lib.linux-x86_64-cpython-312/mmcv/ops/csrc/pytorch/cpu/nms.cpp -> build/bdist.linux-x86_64/wheel/./mmcv/ops/csrc/pytorch/cpu
copying build/lib.linux-x86_64-cpython-312/mmcv/ops/csrc/pytorch/cpu/nms_quadri.cpp -> build/bdist.linux-x86_64/wheel/./mmcv/ops/csrc/pytorch/cpu
copying build/lib.linux-x86_64-cpython-312/mmcv/ops/csrc/pytorch/cpu/nms_rotated.cpp -> build/bdist.linux-x86_64/wheel/./mmcv/ops/csrc/pytorch/cpu
copying build/lib.linux-x86_64-cpython-312/mmcv/ops/csrc/pytorch/cpu/pixel_group.cpp -> build/bdist.linux-x86_64/wheel/./mmcv/ops/csrc/pytorch/cpu
copying build/lib.linux-x86_64-cpython-312/mmcv/ops/csrc/pytorch/cpu/points_in_boxes.cpp -> build/bdist.linux-x86_64/wheel/./mmcv/ops/csrc/pytorch/cpu
copying build/lib.linux-x86_64-cpython-312/mmcv/ops/csrc/pytorch/cpu/psamask.cpp -> build/bdist.linux-x86_64/wheel/./mmcv/ops/csrc/pytorch/cpu
copying build/lib.linux-x86_64-cpython-312/mmcv/ops/csrc/pytorch/cpu/roi_align.cpp -> build/bdist.linux-x86_64/wheel/./mmcv/ops/csrc/pytorch/cpu
copying build/lib.linux-x86_64-cpython-312/mmcv/ops/csrc/pytorch/cpu/roi_align_rotated.cpp -> build/bdist.linux-x86_64/wheel/./mmcv/ops/csrc/pytorch/cpu
copying build/lib.linux-x86_64-cpython-312/mmcv/ops/csrc/pytorch/cpu/rotated_feature_align.cpp -> build/bdist.linux-x86_64/wheel/./mmcv/ops/csrc/pytorch/cpu
copying build/lib.linux-x86_64-cpython-312/mmcv/ops/csrc/pytorch/cpu/sparse_indice.cpp -> build/bdist.linux-x86_64/wheel/./mmcv/ops/csrc/pytorch/cpu
copying build/lib.linux-x86_64-cpython-312/mmcv/ops/csrc/pytorch/cpu/sparse_maxpool.cpp -> build/bdist.linux-x86_64/wheel/./mmcv/ops/csrc/pytorch/cpu
copying build/lib.linux-x86_64-cpython-312/mmcv/ops/csrc/pytorch/cpu/sparse_reordering.cpp -> build/bdist.linux-x86_64/wheel/./mmcv/ops/csrc/pytorch/cpu
copying build/lib.linux-x86_64-cpython-312/mmcv/ops/csrc/pytorch/cpu/voxelization.cpp -> build/bdist.linux-x86_64/wheel/./mmcv/ops/csrc/pytorch/cpu
creating build/bdist.linux-x86_64/wheel/mmcv/ops/csrc/pytorch/cuda
copying build/lib.linux-x86_64-cpython-312/mmcv/ops/csrc/pytorch/cuda/active_rotated_filter_cuda.cu -> build/bdist.linux-x86_64/wheel/./mmcv/ops/csrc/pytorch/cuda
copying build/lib.linux-x86_64-cpython-312/mmcv/ops/csrc/pytorch/cuda/assign_score_withk_cuda.cu -> build/bdist.linux-x86_64/wheel/./mmcv/ops/csrc/pytorch/cuda
copying build/lib.linux-x86_64-cpython-312/mmcv/ops/csrc/pytorch/cuda/ball_query_cuda.cu -> build/bdist.linux-x86_64/wheel/./mmcv/ops/csrc/pytorch/cuda
copying build/lib.linux-x86_64-cpython-312/mmcv/ops/csrc/pytorch/cuda/bbox_overlaps_cuda.cu -> build/bdist.linux-x86_64/wheel/./mmcv/ops/csrc/pytorch/cuda
copying build/lib.linux-x86_64-cpython-312/mmcv/ops/csrc/pytorch/cuda/border_align_cuda.cu -> build/bdist.linux-x86_64/wheel/./mmcv/ops/csrc/pytorch/cuda
copying build/lib.linux-x86_64-cpython-312/mmcv/ops/csrc/pytorch/cuda/box_iou_quadri_cuda.cu -> build/bdist.linux-x86_64/wheel/./mmcv/ops/csrc/pytorch/cuda
copying build/lib.linux-x86_64-cpython-312/mmcv/ops/csrc/pytorch/cuda/box_iou_rotated_cuda.cu -> build/bdist.linux-x86_64/wheel/./mmcv/ops/csrc/pytorch/cuda
copying build/lib.linux-x86_64-cpython-312/mmcv/ops/csrc/pytorch/cuda/carafe_cuda.cu -> build/bdist.linux-x86_64/wheel/./mmcv/ops/csrc/pytorch/cuda
copying build/lib.linux-x86_64-cpython-312/mmcv/ops/csrc/pytorch/cuda/carafe_naive_cuda.cu -> build/bdist.linux-x86_64/wheel/./mmcv/ops/csrc/pytorch/cuda
copying build/lib.linux-x86_64-cpython-312/mmcv/ops/csrc/pytorch/cuda/chamfer_distance_cuda.cu -> build/bdist.linux-x86_64/wheel/./mmcv/ops/csrc/pytorch/cuda
copying build/lib.linux-x86_64-cpython-312/mmcv/ops/csrc/pytorch/cuda/convex_iou.cu -> build/bdist.linux-x86_64/wheel/./mmcv/ops/csrc/pytorch/cuda
copying build/lib.linux-x86_64-cpython-312/mmcv/ops/csrc/pytorch/cuda/correlation_cuda.cu -> build/bdist.linux-x86_64/wheel/./mmcv/ops/csrc/pytorch/cuda
copying build/lib.linux-x86_64-cpython-312/mmcv/ops/csrc/pytorch/cuda/cudabind.cpp -> build/bdist.linux-x86_64/wheel/./mmcv/ops/csrc/pytorch/cuda
copying build/lib.linux-x86_64-cpython-312/mmcv/ops/csrc/pytorch/cuda/deform_conv_cuda.cu -> build/bdist.linux-x86_64/wheel/./mmcv/ops/csrc/pytorch/cuda
copying build/lib.linux-x86_64-cpython-312/mmcv/ops/csrc/pytorch/cuda/deform_roi_pool_cuda.cu -> build/bdist.linux-x86_64/wheel/./mmcv/ops/csrc/pytorch/cuda
copying build/lib.linux-x86_64-cpython-312/mmcv/ops/csrc/pytorch/cuda/diff_iou_rotated_cuda.cu -> build/bdist.linux-x86_64/wheel/./mmcv/ops/csrc/pytorch/cuda
copying build/lib.linux-x86_64-cpython-312/mmcv/ops/csrc/pytorch/cuda/focal_loss_cuda.cu -> build/bdist.linux-x86_64/wheel/./mmcv/ops/csrc/pytorch/cuda
copying build/lib.linux-x86_64-cpython-312/mmcv/ops/csrc/pytorch/cuda/furthest_point_sample_cuda.cu -> build/bdist.linux-x86_64/wheel/./mmcv/ops/csrc/pytorch/cuda
copying build/lib.linux-x86_64-cpython-312/mmcv/ops/csrc/pytorch/cuda/fused_bias_leakyrelu_cuda.cu -> build/bdist.linux-x86_64/wheel/./mmcv/ops/csrc/pytorch/cuda
copying build/lib.linux-x86_64-cpython-312/mmcv/ops/csrc/pytorch/cuda/fused_spconv_ops_cuda.cu -> build/bdist.linux-x86_64/wheel/./mmcv/ops/csrc/pytorch/cuda
copying build/lib.linux-x86_64-cpython-312/mmcv/ops/csrc/pytorch/cuda/gather_points_cuda.cu -> build/bdist.linux-x86_64/wheel/./mmcv/ops/csrc/pytorch/cuda
copying build/lib.linux-x86_64-cpython-312/mmcv/ops/csrc/pytorch/cuda/group_points_cuda.cu -> build/bdist.linux-x86_64/wheel/./mmcv/ops/csrc/pytorch/cuda
copying build/lib.linux-x86_64-cpython-312/mmcv/ops/csrc/pytorch/cuda/iou3d_cuda.cu -> build/bdist.linux-x86_64/wheel/./mmcv/ops/csrc/pytorch/cuda
copying build/lib.linux-x86_64-cpython-312/mmcv/ops/csrc/pytorch/cuda/knn_cuda.cu -> build/bdist.linux-x86_64/wheel/./mmcv/ops/csrc/pytorch/cuda
copying build/lib.linux-x86_64-cpython-312/mmcv/ops/csrc/pytorch/cuda/masked_conv2d_cuda.cu -> build/bdist.linux-x86_64/wheel/./mmcv/ops/csrc/pytorch/cuda
copying build/lib.linux-x86_64-cpython-312/mmcv/ops/csrc/pytorch/cuda/min_area_polygons.cu -> build/bdist.linux-x86_64/wheel/./mmcv/ops/csrc/pytorch/cuda
copying build/lib.linux-x86_64-cpython-312/mmcv/ops/csrc/pytorch/cuda/modulated_deform_conv_cuda.cu -> build/bdist.linux-x86_64/wheel/./mmcv/ops/csrc/pytorch/cuda
copying build/lib.linux-x86_64-cpython-312/mmcv/ops/csrc/pytorch/cuda/ms_deform_attn_cuda.cu -> build/bdist.linux-x86_64/wheel/./mmcv/ops/csrc/pytorch/cuda
copying build/lib.linux-x86_64-cpython-312/mmcv/ops/csrc/pytorch/cuda/nms_cuda.cu -> build/bdist.linux-x86_64/wheel/./mmcv/ops/csrc/pytorch/cuda
copying build/lib.linux-x86_64-cpython-312/mmcv/ops/csrc/pytorch/cuda/nms_quadri_cuda.cu -> build/bdist.linux-x86_64/wheel/./mmcv/ops/csrc/pytorch/cuda
copying build/lib.linux-x86_64-cpython-312/mmcv/ops/csrc/pytorch/cuda/nms_rotated_cuda.cu -> build/bdist.linux-x86_64/wheel/./mmcv/ops/csrc/pytorch/cuda
copying build/lib.linux-x86_64-cpython-312/mmcv/ops/csrc/pytorch/cuda/points_in_boxes_cuda.cu -> build/bdist.linux-x86_64/wheel/./mmcv/ops/csrc/pytorch/cuda
copying build/lib.linux-x86_64-cpython-312/mmcv/ops/csrc/pytorch/cuda/points_in_polygons_cuda.cu -> build/bdist.linux-x86_64/wheel/./mmcv/ops/csrc/pytorch/cuda
copying build/lib.linux-x86_64-cpython-312/mmcv/ops/csrc/pytorch/cuda/prroi_pool_cuda.cu -> build/bdist.linux-x86_64/wheel/./mmcv/ops/csrc/pytorch/cuda
copying build/lib.linux-x86_64-cpython-312/mmcv/ops/csrc/pytorch/cuda/psamask_cuda.cu -> build/bdist.linux-x86_64/wheel/./mmcv/ops/csrc/pytorch/cuda
copying build/lib.linux-x86_64-cpython-312/mmcv/ops/csrc/pytorch/cuda/riroi_align_rotated_cuda.cu -> build/bdist.linux-x86_64/wheel/./mmcv/ops/csrc/pytorch/cuda
copying build/lib.linux-x86_64-cpython-312/mmcv/ops/csrc/pytorch/cuda/roi_align_cuda.cu -> build/bdist.linux-x86_64/wheel/./mmcv/ops/csrc/pytorch/cuda
copying build/lib.linux-x86_64-cpython-312/mmcv/ops/csrc/pytorch/cuda/roi_align_rotated_cuda.cu -> build/bdist.linux-x86_64/wheel/./mmcv/ops/csrc/pytorch/cuda
copying build/lib.linux-x86_64-cpython-312/mmcv/ops/csrc/pytorch/cuda/roi_pool_cuda.cu -> build/bdist.linux-x86_64/wheel/./mmcv/ops/csrc/pytorch/cuda
copying build/lib.linux-x86_64-cpython-312/mmcv/ops/csrc/pytorch/cuda/roiaware_pool3d_cuda.cu -> build/bdist.linux-x86_64/wheel/./mmcv/ops/csrc/pytorch/cuda
copying build/lib.linux-x86_64-cpython-312/mmcv/ops/csrc/pytorch/cuda/roipoint_pool3d_cuda.cu -> build/bdist.linux-x86_64/wheel/./mmcv/ops/csrc/pytorch/cuda
copying build/lib.linux-x86_64-cpython-312/mmcv/ops/csrc/pytorch/cuda/rotated_feature_align_cuda.cu -> build/bdist.linux-x86_64/wheel/./mmcv/ops/csrc/pytorch/cuda
copying build/lib.linux-x86_64-cpython-312/mmcv/ops/csrc/pytorch/cuda/scatter_points_cuda.cu -> build/bdist.linux-x86_64/wheel/./mmcv/ops/csrc/pytorch/cuda
copying build/lib.linux-x86_64-cpython-312/mmcv/ops/csrc/pytorch/cuda/sparse_indice.cu -> build/bdist.linux-x86_64/wheel/./mmcv/ops/csrc/pytorch/cuda
copying build/lib.linux-x86_64-cpython-312/mmcv/ops/csrc/pytorch/cuda/sparse_maxpool.cu -> build/bdist.linux-x86_64/wheel/./mmcv/ops/csrc/pytorch/cuda
copying build/lib.linux-x86_64-cpython-312/mmcv/ops/csrc/pytorch/cuda/sparse_pool_ops_cuda.cu -> build/bdist.linux-x86_64/wheel/./mmcv/ops/csrc/pytorch/cuda
copying build/lib.linux-x86_64-cpython-312/mmcv/ops/csrc/pytorch/cuda/sparse_reordering.cu -> build/bdist.linux-x86_64/wheel/./mmcv/ops/csrc/pytorch/cuda
copying build/lib.linux-x86_64-cpython-312/mmcv/ops/csrc/pytorch/cuda/spconv_ops_cuda.cu -> build/bdist.linux-x86_64/wheel/./mmcv/ops/csrc/pytorch/cuda
copying build/lib.linux-x86_64-cpython-312/mmcv/ops/csrc/pytorch/cuda/stack_ball_query_cuda.cu -> build/bdist.linux-x86_64/wheel/./mmcv/ops/csrc/pytorch/cuda
copying build/lib.linux-x86_64-cpython-312/mmcv/ops/csrc/pytorch/cuda/stack_group_points_cuda.cu -> build/bdist.linux-x86_64/wheel/./mmcv/ops/csrc/pytorch/cuda
copying build/lib.linux-x86_64-cpython-312/mmcv/ops/csrc/pytorch/cuda/sync_bn_cuda.cu -> build/bdist.linux-x86_64/wheel/./mmcv/ops/csrc/pytorch/cuda
copying build/lib.linux-x86_64-cpython-312/mmcv/ops/csrc/pytorch/cuda/three_interpolate_cuda.cu -> build/bdist.linux-x86_64/wheel/./mmcv/ops/csrc/pytorch/cuda
copying build/lib.linux-x86_64-cpython-312/mmcv/ops/csrc/pytorch/cuda/three_nn_cuda.cu -> build/bdist.linux-x86_64/wheel/./mmcv/ops/csrc/pytorch/cuda
copying build/lib.linux-x86_64-cpython-312/mmcv/ops/csrc/pytorch/cuda/tin_shift_cuda.cu -> build/bdist.linux-x86_64/wheel/./mmcv/ops/csrc/pytorch/cuda
copying build/lib.linux-x86_64-cpython-312/mmcv/ops/csrc/pytorch/cuda/upfirdn2d_kernel.cu -> build/bdist.linux-x86_64/wheel/./mmcv/ops/csrc/pytorch/cuda
copying build/lib.linux-x86_64-cpython-312/mmcv/ops/csrc/pytorch/cuda/voxelization_cuda.cu -> build/bdist.linux-x86_64/wheel/./mmcv/ops/csrc/pytorch/cuda
creating build/bdist.linux-x86_64/wheel/mmcv/ops/csrc/pytorch/mlu
copying build/lib.linux-x86_64-cpython-312/mmcv/ops/csrc/pytorch/mlu/ball_query_mlu.cpp -> build/bdist.linux-x86_64/wheel/./mmcv/ops/csrc/pytorch/mlu
copying build/lib.linux-x86_64-cpython-312/mmcv/ops/csrc/pytorch/mlu/bbox_overlaps_mlu.cpp -> build/bdist.linux-x86_64/wheel/./mmcv/ops/csrc/pytorch/mlu
copying build/lib.linux-x86_64-cpython-312/mmcv/ops/csrc/pytorch/mlu/box_iou_rotated.cpp -> build/bdist.linux-x86_64/wheel/./mmcv/ops/csrc/pytorch/mlu
copying build/lib.linux-x86_64-cpython-312/mmcv/ops/csrc/pytorch/mlu/carafe_mlu.cpp -> build/bdist.linux-x86_64/wheel/./mmcv/ops/csrc/pytorch/mlu
copying build/lib.linux-x86_64-cpython-312/mmcv/ops/csrc/pytorch/mlu/deform_roi_pool_mlu.cpp -> build/bdist.linux-x86_64/wheel/./mmcv/ops/csrc/pytorch/mlu
copying build/lib.linux-x86_64-cpython-312/mmcv/ops/csrc/pytorch/mlu/diff_iou_rotated_mlu.cpp -> build/bdist.linux-x86_64/wheel/./mmcv/ops/csrc/pytorch/mlu
copying build/lib.linux-x86_64-cpython-312/mmcv/ops/csrc/pytorch/mlu/focal_loss_sigmoid_mlu.cpp -> build/bdist.linux-x86_64/wheel/./mmcv/ops/csrc/pytorch/mlu
copying build/lib.linux-x86_64-cpython-312/mmcv/ops/csrc/pytorch/mlu/iou3d_mlu.cpp -> build/bdist.linux-x86_64/wheel/./mmcv/ops/csrc/pytorch/mlu
copying build/lib.linux-x86_64-cpython-312/mmcv/ops/csrc/pytorch/mlu/masked_conv2d_mlu.cpp -> build/bdist.linux-x86_64/wheel/./mmcv/ops/csrc/pytorch/mlu
copying build/lib.linux-x86_64-cpython-312/mmcv/ops/csrc/pytorch/mlu/mlu_common_helper.cpp -> build/bdist.linux-x86_64/wheel/./mmcv/ops/csrc/pytorch/mlu
copying build/lib.linux-x86_64-cpython-312/mmcv/ops/csrc/pytorch/mlu/mlu_common_helper.h -> build/bdist.linux-x86_64/wheel/./mmcv/ops/csrc/pytorch/mlu
copying build/lib.linux-x86_64-cpython-312/mmcv/ops/csrc/pytorch/mlu/ms_deform_attn_mlu.cpp -> build/bdist.linux-x86_64/wheel/./mmcv/ops/csrc/pytorch/mlu
copying build/lib.linux-x86_64-cpython-312/mmcv/ops/csrc/pytorch/mlu/nms_mlu.cpp -> build/bdist.linux-x86_64/wheel/./mmcv/ops/csrc/pytorch/mlu
copying build/lib.linux-x86_64-cpython-312/mmcv/ops/csrc/pytorch/mlu/nms_rotated_mlu.cpp -> build/bdist.linux-x86_64/wheel/./mmcv/ops/csrc/pytorch/mlu
copying build/lib.linux-x86_64-cpython-312/mmcv/ops/csrc/pytorch/mlu/psamask_mlu.cpp -> build/bdist.linux-x86_64/wheel/./mmcv/ops/csrc/pytorch/mlu
copying build/lib.linux-x86_64-cpython-312/mmcv/ops/csrc/pytorch/mlu/roi_align_mlu.cpp -> build/bdist.linux-x86_64/wheel/./mmcv/ops/csrc/pytorch/mlu
copying build/lib.linux-x86_64-cpython-312/mmcv/ops/csrc/pytorch/mlu/roi_align_rotated_mlu.cpp -> build/bdist.linux-x86_64/wheel/./mmcv/ops/csrc/pytorch/mlu
copying build/lib.linux-x86_64-cpython-312/mmcv/ops/csrc/pytorch/mlu/roi_pool_mlu.cpp -> build/bdist.linux-x86_64/wheel/./mmcv/ops/csrc/pytorch/mlu
copying build/lib.linux-x86_64-cpython-312/mmcv/ops/csrc/pytorch/mlu/roiaware_pool3d_mlu.cpp -> build/bdist.linux-x86_64/wheel/./mmcv/ops/csrc/pytorch/mlu
copying build/lib.linux-x86_64-cpython-312/mmcv/ops/csrc/pytorch/mlu/roipoint_pool3d_mlu.cpp -> build/bdist.linux-x86_64/wheel/./mmcv/ops/csrc/pytorch/mlu
copying build/lib.linux-x86_64-cpython-312/mmcv/ops/csrc/pytorch/mlu/rotated_feature_align_mlu.cpp -> build/bdist.linux-x86_64/wheel/./mmcv/ops/csrc/pytorch/mlu
copying build/lib.linux-x86_64-cpython-312/mmcv/ops/csrc/pytorch/mlu/scatter_points_mlu.cpp -> build/bdist.linux-x86_64/wheel/./mmcv/ops/csrc/pytorch/mlu
copying build/lib.linux-x86_64-cpython-312/mmcv/ops/csrc/pytorch/mlu/sparse_conv_mlu.cpp -> build/bdist.linux-x86_64/wheel/./mmcv/ops/csrc/pytorch/mlu
copying build/lib.linux-x86_64-cpython-312/mmcv/ops/csrc/pytorch/mlu/three_nn_mlu.cpp -> build/bdist.linux-x86_64/wheel/./mmcv/ops/csrc/pytorch/mlu
copying build/lib.linux-x86_64-cpython-312/mmcv/ops/csrc/pytorch/mlu/tin_shift_mlu.cpp -> build/bdist.linux-x86_64/wheel/./mmcv/ops/csrc/pytorch/mlu
copying build/lib.linux-x86_64-cpython-312/mmcv/ops/csrc/pytorch/mlu/voxelization_mlu.cpp -> build/bdist.linux-x86_64/wheel/./mmcv/ops/csrc/pytorch/mlu
creating build/bdist.linux-x86_64/wheel/mmcv/ops/csrc/pytorch/mps
copying build/lib.linux-x86_64-cpython-312/mmcv/ops/csrc/pytorch/mps/bbox_overlaps_mps.mm -> build/bdist.linux-x86_64/wheel/./mmcv/ops/csrc/pytorch/mps
creating build/bdist.linux-x86_64/wheel/mmcv/ops/csrc/pytorch/npu
copying build/lib.linux-x86_64-cpython-312/mmcv/ops/csrc/pytorch/npu/active_rotated_filter_npu.cpp -> build/bdist.linux-x86_64/wheel/./mmcv/ops/csrc/pytorch/npu
copying build/lib.linux-x86_64-cpython-312/mmcv/ops/csrc/pytorch/npu/bbox_overlaps_npu.cpp -> build/bdist.linux-x86_64/wheel/./mmcv/ops/csrc/pytorch/npu
copying build/lib.linux-x86_64-cpython-312/mmcv/ops/csrc/pytorch/npu/box_iou_rotated_npu.cpp -> build/bdist.linux-x86_64/wheel/./mmcv/ops/csrc/pytorch/npu
copying build/lib.linux-x86_64-cpython-312/mmcv/ops/csrc/pytorch/npu/deform_roi_pool.cpp -> build/bdist.linux-x86_64/wheel/./mmcv/ops/csrc/pytorch/npu
copying build/lib.linux-x86_64-cpython-312/mmcv/ops/csrc/pytorch/npu/focal_loss_npu.cpp -> build/bdist.linux-x86_64/wheel/./mmcv/ops/csrc/pytorch/npu
copying build/lib.linux-x86_64-cpython-312/mmcv/ops/csrc/pytorch/npu/fused_bias_leakyrelu_npu.cpp -> build/bdist.linux-x86_64/wheel/./mmcv/ops/csrc/pytorch/npu
copying build/lib.linux-x86_64-cpython-312/mmcv/ops/csrc/pytorch/npu/gather_points_npu.cpp -> build/bdist.linux-x86_64/wheel/./mmcv/ops/csrc/pytorch/npu
copying build/lib.linux-x86_64-cpython-312/mmcv/ops/csrc/pytorch/npu/nms_npu.cpp -> build/bdist.linux-x86_64/wheel/./mmcv/ops/csrc/pytorch/npu
copying build/lib.linux-x86_64-cpython-312/mmcv/ops/csrc/pytorch/npu/nms_rotated_npu.cpp -> build/bdist.linux-x86_64/wheel/./mmcv/ops/csrc/pytorch/npu
copying build/lib.linux-x86_64-cpython-312/mmcv/ops/csrc/pytorch/npu/points_in_polygons_npu.cpp -> build/bdist.linux-x86_64/wheel/./mmcv/ops/csrc/pytorch/npu
copying build/lib.linux-x86_64-cpython-312/mmcv/ops/csrc/pytorch/npu/psa_mask_npu.cpp -> build/bdist.linux-x86_64/wheel/./mmcv/ops/csrc/pytorch/npu
copying build/lib.linux-x86_64-cpython-312/mmcv/ops/csrc/pytorch/npu/roi_align_npu.cpp -> build/bdist.linux-x86_64/wheel/./mmcv/ops/csrc/pytorch/npu
copying build/lib.linux-x86_64-cpython-312/mmcv/ops/csrc/pytorch/npu/roi_pool_npu.cpp -> build/bdist.linux-x86_64/wheel/./mmcv/ops/csrc/pytorch/npu
copying build/lib.linux-x86_64-cpython-312/mmcv/ops/csrc/pytorch/npu/voxelization_npu.cpp -> build/bdist.linux-x86_64/wheel/./mmcv/ops/csrc/pytorch/npu
creating build/bdist.linux-x86_64/wheel/mmcv/ops/csrc/tensorrt
copying build/lib.linux-x86_64-cpython-312/mmcv/ops/csrc/tensorrt/trt_corner_pool.hpp -> build/bdist.linux-x86_64/wheel/./mmcv/ops/csrc/tensorrt
copying build/lib.linux-x86_64-cpython-312/mmcv/ops/csrc/tensorrt/trt_cuda_helper.cuh -> build/bdist.linux-x86_64/wheel/./mmcv/ops/csrc/tensorrt
copying build/lib.linux-x86_64-cpython-312/mmcv/ops/csrc/tensorrt/trt_cummaxmin.hpp -> build/bdist.linux-x86_64/wheel/./mmcv/ops/csrc/tensorrt
copying build/lib.linux-x86_64-cpython-312/mmcv/ops/csrc/tensorrt/trt_deform_conv.hpp -> build/bdist.linux-x86_64/wheel/./mmcv/ops/csrc/tensorrt
copying build/lib.linux-x86_64-cpython-312/mmcv/ops/csrc/tensorrt/trt_grid_sampler.hpp -> build/bdist.linux-x86_64/wheel/./mmcv/ops/csrc/tensorrt
copying build/lib.linux-x86_64-cpython-312/mmcv/ops/csrc/tensorrt/trt_instance_norm.hpp -> build/bdist.linux-x86_64/wheel/./mmcv/ops/csrc/tensorrt
copying build/lib.linux-x86_64-cpython-312/mmcv/ops/csrc/tensorrt/trt_modulated_deform_conv.hpp -> build/bdist.linux-x86_64/wheel/./mmcv/ops/csrc/tensorrt
copying build/lib.linux-x86_64-cpython-312/mmcv/ops/csrc/tensorrt/trt_nms.hpp -> build/bdist.linux-x86_64/wheel/./mmcv/ops/csrc/tensorrt
copying build/lib.linux-x86_64-cpython-312/mmcv/ops/csrc/tensorrt/trt_plugin.hpp -> build/bdist.linux-x86_64/wheel/./mmcv/ops/csrc/tensorrt
copying build/lib.linux-x86_64-cpython-312/mmcv/ops/csrc/tensorrt/trt_plugin_helper.hpp -> build/bdist.linux-x86_64/wheel/./mmcv/ops/csrc/tensorrt
copying build/lib.linux-x86_64-cpython-312/mmcv/ops/csrc/tensorrt/trt_roi_align.hpp -> build/bdist.linux-x86_64/wheel/./mmcv/ops/csrc/tensorrt
copying build/lib.linux-x86_64-cpython-312/mmcv/ops/csrc/tensorrt/trt_scatternd.hpp -> build/bdist.linux-x86_64/wheel/./mmcv/ops/csrc/tensorrt
copying build/lib.linux-x86_64-cpython-312/mmcv/ops/csrc/tensorrt/trt_serialize.hpp -> build/bdist.linux-x86_64/wheel/./mmcv/ops/csrc/tensorrt
creating build/bdist.linux-x86_64/wheel/mmcv/ops/csrc/tensorrt/plugins
copying build/lib.linux-x86_64-cpython-312/mmcv/ops/csrc/tensorrt/plugins/trt_corner_pool.cpp -> build/bdist.linux-x86_64/wheel/./mmcv/ops/csrc/tensorrt/plugins
copying build/lib.linux-x86_64-cpython-312/mmcv/ops/csrc/tensorrt/plugins/trt_corner_pool_kernel.cu -> build/bdist.linux-x86_64/wheel/./mmcv/ops/csrc/tensorrt/plugins
copying build/lib.linux-x86_64-cpython-312/mmcv/ops/csrc/tensorrt/plugins/trt_cuda_helper.cu -> build/bdist.linux-x86_64/wheel/./mmcv/ops/csrc/tensorrt/plugins
copying build/lib.linux-x86_64-cpython-312/mmcv/ops/csrc/tensorrt/plugins/trt_cummaxmin.cpp -> build/bdist.linux-x86_64/wheel/./mmcv/ops/csrc/tensorrt/plugins
copying build/lib.linux-x86_64-cpython-312/mmcv/ops/csrc/tensorrt/plugins/trt_cummaxmin_kernel.cu -> build/bdist.linux-x86_64/wheel/./mmcv/ops/csrc/tensorrt/plugins
copying build/lib.linux-x86_64-cpython-312/mmcv/ops/csrc/tensorrt/plugins/trt_deform_conv.cpp -> build/bdist.linux-x86_64/wheel/./mmcv/ops/csrc/tensorrt/plugins
copying build/lib.linux-x86_64-cpython-312/mmcv/ops/csrc/tensorrt/plugins/trt_deform_conv_kernel.cu -> build/bdist.linux-x86_64/wheel/./mmcv/ops/csrc/tensorrt/plugins
copying build/lib.linux-x86_64-cpython-312/mmcv/ops/csrc/tensorrt/plugins/trt_grid_sampler.cpp -> build/bdist.linux-x86_64/wheel/./mmcv/ops/csrc/tensorrt/plugins
copying build/lib.linux-x86_64-cpython-312/mmcv/ops/csrc/tensorrt/plugins/trt_grid_sampler_kernel.cu -> build/bdist.linux-x86_64/wheel/./mmcv/ops/csrc/tensorrt/plugins
copying build/lib.linux-x86_64-cpython-312/mmcv/ops/csrc/tensorrt/plugins/trt_instance_norm.cpp -> build/bdist.linux-x86_64/wheel/./mmcv/ops/csrc/tensorrt/plugins
copying build/lib.linux-x86_64-cpython-312/mmcv/ops/csrc/tensorrt/plugins/trt_modulated_deform_conv.cpp -> build/bdist.linux-x86_64/wheel/./mmcv/ops/csrc/tensorrt/plugins
copying build/lib.linux-x86_64-cpython-312/mmcv/ops/csrc/tensorrt/plugins/trt_modulated_deform_conv_kernel.cu -> build/bdist.linux-x86_64/wheel/./mmcv/ops/csrc/tensorrt/plugins
copying build/lib.linux-x86_64-cpython-312/mmcv/ops/csrc/tensorrt/plugins/trt_nms.cpp -> build/bdist.linux-x86_64/wheel/./mmcv/ops/csrc/tensorrt/plugins
copying build/lib.linux-x86_64-cpython-312/mmcv/ops/csrc/tensorrt/plugins/trt_nms_kernel.cu -> build/bdist.linux-x86_64/wheel/./mmcv/ops/csrc/tensorrt/plugins
copying build/lib.linux-x86_64-cpython-312/mmcv/ops/csrc/tensorrt/plugins/trt_plugin.cpp -> build/bdist.linux-x86_64/wheel/./mmcv/ops/csrc/tensorrt/plugins
copying build/lib.linux-x86_64-cpython-312/mmcv/ops/csrc/tensorrt/plugins/trt_roi_align.cpp -> build/bdist.linux-x86_64/wheel/./mmcv/ops/csrc/tensorrt/plugins
copying build/lib.linux-x86_64-cpython-312/mmcv/ops/csrc/tensorrt/plugins/trt_roi_align_kernel.cu -> build/bdist.linux-x86_64/wheel/./mmcv/ops/csrc/tensorrt/plugins
copying build/lib.linux-x86_64-cpython-312/mmcv/ops/csrc/tensorrt/plugins/trt_scatternd.cpp -> build/bdist.linux-x86_64/wheel/./mmcv/ops/csrc/tensorrt/plugins
copying build/lib.linux-x86_64-cpython-312/mmcv/ops/csrc/tensorrt/plugins/trt_scatternd_kernel.cu -> build/bdist.linux-x86_64/wheel/./mmcv/ops/csrc/tensorrt/plugins
creating build/bdist.linux-x86_64/wheel/mmcv/parallel
copying build/lib.linux-x86_64-cpython-312/mmcv/parallel/__init__.py -> build/bdist.linux-x86_64/wheel/./mmcv/parallel
copying build/lib.linux-x86_64-cpython-312/mmcv/parallel/_functions.py -> build/bdist.linux-x86_64/wheel/./mmcv/parallel
copying build/lib.linux-x86_64-cpython-312/mmcv/parallel/collate.py -> build/bdist.linux-x86_64/wheel/./mmcv/parallel
copying build/lib.linux-x86_64-cpython-312/mmcv/parallel/data_container.py -> build/bdist.linux-x86_64/wheel/./mmcv/parallel
copying build/lib.linux-x86_64-cpython-312/mmcv/parallel/data_parallel.py -> build/bdist.linux-x86_64/wheel/./mmcv/parallel
copying build/lib.linux-x86_64-cpython-312/mmcv/parallel/distributed.py -> build/bdist.linux-x86_64/wheel/./mmcv/parallel
copying build/lib.linux-x86_64-cpython-312/mmcv/parallel/distributed_deprecated.py -> build/bdist.linux-x86_64/wheel/./mmcv/parallel
copying build/lib.linux-x86_64-cpython-312/mmcv/parallel/registry.py -> build/bdist.linux-x86_64/wheel/./mmcv/parallel
copying build/lib.linux-x86_64-cpython-312/mmcv/parallel/scatter_gather.py -> build/bdist.linux-x86_64/wheel/./mmcv/parallel
copying build/lib.linux-x86_64-cpython-312/mmcv/parallel/utils.py -> build/bdist.linux-x86_64/wheel/./mmcv/parallel
creating build/bdist.linux-x86_64/wheel/mmcv/runner
copying build/lib.linux-x86_64-cpython-312/mmcv/runner/__init__.py -> build/bdist.linux-x86_64/wheel/./mmcv/runner
copying build/lib.linux-x86_64-cpython-312/mmcv/runner/base_module.py -> build/bdist.linux-x86_64/wheel/./mmcv/runner
copying build/lib.linux-x86_64-cpython-312/mmcv/runner/base_runner.py -> build/bdist.linux-x86_64/wheel/./mmcv/runner
copying build/lib.linux-x86_64-cpython-312/mmcv/runner/builder.py -> build/bdist.linux-x86_64/wheel/./mmcv/runner
copying build/lib.linux-x86_64-cpython-312/mmcv/runner/checkpoint.py -> build/bdist.linux-x86_64/wheel/./mmcv/runner
copying build/lib.linux-x86_64-cpython-312/mmcv/runner/default_constructor.py -> build/bdist.linux-x86_64/wheel/./mmcv/runner
copying build/lib.linux-x86_64-cpython-312/mmcv/runner/dist_utils.py -> build/bdist.linux-x86_64/wheel/./mmcv/runner
copying build/lib.linux-x86_64-cpython-312/mmcv/runner/epoch_based_runner.py -> build/bdist.linux-x86_64/wheel/./mmcv/runner
copying build/lib.linux-x86_64-cpython-312/mmcv/runner/fp16_utils.py -> build/bdist.linux-x86_64/wheel/./mmcv/runner
copying build/lib.linux-x86_64-cpython-312/mmcv/runner/iter_based_runner.py -> build/bdist.linux-x86_64/wheel/./mmcv/runner
copying build/lib.linux-x86_64-cpython-312/mmcv/runner/log_buffer.py -> build/bdist.linux-x86_64/wheel/./mmcv/runner
copying build/lib.linux-x86_64-cpython-312/mmcv/runner/priority.py -> build/bdist.linux-x86_64/wheel/./mmcv/runner
copying build/lib.linux-x86_64-cpython-312/mmcv/runner/utils.py -> build/bdist.linux-x86_64/wheel/./mmcv/runner
creating build/bdist.linux-x86_64/wheel/mmcv/runner/hooks
copying build/lib.linux-x86_64-cpython-312/mmcv/runner/hooks/__init__.py -> build/bdist.linux-x86_64/wheel/./mmcv/runner/hooks
copying build/lib.linux-x86_64-cpython-312/mmcv/runner/hooks/checkpoint.py -> build/bdist.linux-x86_64/wheel/./mmcv/runner/hooks
copying build/lib.linux-x86_64-cpython-312/mmcv/runner/hooks/closure.py -> build/bdist.linux-x86_64/wheel/./mmcv/runner/hooks
copying build/lib.linux-x86_64-cpython-312/mmcv/runner/hooks/ema.py -> build/bdist.linux-x86_64/wheel/./mmcv/runner/hooks
copying build/lib.linux-x86_64-cpython-312/mmcv/runner/hooks/evaluation.py -> build/bdist.linux-x86_64/wheel/./mmcv/runner/hooks
copying build/lib.linux-x86_64-cpython-312/mmcv/runner/hooks/hook.py -> build/bdist.linux-x86_64/wheel/./mmcv/runner/hooks
copying build/lib.linux-x86_64-cpython-312/mmcv/runner/hooks/iter_timer.py -> build/bdist.linux-x86_64/wheel/./mmcv/runner/hooks
copying build/lib.linux-x86_64-cpython-312/mmcv/runner/hooks/lr_updater.py -> build/bdist.linux-x86_64/wheel/./mmcv/runner/hooks
copying build/lib.linux-x86_64-cpython-312/mmcv/runner/hooks/memory.py -> build/bdist.linux-x86_64/wheel/./mmcv/runner/hooks
copying build/lib.linux-x86_64-cpython-312/mmcv/runner/hooks/momentum_updater.py -> build/bdist.linux-x86_64/wheel/./mmcv/runner/hooks
copying build/lib.linux-x86_64-cpython-312/mmcv/runner/hooks/optimizer.py -> build/bdist.linux-x86_64/wheel/./mmcv/runner/hooks
copying build/lib.linux-x86_64-cpython-312/mmcv/runner/hooks/profiler.py -> build/bdist.linux-x86_64/wheel/./mmcv/runner/hooks
copying build/lib.linux-x86_64-cpython-312/mmcv/runner/hooks/sampler_seed.py -> build/bdist.linux-x86_64/wheel/./mmcv/runner/hooks
copying build/lib.linux-x86_64-cpython-312/mmcv/runner/hooks/sync_buffer.py -> build/bdist.linux-x86_64/wheel/./mmcv/runner/hooks
creating build/bdist.linux-x86_64/wheel/mmcv/runner/hooks/logger
copying build/lib.linux-x86_64-cpython-312/mmcv/runner/hooks/logger/__init__.py -> build/bdist.linux-x86_64/wheel/./mmcv/runner/hooks/logger
copying build/lib.linux-x86_64-cpython-312/mmcv/runner/hooks/logger/base.py -> build/bdist.linux-x86_64/wheel/./mmcv/runner/hooks/logger
copying build/lib.linux-x86_64-cpython-312/mmcv/runner/hooks/logger/clearml.py -> build/bdist.linux-x86_64/wheel/./mmcv/runner/hooks/logger
copying build/lib.linux-x86_64-cpython-312/mmcv/runner/hooks/logger/dvclive.py -> build/bdist.linux-x86_64/wheel/./mmcv/runner/hooks/logger
copying build/lib.linux-x86_64-cpython-312/mmcv/runner/hooks/logger/mlflow.py -> build/bdist.linux-x86_64/wheel/./mmcv/runner/hooks/logger
copying build/lib.linux-x86_64-cpython-312/mmcv/runner/hooks/logger/neptune.py -> build/bdist.linux-x86_64/wheel/./mmcv/runner/hooks/logger
copying build/lib.linux-x86_64-cpython-312/mmcv/runner/hooks/logger/pavi.py -> build/bdist.linux-x86_64/wheel/./mmcv/runner/hooks/logger
copying build/lib.linux-x86_64-cpython-312/mmcv/runner/hooks/logger/segmind.py -> build/bdist.linux-x86_64/wheel/./mmcv/runner/hooks/logger
copying build/lib.linux-x86_64-cpython-312/mmcv/runner/hooks/logger/tensorboard.py -> build/bdist.linux-x86_64/wheel/./mmcv/runner/hooks/logger
copying build/lib.linux-x86_64-cpython-312/mmcv/runner/hooks/logger/text.py -> build/bdist.linux-x86_64/wheel/./mmcv/runner/hooks/logger
copying build/lib.linux-x86_64-cpython-312/mmcv/runner/hooks/logger/wandb.py -> build/bdist.linux-x86_64/wheel/./mmcv/runner/hooks/logger
creating build/bdist.linux-x86_64/wheel/mmcv/runner/optimizer
copying build/lib.linux-x86_64-cpython-312/mmcv/runner/optimizer/__init__.py -> build/bdist.linux-x86_64/wheel/./mmcv/runner/optimizer
copying build/lib.linux-x86_64-cpython-312/mmcv/runner/optimizer/builder.py -> build/bdist.linux-x86_64/wheel/./mmcv/runner/optimizer
copying build/lib.linux-x86_64-cpython-312/mmcv/runner/optimizer/default_constructor.py -> build/bdist.linux-x86_64/wheel/./mmcv/runner/optimizer
creating build/bdist.linux-x86_64/wheel/mmcv/tensorrt
copying build/lib.linux-x86_64-cpython-312/mmcv/tensorrt/__init__.py -> build/bdist.linux-x86_64/wheel/./mmcv/tensorrt
copying build/lib.linux-x86_64-cpython-312/mmcv/tensorrt/init_plugins.py -> build/bdist.linux-x86_64/wheel/./mmcv/tensorrt
copying build/lib.linux-x86_64-cpython-312/mmcv/tensorrt/preprocess.py -> build/bdist.linux-x86_64/wheel/./mmcv/tensorrt
copying build/lib.linux-x86_64-cpython-312/mmcv/tensorrt/tensorrt_utils.py -> build/bdist.linux-x86_64/wheel/./mmcv/tensorrt
creating build/bdist.linux-x86_64/wheel/mmcv/utils
copying build/lib.linux-x86_64-cpython-312/mmcv/utils/__init__.py -> build/bdist.linux-x86_64/wheel/./mmcv/utils
copying build/lib.linux-x86_64-cpython-312/mmcv/utils/config.py -> build/bdist.linux-x86_64/wheel/./mmcv/utils
copying build/lib.linux-x86_64-cpython-312/mmcv/utils/device_type.py -> build/bdist.linux-x86_64/wheel/./mmcv/utils
copying build/lib.linux-x86_64-cpython-312/mmcv/utils/env.py -> build/bdist.linux-x86_64/wheel/./mmcv/utils
copying build/lib.linux-x86_64-cpython-312/mmcv/utils/ext_loader.py -> build/bdist.linux-x86_64/wheel/./mmcv/utils
copying build/lib.linux-x86_64-cpython-312/mmcv/utils/hub.py -> build/bdist.linux-x86_64/wheel/./mmcv/utils
copying build/lib.linux-x86_64-cpython-312/mmcv/utils/logging.py -> build/bdist.linux-x86_64/wheel/./mmcv/utils
copying build/lib.linux-x86_64-cpython-312/mmcv/utils/misc.py -> build/bdist.linux-x86_64/wheel/./mmcv/utils
copying build/lib.linux-x86_64-cpython-312/mmcv/utils/parrots_jit.py -> build/bdist.linux-x86_64/wheel/./mmcv/utils
copying build/lib.linux-x86_64-cpython-312/mmcv/utils/parrots_wrapper.py -> build/bdist.linux-x86_64/wheel/./mmcv/utils
copying build/lib.linux-x86_64-cpython-312/mmcv/utils/path.py -> build/bdist.linux-x86_64/wheel/./mmcv/utils
copying build/lib.linux-x86_64-cpython-312/mmcv/utils/progressbar.py -> build/bdist.linux-x86_64/wheel/./mmcv/utils
copying build/lib.linux-x86_64-cpython-312/mmcv/utils/registry.py -> build/bdist.linux-x86_64/wheel/./mmcv/utils
copying build/lib.linux-x86_64-cpython-312/mmcv/utils/seed.py -> build/bdist.linux-x86_64/wheel/./mmcv/utils
copying build/lib.linux-x86_64-cpython-312/mmcv/utils/testing.py -> build/bdist.linux-x86_64/wheel/./mmcv/utils
copying build/lib.linux-x86_64-cpython-312/mmcv/utils/timer.py -> build/bdist.linux-x86_64/wheel/./mmcv/utils
copying build/lib.linux-x86_64-cpython-312/mmcv/utils/torch_ops.py -> build/bdist.linux-x86_64/wheel/./mmcv/utils
copying build/lib.linux-x86_64-cpython-312/mmcv/utils/trace.py -> build/bdist.linux-x86_64/wheel/./mmcv/utils
copying build/lib.linux-x86_64-cpython-312/mmcv/utils/version_utils.py -> build/bdist.linux-x86_64/wheel/./mmcv/utils
creating build/bdist.linux-x86_64/wheel/mmcv/video
copying build/lib.linux-x86_64-cpython-312/mmcv/video/__init__.py -> build/bdist.linux-x86_64/wheel/./mmcv/video
copying build/lib.linux-x86_64-cpython-312/mmcv/video/io.py -> build/bdist.linux-x86_64/wheel/./mmcv/video
copying build/lib.linux-x86_64-cpython-312/mmcv/video/optflow.py -> build/bdist.linux-x86_64/wheel/./mmcv/video
copying build/lib.linux-x86_64-cpython-312/mmcv/video/processing.py -> build/bdist.linux-x86_64/wheel/./mmcv/video
creating build/bdist.linux-x86_64/wheel/mmcv/visualization
copying build/lib.linux-x86_64-cpython-312/mmcv/visualization/__init__.py -> build/bdist.linux-x86_64/wheel/./mmcv/visualization
copying build/lib.linux-x86_64-cpython-312/mmcv/visualization/color.py -> build/bdist.linux-x86_64/wheel/./mmcv/visualization
copying build/lib.linux-x86_64-cpython-312/mmcv/visualization/image.py -> build/bdist.linux-x86_64/wheel/./mmcv/visualization
copying build/lib.linux-x86_64-cpython-312/mmcv/visualization/optflow.py -> build/bdist.linux-x86_64/wheel/./mmcv/visualization
creating build/bdist.linux-x86_64/wheel/mmcv/model_zoo
copying build/lib.linux-x86_64-cpython-312/mmcv/model_zoo/deprecated.json -> build/bdist.linux-x86_64/wheel/./mmcv/model_zoo
copying build/lib.linux-x86_64-cpython-312/mmcv/model_zoo/mmcls.json -> build/bdist.linux-x86_64/wheel/./mmcv/model_zoo
copying build/lib.linux-x86_64-cpython-312/mmcv/model_zoo/open_mmlab.json -> build/bdist.linux-x86_64/wheel/./mmcv/model_zoo
copying build/lib.linux-x86_64-cpython-312/mmcv/model_zoo/torchvision_0.12.json -> build/bdist.linux-x86_64/wheel/./mmcv/model_zoo
copying build/lib.linux-x86_64-cpython-312/mmcv/_ext.cpython-312-x86_64-linux-gnu.so -> build/bdist.linux-x86_64/wheel/./mmcv
warning: install_lib: byte-compiling is disabled, skipping.

running install_egg_info
Copying mmcv_full.egg-info to build/bdist.linux-x86_64/wheel/./mmcv_full-1.7.2-py3.12.egg-info
running install_scripts
creating build/bdist.linux-x86_64/wheel/mmcv_full-1.7.2.dist-info/WHEEL
creating '/mnt/nfs2/engdes/wc296/paper6/dependencies/artemis-framework-overlay-005/built-wheels/mmcv_full-1.7.2-cp312-cp312-linux_x86_64.whl' and adding 'build/bdist.linux-x86_64/wheel' to it
adding 'mmcv/__init__.py'
adding 'mmcv/_ext.cpython-312-x86_64-linux-gnu.so'
adding 'mmcv/version.py'
adding 'mmcv/arraymisc/__init__.py'
adding 'mmcv/arraymisc/quantization.py'
adding 'mmcv/cnn/__init__.py'
adding 'mmcv/cnn/alexnet.py'
adding 'mmcv/cnn/builder.py'
adding 'mmcv/cnn/resnet.py'
adding 'mmcv/cnn/vgg.py'
adding 'mmcv/cnn/bricks/__init__.py'
adding 'mmcv/cnn/bricks/activation.py'
adding 'mmcv/cnn/bricks/context_block.py'
adding 'mmcv/cnn/bricks/conv.py'
adding 'mmcv/cnn/bricks/conv2d_adaptive_padding.py'
adding 'mmcv/cnn/bricks/conv_module.py'
adding 'mmcv/cnn/bricks/conv_ws.py'
adding 'mmcv/cnn/bricks/depthwise_separable_conv_module.py'
adding 'mmcv/cnn/bricks/drop.py'
adding 'mmcv/cnn/bricks/generalized_attention.py'
adding 'mmcv/cnn/bricks/hsigmoid.py'
adding 'mmcv/cnn/bricks/hswish.py'
adding 'mmcv/cnn/bricks/non_local.py'
adding 'mmcv/cnn/bricks/norm.py'
adding 'mmcv/cnn/bricks/padding.py'
adding 'mmcv/cnn/bricks/plugin.py'
adding 'mmcv/cnn/bricks/registry.py'
adding 'mmcv/cnn/bricks/scale.py'
adding 'mmcv/cnn/bricks/swish.py'
adding 'mmcv/cnn/bricks/transformer.py'
adding 'mmcv/cnn/bricks/upsample.py'
adding 'mmcv/cnn/bricks/wrappers.py'
adding 'mmcv/cnn/rfsearch/__init__.py'
adding 'mmcv/cnn/rfsearch/operator.py'
adding 'mmcv/cnn/rfsearch/search.py'
adding 'mmcv/cnn/rfsearch/utils.py'
adding 'mmcv/cnn/utils/__init__.py'
adding 'mmcv/cnn/utils/flops_counter.py'
adding 'mmcv/cnn/utils/fuse_conv_bn.py'
adding 'mmcv/cnn/utils/sync_bn.py'
adding 'mmcv/cnn/utils/weight_init.py'
adding 'mmcv/device/__init__.py'
adding 'mmcv/device/_functions.py'
adding 'mmcv/device/scatter_gather.py'
adding 'mmcv/device/utils.py'
adding 'mmcv/device/ipu/__init__.py'
adding 'mmcv/device/ipu/dataloader.py'
adding 'mmcv/device/ipu/hierarchical_data_manager.py'
adding 'mmcv/device/ipu/hook_wrapper.py'
adding 'mmcv/device/ipu/model_wrapper.py'
adding 'mmcv/device/ipu/runner.py'
adding 'mmcv/device/ipu/utils.py'
adding 'mmcv/device/mlu/__init__.py'
adding 'mmcv/device/mlu/_functions.py'
adding 'mmcv/device/mlu/data_parallel.py'
adding 'mmcv/device/mlu/distributed.py'
adding 'mmcv/device/mlu/scatter_gather.py'
adding 'mmcv/device/mps/__init__.py'
adding 'mmcv/device/mps/data_parallel.py'
adding 'mmcv/device/npu/__init__.py'
adding 'mmcv/device/npu/data_parallel.py'
adding 'mmcv/device/npu/distributed.py'
adding 'mmcv/engine/__init__.py'
adding 'mmcv/engine/test.py'
adding 'mmcv/fileio/__init__.py'
adding 'mmcv/fileio/file_client.py'
adding 'mmcv/fileio/io.py'
adding 'mmcv/fileio/parse.py'
adding 'mmcv/fileio/handlers/__init__.py'
adding 'mmcv/fileio/handlers/base.py'
adding 'mmcv/fileio/handlers/json_handler.py'
adding 'mmcv/fileio/handlers/pickle_handler.py'
adding 'mmcv/fileio/handlers/yaml_handler.py'
adding 'mmcv/image/__init__.py'
adding 'mmcv/image/colorspace.py'
adding 'mmcv/image/geometric.py'
adding 'mmcv/image/io.py'
adding 'mmcv/image/misc.py'
adding 'mmcv/image/photometric.py'
adding 'mmcv/model_zoo/deprecated.json'
adding 'mmcv/model_zoo/mmcls.json'
adding 'mmcv/model_zoo/open_mmlab.json'
adding 'mmcv/model_zoo/torchvision_0.12.json'
adding 'mmcv/onnx/__init__.py'
adding 'mmcv/onnx/info.py'
adding 'mmcv/onnx/symbolic.py'
adding 'mmcv/onnx/onnx_utils/__init__.py'
adding 'mmcv/onnx/onnx_utils/symbolic_helper.py'
adding 'mmcv/ops/__init__.py'
adding 'mmcv/ops/active_rotated_filter.py'
adding 'mmcv/ops/assign_score_withk.py'
adding 'mmcv/ops/ball_query.py'
adding 'mmcv/ops/bbox.py'
adding 'mmcv/ops/border_align.py'
adding 'mmcv/ops/box_iou_quadri.py'
adding 'mmcv/ops/box_iou_rotated.py'
adding 'mmcv/ops/carafe.py'
adding 'mmcv/ops/cc_attention.py'
adding 'mmcv/ops/chamfer_distance.py'
adding 'mmcv/ops/contour_expand.py'
adding 'mmcv/ops/convex_iou.py'
adding 'mmcv/ops/corner_pool.py'
adding 'mmcv/ops/correlation.py'
adding 'mmcv/ops/deform_conv.py'
adding 'mmcv/ops/deform_roi_pool.py'
adding 'mmcv/ops/deprecated_wrappers.py'
adding 'mmcv/ops/diff_iou_rotated.py'
adding 'mmcv/ops/focal_loss.py'
adding 'mmcv/ops/furthest_point_sample.py'
adding 'mmcv/ops/fused_bias_leakyrelu.py'
adding 'mmcv/ops/gather_points.py'
adding 'mmcv/ops/group_points.py'
adding 'mmcv/ops/info.py'
adding 'mmcv/ops/iou3d.py'
adding 'mmcv/ops/knn.py'
adding 'mmcv/ops/masked_conv.py'
adding 'mmcv/ops/merge_cells.py'
adding 'mmcv/ops/min_area_polygons.py'
adding 'mmcv/ops/modulated_deform_conv.py'
adding 'mmcv/ops/multi_scale_deform_attn.py'
adding 'mmcv/ops/nms.py'
adding 'mmcv/ops/pixel_group.py'
adding 'mmcv/ops/point_sample.py'
adding 'mmcv/ops/points_in_boxes.py'
adding 'mmcv/ops/points_in_polygons.py'
adding 'mmcv/ops/points_sampler.py'
adding 'mmcv/ops/prroi_pool.py'
adding 'mmcv/ops/psa_mask.py'
adding 'mmcv/ops/riroi_align_rotated.py'
adding 'mmcv/ops/roi_align.py'
adding 'mmcv/ops/roi_align_rotated.py'
adding 'mmcv/ops/roi_pool.py'
adding 'mmcv/ops/roiaware_pool3d.py'
adding 'mmcv/ops/roipoint_pool3d.py'
adding 'mmcv/ops/rotated_feature_align.py'
adding 'mmcv/ops/saconv.py'
adding 'mmcv/ops/scatter_points.py'
adding 'mmcv/ops/sparse_conv.py'
adding 'mmcv/ops/sparse_functional.py'
adding 'mmcv/ops/sparse_modules.py'
adding 'mmcv/ops/sparse_ops.py'
adding 'mmcv/ops/sparse_pool.py'
adding 'mmcv/ops/sparse_structure.py'
adding 'mmcv/ops/sync_bn.py'
adding 'mmcv/ops/three_interpolate.py'
adding 'mmcv/ops/three_nn.py'
adding 'mmcv/ops/tin_shift.py'
adding 'mmcv/ops/upfirdn2d.py'
adding 'mmcv/ops/voxelize.py'
adding 'mmcv/ops/csrc/common/box_iou_rotated_utils.hpp'
adding 'mmcv/ops/csrc/common/parrots_cpp_helper.hpp'
adding 'mmcv/ops/csrc/common/parrots_cuda_helper.hpp'
adding 'mmcv/ops/csrc/common/pytorch_cpp_helper.hpp'
adding 'mmcv/ops/csrc/common/pytorch_cuda_helper.hpp'
adding 'mmcv/ops/csrc/common/pytorch_device_registry.hpp'
adding 'mmcv/ops/csrc/common/pytorch_mlu_helper.hpp'
adding 'mmcv/ops/csrc/common/pytorch_npu_helper.hpp'
adding 'mmcv/ops/csrc/common/cuda/active_rotated_filter_cuda_kernel.cuh'
adding 'mmcv/ops/csrc/common/cuda/assign_score_withk_cuda_kernel.cuh'
adding 'mmcv/ops/csrc/common/cuda/ball_query_cuda_kernel.cuh'
adding 'mmcv/ops/csrc/common/cuda/bbox_overlaps_cuda_kernel.cuh'
adding 'mmcv/ops/csrc/common/cuda/border_align_cuda_kernel.cuh'
adding 'mmcv/ops/csrc/common/cuda/box_iou_quadri_cuda.cuh'
adding 'mmcv/ops/csrc/common/cuda/box_iou_rotated_cuda.cuh'
adding 'mmcv/ops/csrc/common/cuda/carafe_cuda_kernel.cuh'
adding 'mmcv/ops/csrc/common/cuda/carafe_naive_cuda_kernel.cuh'
adding 'mmcv/ops/csrc/common/cuda/chamfer_distance_cuda_kernel.cuh'
adding 'mmcv/ops/csrc/common/cuda/common_cuda_helper.hpp'
adding 'mmcv/ops/csrc/common/cuda/convex_iou_cuda_kernel.cuh'
adding 'mmcv/ops/csrc/common/cuda/correlation_cuda.cuh'
adding 'mmcv/ops/csrc/common/cuda/deform_conv_cuda_kernel.cuh'
adding 'mmcv/ops/csrc/common/cuda/deform_roi_pool_cuda_kernel.cuh'
adding 'mmcv/ops/csrc/common/cuda/diff_iou_rotated_cuda_kernel.cuh'
adding 'mmcv/ops/csrc/common/cuda/furthest_point_sample_cuda_kernel.cuh'
adding 'mmcv/ops/csrc/common/cuda/gather_points_cuda_kernel.cuh'
adding 'mmcv/ops/csrc/common/cuda/group_points_cuda_kernel.cuh'
adding 'mmcv/ops/csrc/common/cuda/iou3d_cuda_kernel.cuh'
adding 'mmcv/ops/csrc/common/cuda/knn_cuda_kernel.cuh'
adding 'mmcv/ops/csrc/common/cuda/masked_conv2d_cuda_kernel.cuh'
adding 'mmcv/ops/csrc/common/cuda/min_area_polygons_cuda.cuh'
adding 'mmcv/ops/csrc/common/cuda/modulated_deform_conv_cuda_kernel.cuh'
adding 'mmcv/ops/csrc/common/cuda/ms_deform_attn_cuda_kernel.cuh'
adding 'mmcv/ops/csrc/common/cuda/nms_cuda_kernel.cuh'
adding 'mmcv/ops/csrc/common/cuda/nms_quadri_cuda.cuh'
adding 'mmcv/ops/csrc/common/cuda/nms_rotated_cuda.cuh'
adding 'mmcv/ops/csrc/common/cuda/parrots_cudawarpfunction.cuh'
adding 'mmcv/ops/csrc/common/cuda/points_in_boxes_cuda_kernel.cuh'
adding 'mmcv/ops/csrc/common/cuda/points_in_polygons_cuda_kernel.cuh'
adding 'mmcv/ops/csrc/common/cuda/prroi_pool_cuda_kernel.cuh'
adding 'mmcv/ops/csrc/common/cuda/psamask_cuda_kernel.cuh'
adding 'mmcv/ops/csrc/common/cuda/riroi_align_rotated_cuda_kernel.cuh'
adding 'mmcv/ops/csrc/common/cuda/roi_align_cuda_kernel.cuh'
adding 'mmcv/ops/csrc/common/cuda/roi_align_rotated_cuda_kernel.cuh'
adding 'mmcv/ops/csrc/common/cuda/roi_pool_cuda_kernel.cuh'
adding 'mmcv/ops/csrc/common/cuda/roiaware_pool3d_cuda_kernel.cuh'
adding 'mmcv/ops/csrc/common/cuda/roipoint_pool3d_cuda_kernel.cuh'
adding 'mmcv/ops/csrc/common/cuda/rotated_feature_align_cuda_kernel.cuh'
adding 'mmcv/ops/csrc/common/cuda/scatter_points_cuda_kernel.cuh'
adding 'mmcv/ops/csrc/common/cuda/sigmoid_focal_loss_cuda_kernel.cuh'
adding 'mmcv/ops/csrc/common/cuda/softmax_focal_loss_cuda_kernel.cuh'
adding 'mmcv/ops/csrc/common/cuda/stack_ball_query_cuda_kernel.cuh'
adding 'mmcv/ops/csrc/common/cuda/stack_group_points_cuda_kernel.cuh'
adding 'mmcv/ops/csrc/common/cuda/sync_bn_cuda_kernel.cuh'
adding 'mmcv/ops/csrc/common/cuda/three_interpolate_cuda_kernel.cuh'
adding 'mmcv/ops/csrc/common/cuda/three_nn_cuda_kernel.cuh'
adding 'mmcv/ops/csrc/common/cuda/tin_shift_cuda_kernel.cuh'
adding 'mmcv/ops/csrc/common/cuda/voxelization_cuda_kernel.cuh'
adding 'mmcv/ops/csrc/common/cuda/spconv/indice.cuh'
adding 'mmcv/ops/csrc/common/cuda/spconv/reordering.cuh'
adding 'mmcv/ops/csrc/common/mlu/common_mlu_helper.hpp'
adding 'mmcv/ops/csrc/common/mps/MPSDevice.h'
adding 'mmcv/ops/csrc/common/mps/MPSLibrary.h'
adding 'mmcv/ops/csrc/common/mps/MPSLibrary.mm'
adding 'mmcv/ops/csrc/common/mps/MPSStream.h'
adding 'mmcv/ops/csrc/common/mps/MPSUtils.h'
adding 'mmcv/ops/csrc/common/utils/spconv/paramsgrid.h'
adding 'mmcv/ops/csrc/common/utils/spconv/prettyprint.h'
adding 'mmcv/ops/csrc/common/utils/spconv/pybind11_utils.h'
adding 'mmcv/ops/csrc/common/utils/spconv/spconv/geometry.h'
adding 'mmcv/ops/csrc/common/utils/spconv/spconv/indice.h'
adding 'mmcv/ops/csrc/common/utils/spconv/spconv/maxpool.h'
adding 'mmcv/ops/csrc/common/utils/spconv/spconv/mp_helper.h'
adding 'mmcv/ops/csrc/common/utils/spconv/spconv/point2voxel.h'
adding 'mmcv/ops/csrc/common/utils/spconv/spconv/reordering.h'
adding 'mmcv/ops/csrc/common/utils/spconv/tensorview/helper_kernel.cuh'
adding 'mmcv/ops/csrc/common/utils/spconv/tensorview/helper_launch.h'
adding 'mmcv/ops/csrc/common/utils/spconv/tensorview/tensorview.h'
adding 'mmcv/ops/csrc/onnxruntime/corner_pool.h'
adding 'mmcv/ops/csrc/onnxruntime/deform_conv.h'
adding 'mmcv/ops/csrc/onnxruntime/grid_sample.h'
adding 'mmcv/ops/csrc/onnxruntime/modulated_deform_conv.h'
adding 'mmcv/ops/csrc/onnxruntime/nms.h'
adding 'mmcv/ops/csrc/onnxruntime/onnxruntime_register.h'
adding 'mmcv/ops/csrc/onnxruntime/onnxruntime_session_options_config_keys.h'
adding 'mmcv/ops/csrc/onnxruntime/ort_mmcv_utils.h'
adding 'mmcv/ops/csrc/onnxruntime/reduce_ops.h'
adding 'mmcv/ops/csrc/onnxruntime/roi_align.h'
adding 'mmcv/ops/csrc/onnxruntime/roi_align_rotated.h'
adding 'mmcv/ops/csrc/onnxruntime/rotated_feature_align.h'
adding 'mmcv/ops/csrc/onnxruntime/soft_nms.h'
adding 'mmcv/ops/csrc/onnxruntime/cpu/corner_pool.cpp'
adding 'mmcv/ops/csrc/onnxruntime/cpu/deform_conv.cpp'
adding 'mmcv/ops/csrc/onnxruntime/cpu/gridSample.cpp'
adding 'mmcv/ops/csrc/onnxruntime/cpu/modulated_deform_conv.cpp'
adding 'mmcv/ops/csrc/onnxruntime/cpu/nms.cpp'
adding 'mmcv/ops/csrc/onnxruntime/cpu/onnxruntime_register.cpp'
adding 'mmcv/ops/csrc/onnxruntime/cpu/reduce_ops.cpp'
adding 'mmcv/ops/csrc/onnxruntime/cpu/roi_align.cpp'
adding 'mmcv/ops/csrc/onnxruntime/cpu/roi_align_rotated.cpp'
adding 'mmcv/ops/csrc/onnxruntime/cpu/rotated_feature_align.cpp'
adding 'mmcv/ops/csrc/onnxruntime/cpu/soft_nms.cpp'
adding 'mmcv/ops/csrc/parrots/active_rotated_filter.cpp'
adding 'mmcv/ops/csrc/parrots/active_rotated_filter_parrots.cpp'
adding 'mmcv/ops/csrc/parrots/active_rotated_filter_pytorch.h'
adding 'mmcv/ops/csrc/parrots/assign_score_withk.cpp'
adding 'mmcv/ops/csrc/parrots/assign_score_withk_parrots.cpp'
adding 'mmcv/ops/csrc/parrots/assign_score_withk_pytorch.h'
adding 'mmcv/ops/csrc/parrots/ball_query._parrots.cpp'
adding 'mmcv/ops/csrc/parrots/ball_query.cpp'
adding 'mmcv/ops/csrc/parrots/ball_query_pytorch.h'
adding 'mmcv/ops/csrc/parrots/bbox_overlaps.cpp'
adding 'mmcv/ops/csrc/parrots/bbox_overlaps_parrots.cpp'
adding 'mmcv/ops/csrc/parrots/bbox_overlaps_pytorch.h'
adding 'mmcv/ops/csrc/parrots/border_align.cpp'
adding 'mmcv/ops/csrc/parrots/border_align_parrots.cpp'
adding 'mmcv/ops/csrc/parrots/border_align_pytorch.h'
adding 'mmcv/ops/csrc/parrots/box_iou_rotated.cpp'
adding 'mmcv/ops/csrc/parrots/box_iou_rotated_parrots.cpp'
adding 'mmcv/ops/csrc/parrots/box_iou_rotated_pytorch.h'
adding 'mmcv/ops/csrc/parrots/carafe.cpp'
adding 'mmcv/ops/csrc/parrots/carafe_naive.cpp'
adding 'mmcv/ops/csrc/parrots/carafe_naive_parrots.cpp'
adding 'mmcv/ops/csrc/parrots/carafe_naive_pytorch.h'
adding 'mmcv/ops/csrc/parrots/carafe_parrots.cpp'
adding 'mmcv/ops/csrc/parrots/carafe_pytorch.h'
adding 'mmcv/ops/csrc/parrots/chamfer_distance.cpp'
adding 'mmcv/ops/csrc/parrots/chamfer_distance_parrots.cpp'
adding 'mmcv/ops/csrc/parrots/chamfer_distance_pytorch.h'
adding 'mmcv/ops/csrc/parrots/contour_expand.cpp'
adding 'mmcv/ops/csrc/parrots/contour_expand_parrots.cpp'
adding 'mmcv/ops/csrc/parrots/contour_expand_pytorch.h'
adding 'mmcv/ops/csrc/parrots/convex_iou.cpp'
adding 'mmcv/ops/csrc/parrots/convex_iou_parrots.cpp'
adding 'mmcv/ops/csrc/parrots/convex_iou_pytorch.h'
adding 'mmcv/ops/csrc/parrots/correlation.cpp'
adding 'mmcv/ops/csrc/parrots/correlation_parrots.cpp'
adding 'mmcv/ops/csrc/parrots/correlation_pytorch.h'
adding 'mmcv/ops/csrc/parrots/cudabind.cpp'
adding 'mmcv/ops/csrc/parrots/deform_conv.cpp'
adding 'mmcv/ops/csrc/parrots/deform_conv_parrots.cpp'
adding 'mmcv/ops/csrc/parrots/deform_conv_pytorch.h'
adding 'mmcv/ops/csrc/parrots/deform_roi_pool.cpp'
adding 'mmcv/ops/csrc/parrots/deform_roi_pool_parrots.cpp'
adding 'mmcv/ops/csrc/parrots/deform_roi_pool_pytorch.h'
adding 'mmcv/ops/csrc/parrots/diff_iou_rotated.cpp'
adding 'mmcv/ops/csrc/parrots/diff_iou_rotated_parrots.cpp'
adding 'mmcv/ops/csrc/parrots/diff_iou_rotated_pytorch.h'
adding 'mmcv/ops/csrc/parrots/focal_loss.cpp'
adding 'mmcv/ops/csrc/parrots/focal_loss_parrots.cpp'
adding 'mmcv/ops/csrc/parrots/focal_loss_pytorch.h'
adding 'mmcv/ops/csrc/parrots/furthest_point_sample.cpp'
adding 'mmcv/ops/csrc/parrots/furthest_point_sample_parrots.cpp'
adding 'mmcv/ops/csrc/parrots/furthest_point_sample_pytorch.h'
adding 'mmcv/ops/csrc/parrots/fused_bias_leakyrelu.cpp'
adding 'mmcv/ops/csrc/parrots/fused_bias_parrots.cpp'
adding 'mmcv/ops/csrc/parrots/gather_points.cpp'
adding 'mmcv/ops/csrc/parrots/gather_points_parrots.cpp'
adding 'mmcv/ops/csrc/parrots/gather_points_pytorch.h'
adding 'mmcv/ops/csrc/parrots/group_points.cpp'
adding 'mmcv/ops/csrc/parrots/group_points_parrots.cpp'
adding 'mmcv/ops/csrc/parrots/group_points_pytorch.h'
adding 'mmcv/ops/csrc/parrots/info.cpp'
adding 'mmcv/ops/csrc/parrots/iou3d.cpp'
adding 'mmcv/ops/csrc/parrots/iou3d_parrots.cpp'
adding 'mmcv/ops/csrc/parrots/iou3d_pytorch.h'
adding 'mmcv/ops/csrc/parrots/knn.cpp'
adding 'mmcv/ops/csrc/parrots/knn_parrots.cpp'
adding 'mmcv/ops/csrc/parrots/knn_pytorch.h'
adding 'mmcv/ops/csrc/parrots/masked_conv2d.cpp'
adding 'mmcv/ops/csrc/parrots/masked_conv2d_parrots.cpp'
adding 'mmcv/ops/csrc/parrots/masked_conv2d_pytorch.h'
adding 'mmcv/ops/csrc/parrots/min_area_polygons.cpp'
adding 'mmcv/ops/csrc/parrots/min_area_polygons_parrots.cpp'
adding 'mmcv/ops/csrc/parrots/min_area_polygons_pytorch.h'
adding 'mmcv/ops/csrc/parrots/modulated_deform_conv.cpp'
adding 'mmcv/ops/csrc/parrots/modulated_deform_conv_parrots.cpp'
adding 'mmcv/ops/csrc/parrots/modulated_deform_conv_pytorch.h'
adding 'mmcv/ops/csrc/parrots/ms_deform_attn.cpp'
adding 'mmcv/ops/csrc/parrots/ms_deform_attn_parrots.cpp'
adding 'mmcv/ops/csrc/parrots/nms.cpp'
adding 'mmcv/ops/csrc/parrots/nms_parrots.cpp'
adding 'mmcv/ops/csrc/parrots/nms_pytorch.h'
adding 'mmcv/ops/csrc/parrots/nms_rotated.cpp'
adding 'mmcv/ops/csrc/parrots/pixel_group.cpp'
adding 'mmcv/ops/csrc/parrots/pixel_group_parrots.cpp'
adding 'mmcv/ops/csrc/parrots/pixel_group_pytorch.h'
adding 'mmcv/ops/csrc/parrots/points_in_boxes.cpp'
adding 'mmcv/ops/csrc/parrots/points_in_boxes_parrots.cpp'
adding 'mmcv/ops/csrc/parrots/points_in_boxes_pytorch.h'
adding 'mmcv/ops/csrc/parrots/points_in_polygons.cpp'
adding 'mmcv/ops/csrc/parrots/points_in_polygons_parrots.cpp'
adding 'mmcv/ops/csrc/parrots/points_in_polygons_pytorch.h'
adding 'mmcv/ops/csrc/parrots/prroi_pool.cpp'
adding 'mmcv/ops/csrc/parrots/prroi_pool_parrots.cpp'
adding 'mmcv/ops/csrc/parrots/prroi_pool_pytorch.h'
adding 'mmcv/ops/csrc/parrots/psamask.cpp'
adding 'mmcv/ops/csrc/parrots/psamask_parrots.cpp'
adding 'mmcv/ops/csrc/parrots/psamask_pytorch.h'
adding 'mmcv/ops/csrc/parrots/riroi_align_rotated.cpp'
adding 'mmcv/ops/csrc/parrots/riroi_align_rotated_parrots.cpp'
adding 'mmcv/ops/csrc/parrots/riroi_align_rotated_pytorch.h'
adding 'mmcv/ops/csrc/parrots/roi_align.cpp'
adding 'mmcv/ops/csrc/parrots/roi_align_parrots.cpp'
adding 'mmcv/ops/csrc/parrots/roi_align_pytorch.h'
adding 'mmcv/ops/csrc/parrots/roi_align_rotated.cpp'
adding 'mmcv/ops/csrc/parrots/roi_align_rotated_parrots.cpp'
adding 'mmcv/ops/csrc/parrots/roi_align_rotated_pytorch.h'
adding 'mmcv/ops/csrc/parrots/roi_pool.cpp'
adding 'mmcv/ops/csrc/parrots/roi_pool_parrots.cpp'
adding 'mmcv/ops/csrc/parrots/roi_pool_pytorch.h'
adding 'mmcv/ops/csrc/parrots/roiaware_pool3d.cpp'
adding 'mmcv/ops/csrc/parrots/roiaware_pool3d_parrots.cpp'
adding 'mmcv/ops/csrc/parrots/roiaware_pool3d_pytorch.h'
adding 'mmcv/ops/csrc/parrots/roipoint_pool3d.cpp'
adding 'mmcv/ops/csrc/parrots/roipoint_pool3d_parrots.cpp'
adding 'mmcv/ops/csrc/parrots/roipoint_pool3d_pytorch.h'
adding 'mmcv/ops/csrc/parrots/rotated_feature_align.cpp'
adding 'mmcv/ops/csrc/parrots/rotated_feature_align_parrots.cpp'
adding 'mmcv/ops/csrc/parrots/rotated_feature_align_pytorch.h'
adding 'mmcv/ops/csrc/parrots/sync_bn.cpp'
adding 'mmcv/ops/csrc/parrots/sync_bn_parrots.cpp'
adding 'mmcv/ops/csrc/parrots/sync_bn_pytorch.h'
adding 'mmcv/ops/csrc/parrots/three_interpolate.cpp'
adding 'mmcv/ops/csrc/parrots/three_interpolate_parrots.cpp'
adding 'mmcv/ops/csrc/parrots/three_interpolate_pytorch.h'
adding 'mmcv/ops/csrc/parrots/three_nn.cpp'
adding 'mmcv/ops/csrc/parrots/three_nn_parrots.cpp'
adding 'mmcv/ops/csrc/parrots/three_nn_pytorch.h'
adding 'mmcv/ops/csrc/parrots/tin_shift.cpp'
adding 'mmcv/ops/csrc/parrots/tin_shift_parrots.cpp'
adding 'mmcv/ops/csrc/parrots/tin_shift_pytorch.h'
adding 'mmcv/ops/csrc/parrots/upfirdn2d.cpp'
adding 'mmcv/ops/csrc/parrots/upfirdn2d_parrots.cpp'
adding 'mmcv/ops/csrc/parrots/voxelization.cpp'
adding 'mmcv/ops/csrc/parrots/voxelization_parrots.cpp'
adding 'mmcv/ops/csrc/parrots/voxelization_pytorch.h'
adding 'mmcv/ops/csrc/pytorch/active_rotated_filter.cpp'
adding 'mmcv/ops/csrc/pytorch/assign_score_withk.cpp'
adding 'mmcv/ops/csrc/pytorch/ball_query.cpp'
adding 'mmcv/ops/csrc/pytorch/bbox_overlaps.cpp'
adding 'mmcv/ops/csrc/pytorch/border_align.cpp'
adding 'mmcv/ops/csrc/pytorch/box_iou_quadri.cpp'
adding 'mmcv/ops/csrc/pytorch/box_iou_rotated.cpp'
adding 'mmcv/ops/csrc/pytorch/carafe.cpp'
adding 'mmcv/ops/csrc/pytorch/carafe_naive.cpp'
adding 'mmcv/ops/csrc/pytorch/chamfer_distance.cpp'
adding 'mmcv/ops/csrc/pytorch/contour_expand.cpp'
adding 'mmcv/ops/csrc/pytorch/convex_iou.cpp'
adding 'mmcv/ops/csrc/pytorch/correlation.cpp'
adding 'mmcv/ops/csrc/pytorch/deform_conv.cpp'
adding 'mmcv/ops/csrc/pytorch/deform_roi_pool.cpp'
adding 'mmcv/ops/csrc/pytorch/diff_iou_rotated.cpp'
adding 'mmcv/ops/csrc/pytorch/focal_loss.cpp'
adding 'mmcv/ops/csrc/pytorch/furthest_point_sample.cpp'
adding 'mmcv/ops/csrc/pytorch/fused_bias_leakyrelu.cpp'
adding 'mmcv/ops/csrc/pytorch/fused_spconv_ops.cpp'
adding 'mmcv/ops/csrc/pytorch/gather_points.cpp'
adding 'mmcv/ops/csrc/pytorch/group_points.cpp'
adding 'mmcv/ops/csrc/pytorch/info.cpp'
adding 'mmcv/ops/csrc/pytorch/iou3d.cpp'
adding 'mmcv/ops/csrc/pytorch/knn.cpp'
adding 'mmcv/ops/csrc/pytorch/masked_conv2d.cpp'
adding 'mmcv/ops/csrc/pytorch/min_area_polygons.cpp'
adding 'mmcv/ops/csrc/pytorch/modulated_deform_conv.cpp'
adding 'mmcv/ops/csrc/pytorch/ms_deform_attn.cpp'
adding 'mmcv/ops/csrc/pytorch/nms.cpp'
adding 'mmcv/ops/csrc/pytorch/nms_quadri.cpp'
adding 'mmcv/ops/csrc/pytorch/nms_rotated.cpp'
adding 'mmcv/ops/csrc/pytorch/pixel_group.cpp'
adding 'mmcv/ops/csrc/pytorch/points_in_boxes.cpp'
adding 'mmcv/ops/csrc/pytorch/points_in_polygons.cpp'
adding 'mmcv/ops/csrc/pytorch/prroi_pool.cpp'
adding 'mmcv/ops/csrc/pytorch/psamask.cpp'
adding 'mmcv/ops/csrc/pytorch/pybind.cpp'
adding 'mmcv/ops/csrc/pytorch/riroi_align_rotated.cpp'
adding 'mmcv/ops/csrc/pytorch/roi_align.cpp'
adding 'mmcv/ops/csrc/pytorch/roi_align_rotated.cpp'
adding 'mmcv/ops/csrc/pytorch/roi_pool.cpp'
adding 'mmcv/ops/csrc/pytorch/roiaware_pool3d.cpp'
adding 'mmcv/ops/csrc/pytorch/roipoint_pool3d.cpp'
adding 'mmcv/ops/csrc/pytorch/rotated_feature_align.cpp'
adding 'mmcv/ops/csrc/pytorch/scatter_points.cpp'
adding 'mmcv/ops/csrc/pytorch/sparse_pool_ops.cpp'
adding 'mmcv/ops/csrc/pytorch/spconv_ops.cpp'
adding 'mmcv/ops/csrc/pytorch/spconv_utils.h'
adding 'mmcv/ops/csrc/pytorch/sync_bn.cpp'
adding 'mmcv/ops/csrc/pytorch/three_interpolate.cpp'
adding 'mmcv/ops/csrc/pytorch/three_nn.cpp'
adding 'mmcv/ops/csrc/pytorch/tin_shift.cpp'
adding 'mmcv/ops/csrc/pytorch/upfirdn2d.cpp'
adding 'mmcv/ops/csrc/pytorch/voxelization.cpp'
adding 'mmcv/ops/csrc/pytorch/cpu/active_rotated_filter.cpp'
adding 'mmcv/ops/csrc/pytorch/cpu/bbox_overlaps_cpu.cpp'
adding 'mmcv/ops/csrc/pytorch/cpu/box_iou_quadri.cpp'
adding 'mmcv/ops/csrc/pytorch/cpu/box_iou_rotated.cpp'
adding 'mmcv/ops/csrc/pytorch/cpu/deform_conv.cpp'
adding 'mmcv/ops/csrc/pytorch/cpu/modulated_deform_conv.cpp'
adding 'mmcv/ops/csrc/pytorch/cpu/nms.cpp'
adding 'mmcv/ops/csrc/pytorch/cpu/nms_quadri.cpp'
adding 'mmcv/ops/csrc/pytorch/cpu/nms_rotated.cpp'
adding 'mmcv/ops/csrc/pytorch/cpu/pixel_group.cpp'
adding 'mmcv/ops/csrc/pytorch/cpu/points_in_boxes.cpp'
adding 'mmcv/ops/csrc/pytorch/cpu/psamask.cpp'
adding 'mmcv/ops/csrc/pytorch/cpu/roi_align.cpp'
adding 'mmcv/ops/csrc/pytorch/cpu/roi_align_rotated.cpp'
adding 'mmcv/ops/csrc/pytorch/cpu/rotated_feature_align.cpp'
adding 'mmcv/ops/csrc/pytorch/cpu/sparse_indice.cpp'
adding 'mmcv/ops/csrc/pytorch/cpu/sparse_maxpool.cpp'
adding 'mmcv/ops/csrc/pytorch/cpu/sparse_reordering.cpp'
adding 'mmcv/ops/csrc/pytorch/cpu/voxelization.cpp'
adding 'mmcv/ops/csrc/pytorch/cuda/active_rotated_filter_cuda.cu'
adding 'mmcv/ops/csrc/pytorch/cuda/assign_score_withk_cuda.cu'
adding 'mmcv/ops/csrc/pytorch/cuda/ball_query_cuda.cu'
adding 'mmcv/ops/csrc/pytorch/cuda/bbox_overlaps_cuda.cu'
adding 'mmcv/ops/csrc/pytorch/cuda/border_align_cuda.cu'
adding 'mmcv/ops/csrc/pytorch/cuda/box_iou_quadri_cuda.cu'
adding 'mmcv/ops/csrc/pytorch/cuda/box_iou_rotated_cuda.cu'
adding 'mmcv/ops/csrc/pytorch/cuda/carafe_cuda.cu'
adding 'mmcv/ops/csrc/pytorch/cuda/carafe_naive_cuda.cu'
adding 'mmcv/ops/csrc/pytorch/cuda/chamfer_distance_cuda.cu'
adding 'mmcv/ops/csrc/pytorch/cuda/convex_iou.cu'
adding 'mmcv/ops/csrc/pytorch/cuda/correlation_cuda.cu'
adding 'mmcv/ops/csrc/pytorch/cuda/cudabind.cpp'
adding 'mmcv/ops/csrc/pytorch/cuda/deform_conv_cuda.cu'
adding 'mmcv/ops/csrc/pytorch/cuda/deform_roi_pool_cuda.cu'
adding 'mmcv/ops/csrc/pytorch/cuda/diff_iou_rotated_cuda.cu'
adding 'mmcv/ops/csrc/pytorch/cuda/focal_loss_cuda.cu'
adding 'mmcv/ops/csrc/pytorch/cuda/furthest_point_sample_cuda.cu'
adding 'mmcv/ops/csrc/pytorch/cuda/fused_bias_leakyrelu_cuda.cu'
adding 'mmcv/ops/csrc/pytorch/cuda/fused_spconv_ops_cuda.cu'
adding 'mmcv/ops/csrc/pytorch/cuda/gather_points_cuda.cu'
adding 'mmcv/ops/csrc/pytorch/cuda/group_points_cuda.cu'
adding 'mmcv/ops/csrc/pytorch/cuda/iou3d_cuda.cu'
adding 'mmcv/ops/csrc/pytorch/cuda/knn_cuda.cu'
adding 'mmcv/ops/csrc/pytorch/cuda/masked_conv2d_cuda.cu'
adding 'mmcv/ops/csrc/pytorch/cuda/min_area_polygons.cu'
adding 'mmcv/ops/csrc/pytorch/cuda/modulated_deform_conv_cuda.cu'
adding 'mmcv/ops/csrc/pytorch/cuda/ms_deform_attn_cuda.cu'
adding 'mmcv/ops/csrc/pytorch/cuda/nms_cuda.cu'
adding 'mmcv/ops/csrc/pytorch/cuda/nms_quadri_cuda.cu'
adding 'mmcv/ops/csrc/pytorch/cuda/nms_rotated_cuda.cu'
adding 'mmcv/ops/csrc/pytorch/cuda/points_in_boxes_cuda.cu'
adding 'mmcv/ops/csrc/pytorch/cuda/points_in_polygons_cuda.cu'
adding 'mmcv/ops/csrc/pytorch/cuda/prroi_pool_cuda.cu'
adding 'mmcv/ops/csrc/pytorch/cuda/psamask_cuda.cu'
adding 'mmcv/ops/csrc/pytorch/cuda/riroi_align_rotated_cuda.cu'
adding 'mmcv/ops/csrc/pytorch/cuda/roi_align_cuda.cu'
adding 'mmcv/ops/csrc/pytorch/cuda/roi_align_rotated_cuda.cu'
adding 'mmcv/ops/csrc/pytorch/cuda/roi_pool_cuda.cu'
adding 'mmcv/ops/csrc/pytorch/cuda/roiaware_pool3d_cuda.cu'
adding 'mmcv/ops/csrc/pytorch/cuda/roipoint_pool3d_cuda.cu'
adding 'mmcv/ops/csrc/pytorch/cuda/rotated_feature_align_cuda.cu'
adding 'mmcv/ops/csrc/pytorch/cuda/scatter_points_cuda.cu'
adding 'mmcv/ops/csrc/pytorch/cuda/sparse_indice.cu'
adding 'mmcv/ops/csrc/pytorch/cuda/sparse_maxpool.cu'
adding 'mmcv/ops/csrc/pytorch/cuda/sparse_pool_ops_cuda.cu'
adding 'mmcv/ops/csrc/pytorch/cuda/sparse_reordering.cu'
adding 'mmcv/ops/csrc/pytorch/cuda/spconv_ops_cuda.cu'
adding 'mmcv/ops/csrc/pytorch/cuda/stack_ball_query_cuda.cu'
adding 'mmcv/ops/csrc/pytorch/cuda/stack_group_points_cuda.cu'
adding 'mmcv/ops/csrc/pytorch/cuda/sync_bn_cuda.cu'
adding 'mmcv/ops/csrc/pytorch/cuda/three_interpolate_cuda.cu'
adding 'mmcv/ops/csrc/pytorch/cuda/three_nn_cuda.cu'
adding 'mmcv/ops/csrc/pytorch/cuda/tin_shift_cuda.cu'
adding 'mmcv/ops/csrc/pytorch/cuda/upfirdn2d_kernel.cu'
adding 'mmcv/ops/csrc/pytorch/cuda/voxelization_cuda.cu'
adding 'mmcv/ops/csrc/pytorch/mlu/ball_query_mlu.cpp'
adding 'mmcv/ops/csrc/pytorch/mlu/bbox_overlaps_mlu.cpp'
adding 'mmcv/ops/csrc/pytorch/mlu/box_iou_rotated.cpp'
adding 'mmcv/ops/csrc/pytorch/mlu/carafe_mlu.cpp'
adding 'mmcv/ops/csrc/pytorch/mlu/deform_roi_pool_mlu.cpp'
adding 'mmcv/ops/csrc/pytorch/mlu/diff_iou_rotated_mlu.cpp'
adding 'mmcv/ops/csrc/pytorch/mlu/focal_loss_sigmoid_mlu.cpp'
adding 'mmcv/ops/csrc/pytorch/mlu/iou3d_mlu.cpp'
adding 'mmcv/ops/csrc/pytorch/mlu/masked_conv2d_mlu.cpp'
adding 'mmcv/ops/csrc/pytorch/mlu/mlu_common_helper.cpp'
adding 'mmcv/ops/csrc/pytorch/mlu/mlu_common_helper.h'
adding 'mmcv/ops/csrc/pytorch/mlu/ms_deform_attn_mlu.cpp'
adding 'mmcv/ops/csrc/pytorch/mlu/nms_mlu.cpp'
adding 'mmcv/ops/csrc/pytorch/mlu/nms_rotated_mlu.cpp'
adding 'mmcv/ops/csrc/pytorch/mlu/psamask_mlu.cpp'
adding 'mmcv/ops/csrc/pytorch/mlu/roi_align_mlu.cpp'
adding 'mmcv/ops/csrc/pytorch/mlu/roi_align_rotated_mlu.cpp'
adding 'mmcv/ops/csrc/pytorch/mlu/roi_pool_mlu.cpp'
adding 'mmcv/ops/csrc/pytorch/mlu/roiaware_pool3d_mlu.cpp'
adding 'mmcv/ops/csrc/pytorch/mlu/roipoint_pool3d_mlu.cpp'
adding 'mmcv/ops/csrc/pytorch/mlu/rotated_feature_align_mlu.cpp'
adding 'mmcv/ops/csrc/pytorch/mlu/scatter_points_mlu.cpp'
adding 'mmcv/ops/csrc/pytorch/mlu/sparse_conv_mlu.cpp'
adding 'mmcv/ops/csrc/pytorch/mlu/three_nn_mlu.cpp'
adding 'mmcv/ops/csrc/pytorch/mlu/tin_shift_mlu.cpp'
adding 'mmcv/ops/csrc/pytorch/mlu/voxelization_mlu.cpp'
adding 'mmcv/ops/csrc/pytorch/mps/bbox_overlaps_mps.mm'
adding 'mmcv/ops/csrc/pytorch/npu/active_rotated_filter_npu.cpp'
adding 'mmcv/ops/csrc/pytorch/npu/bbox_overlaps_npu.cpp'
adding 'mmcv/ops/csrc/pytorch/npu/box_iou_rotated_npu.cpp'
adding 'mmcv/ops/csrc/pytorch/npu/deform_roi_pool.cpp'
adding 'mmcv/ops/csrc/pytorch/npu/focal_loss_npu.cpp'
adding 'mmcv/ops/csrc/pytorch/npu/fused_bias_leakyrelu_npu.cpp'
adding 'mmcv/ops/csrc/pytorch/npu/gather_points_npu.cpp'
adding 'mmcv/ops/csrc/pytorch/npu/nms_npu.cpp'
adding 'mmcv/ops/csrc/pytorch/npu/nms_rotated_npu.cpp'
adding 'mmcv/ops/csrc/pytorch/npu/points_in_polygons_npu.cpp'
adding 'mmcv/ops/csrc/pytorch/npu/psa_mask_npu.cpp'
adding 'mmcv/ops/csrc/pytorch/npu/roi_align_npu.cpp'
adding 'mmcv/ops/csrc/pytorch/npu/roi_pool_npu.cpp'
adding 'mmcv/ops/csrc/pytorch/npu/voxelization_npu.cpp'
adding 'mmcv/ops/csrc/tensorrt/trt_corner_pool.hpp'
adding 'mmcv/ops/csrc/tensorrt/trt_cuda_helper.cuh'
adding 'mmcv/ops/csrc/tensorrt/trt_cummaxmin.hpp'
adding 'mmcv/ops/csrc/tensorrt/trt_deform_conv.hpp'
adding 'mmcv/ops/csrc/tensorrt/trt_grid_sampler.hpp'
adding 'mmcv/ops/csrc/tensorrt/trt_instance_norm.hpp'
adding 'mmcv/ops/csrc/tensorrt/trt_modulated_deform_conv.hpp'
adding 'mmcv/ops/csrc/tensorrt/trt_nms.hpp'
adding 'mmcv/ops/csrc/tensorrt/trt_plugin.hpp'
adding 'mmcv/ops/csrc/tensorrt/trt_plugin_helper.hpp'
adding 'mmcv/ops/csrc/tensorrt/trt_roi_align.hpp'
adding 'mmcv/ops/csrc/tensorrt/trt_scatternd.hpp'
adding 'mmcv/ops/csrc/tensorrt/trt_serialize.hpp'
adding 'mmcv/ops/csrc/tensorrt/plugins/trt_corner_pool.cpp'
adding 'mmcv/ops/csrc/tensorrt/plugins/trt_corner_pool_kernel.cu'
adding 'mmcv/ops/csrc/tensorrt/plugins/trt_cuda_helper.cu'
adding 'mmcv/ops/csrc/tensorrt/plugins/trt_cummaxmin.cpp'
adding 'mmcv/ops/csrc/tensorrt/plugins/trt_cummaxmin_kernel.cu'
adding 'mmcv/ops/csrc/tensorrt/plugins/trt_deform_conv.cpp'
adding 'mmcv/ops/csrc/tensorrt/plugins/trt_deform_conv_kernel.cu'
adding 'mmcv/ops/csrc/tensorrt/plugins/trt_grid_sampler.cpp'
adding 'mmcv/ops/csrc/tensorrt/plugins/trt_grid_sampler_kernel.cu'
adding 'mmcv/ops/csrc/tensorrt/plugins/trt_instance_norm.cpp'
adding 'mmcv/ops/csrc/tensorrt/plugins/trt_modulated_deform_conv.cpp'
adding 'mmcv/ops/csrc/tensorrt/plugins/trt_modulated_deform_conv_kernel.cu'
adding 'mmcv/ops/csrc/tensorrt/plugins/trt_nms.cpp'
adding 'mmcv/ops/csrc/tensorrt/plugins/trt_nms_kernel.cu'
adding 'mmcv/ops/csrc/tensorrt/plugins/trt_plugin.cpp'
adding 'mmcv/ops/csrc/tensorrt/plugins/trt_roi_align.cpp'
adding 'mmcv/ops/csrc/tensorrt/plugins/trt_roi_align_kernel.cu'
adding 'mmcv/ops/csrc/tensorrt/plugins/trt_scatternd.cpp'
adding 'mmcv/ops/csrc/tensorrt/plugins/trt_scatternd_kernel.cu'
adding 'mmcv/parallel/__init__.py'
adding 'mmcv/parallel/_functions.py'
adding 'mmcv/parallel/collate.py'
adding 'mmcv/parallel/data_container.py'
adding 'mmcv/parallel/data_parallel.py'
adding 'mmcv/parallel/distributed.py'
adding 'mmcv/parallel/distributed_deprecated.py'
adding 'mmcv/parallel/registry.py'
adding 'mmcv/parallel/scatter_gather.py'
adding 'mmcv/parallel/utils.py'
adding 'mmcv/runner/__init__.py'
adding 'mmcv/runner/base_module.py'
adding 'mmcv/runner/base_runner.py'
adding 'mmcv/runner/builder.py'
adding 'mmcv/runner/checkpoint.py'
adding 'mmcv/runner/default_constructor.py'
adding 'mmcv/runner/dist_utils.py'
adding 'mmcv/runner/epoch_based_runner.py'
adding 'mmcv/runner/fp16_utils.py'
adding 'mmcv/runner/iter_based_runner.py'
adding 'mmcv/runner/log_buffer.py'
adding 'mmcv/runner/priority.py'
adding 'mmcv/runner/utils.py'
adding 'mmcv/runner/hooks/__init__.py'
adding 'mmcv/runner/hooks/checkpoint.py'
adding 'mmcv/runner/hooks/closure.py'
adding 'mmcv/runner/hooks/ema.py'
adding 'mmcv/runner/hooks/evaluation.py'
adding 'mmcv/runner/hooks/hook.py'
adding 'mmcv/runner/hooks/iter_timer.py'
adding 'mmcv/runner/hooks/lr_updater.py'
adding 'mmcv/runner/hooks/memory.py'
adding 'mmcv/runner/hooks/momentum_updater.py'
adding 'mmcv/runner/hooks/optimizer.py'
adding 'mmcv/runner/hooks/profiler.py'
adding 'mmcv/runner/hooks/sampler_seed.py'
adding 'mmcv/runner/hooks/sync_buffer.py'
adding 'mmcv/runner/hooks/logger/__init__.py'
adding 'mmcv/runner/hooks/logger/base.py'
adding 'mmcv/runner/hooks/logger/clearml.py'
adding 'mmcv/runner/hooks/logger/dvclive.py'
adding 'mmcv/runner/hooks/logger/mlflow.py'
adding 'mmcv/runner/hooks/logger/neptune.py'
adding 'mmcv/runner/hooks/logger/pavi.py'
adding 'mmcv/runner/hooks/logger/segmind.py'
adding 'mmcv/runner/hooks/logger/tensorboard.py'
adding 'mmcv/runner/hooks/logger/text.py'
adding 'mmcv/runner/hooks/logger/wandb.py'
adding 'mmcv/runner/optimizer/__init__.py'
adding 'mmcv/runner/optimizer/builder.py'
adding 'mmcv/runner/optimizer/default_constructor.py'
adding 'mmcv/tensorrt/__init__.py'
adding 'mmcv/tensorrt/init_plugins.py'
adding 'mmcv/tensorrt/preprocess.py'
adding 'mmcv/tensorrt/tensorrt_utils.py'
adding 'mmcv/utils/__init__.py'
adding 'mmcv/utils/config.py'
adding 'mmcv/utils/device_type.py'
adding 'mmcv/utils/env.py'
adding 'mmcv/utils/ext_loader.py'
adding 'mmcv/utils/hub.py'
adding 'mmcv/utils/logging.py'
adding 'mmcv/utils/misc.py'
adding 'mmcv/utils/parrots_jit.py'
adding 'mmcv/utils/parrots_wrapper.py'
adding 'mmcv/utils/path.py'
adding 'mmcv/utils/progressbar.py'
adding 'mmcv/utils/registry.py'
adding 'mmcv/utils/seed.py'
adding 'mmcv/utils/testing.py'
adding 'mmcv/utils/timer.py'
adding 'mmcv/utils/torch_ops.py'
adding 'mmcv/utils/trace.py'
adding 'mmcv/utils/version_utils.py'
adding 'mmcv/video/__init__.py'
adding 'mmcv/video/io.py'
adding 'mmcv/video/optflow.py'
adding 'mmcv/video/processing.py'
adding 'mmcv/visualization/__init__.py'
adding 'mmcv/visualization/color.py'
adding 'mmcv/visualization/image.py'
adding 'mmcv/visualization/optflow.py'
adding 'mmcv_full-1.7.2.dist-info/licenses/LICENSE'
adding 'mmcv_full-1.7.2.dist-info/licenses/LICENSES.md'
adding 'mmcv_full-1.7.2.dist-info/METADATA'
adding 'mmcv_full-1.7.2.dist-info/WHEEL'
adding 'mmcv_full-1.7.2.dist-info/top_level.txt'
adding 'mmcv_full-1.7.2.dist-info/RECORD'
removing build/bdist.linux-x86_64/wheel
