/mnt/nfs2/engdes/wc296/paper6/dependencies/artemis-framework-overlay-004/source/mmcv-full-1.7.2/setup.py:6: DeprecationWarning: pkg_resources is deprecated as an API. See https://setuptools.pypa.io/en/latest/pkg_resources.html
  from pkg_resources import DistributionNotFound, get_distribution, parse_version
No CUDA runtime is found, using CUDA_HOME='/mnt/nfs2/engdes/wc296/paper6/toolchains/cuda-12.8-001'
/mnt/nfs2/engdes/wc296/paper6/envs/torch-cu128-001/lib/python3.12/site-packages/setuptools/dist.py:759: SetuptoolsDeprecationWarning: License classifiers are deprecated.
!!

        ********************************************************************************
        Please consider removing the following classifiers in favor of a SPDX license expression:

        License :: OSI Approved :: Apache Software License

        See https://packaging.python.org/en/latest/guides/writing-pyproject-toml/#license for details.
        ********************************************************************************

!!
  self._finalize_license_expression()
running bdist_wheel
/mnt/nfs2/engdes/wc296/paper6/envs/torch-cu128-001/lib/python3.12/site-packages/setuptools/_distutils/cmd.py:135: SetuptoolsDeprecationWarning: bdist_wheel.universal is deprecated
!!

        ********************************************************************************
        With Python 2.7 end-of-life, support for building universal wheels
        (i.e., wheels that support both Python 2 and Python 3)
        is being obviated.
        Please discontinue using this option, or if you still need it,
        file an issue with pypa/setuptools describing your use case.

        This deprecation is overdue, please update your project and remove deprecated
        calls to avoid build errors in the future.
        ********************************************************************************

!!
  self.finalize_options()
/mnt/nfs2/engdes/wc296/paper6/envs/torch-cu128-001/lib/python3.12/site-packages/torch/utils/cpp_extension.py:576: UserWarning: Attempted to use ninja as the BuildExtension backend but we could not find ninja.. Falling back to using the slow distutils backend.
  warnings.warn(msg.format('we could not find ninja.'))
running build
running build_py
creating build/lib.linux-x86_64-cpython-312/mmcv
copying mmcv/__init__.py -> build/lib.linux-x86_64-cpython-312/mmcv
copying mmcv/version.py -> build/lib.linux-x86_64-cpython-312/mmcv
creating build/lib.linux-x86_64-cpython-312/mmcv/arraymisc
copying mmcv/arraymisc/__init__.py -> build/lib.linux-x86_64-cpython-312/mmcv/arraymisc
copying mmcv/arraymisc/quantization.py -> build/lib.linux-x86_64-cpython-312/mmcv/arraymisc
creating build/lib.linux-x86_64-cpython-312/mmcv/cnn
copying mmcv/cnn/__init__.py -> build/lib.linux-x86_64-cpython-312/mmcv/cnn
copying mmcv/cnn/alexnet.py -> build/lib.linux-x86_64-cpython-312/mmcv/cnn
copying mmcv/cnn/builder.py -> build/lib.linux-x86_64-cpython-312/mmcv/cnn
copying mmcv/cnn/resnet.py -> build/lib.linux-x86_64-cpython-312/mmcv/cnn
copying mmcv/cnn/vgg.py -> build/lib.linux-x86_64-cpython-312/mmcv/cnn
creating build/lib.linux-x86_64-cpython-312/mmcv/device
copying mmcv/device/__init__.py -> build/lib.linux-x86_64-cpython-312/mmcv/device
copying mmcv/device/_functions.py -> build/lib.linux-x86_64-cpython-312/mmcv/device
copying mmcv/device/scatter_gather.py -> build/lib.linux-x86_64-cpython-312/mmcv/device
copying mmcv/device/utils.py -> build/lib.linux-x86_64-cpython-312/mmcv/device
creating build/lib.linux-x86_64-cpython-312/mmcv/engine
copying mmcv/engine/__init__.py -> build/lib.linux-x86_64-cpython-312/mmcv/engine
copying mmcv/engine/test.py -> build/lib.linux-x86_64-cpython-312/mmcv/engine
creating build/lib.linux-x86_64-cpython-312/mmcv/fileio
copying mmcv/fileio/__init__.py -> build/lib.linux-x86_64-cpython-312/mmcv/fileio
copying mmcv/fileio/file_client.py -> build/lib.linux-x86_64-cpython-312/mmcv/fileio
copying mmcv/fileio/io.py -> build/lib.linux-x86_64-cpython-312/mmcv/fileio
copying mmcv/fileio/parse.py -> build/lib.linux-x86_64-cpython-312/mmcv/fileio
creating build/lib.linux-x86_64-cpython-312/mmcv/image
copying mmcv/image/__init__.py -> build/lib.linux-x86_64-cpython-312/mmcv/image
copying mmcv/image/colorspace.py -> build/lib.linux-x86_64-cpython-312/mmcv/image
copying mmcv/image/geometric.py -> build/lib.linux-x86_64-cpython-312/mmcv/image
copying mmcv/image/io.py -> build/lib.linux-x86_64-cpython-312/mmcv/image
copying mmcv/image/misc.py -> build/lib.linux-x86_64-cpython-312/mmcv/image
copying mmcv/image/photometric.py -> build/lib.linux-x86_64-cpython-312/mmcv/image
creating build/lib.linux-x86_64-cpython-312/mmcv/onnx
copying mmcv/onnx/__init__.py -> build/lib.linux-x86_64-cpython-312/mmcv/onnx
copying mmcv/onnx/info.py -> build/lib.linux-x86_64-cpython-312/mmcv/onnx
copying mmcv/onnx/symbolic.py -> build/lib.linux-x86_64-cpython-312/mmcv/onnx
creating build/lib.linux-x86_64-cpython-312/mmcv/ops
copying mmcv/ops/__init__.py -> build/lib.linux-x86_64-cpython-312/mmcv/ops
copying mmcv/ops/active_rotated_filter.py -> build/lib.linux-x86_64-cpython-312/mmcv/ops
copying mmcv/ops/assign_score_withk.py -> build/lib.linux-x86_64-cpython-312/mmcv/ops
copying mmcv/ops/ball_query.py -> build/lib.linux-x86_64-cpython-312/mmcv/ops
copying mmcv/ops/bbox.py -> build/lib.linux-x86_64-cpython-312/mmcv/ops
copying mmcv/ops/border_align.py -> build/lib.linux-x86_64-cpython-312/mmcv/ops
copying mmcv/ops/box_iou_quadri.py -> build/lib.linux-x86_64-cpython-312/mmcv/ops
copying mmcv/ops/box_iou_rotated.py -> build/lib.linux-x86_64-cpython-312/mmcv/ops
copying mmcv/ops/carafe.py -> build/lib.linux-x86_64-cpython-312/mmcv/ops
copying mmcv/ops/cc_attention.py -> build/lib.linux-x86_64-cpython-312/mmcv/ops
copying mmcv/ops/chamfer_distance.py -> build/lib.linux-x86_64-cpython-312/mmcv/ops
copying mmcv/ops/contour_expand.py -> build/lib.linux-x86_64-cpython-312/mmcv/ops
copying mmcv/ops/convex_iou.py -> build/lib.linux-x86_64-cpython-312/mmcv/ops
copying mmcv/ops/corner_pool.py -> build/lib.linux-x86_64-cpython-312/mmcv/ops
copying mmcv/ops/correlation.py -> build/lib.linux-x86_64-cpython-312/mmcv/ops
copying mmcv/ops/deform_conv.py -> build/lib.linux-x86_64-cpython-312/mmcv/ops
copying mmcv/ops/deform_roi_pool.py -> build/lib.linux-x86_64-cpython-312/mmcv/ops
copying mmcv/ops/deprecated_wrappers.py -> build/lib.linux-x86_64-cpython-312/mmcv/ops
copying mmcv/ops/diff_iou_rotated.py -> build/lib.linux-x86_64-cpython-312/mmcv/ops
copying mmcv/ops/focal_loss.py -> build/lib.linux-x86_64-cpython-312/mmcv/ops
copying mmcv/ops/furthest_point_sample.py -> build/lib.linux-x86_64-cpython-312/mmcv/ops
copying mmcv/ops/fused_bias_leakyrelu.py -> build/lib.linux-x86_64-cpython-312/mmcv/ops
copying mmcv/ops/gather_points.py -> build/lib.linux-x86_64-cpython-312/mmcv/ops
copying mmcv/ops/group_points.py -> build/lib.linux-x86_64-cpython-312/mmcv/ops
copying mmcv/ops/info.py -> build/lib.linux-x86_64-cpython-312/mmcv/ops
copying mmcv/ops/iou3d.py -> build/lib.linux-x86_64-cpython-312/mmcv/ops
copying mmcv/ops/knn.py -> build/lib.linux-x86_64-cpython-312/mmcv/ops
copying mmcv/ops/masked_conv.py -> build/lib.linux-x86_64-cpython-312/mmcv/ops
copying mmcv/ops/merge_cells.py -> build/lib.linux-x86_64-cpython-312/mmcv/ops
copying mmcv/ops/min_area_polygons.py -> build/lib.linux-x86_64-cpython-312/mmcv/ops
copying mmcv/ops/modulated_deform_conv.py -> build/lib.linux-x86_64-cpython-312/mmcv/ops
copying mmcv/ops/multi_scale_deform_attn.py -> build/lib.linux-x86_64-cpython-312/mmcv/ops
copying mmcv/ops/nms.py -> build/lib.linux-x86_64-cpython-312/mmcv/ops
copying mmcv/ops/pixel_group.py -> build/lib.linux-x86_64-cpython-312/mmcv/ops
copying mmcv/ops/point_sample.py -> build/lib.linux-x86_64-cpython-312/mmcv/ops
copying mmcv/ops/points_in_boxes.py -> build/lib.linux-x86_64-cpython-312/mmcv/ops
copying mmcv/ops/points_in_polygons.py -> build/lib.linux-x86_64-cpython-312/mmcv/ops
copying mmcv/ops/points_sampler.py -> build/lib.linux-x86_64-cpython-312/mmcv/ops
copying mmcv/ops/prroi_pool.py -> build/lib.linux-x86_64-cpython-312/mmcv/ops
copying mmcv/ops/psa_mask.py -> build/lib.linux-x86_64-cpython-312/mmcv/ops
copying mmcv/ops/riroi_align_rotated.py -> build/lib.linux-x86_64-cpython-312/mmcv/ops
copying mmcv/ops/roi_align.py -> build/lib.linux-x86_64-cpython-312/mmcv/ops
copying mmcv/ops/roi_align_rotated.py -> build/lib.linux-x86_64-cpython-312/mmcv/ops
copying mmcv/ops/roi_pool.py -> build/lib.linux-x86_64-cpython-312/mmcv/ops
copying mmcv/ops/roiaware_pool3d.py -> build/lib.linux-x86_64-cpython-312/mmcv/ops
copying mmcv/ops/roipoint_pool3d.py -> build/lib.linux-x86_64-cpython-312/mmcv/ops
copying mmcv/ops/rotated_feature_align.py -> build/lib.linux-x86_64-cpython-312/mmcv/ops
copying mmcv/ops/saconv.py -> build/lib.linux-x86_64-cpython-312/mmcv/ops
copying mmcv/ops/scatter_points.py -> build/lib.linux-x86_64-cpython-312/mmcv/ops
copying mmcv/ops/sparse_conv.py -> build/lib.linux-x86_64-cpython-312/mmcv/ops
copying mmcv/ops/sparse_functional.py -> build/lib.linux-x86_64-cpython-312/mmcv/ops
copying mmcv/ops/sparse_modules.py -> build/lib.linux-x86_64-cpython-312/mmcv/ops
copying mmcv/ops/sparse_ops.py -> build/lib.linux-x86_64-cpython-312/mmcv/ops
copying mmcv/ops/sparse_pool.py -> build/lib.linux-x86_64-cpython-312/mmcv/ops
copying mmcv/ops/sparse_structure.py -> build/lib.linux-x86_64-cpython-312/mmcv/ops
copying mmcv/ops/sync_bn.py -> build/lib.linux-x86_64-cpython-312/mmcv/ops
copying mmcv/ops/three_interpolate.py -> build/lib.linux-x86_64-cpython-312/mmcv/ops
copying mmcv/ops/three_nn.py -> build/lib.linux-x86_64-cpython-312/mmcv/ops
copying mmcv/ops/tin_shift.py -> build/lib.linux-x86_64-cpython-312/mmcv/ops
copying mmcv/ops/upfirdn2d.py -> build/lib.linux-x86_64-cpython-312/mmcv/ops
copying mmcv/ops/voxelize.py -> build/lib.linux-x86_64-cpython-312/mmcv/ops
creating build/lib.linux-x86_64-cpython-312/mmcv/parallel
copying mmcv/parallel/__init__.py -> build/lib.linux-x86_64-cpython-312/mmcv/parallel
copying mmcv/parallel/_functions.py -> build/lib.linux-x86_64-cpython-312/mmcv/parallel
copying mmcv/parallel/collate.py -> build/lib.linux-x86_64-cpython-312/mmcv/parallel
copying mmcv/parallel/data_container.py -> build/lib.linux-x86_64-cpython-312/mmcv/parallel
copying mmcv/parallel/data_parallel.py -> build/lib.linux-x86_64-cpython-312/mmcv/parallel
copying mmcv/parallel/distributed.py -> build/lib.linux-x86_64-cpython-312/mmcv/parallel
copying mmcv/parallel/distributed_deprecated.py -> build/lib.linux-x86_64-cpython-312/mmcv/parallel
copying mmcv/parallel/registry.py -> build/lib.linux-x86_64-cpython-312/mmcv/parallel
copying mmcv/parallel/scatter_gather.py -> build/lib.linux-x86_64-cpython-312/mmcv/parallel
copying mmcv/parallel/utils.py -> build/lib.linux-x86_64-cpython-312/mmcv/parallel
creating build/lib.linux-x86_64-cpython-312/mmcv/runner
copying mmcv/runner/__init__.py -> build/lib.linux-x86_64-cpython-312/mmcv/runner
copying mmcv/runner/base_module.py -> build/lib.linux-x86_64-cpython-312/mmcv/runner
copying mmcv/runner/base_runner.py -> build/lib.linux-x86_64-cpython-312/mmcv/runner
copying mmcv/runner/builder.py -> build/lib.linux-x86_64-cpython-312/mmcv/runner
copying mmcv/runner/checkpoint.py -> build/lib.linux-x86_64-cpython-312/mmcv/runner
copying mmcv/runner/default_constructor.py -> build/lib.linux-x86_64-cpython-312/mmcv/runner
copying mmcv/runner/dist_utils.py -> build/lib.linux-x86_64-cpython-312/mmcv/runner
copying mmcv/runner/epoch_based_runner.py -> build/lib.linux-x86_64-cpython-312/mmcv/runner
copying mmcv/runner/fp16_utils.py -> build/lib.linux-x86_64-cpython-312/mmcv/runner
copying mmcv/runner/iter_based_runner.py -> build/lib.linux-x86_64-cpython-312/mmcv/runner
copying mmcv/runner/log_buffer.py -> build/lib.linux-x86_64-cpython-312/mmcv/runner
copying mmcv/runner/priority.py -> build/lib.linux-x86_64-cpython-312/mmcv/runner
copying mmcv/runner/utils.py -> build/lib.linux-x86_64-cpython-312/mmcv/runner
creating build/lib.linux-x86_64-cpython-312/mmcv/tensorrt
copying mmcv/tensorrt/__init__.py -> build/lib.linux-x86_64-cpython-312/mmcv/tensorrt
copying mmcv/tensorrt/init_plugins.py -> build/lib.linux-x86_64-cpython-312/mmcv/tensorrt
copying mmcv/tensorrt/preprocess.py -> build/lib.linux-x86_64-cpython-312/mmcv/tensorrt
copying mmcv/tensorrt/tensorrt_utils.py -> build/lib.linux-x86_64-cpython-312/mmcv/tensorrt
creating build/lib.linux-x86_64-cpython-312/mmcv/utils
copying mmcv/utils/__init__.py -> build/lib.linux-x86_64-cpython-312/mmcv/utils
copying mmcv/utils/config.py -> build/lib.linux-x86_64-cpython-312/mmcv/utils
copying mmcv/utils/device_type.py -> build/lib.linux-x86_64-cpython-312/mmcv/utils
copying mmcv/utils/env.py -> build/lib.linux-x86_64-cpython-312/mmcv/utils
copying mmcv/utils/ext_loader.py -> build/lib.linux-x86_64-cpython-312/mmcv/utils
copying mmcv/utils/hub.py -> build/lib.linux-x86_64-cpython-312/mmcv/utils
copying mmcv/utils/logging.py -> build/lib.linux-x86_64-cpython-312/mmcv/utils
copying mmcv/utils/misc.py -> build/lib.linux-x86_64-cpython-312/mmcv/utils
copying mmcv/utils/parrots_jit.py -> build/lib.linux-x86_64-cpython-312/mmcv/utils
copying mmcv/utils/parrots_wrapper.py -> build/lib.linux-x86_64-cpython-312/mmcv/utils
copying mmcv/utils/path.py -> build/lib.linux-x86_64-cpython-312/mmcv/utils
copying mmcv/utils/progressbar.py -> build/lib.linux-x86_64-cpython-312/mmcv/utils
copying mmcv/utils/registry.py -> build/lib.linux-x86_64-cpython-312/mmcv/utils
copying mmcv/utils/seed.py -> build/lib.linux-x86_64-cpython-312/mmcv/utils
copying mmcv/utils/testing.py -> build/lib.linux-x86_64-cpython-312/mmcv/utils
copying mmcv/utils/timer.py -> build/lib.linux-x86_64-cpython-312/mmcv/utils
copying mmcv/utils/torch_ops.py -> build/lib.linux-x86_64-cpython-312/mmcv/utils
copying mmcv/utils/trace.py -> build/lib.linux-x86_64-cpython-312/mmcv/utils
copying mmcv/utils/version_utils.py -> build/lib.linux-x86_64-cpython-312/mmcv/utils
creating build/lib.linux-x86_64-cpython-312/mmcv/video
copying mmcv/video/__init__.py -> build/lib.linux-x86_64-cpython-312/mmcv/video
copying mmcv/video/io.py -> build/lib.linux-x86_64-cpython-312/mmcv/video
copying mmcv/video/optflow.py -> build/lib.linux-x86_64-cpython-312/mmcv/video
copying mmcv/video/processing.py -> build/lib.linux-x86_64-cpython-312/mmcv/video
creating build/lib.linux-x86_64-cpython-312/mmcv/visualization
copying mmcv/visualization/__init__.py -> build/lib.linux-x86_64-cpython-312/mmcv/visualization
copying mmcv/visualization/color.py -> build/lib.linux-x86_64-cpython-312/mmcv/visualization
copying mmcv/visualization/image.py -> build/lib.linux-x86_64-cpython-312/mmcv/visualization
copying mmcv/visualization/optflow.py -> build/lib.linux-x86_64-cpython-312/mmcv/visualization
creating build/lib.linux-x86_64-cpython-312/mmcv/cnn/bricks
copying mmcv/cnn/bricks/__init__.py -> build/lib.linux-x86_64-cpython-312/mmcv/cnn/bricks
copying mmcv/cnn/bricks/activation.py -> build/lib.linux-x86_64-cpython-312/mmcv/cnn/bricks
copying mmcv/cnn/bricks/context_block.py -> build/lib.linux-x86_64-cpython-312/mmcv/cnn/bricks
copying mmcv/cnn/bricks/conv.py -> build/lib.linux-x86_64-cpython-312/mmcv/cnn/bricks
copying mmcv/cnn/bricks/conv2d_adaptive_padding.py -> build/lib.linux-x86_64-cpython-312/mmcv/cnn/bricks
copying mmcv/cnn/bricks/conv_module.py -> build/lib.linux-x86_64-cpython-312/mmcv/cnn/bricks
copying mmcv/cnn/bricks/conv_ws.py -> build/lib.linux-x86_64-cpython-312/mmcv/cnn/bricks
copying mmcv/cnn/bricks/depthwise_separable_conv_module.py -> build/lib.linux-x86_64-cpython-312/mmcv/cnn/bricks
copying mmcv/cnn/bricks/drop.py -> build/lib.linux-x86_64-cpython-312/mmcv/cnn/bricks
copying mmcv/cnn/bricks/generalized_attention.py -> build/lib.linux-x86_64-cpython-312/mmcv/cnn/bricks
copying mmcv/cnn/bricks/hsigmoid.py -> build/lib.linux-x86_64-cpython-312/mmcv/cnn/bricks
copying mmcv/cnn/bricks/hswish.py -> build/lib.linux-x86_64-cpython-312/mmcv/cnn/bricks
copying mmcv/cnn/bricks/non_local.py -> build/lib.linux-x86_64-cpython-312/mmcv/cnn/bricks
copying mmcv/cnn/bricks/norm.py -> build/lib.linux-x86_64-cpython-312/mmcv/cnn/bricks
copying mmcv/cnn/bricks/padding.py -> build/lib.linux-x86_64-cpython-312/mmcv/cnn/bricks
copying mmcv/cnn/bricks/plugin.py -> build/lib.linux-x86_64-cpython-312/mmcv/cnn/bricks
copying mmcv/cnn/bricks/registry.py -> build/lib.linux-x86_64-cpython-312/mmcv/cnn/bricks
copying mmcv/cnn/bricks/scale.py -> build/lib.linux-x86_64-cpython-312/mmcv/cnn/bricks
copying mmcv/cnn/bricks/swish.py -> build/lib.linux-x86_64-cpython-312/mmcv/cnn/bricks
copying mmcv/cnn/bricks/transformer.py -> build/lib.linux-x86_64-cpython-312/mmcv/cnn/bricks
copying mmcv/cnn/bricks/upsample.py -> build/lib.linux-x86_64-cpython-312/mmcv/cnn/bricks
copying mmcv/cnn/bricks/wrappers.py -> build/lib.linux-x86_64-cpython-312/mmcv/cnn/bricks
creating build/lib.linux-x86_64-cpython-312/mmcv/cnn/rfsearch
copying mmcv/cnn/rfsearch/__init__.py -> build/lib.linux-x86_64-cpython-312/mmcv/cnn/rfsearch
copying mmcv/cnn/rfsearch/operator.py -> build/lib.linux-x86_64-cpython-312/mmcv/cnn/rfsearch
copying mmcv/cnn/rfsearch/search.py -> build/lib.linux-x86_64-cpython-312/mmcv/cnn/rfsearch
copying mmcv/cnn/rfsearch/utils.py -> build/lib.linux-x86_64-cpython-312/mmcv/cnn/rfsearch
creating build/lib.linux-x86_64-cpython-312/mmcv/cnn/utils
copying mmcv/cnn/utils/__init__.py -> build/lib.linux-x86_64-cpython-312/mmcv/cnn/utils
copying mmcv/cnn/utils/flops_counter.py -> build/lib.linux-x86_64-cpython-312/mmcv/cnn/utils
copying mmcv/cnn/utils/fuse_conv_bn.py -> build/lib.linux-x86_64-cpython-312/mmcv/cnn/utils
copying mmcv/cnn/utils/sync_bn.py -> build/lib.linux-x86_64-cpython-312/mmcv/cnn/utils
copying mmcv/cnn/utils/weight_init.py -> build/lib.linux-x86_64-cpython-312/mmcv/cnn/utils
creating build/lib.linux-x86_64-cpython-312/mmcv/device/ipu
copying mmcv/device/ipu/__init__.py -> build/lib.linux-x86_64-cpython-312/mmcv/device/ipu
copying mmcv/device/ipu/dataloader.py -> build/lib.linux-x86_64-cpython-312/mmcv/device/ipu
copying mmcv/device/ipu/hierarchical_data_manager.py -> build/lib.linux-x86_64-cpython-312/mmcv/device/ipu
copying mmcv/device/ipu/hook_wrapper.py -> build/lib.linux-x86_64-cpython-312/mmcv/device/ipu
copying mmcv/device/ipu/model_wrapper.py -> build/lib.linux-x86_64-cpython-312/mmcv/device/ipu
copying mmcv/device/ipu/runner.py -> build/lib.linux-x86_64-cpython-312/mmcv/device/ipu
copying mmcv/device/ipu/utils.py -> build/lib.linux-x86_64-cpython-312/mmcv/device/ipu
creating build/lib.linux-x86_64-cpython-312/mmcv/device/mlu
copying mmcv/device/mlu/__init__.py -> build/lib.linux-x86_64-cpython-312/mmcv/device/mlu
copying mmcv/device/mlu/_functions.py -> build/lib.linux-x86_64-cpython-312/mmcv/device/mlu
copying mmcv/device/mlu/data_parallel.py -> build/lib.linux-x86_64-cpython-312/mmcv/device/mlu
copying mmcv/device/mlu/distributed.py -> build/lib.linux-x86_64-cpython-312/mmcv/device/mlu
copying mmcv/device/mlu/scatter_gather.py -> build/lib.linux-x86_64-cpython-312/mmcv/device/mlu
creating build/lib.linux-x86_64-cpython-312/mmcv/device/mps
copying mmcv/device/mps/__init__.py -> build/lib.linux-x86_64-cpython-312/mmcv/device/mps
copying mmcv/device/mps/data_parallel.py -> build/lib.linux-x86_64-cpython-312/mmcv/device/mps
creating build/lib.linux-x86_64-cpython-312/mmcv/device/npu
copying mmcv/device/npu/__init__.py -> build/lib.linux-x86_64-cpython-312/mmcv/device/npu
copying mmcv/device/npu/data_parallel.py -> build/lib.linux-x86_64-cpython-312/mmcv/device/npu
copying mmcv/device/npu/distributed.py -> build/lib.linux-x86_64-cpython-312/mmcv/device/npu
creating build/lib.linux-x86_64-cpython-312/mmcv/fileio/handlers
copying mmcv/fileio/handlers/__init__.py -> build/lib.linux-x86_64-cpython-312/mmcv/fileio/handlers
copying mmcv/fileio/handlers/base.py -> build/lib.linux-x86_64-cpython-312/mmcv/fileio/handlers
copying mmcv/fileio/handlers/json_handler.py -> build/lib.linux-x86_64-cpython-312/mmcv/fileio/handlers
copying mmcv/fileio/handlers/pickle_handler.py -> build/lib.linux-x86_64-cpython-312/mmcv/fileio/handlers
copying mmcv/fileio/handlers/yaml_handler.py -> build/lib.linux-x86_64-cpython-312/mmcv/fileio/handlers
creating build/lib.linux-x86_64-cpython-312/mmcv/onnx/onnx_utils
copying mmcv/onnx/onnx_utils/__init__.py -> build/lib.linux-x86_64-cpython-312/mmcv/onnx/onnx_utils
copying mmcv/onnx/onnx_utils/symbolic_helper.py -> build/lib.linux-x86_64-cpython-312/mmcv/onnx/onnx_utils
creating build/lib.linux-x86_64-cpython-312/mmcv/runner/hooks
copying mmcv/runner/hooks/__init__.py -> build/lib.linux-x86_64-cpython-312/mmcv/runner/hooks
copying mmcv/runner/hooks/checkpoint.py -> build/lib.linux-x86_64-cpython-312/mmcv/runner/hooks
copying mmcv/runner/hooks/closure.py -> build/lib.linux-x86_64-cpython-312/mmcv/runner/hooks
copying mmcv/runner/hooks/ema.py -> build/lib.linux-x86_64-cpython-312/mmcv/runner/hooks
copying mmcv/runner/hooks/evaluation.py -> build/lib.linux-x86_64-cpython-312/mmcv/runner/hooks
copying mmcv/runner/hooks/hook.py -> build/lib.linux-x86_64-cpython-312/mmcv/runner/hooks
copying mmcv/runner/hooks/iter_timer.py -> build/lib.linux-x86_64-cpython-312/mmcv/runner/hooks
copying mmcv/runner/hooks/lr_updater.py -> build/lib.linux-x86_64-cpython-312/mmcv/runner/hooks
copying mmcv/runner/hooks/memory.py -> build/lib.linux-x86_64-cpython-312/mmcv/runner/hooks
copying mmcv/runner/hooks/momentum_updater.py -> build/lib.linux-x86_64-cpython-312/mmcv/runner/hooks
copying mmcv/runner/hooks/optimizer.py -> build/lib.linux-x86_64-cpython-312/mmcv/runner/hooks
copying mmcv/runner/hooks/profiler.py -> build/lib.linux-x86_64-cpython-312/mmcv/runner/hooks
copying mmcv/runner/hooks/sampler_seed.py -> build/lib.linux-x86_64-cpython-312/mmcv/runner/hooks
copying mmcv/runner/hooks/sync_buffer.py -> build/lib.linux-x86_64-cpython-312/mmcv/runner/hooks
creating build/lib.linux-x86_64-cpython-312/mmcv/runner/optimizer
copying mmcv/runner/optimizer/__init__.py -> build/lib.linux-x86_64-cpython-312/mmcv/runner/optimizer
copying mmcv/runner/optimizer/builder.py -> build/lib.linux-x86_64-cpython-312/mmcv/runner/optimizer
copying mmcv/runner/optimizer/default_constructor.py -> build/lib.linux-x86_64-cpython-312/mmcv/runner/optimizer
creating build/lib.linux-x86_64-cpython-312/mmcv/runner/hooks/logger
copying mmcv/runner/hooks/logger/__init__.py -> build/lib.linux-x86_64-cpython-312/mmcv/runner/hooks/logger
copying mmcv/runner/hooks/logger/base.py -> build/lib.linux-x86_64-cpython-312/mmcv/runner/hooks/logger
copying mmcv/runner/hooks/logger/clearml.py -> build/lib.linux-x86_64-cpython-312/mmcv/runner/hooks/logger
copying mmcv/runner/hooks/logger/dvclive.py -> build/lib.linux-x86_64-cpython-312/mmcv/runner/hooks/logger
copying mmcv/runner/hooks/logger/mlflow.py -> build/lib.linux-x86_64-cpython-312/mmcv/runner/hooks/logger
copying mmcv/runner/hooks/logger/neptune.py -> build/lib.linux-x86_64-cpython-312/mmcv/runner/hooks/logger
copying mmcv/runner/hooks/logger/pavi.py -> build/lib.linux-x86_64-cpython-312/mmcv/runner/hooks/logger
copying mmcv/runner/hooks/logger/segmind.py -> build/lib.linux-x86_64-cpython-312/mmcv/runner/hooks/logger
copying mmcv/runner/hooks/logger/tensorboard.py -> build/lib.linux-x86_64-cpython-312/mmcv/runner/hooks/logger
copying mmcv/runner/hooks/logger/text.py -> build/lib.linux-x86_64-cpython-312/mmcv/runner/hooks/logger
copying mmcv/runner/hooks/logger/wandb.py -> build/lib.linux-x86_64-cpython-312/mmcv/runner/hooks/logger
running egg_info
writing mmcv_full.egg-info/PKG-INFO
writing dependency_links to mmcv_full.egg-info/dependency_links.txt
writing requirements to mmcv_full.egg-info/requires.txt
writing top-level names to mmcv_full.egg-info/top_level.txt
reading manifest file 'mmcv_full.egg-info/SOURCES.txt'
reading manifest template 'MANIFEST.in'
adding license file 'LICENSE'
adding license file 'LICENSES.md'
writing manifest file 'mmcv_full.egg-info/SOURCES.txt'
/mnt/nfs2/engdes/wc296/paper6/envs/torch-cu128-001/lib/python3.12/site-packages/setuptools/command/build_py.py:212: _Warning: Package 'mmcv.model_zoo' is absent from the `packages` configuration.
!!

        ********************************************************************************
        ############################
        # Package would be ignored #
        ############################
        Python recognizes 'mmcv.model_zoo' as an importable package[^1],
        but it is absent from setuptools' `packages` configuration.

        This leads to an ambiguous overall configuration. If you want to distribute this
        package, please make sure that 'mmcv.model_zoo' is explicitly added
        to the `packages` configuration field.

        Alternatively, you can also rely on setuptools' discovery methods
        (for example by using `find_namespace_packages(...)`/`find_namespace:`
        instead of `find_packages(...)`/`find:`).

        You can read more about "package discovery" on setuptools documentation page:

        - https://setuptools.pypa.io/en/latest/userguide/package_discovery.html

        If you don't want 'mmcv.model_zoo' to be distributed and are
        already explicitly excluding 'mmcv.model_zoo' via
        `find_namespace_packages(...)/find_namespace` or `find_packages(...)/find`,
        you can try to use `exclude_package_data`, or `include-package-data=False` in
        combination with a more fine grained `package-data` configuration.

        You can read more about "package data files" on setuptools documentation page:

        - https://setuptools.pypa.io/en/latest/userguide/datafiles.html


        [^1]: For Python, any directory (with suitable naming) can be imported,
              even if it does not contain any `.py` files.
              On the other hand, currently there is no concept of package data
              directory, all directories are treated like packages.
        ********************************************************************************

!!
  check.warn(importable)
/mnt/nfs2/engdes/wc296/paper6/envs/torch-cu128-001/lib/python3.12/site-packages/setuptools/command/build_py.py:212: _Warning: Package 'mmcv.ops.csrc.common' is absent from the `packages` configuration.
!!

        ********************************************************************************
        ############################
        # Package would be ignored #
        ############################
        Python recognizes 'mmcv.ops.csrc.common' as an importable package[^1],
        but it is absent from setuptools' `packages` configuration.

        This leads to an ambiguous overall configuration. If you want to distribute this
        package, please make sure that 'mmcv.ops.csrc.common' is explicitly added
        to the `packages` configuration field.

        Alternatively, you can also rely on setuptools' discovery methods
        (for example by using `find_namespace_packages(...)`/`find_namespace:`
        instead of `find_packages(...)`/`find:`).

        You can read more about "package discovery" on setuptools documentation page:

        - https://setuptools.pypa.io/en/latest/userguide/package_discovery.html

        If you don't want 'mmcv.ops.csrc.common' to be distributed and are
        already explicitly excluding 'mmcv.ops.csrc.common' via
        `find_namespace_packages(...)/find_namespace` or `find_packages(...)/find`,
        you can try to use `exclude_package_data`, or `include-package-data=False` in
        combination with a more fine grained `package-data` configuration.

        You can read more about "package data files" on setuptools documentation page:

        - https://setuptools.pypa.io/en/latest/userguide/datafiles.html


        [^1]: For Python, any directory (with suitable naming) can be imported,
              even if it does not contain any `.py` files.
              On the other hand, currently there is no concept of package data
              directory, all directories are treated like packages.
        ********************************************************************************

!!
  check.warn(importable)
/mnt/nfs2/engdes/wc296/paper6/envs/torch-cu128-001/lib/python3.12/site-packages/setuptools/command/build_py.py:212: _Warning: Package 'mmcv.ops.csrc.common.cuda' is absent from the `packages` configuration.
!!

        ********************************************************************************
        ############################
        # Package would be ignored #
        ############################
        Python recognizes 'mmcv.ops.csrc.common.cuda' as an importable package[^1],
        but it is absent from setuptools' `packages` configuration.

        This leads to an ambiguous overall configuration. If you want to distribute this
        package, please make sure that 'mmcv.ops.csrc.common.cuda' is explicitly added
        to the `packages` configuration field.

        Alternatively, you can also rely on setuptools' discovery methods
        (for example by using `find_namespace_packages(...)`/`find_namespace:`
        instead of `find_packages(...)`/`find:`).

        You can read more about "package discovery" on setuptools documentation page:

        - https://setuptools.pypa.io/en/latest/userguide/package_discovery.html

        If you don't want 'mmcv.ops.csrc.common.cuda' to be distributed and are
        already explicitly excluding 'mmcv.ops.csrc.common.cuda' via
        `find_namespace_packages(...)/find_namespace` or `find_packages(...)/find`,
        you can try to use `exclude_package_data`, or `include-package-data=False` in
        combination with a more fine grained `package-data` configuration.

        You can read more about "package data files" on setuptools documentation page:

        - https://setuptools.pypa.io/en/latest/userguide/datafiles.html


        [^1]: For Python, any directory (with suitable naming) can be imported,
              even if it does not contain any `.py` files.
              On the other hand, currently there is no concept of package data
              directory, all directories are treated like packages.
        ********************************************************************************

!!
  check.warn(importable)
/mnt/nfs2/engdes/wc296/paper6/envs/torch-cu128-001/lib/python3.12/site-packages/setuptools/command/build_py.py:212: _Warning: Package 'mmcv.ops.csrc.common.cuda.spconv' is absent from the `packages` configuration.
!!

        ********************************************************************************
        ############################
        # Package would be ignored #
        ############################
        Python recognizes 'mmcv.ops.csrc.common.cuda.spconv' as an importable package[^1],
        but it is absent from setuptools' `packages` configuration.

        This leads to an ambiguous overall configuration. If you want to distribute this
        package, please make sure that 'mmcv.ops.csrc.common.cuda.spconv' is explicitly added
        to the `packages` configuration field.

        Alternatively, you can also rely on setuptools' discovery methods
        (for example by using `find_namespace_packages(...)`/`find_namespace:`
        instead of `find_packages(...)`/`find:`).

        You can read more about "package discovery" on setuptools documentation page:

        - https://setuptools.pypa.io/en/latest/userguide/package_discovery.html

        If you don't want 'mmcv.ops.csrc.common.cuda.spconv' to be distributed and are
        already explicitly excluding 'mmcv.ops.csrc.common.cuda.spconv' via
        `find_namespace_packages(...)/find_namespace` or `find_packages(...)/find`,
        you can try to use `exclude_package_data`, or `include-package-data=False` in
        combination with a more fine grained `package-data` configuration.

        You can read more about "package data files" on setuptools documentation page:

        - https://setuptools.pypa.io/en/latest/userguide/datafiles.html


        [^1]: For Python, any directory (with suitable naming) can be imported,
              even if it does not contain any `.py` files.
              On the other hand, currently there is no concept of package data
              directory, all directories are treated like packages.
        ********************************************************************************

!!
  check.warn(importable)
/mnt/nfs2/engdes/wc296/paper6/envs/torch-cu128-001/lib/python3.12/site-packages/setuptools/command/build_py.py:212: _Warning: Package 'mmcv.ops.csrc.common.mlu' is absent from the `packages` configuration.
!!

        ********************************************************************************
        ############################
        # Package would be ignored #
        ############################
        Python recognizes 'mmcv.ops.csrc.common.mlu' as an importable package[^1],
        but it is absent from setuptools' `packages` configuration.

        This leads to an ambiguous overall configuration. If you want to distribute this
        package, please make sure that 'mmcv.ops.csrc.common.mlu' is explicitly added
        to the `packages` configuration field.

        Alternatively, you can also rely on setuptools' discovery methods
        (for example by using `find_namespace_packages(...)`/`find_namespace:`
        instead of `find_packages(...)`/`find:`).

        You can read more about "package discovery" on setuptools documentation page:

        - https://setuptools.pypa.io/en/latest/userguide/package_discovery.html

        If you don't want 'mmcv.ops.csrc.common.mlu' to be distributed and are
        already explicitly excluding 'mmcv.ops.csrc.common.mlu' via
        `find_namespace_packages(...)/find_namespace` or `find_packages(...)/find`,
        you can try to use `exclude_package_data`, or `include-package-data=False` in
        combination with a more fine grained `package-data` configuration.

        You can read more about "package data files" on setuptools documentation page:

        - https://setuptools.pypa.io/en/latest/userguide/datafiles.html


        [^1]: For Python, any directory (with suitable naming) can be imported,
              even if it does not contain any `.py` files.
              On the other hand, currently there is no concept of package data
              directory, all directories are treated like packages.
        ********************************************************************************

!!
  check.warn(importable)
/mnt/nfs2/engdes/wc296/paper6/envs/torch-cu128-001/lib/python3.12/site-packages/setuptools/command/build_py.py:212: _Warning: Package 'mmcv.ops.csrc.common.mps' is absent from the `packages` configuration.
!!

        ********************************************************************************
        ############################
        # Package would be ignored #
        ############################
        Python recognizes 'mmcv.ops.csrc.common.mps' as an importable package[^1],
        but it is absent from setuptools' `packages` configuration.

        This leads to an ambiguous overall configuration. If you want to distribute this
        package, please make sure that 'mmcv.ops.csrc.common.mps' is explicitly added
        to the `packages` configuration field.

        Alternatively, you can also rely on setuptools' discovery methods
        (for example by using `find_namespace_packages(...)`/`find_namespace:`
        instead of `find_packages(...)`/`find:`).

        You can read more about "package discovery" on setuptools documentation page:

        - https://setuptools.pypa.io/en/latest/userguide/package_discovery.html

        If you don't want 'mmcv.ops.csrc.common.mps' to be distributed and are
        already explicitly excluding 'mmcv.ops.csrc.common.mps' via
        `find_namespace_packages(...)/find_namespace` or `find_packages(...)/find`,
        you can try to use `exclude_package_data`, or `include-package-data=False` in
        combination with a more fine grained `package-data` configuration.

        You can read more about "package data files" on setuptools documentation page:

        - https://setuptools.pypa.io/en/latest/userguide/datafiles.html


        [^1]: For Python, any directory (with suitable naming) can be imported,
              even if it does not contain any `.py` files.
              On the other hand, currently there is no concept of package data
              directory, all directories are treated like packages.
        ********************************************************************************

!!
  check.warn(importable)
/mnt/nfs2/engdes/wc296/paper6/envs/torch-cu128-001/lib/python3.12/site-packages/setuptools/command/build_py.py:212: _Warning: Package 'mmcv.ops.csrc.common.utils.spconv' is absent from the `packages` configuration.
!!

        ********************************************************************************
        ############################
        # Package would be ignored #
        ############################
        Python recognizes 'mmcv.ops.csrc.common.utils.spconv' as an importable package[^1],
        but it is absent from setuptools' `packages` configuration.

        This leads to an ambiguous overall configuration. If you want to distribute this
        package, please make sure that 'mmcv.ops.csrc.common.utils.spconv' is explicitly added
        to the `packages` configuration field.

        Alternatively, you can also rely on setuptools' discovery methods
        (for example by using `find_namespace_packages(...)`/`find_namespace:`
        instead of `find_packages(...)`/`find:`).

        You can read more about "package discovery" on setuptools documentation page:

        - https://setuptools.pypa.io/en/latest/userguide/package_discovery.html

        If you don't want 'mmcv.ops.csrc.common.utils.spconv' to be distributed and are
        already explicitly excluding 'mmcv.ops.csrc.common.utils.spconv' via
        `find_namespace_packages(...)/find_namespace` or `find_packages(...)/find`,
        you can try to use `exclude_package_data`, or `include-package-data=False` in
        combination with a more fine grained `package-data` configuration.

        You can read more about "package data files" on setuptools documentation page:

        - https://setuptools.pypa.io/en/latest/userguide/datafiles.html


        [^1]: For Python, any directory (with suitable naming) can be imported,
              even if it does not contain any `.py` files.
              On the other hand, currently there is no concept of package data
              directory, all directories are treated like packages.
        ********************************************************************************

!!
  check.warn(importable)
/mnt/nfs2/engdes/wc296/paper6/envs/torch-cu128-001/lib/python3.12/site-packages/setuptools/command/build_py.py:212: _Warning: Package 'mmcv.ops.csrc.common.utils.spconv.spconv' is absent from the `packages` configuration.
!!

        ********************************************************************************
        ############################
        # Package would be ignored #
        ############################
        Python recognizes 'mmcv.ops.csrc.common.utils.spconv.spconv' as an importable package[^1],
        but it is absent from setuptools' `packages` configuration.

        This leads to an ambiguous overall configuration. If you want to distribute this
        package, please make sure that 'mmcv.ops.csrc.common.utils.spconv.spconv' is explicitly added
        to the `packages` configuration field.

        Alternatively, you can also rely on setuptools' discovery methods
        (for example by using `find_namespace_packages(...)`/`find_namespace:`
        instead of `find_packages(...)`/`find:`).

        You can read more about "package discovery" on setuptools documentation page:

        - https://setuptools.pypa.io/en/latest/userguide/package_discovery.html

        If you don't want 'mmcv.ops.csrc.common.utils.spconv.spconv' to be distributed and are
        already explicitly excluding 'mmcv.ops.csrc.common.utils.spconv.spconv' via
        `find_namespace_packages(...)/find_namespace` or `find_packages(...)/find`,
        you can try to use `exclude_package_data`, or `include-package-data=False` in
        combination with a more fine grained `package-data` configuration.

        You can read more about "package data files" on setuptools documentation page:

        - https://setuptools.pypa.io/en/latest/userguide/datafiles.html


        [^1]: For Python, any directory (with suitable naming) can be imported,
              even if it does not contain any `.py` files.
              On the other hand, currently there is no concept of package data
              directory, all directories are treated like packages.
        ********************************************************************************

!!
  check.warn(importable)
/mnt/nfs2/engdes/wc296/paper6/envs/torch-cu128-001/lib/python3.12/site-packages/setuptools/command/build_py.py:212: _Warning: Package 'mmcv.ops.csrc.common.utils.spconv.tensorview' is absent from the `packages` configuration.
!!

        ********************************************************************************
        ############################
        # Package would be ignored #
        ############################
        Python recognizes 'mmcv.ops.csrc.common.utils.spconv.tensorview' as an importable package[^1],
        but it is absent from setuptools' `packages` configuration.

        This leads to an ambiguous overall configuration. If you want to distribute this
        package, please make sure that 'mmcv.ops.csrc.common.utils.spconv.tensorview' is explicitly added
        to the `packages` configuration field.

        Alternatively, you can also rely on setuptools' discovery methods
        (for example by using `find_namespace_packages(...)`/`find_namespace:`
        instead of `find_packages(...)`/`find:`).

        You can read more about "package discovery" on setuptools documentation page:

        - https://setuptools.pypa.io/en/latest/userguide/package_discovery.html

        If you don't want 'mmcv.ops.csrc.common.utils.spconv.tensorview' to be distributed and are
        already explicitly excluding 'mmcv.ops.csrc.common.utils.spconv.tensorview' via
        `find_namespace_packages(...)/find_namespace` or `find_packages(...)/find`,
        you can try to use `exclude_package_data`, or `include-package-data=False` in
        combination with a more fine grained `package-data` configuration.

        You can read more about "package data files" on setuptools documentation page:

        - https://setuptools.pypa.io/en/latest/userguide/datafiles.html


        [^1]: For Python, any directory (with suitable naming) can be imported,
              even if it does not contain any `.py` files.
              On the other hand, currently there is no concept of package data
              directory, all directories are treated like packages.
        ********************************************************************************

!!
  check.warn(importable)
/mnt/nfs2/engdes/wc296/paper6/envs/torch-cu128-001/lib/python3.12/site-packages/setuptools/command/build_py.py:212: _Warning: Package 'mmcv.ops.csrc.onnxruntime' is absent from the `packages` configuration.
!!

        ********************************************************************************
        ############################
        # Package would be ignored #
        ############################
        Python recognizes 'mmcv.ops.csrc.onnxruntime' as an importable package[^1],
        but it is absent from setuptools' `packages` configuration.

        This leads to an ambiguous overall configuration. If you want to distribute this
        package, please make sure that 'mmcv.ops.csrc.onnxruntime' is explicitly added
        to the `packages` configuration field.

        Alternatively, you can also rely on setuptools' discovery methods
        (for example by using `find_namespace_packages(...)`/`find_namespace:`
        instead of `find_packages(...)`/`find:`).

        You can read more about "package discovery" on setuptools documentation page:

        - https://setuptools.pypa.io/en/latest/userguide/package_discovery.html

        If you don't want 'mmcv.ops.csrc.onnxruntime' to be distributed and are
        already explicitly excluding 'mmcv.ops.csrc.onnxruntime' via
        `find_namespace_packages(...)/find_namespace` or `find_packages(...)/find`,
        you can try to use `exclude_package_data`, or `include-package-data=False` in
        combination with a more fine grained `package-data` configuration.

        You can read more about "package data files" on setuptools documentation page:

        - https://setuptools.pypa.io/en/latest/userguide/datafiles.html


        [^1]: For Python, any directory (with suitable naming) can be imported,
              even if it does not contain any `.py` files.
              On the other hand, currently there is no concept of package data
              directory, all directories are treated like packages.
        ********************************************************************************

!!
  check.warn(importable)
/mnt/nfs2/engdes/wc296/paper6/envs/torch-cu128-001/lib/python3.12/site-packages/setuptools/command/build_py.py:212: _Warning: Package 'mmcv.ops.csrc.onnxruntime.cpu' is absent from the `packages` configuration.
!!

        ********************************************************************************
        ############################
        # Package would be ignored #
        ############################
        Python recognizes 'mmcv.ops.csrc.onnxruntime.cpu' as an importable package[^1],
        but it is absent from setuptools' `packages` configuration.

        This leads to an ambiguous overall configuration. If you want to distribute this
        package, please make sure that 'mmcv.ops.csrc.onnxruntime.cpu' is explicitly added
        to the `packages` configuration field.

        Alternatively, you can also rely on setuptools' discovery methods
        (for example by using `find_namespace_packages(...)`/`find_namespace:`
        instead of `find_packages(...)`/`find:`).

        You can read more about "package discovery" on setuptools documentation page:

        - https://setuptools.pypa.io/en/latest/userguide/package_discovery.html

        If you don't want 'mmcv.ops.csrc.onnxruntime.cpu' to be distributed and are
        already explicitly excluding 'mmcv.ops.csrc.onnxruntime.cpu' via
        `find_namespace_packages(...)/find_namespace` or `find_packages(...)/find`,
        you can try to use `exclude_package_data`, or `include-package-data=False` in
        combination with a more fine grained `package-data` configuration.

        You can read more about "package data files" on setuptools documentation page:

        - https://setuptools.pypa.io/en/latest/userguide/datafiles.html


        [^1]: For Python, any directory (with suitable naming) can be imported,
              even if it does not contain any `.py` files.
              On the other hand, currently there is no concept of package data
              directory, all directories are treated like packages.
        ********************************************************************************

!!
  check.warn(importable)
/mnt/nfs2/engdes/wc296/paper6/envs/torch-cu128-001/lib/python3.12/site-packages/setuptools/command/build_py.py:212: _Warning: Package 'mmcv.ops.csrc.parrots' is absent from the `packages` configuration.
!!

        ********************************************************************************
        ############################
        # Package would be ignored #
        ############################
        Python recognizes 'mmcv.ops.csrc.parrots' as an importable package[^1],
        but it is absent from setuptools' `packages` configuration.

        This leads to an ambiguous overall configuration. If you want to distribute this
        package, please make sure that 'mmcv.ops.csrc.parrots' is explicitly added
        to the `packages` configuration field.

        Alternatively, you can also rely on setuptools' discovery methods
        (for example by using `find_namespace_packages(...)`/`find_namespace:`
        instead of `find_packages(...)`/`find:`).

        You can read more about "package discovery" on setuptools documentation page:

        - https://setuptools.pypa.io/en/latest/userguide/package_discovery.html

        If you don't want 'mmcv.ops.csrc.parrots' to be distributed and are
        already explicitly excluding 'mmcv.ops.csrc.parrots' via
        `find_namespace_packages(...)/find_namespace` or `find_packages(...)/find`,
        you can try to use `exclude_package_data`, or `include-package-data=False` in
        combination with a more fine grained `package-data` configuration.

        You can read more about "package data files" on setuptools documentation page:

        - https://setuptools.pypa.io/en/latest/userguide/datafiles.html


        [^1]: For Python, any directory (with suitable naming) can be imported,
              even if it does not contain any `.py` files.
              On the other hand, currently there is no concept of package data
              directory, all directories are treated like packages.
        ********************************************************************************

!!
  check.warn(importable)
/mnt/nfs2/engdes/wc296/paper6/envs/torch-cu128-001/lib/python3.12/site-packages/setuptools/command/build_py.py:212: _Warning: Package 'mmcv.ops.csrc.pytorch' is absent from the `packages` configuration.
!!

        ********************************************************************************
        ############################
        # Package would be ignored #
        ############################
        Python recognizes 'mmcv.ops.csrc.pytorch' as an importable package[^1],
        but it is absent from setuptools' `packages` configuration.

        This leads to an ambiguous overall configuration. If you want to distribute this
        package, please make sure that 'mmcv.ops.csrc.pytorch' is explicitly added
        to the `packages` configuration field.

        Alternatively, you can also rely on setuptools' discovery methods
        (for example by using `find_namespace_packages(...)`/`find_namespace:`
        instead of `find_packages(...)`/`find:`).

        You can read more about "package discovery" on setuptools documentation page:

        - https://setuptools.pypa.io/en/latest/userguide/package_discovery.html

        If you don't want 'mmcv.ops.csrc.pytorch' to be distributed and are
        already explicitly excluding 'mmcv.ops.csrc.pytorch' via
        `find_namespace_packages(...)/find_namespace` or `find_packages(...)/find`,
        you can try to use `exclude_package_data`, or `include-package-data=False` in
        combination with a more fine grained `package-data` configuration.

        You can read more about "package data files" on setuptools documentation page:

        - https://setuptools.pypa.io/en/latest/userguide/datafiles.html


        [^1]: For Python, any directory (with suitable naming) can be imported,
              even if it does not contain any `.py` files.
              On the other hand, currently there is no concept of package data
              directory, all directories are treated like packages.
        ********************************************************************************

!!
  check.warn(importable)
/mnt/nfs2/engdes/wc296/paper6/envs/torch-cu128-001/lib/python3.12/site-packages/setuptools/command/build_py.py:212: _Warning: Package 'mmcv.ops.csrc.pytorch.cpu' is absent from the `packages` configuration.
!!

        ********************************************************************************
        ############################
        # Package would be ignored #
        ############################
        Python recognizes 'mmcv.ops.csrc.pytorch.cpu' as an importable package[^1],
        but it is absent from setuptools' `packages` configuration.

        This leads to an ambiguous overall configuration. If you want to distribute this
        package, please make sure that 'mmcv.ops.csrc.pytorch.cpu' is explicitly added
        to the `packages` configuration field.

        Alternatively, you can also rely on setuptools' discovery methods
        (for example by using `find_namespace_packages(...)`/`find_namespace:`
        instead of `find_packages(...)`/`find:`).

        You can read more about "package discovery" on setuptools documentation page:

        - https://setuptools.pypa.io/en/latest/userguide/package_discovery.html

        If you don't want 'mmcv.ops.csrc.pytorch.cpu' to be distributed and are
        already explicitly excluding 'mmcv.ops.csrc.pytorch.cpu' via
        `find_namespace_packages(...)/find_namespace` or `find_packages(...)/find`,
        you can try to use `exclude_package_data`, or `include-package-data=False` in
        combination with a more fine grained `package-data` configuration.

        You can read more about "package data files" on setuptools documentation page:

        - https://setuptools.pypa.io/en/latest/userguide/datafiles.html


        [^1]: For Python, any directory (with suitable naming) can be imported,
              even if it does not contain any `.py` files.
              On the other hand, currently there is no concept of package data
              directory, all directories are treated like packages.
        ********************************************************************************

!!
  check.warn(importable)
/mnt/nfs2/engdes/wc296/paper6/envs/torch-cu128-001/lib/python3.12/site-packages/setuptools/command/build_py.py:212: _Warning: Package 'mmcv.ops.csrc.pytorch.cuda' is absent from the `packages` configuration.
!!

        ********************************************************************************
        ############################
        # Package would be ignored #
        ############################
        Python recognizes 'mmcv.ops.csrc.pytorch.cuda' as an importable package[^1],
        but it is absent from setuptools' `packages` configuration.

        This leads to an ambiguous overall configuration. If you want to distribute this
        package, please make sure that 'mmcv.ops.csrc.pytorch.cuda' is explicitly added
        to the `packages` configuration field.

        Alternatively, you can also rely on setuptools' discovery methods
        (for example by using `find_namespace_packages(...)`/`find_namespace:`
        instead of `find_packages(...)`/`find:`).

        You can read more about "package discovery" on setuptools documentation page:

        - https://setuptools.pypa.io/en/latest/userguide/package_discovery.html

        If you don't want 'mmcv.ops.csrc.pytorch.cuda' to be distributed and are
        already explicitly excluding 'mmcv.ops.csrc.pytorch.cuda' via
        `find_namespace_packages(...)/find_namespace` or `find_packages(...)/find`,
        you can try to use `exclude_package_data`, or `include-package-data=False` in
        combination with a more fine grained `package-data` configuration.

        You can read more about "package data files" on setuptools documentation page:

        - https://setuptools.pypa.io/en/latest/userguide/datafiles.html


        [^1]: For Python, any directory (with suitable naming) can be imported,
              even if it does not contain any `.py` files.
              On the other hand, currently there is no concept of package data
              directory, all directories are treated like packages.
        ********************************************************************************

!!
  check.warn(importable)
/mnt/nfs2/engdes/wc296/paper6/envs/torch-cu128-001/lib/python3.12/site-packages/setuptools/command/build_py.py:212: _Warning: Package 'mmcv.ops.csrc.pytorch.mlu' is absent from the `packages` configuration.
!!

        ********************************************************************************
        ############################
        # Package would be ignored #
        ############################
        Python recognizes 'mmcv.ops.csrc.pytorch.mlu' as an importable package[^1],
        but it is absent from setuptools' `packages` configuration.

        This leads to an ambiguous overall configuration. If you want to distribute this
        package, please make sure that 'mmcv.ops.csrc.pytorch.mlu' is explicitly added
        to the `packages` configuration field.

        Alternatively, you can also rely on setuptools' discovery methods
        (for example by using `find_namespace_packages(...)`/`find_namespace:`
        instead of `find_packages(...)`/`find:`).

        You can read more about "package discovery" on setuptools documentation page:

        - https://setuptools.pypa.io/en/latest/userguide/package_discovery.html

        If you don't want 'mmcv.ops.csrc.pytorch.mlu' to be distributed and are
        already explicitly excluding 'mmcv.ops.csrc.pytorch.mlu' via
        `find_namespace_packages(...)/find_namespace` or `find_packages(...)/find`,
        you can try to use `exclude_package_data`, or `include-package-data=False` in
        combination with a more fine grained `package-data` configuration.

        You can read more about "package data files" on setuptools documentation page:

        - https://setuptools.pypa.io/en/latest/userguide/datafiles.html


        [^1]: For Python, any directory (with suitable naming) can be imported,
              even if it does not contain any `.py` files.
              On the other hand, currently there is no concept of package data
              directory, all directories are treated like packages.
        ********************************************************************************

!!
  check.warn(importable)
/mnt/nfs2/engdes/wc296/paper6/envs/torch-cu128-001/lib/python3.12/site-packages/setuptools/command/build_py.py:212: _Warning: Package 'mmcv.ops.csrc.pytorch.mps' is absent from the `packages` configuration.
!!

        ********************************************************************************
        ############################
        # Package would be ignored #
        ############################
        Python recognizes 'mmcv.ops.csrc.pytorch.mps' as an importable package[^1],
        but it is absent from setuptools' `packages` configuration.

        This leads to an ambiguous overall configuration. If you want to distribute this
        package, please make sure that 'mmcv.ops.csrc.pytorch.mps' is explicitly added
        to the `packages` configuration field.

        Alternatively, you can also rely on setuptools' discovery methods
        (for example by using `find_namespace_packages(...)`/`find_namespace:`
        instead of `find_packages(...)`/`find:`).

        You can read more about "package discovery" on setuptools documentation page:

        - https://setuptools.pypa.io/en/latest/userguide/package_discovery.html

        If you don't want 'mmcv.ops.csrc.pytorch.mps' to be distributed and are
        already explicitly excluding 'mmcv.ops.csrc.pytorch.mps' via
        `find_namespace_packages(...)/find_namespace` or `find_packages(...)/find`,
        you can try to use `exclude_package_data`, or `include-package-data=False` in
        combination with a more fine grained `package-data` configuration.

        You can read more about "package data files" on setuptools documentation page:

        - https://setuptools.pypa.io/en/latest/userguide/datafiles.html


        [^1]: For Python, any directory (with suitable naming) can be imported,
              even if it does not contain any `.py` files.
              On the other hand, currently there is no concept of package data
              directory, all directories are treated like packages.
        ********************************************************************************

!!
  check.warn(importable)
/mnt/nfs2/engdes/wc296/paper6/envs/torch-cu128-001/lib/python3.12/site-packages/setuptools/command/build_py.py:212: _Warning: Package 'mmcv.ops.csrc.pytorch.npu' is absent from the `packages` configuration.
!!

        ********************************************************************************
        ############################
        # Package would be ignored #
        ############################
        Python recognizes 'mmcv.ops.csrc.pytorch.npu' as an importable package[^1],
        but it is absent from setuptools' `packages` configuration.

        This leads to an ambiguous overall configuration. If you want to distribute this
        package, please make sure that 'mmcv.ops.csrc.pytorch.npu' is explicitly added
        to the `packages` configuration field.

        Alternatively, you can also rely on setuptools' discovery methods
        (for example by using `find_namespace_packages(...)`/`find_namespace:`
        instead of `find_packages(...)`/`find:`).

        You can read more about "package discovery" on setuptools documentation page:

        - https://setuptools.pypa.io/en/latest/userguide/package_discovery.html

        If you don't want 'mmcv.ops.csrc.pytorch.npu' to be distributed and are
        already explicitly excluding 'mmcv.ops.csrc.pytorch.npu' via
        `find_namespace_packages(...)/find_namespace` or `find_packages(...)/find`,
        you can try to use `exclude_package_data`, or `include-package-data=False` in
        combination with a more fine grained `package-data` configuration.

        You can read more about "package data files" on setuptools documentation page:

        - https://setuptools.pypa.io/en/latest/userguide/datafiles.html


        [^1]: For Python, any directory (with suitable naming) can be imported,
              even if it does not contain any `.py` files.
              On the other hand, currently there is no concept of package data
              directory, all directories are treated like packages.
        ********************************************************************************

!!
  check.warn(importable)
/mnt/nfs2/engdes/wc296/paper6/envs/torch-cu128-001/lib/python3.12/site-packages/setuptools/command/build_py.py:212: _Warning: Package 'mmcv.ops.csrc.tensorrt' is absent from the `packages` configuration.
!!

        ********************************************************************************
        ############################
        # Package would be ignored #
        ############################
        Python recognizes 'mmcv.ops.csrc.tensorrt' as an importable package[^1],
        but it is absent from setuptools' `packages` configuration.

        This leads to an ambiguous overall configuration. If you want to distribute this
        package, please make sure that 'mmcv.ops.csrc.tensorrt' is explicitly added
        to the `packages` configuration field.

        Alternatively, you can also rely on setuptools' discovery methods
        (for example by using `find_namespace_packages(...)`/`find_namespace:`
        instead of `find_packages(...)`/`find:`).

        You can read more about "package discovery" on setuptools documentation page:

        - https://setuptools.pypa.io/en/latest/userguide/package_discovery.html

        If you don't want 'mmcv.ops.csrc.tensorrt' to be distributed and are
        already explicitly excluding 'mmcv.ops.csrc.tensorrt' via
        `find_namespace_packages(...)/find_namespace` or `find_packages(...)/find`,
        you can try to use `exclude_package_data`, or `include-package-data=False` in
        combination with a more fine grained `package-data` configuration.

        You can read more about "package data files" on setuptools documentation page:

        - https://setuptools.pypa.io/en/latest/userguide/datafiles.html


        [^1]: For Python, any directory (with suitable naming) can be imported,
              even if it does not contain any `.py` files.
              On the other hand, currently there is no concept of package data
              directory, all directories are treated like packages.
        ********************************************************************************

!!
  check.warn(importable)
/mnt/nfs2/engdes/wc296/paper6/envs/torch-cu128-001/lib/python3.12/site-packages/setuptools/command/build_py.py:212: _Warning: Package 'mmcv.ops.csrc.tensorrt.plugins' is absent from the `packages` configuration.
!!

        ********************************************************************************
        ############################
        # Package would be ignored #
        ############################
        Python recognizes 'mmcv.ops.csrc.tensorrt.plugins' as an importable package[^1],
        but it is absent from setuptools' `packages` configuration.

        This leads to an ambiguous overall configuration. If you want to distribute this
        package, please make sure that 'mmcv.ops.csrc.tensorrt.plugins' is explicitly added
        to the `packages` configuration field.

        Alternatively, you can also rely on setuptools' discovery methods
        (for example by using `find_namespace_packages(...)`/`find_namespace:`
        instead of `find_packages(...)`/`find:`).

        You can read more about "package discovery" on setuptools documentation page:

        - https://setuptools.pypa.io/en/latest/userguide/package_discovery.html

        If you don't want 'mmcv.ops.csrc.tensorrt.plugins' to be distributed and are
        already explicitly excluding 'mmcv.ops.csrc.tensorrt.plugins' via
        `find_namespace_packages(...)/find_namespace` or `find_packages(...)/find`,
        you can try to use `exclude_package_data`, or `include-package-data=False` in
        combination with a more fine grained `package-data` configuration.

        You can read more about "package data files" on setuptools documentation page:

        - https://setuptools.pypa.io/en/latest/userguide/datafiles.html


        [^1]: For Python, any directory (with suitable naming) can be imported,
              even if it does not contain any `.py` files.
              On the other hand, currently there is no concept of package data
              directory, all directories are treated like packages.
        ********************************************************************************

!!
  check.warn(importable)
creating build/lib.linux-x86_64-cpython-312/mmcv/model_zoo
copying mmcv/model_zoo/deprecated.json -> build/lib.linux-x86_64-cpython-312/mmcv/model_zoo
copying mmcv/model_zoo/mmcls.json -> build/lib.linux-x86_64-cpython-312/mmcv/model_zoo
copying mmcv/model_zoo/open_mmlab.json -> build/lib.linux-x86_64-cpython-312/mmcv/model_zoo
copying mmcv/model_zoo/torchvision_0.12.json -> build/lib.linux-x86_64-cpython-312/mmcv/model_zoo
creating build/lib.linux-x86_64-cpython-312/mmcv/ops/csrc/common
copying mmcv/ops/csrc/common/box_iou_rotated_utils.hpp -> build/lib.linux-x86_64-cpython-312/mmcv/ops/csrc/common
copying mmcv/ops/csrc/common/parrots_cpp_helper.hpp -> build/lib.linux-x86_64-cpython-312/mmcv/ops/csrc/common
copying mmcv/ops/csrc/common/parrots_cuda_helper.hpp -> build/lib.linux-x86_64-cpython-312/mmcv/ops/csrc/common
copying mmcv/ops/csrc/common/pytorch_cpp_helper.hpp -> build/lib.linux-x86_64-cpython-312/mmcv/ops/csrc/common
copying mmcv/ops/csrc/common/pytorch_cuda_helper.hpp -> build/lib.linux-x86_64-cpython-312/mmcv/ops/csrc/common
copying mmcv/ops/csrc/common/pytorch_device_registry.hpp -> build/lib.linux-x86_64-cpython-312/mmcv/ops/csrc/common
copying mmcv/ops/csrc/common/pytorch_mlu_helper.hpp -> build/lib.linux-x86_64-cpython-312/mmcv/ops/csrc/common
copying mmcv/ops/csrc/common/pytorch_npu_helper.hpp -> build/lib.linux-x86_64-cpython-312/mmcv/ops/csrc/common
creating build/lib.linux-x86_64-cpython-312/mmcv/ops/csrc/common/cuda
copying mmcv/ops/csrc/common/cuda/active_rotated_filter_cuda_kernel.cuh -> build/lib.linux-x86_64-cpython-312/mmcv/ops/csrc/common/cuda
copying mmcv/ops/csrc/common/cuda/assign_score_withk_cuda_kernel.cuh -> build/lib.linux-x86_64-cpython-312/mmcv/ops/csrc/common/cuda
copying mmcv/ops/csrc/common/cuda/ball_query_cuda_kernel.cuh -> build/lib.linux-x86_64-cpython-312/mmcv/ops/csrc/common/cuda
copying mmcv/ops/csrc/common/cuda/bbox_overlaps_cuda_kernel.cuh -> build/lib.linux-x86_64-cpython-312/mmcv/ops/csrc/common/cuda
copying mmcv/ops/csrc/common/cuda/border_align_cuda_kernel.cuh -> build/lib.linux-x86_64-cpython-312/mmcv/ops/csrc/common/cuda
copying mmcv/ops/csrc/common/cuda/box_iou_quadri_cuda.cuh -> build/lib.linux-x86_64-cpython-312/mmcv/ops/csrc/common/cuda
copying mmcv/ops/csrc/common/cuda/box_iou_rotated_cuda.cuh -> build/lib.linux-x86_64-cpython-312/mmcv/ops/csrc/common/cuda
copying mmcv/ops/csrc/common/cuda/carafe_cuda_kernel.cuh -> build/lib.linux-x86_64-cpython-312/mmcv/ops/csrc/common/cuda
copying mmcv/ops/csrc/common/cuda/carafe_naive_cuda_kernel.cuh -> build/lib.linux-x86_64-cpython-312/mmcv/ops/csrc/common/cuda
copying mmcv/ops/csrc/common/cuda/chamfer_distance_cuda_kernel.cuh -> build/lib.linux-x86_64-cpython-312/mmcv/ops/csrc/common/cuda
copying mmcv/ops/csrc/common/cuda/common_cuda_helper.hpp -> build/lib.linux-x86_64-cpython-312/mmcv/ops/csrc/common/cuda
copying mmcv/ops/csrc/common/cuda/convex_iou_cuda_kernel.cuh -> build/lib.linux-x86_64-cpython-312/mmcv/ops/csrc/common/cuda
copying mmcv/ops/csrc/common/cuda/correlation_cuda.cuh -> build/lib.linux-x86_64-cpython-312/mmcv/ops/csrc/common/cuda
copying mmcv/ops/csrc/common/cuda/deform_conv_cuda_kernel.cuh -> build/lib.linux-x86_64-cpython-312/mmcv/ops/csrc/common/cuda
copying mmcv/ops/csrc/common/cuda/deform_roi_pool_cuda_kernel.cuh -> build/lib.linux-x86_64-cpython-312/mmcv/ops/csrc/common/cuda
copying mmcv/ops/csrc/common/cuda/diff_iou_rotated_cuda_kernel.cuh -> build/lib.linux-x86_64-cpython-312/mmcv/ops/csrc/common/cuda
copying mmcv/ops/csrc/common/cuda/furthest_point_sample_cuda_kernel.cuh -> build/lib.linux-x86_64-cpython-312/mmcv/ops/csrc/common/cuda
copying mmcv/ops/csrc/common/cuda/gather_points_cuda_kernel.cuh -> build/lib.linux-x86_64-cpython-312/mmcv/ops/csrc/common/cuda
copying mmcv/ops/csrc/common/cuda/group_points_cuda_kernel.cuh -> build/lib.linux-x86_64-cpython-312/mmcv/ops/csrc/common/cuda
copying mmcv/ops/csrc/common/cuda/iou3d_cuda_kernel.cuh -> build/lib.linux-x86_64-cpython-312/mmcv/ops/csrc/common/cuda
copying mmcv/ops/csrc/common/cuda/knn_cuda_kernel.cuh -> build/lib.linux-x86_64-cpython-312/mmcv/ops/csrc/common/cuda
copying mmcv/ops/csrc/common/cuda/masked_conv2d_cuda_kernel.cuh -> build/lib.linux-x86_64-cpython-312/mmcv/ops/csrc/common/cuda
copying mmcv/ops/csrc/common/cuda/min_area_polygons_cuda.cuh -> build/lib.linux-x86_64-cpython-312/mmcv/ops/csrc/common/cuda
copying mmcv/ops/csrc/common/cuda/modulated_deform_conv_cuda_kernel.cuh -> build/lib.linux-x86_64-cpython-312/mmcv/ops/csrc/common/cuda
copying mmcv/ops/csrc/common/cuda/ms_deform_attn_cuda_kernel.cuh -> build/lib.linux-x86_64-cpython-312/mmcv/ops/csrc/common/cuda
copying mmcv/ops/csrc/common/cuda/nms_cuda_kernel.cuh -> build/lib.linux-x86_64-cpython-312/mmcv/ops/csrc/common/cuda
copying mmcv/ops/csrc/common/cuda/nms_quadri_cuda.cuh -> build/lib.linux-x86_64-cpython-312/mmcv/ops/csrc/common/cuda
copying mmcv/ops/csrc/common/cuda/nms_rotated_cuda.cuh -> build/lib.linux-x86_64-cpython-312/mmcv/ops/csrc/common/cuda
copying mmcv/ops/csrc/common/cuda/parrots_cudawarpfunction.cuh -> build/lib.linux-x86_64-cpython-312/mmcv/ops/csrc/common/cuda
copying mmcv/ops/csrc/common/cuda/points_in_boxes_cuda_kernel.cuh -> build/lib.linux-x86_64-cpython-312/mmcv/ops/csrc/common/cuda
copying mmcv/ops/csrc/common/cuda/points_in_polygons_cuda_kernel.cuh -> build/lib.linux-x86_64-cpython-312/mmcv/ops/csrc/common/cuda
copying mmcv/ops/csrc/common/cuda/prroi_pool_cuda_kernel.cuh -> build/lib.linux-x86_64-cpython-312/mmcv/ops/csrc/common/cuda
copying mmcv/ops/csrc/common/cuda/psamask_cuda_kernel.cuh -> build/lib.linux-x86_64-cpython-312/mmcv/ops/csrc/common/cuda
copying mmcv/ops/csrc/common/cuda/riroi_align_rotated_cuda_kernel.cuh -> build/lib.linux-x86_64-cpython-312/mmcv/ops/csrc/common/cuda
copying mmcv/ops/csrc/common/cuda/roi_align_cuda_kernel.cuh -> build/lib.linux-x86_64-cpython-312/mmcv/ops/csrc/common/cuda
copying mmcv/ops/csrc/common/cuda/roi_align_rotated_cuda_kernel.cuh -> build/lib.linux-x86_64-cpython-312/mmcv/ops/csrc/common/cuda
copying mmcv/ops/csrc/common/cuda/roi_pool_cuda_kernel.cuh -> build/lib.linux-x86_64-cpython-312/mmcv/ops/csrc/common/cuda
copying mmcv/ops/csrc/common/cuda/roiaware_pool3d_cuda_kernel.cuh -> build/lib.linux-x86_64-cpython-312/mmcv/ops/csrc/common/cuda
copying mmcv/ops/csrc/common/cuda/roipoint_pool3d_cuda_kernel.cuh -> build/lib.linux-x86_64-cpython-312/mmcv/ops/csrc/common/cuda
copying mmcv/ops/csrc/common/cuda/rotated_feature_align_cuda_kernel.cuh -> build/lib.linux-x86_64-cpython-312/mmcv/ops/csrc/common/cuda
copying mmcv/ops/csrc/common/cuda/scatter_points_cuda_kernel.cuh -> build/lib.linux-x86_64-cpython-312/mmcv/ops/csrc/common/cuda
copying mmcv/ops/csrc/common/cuda/sigmoid_focal_loss_cuda_kernel.cuh -> build/lib.linux-x86_64-cpython-312/mmcv/ops/csrc/common/cuda
copying mmcv/ops/csrc/common/cuda/softmax_focal_loss_cuda_kernel.cuh -> build/lib.linux-x86_64-cpython-312/mmcv/ops/csrc/common/cuda
copying mmcv/ops/csrc/common/cuda/stack_ball_query_cuda_kernel.cuh -> build/lib.linux-x86_64-cpython-312/mmcv/ops/csrc/common/cuda
copying mmcv/ops/csrc/common/cuda/stack_group_points_cuda_kernel.cuh -> build/lib.linux-x86_64-cpython-312/mmcv/ops/csrc/common/cuda
copying mmcv/ops/csrc/common/cuda/sync_bn_cuda_kernel.cuh -> build/lib.linux-x86_64-cpython-312/mmcv/ops/csrc/common/cuda
copying mmcv/ops/csrc/common/cuda/three_interpolate_cuda_kernel.cuh -> build/lib.linux-x86_64-cpython-312/mmcv/ops/csrc/common/cuda
copying mmcv/ops/csrc/common/cuda/three_nn_cuda_kernel.cuh -> build/lib.linux-x86_64-cpython-312/mmcv/ops/csrc/common/cuda
copying mmcv/ops/csrc/common/cuda/tin_shift_cuda_kernel.cuh -> build/lib.linux-x86_64-cpython-312/mmcv/ops/csrc/common/cuda
copying mmcv/ops/csrc/common/cuda/voxelization_cuda_kernel.cuh -> build/lib.linux-x86_64-cpython-312/mmcv/ops/csrc/common/cuda
creating build/lib.linux-x86_64-cpython-312/mmcv/ops/csrc/common/cuda/spconv
copying mmcv/ops/csrc/common/cuda/spconv/indice.cuh -> build/lib.linux-x86_64-cpython-312/mmcv/ops/csrc/common/cuda/spconv
copying mmcv/ops/csrc/common/cuda/spconv/reordering.cuh -> build/lib.linux-x86_64-cpython-312/mmcv/ops/csrc/common/cuda/spconv
creating build/lib.linux-x86_64-cpython-312/mmcv/ops/csrc/common/mlu
copying mmcv/ops/csrc/common/mlu/common_mlu_helper.hpp -> build/lib.linux-x86_64-cpython-312/mmcv/ops/csrc/common/mlu
creating build/lib.linux-x86_64-cpython-312/mmcv/ops/csrc/common/mps
copying mmcv/ops/csrc/common/mps/MPSDevice.h -> build/lib.linux-x86_64-cpython-312/mmcv/ops/csrc/common/mps
copying mmcv/ops/csrc/common/mps/MPSLibrary.h -> build/lib.linux-x86_64-cpython-312/mmcv/ops/csrc/common/mps
copying mmcv/ops/csrc/common/mps/MPSLibrary.mm -> build/lib.linux-x86_64-cpython-312/mmcv/ops/csrc/common/mps
copying mmcv/ops/csrc/common/mps/MPSStream.h -> build/lib.linux-x86_64-cpython-312/mmcv/ops/csrc/common/mps
copying mmcv/ops/csrc/common/mps/MPSUtils.h -> build/lib.linux-x86_64-cpython-312/mmcv/ops/csrc/common/mps
creating build/lib.linux-x86_64-cpython-312/mmcv/ops/csrc/common/utils/spconv
copying mmcv/ops/csrc/common/utils/spconv/paramsgrid.h -> build/lib.linux-x86_64-cpython-312/mmcv/ops/csrc/common/utils/spconv
copying mmcv/ops/csrc/common/utils/spconv/prettyprint.h -> build/lib.linux-x86_64-cpython-312/mmcv/ops/csrc/common/utils/spconv
copying mmcv/ops/csrc/common/utils/spconv/pybind11_utils.h -> build/lib.linux-x86_64-cpython-312/mmcv/ops/csrc/common/utils/spconv
creating build/lib.linux-x86_64-cpython-312/mmcv/ops/csrc/common/utils/spconv/spconv
copying mmcv/ops/csrc/common/utils/spconv/spconv/geometry.h -> build/lib.linux-x86_64-cpython-312/mmcv/ops/csrc/common/utils/spconv/spconv
copying mmcv/ops/csrc/common/utils/spconv/spconv/indice.h -> build/lib.linux-x86_64-cpython-312/mmcv/ops/csrc/common/utils/spconv/spconv
copying mmcv/ops/csrc/common/utils/spconv/spconv/maxpool.h -> build/lib.linux-x86_64-cpython-312/mmcv/ops/csrc/common/utils/spconv/spconv
copying mmcv/ops/csrc/common/utils/spconv/spconv/mp_helper.h -> build/lib.linux-x86_64-cpython-312/mmcv/ops/csrc/common/utils/spconv/spconv
copying mmcv/ops/csrc/common/utils/spconv/spconv/point2voxel.h -> build/lib.linux-x86_64-cpython-312/mmcv/ops/csrc/common/utils/spconv/spconv
copying mmcv/ops/csrc/common/utils/spconv/spconv/reordering.h -> build/lib.linux-x86_64-cpython-312/mmcv/ops/csrc/common/utils/spconv/spconv
creating build/lib.linux-x86_64-cpython-312/mmcv/ops/csrc/common/utils/spconv/tensorview
copying mmcv/ops/csrc/common/utils/spconv/tensorview/helper_kernel.cuh -> build/lib.linux-x86_64-cpython-312/mmcv/ops/csrc/common/utils/spconv/tensorview
copying mmcv/ops/csrc/common/utils/spconv/tensorview/helper_launch.h -> build/lib.linux-x86_64-cpython-312/mmcv/ops/csrc/common/utils/spconv/tensorview
copying mmcv/ops/csrc/common/utils/spconv/tensorview/tensorview.h -> build/lib.linux-x86_64-cpython-312/mmcv/ops/csrc/common/utils/spconv/tensorview
creating build/lib.linux-x86_64-cpython-312/mmcv/ops/csrc/onnxruntime
copying mmcv/ops/csrc/onnxruntime/corner_pool.h -> build/lib.linux-x86_64-cpython-312/mmcv/ops/csrc/onnxruntime
copying mmcv/ops/csrc/onnxruntime/deform_conv.h -> build/lib.linux-x86_64-cpython-312/mmcv/ops/csrc/onnxruntime
copying mmcv/ops/csrc/onnxruntime/grid_sample.h -> build/lib.linux-x86_64-cpython-312/mmcv/ops/csrc/onnxruntime
copying mmcv/ops/csrc/onnxruntime/modulated_deform_conv.h -> build/lib.linux-x86_64-cpython-312/mmcv/ops/csrc/onnxruntime
copying mmcv/ops/csrc/onnxruntime/nms.h -> build/lib.linux-x86_64-cpython-312/mmcv/ops/csrc/onnxruntime
copying mmcv/ops/csrc/onnxruntime/onnxruntime_register.h -> build/lib.linux-x86_64-cpython-312/mmcv/ops/csrc/onnxruntime
copying mmcv/ops/csrc/onnxruntime/onnxruntime_session_options_config_keys.h -> build/lib.linux-x86_64-cpython-312/mmcv/ops/csrc/onnxruntime
copying mmcv/ops/csrc/onnxruntime/ort_mmcv_utils.h -> build/lib.linux-x86_64-cpython-312/mmcv/ops/csrc/onnxruntime
copying mmcv/ops/csrc/onnxruntime/reduce_ops.h -> build/lib.linux-x86_64-cpython-312/mmcv/ops/csrc/onnxruntime
copying mmcv/ops/csrc/onnxruntime/roi_align.h -> build/lib.linux-x86_64-cpython-312/mmcv/ops/csrc/onnxruntime
copying mmcv/ops/csrc/onnxruntime/roi_align_rotated.h -> build/lib.linux-x86_64-cpython-312/mmcv/ops/csrc/onnxruntime
copying mmcv/ops/csrc/onnxruntime/rotated_feature_align.h -> build/lib.linux-x86_64-cpython-312/mmcv/ops/csrc/onnxruntime
copying mmcv/ops/csrc/onnxruntime/soft_nms.h -> build/lib.linux-x86_64-cpython-312/mmcv/ops/csrc/onnxruntime
creating build/lib.linux-x86_64-cpython-312/mmcv/ops/csrc/onnxruntime/cpu
copying mmcv/ops/csrc/onnxruntime/cpu/corner_pool.cpp -> build/lib.linux-x86_64-cpython-312/mmcv/ops/csrc/onnxruntime/cpu
copying mmcv/ops/csrc/onnxruntime/cpu/deform_conv.cpp -> build/lib.linux-x86_64-cpython-312/mmcv/ops/csrc/onnxruntime/cpu
copying mmcv/ops/csrc/onnxruntime/cpu/gridSample.cpp -> build/lib.linux-x86_64-cpython-312/mmcv/ops/csrc/onnxruntime/cpu
copying mmcv/ops/csrc/onnxruntime/cpu/modulated_deform_conv.cpp -> build/lib.linux-x86_64-cpython-312/mmcv/ops/csrc/onnxruntime/cpu
copying mmcv/ops/csrc/onnxruntime/cpu/nms.cpp -> build/lib.linux-x86_64-cpython-312/mmcv/ops/csrc/onnxruntime/cpu
copying mmcv/ops/csrc/onnxruntime/cpu/onnxruntime_register.cpp -> build/lib.linux-x86_64-cpython-312/mmcv/ops/csrc/onnxruntime/cpu
copying mmcv/ops/csrc/onnxruntime/cpu/reduce_ops.cpp -> build/lib.linux-x86_64-cpython-312/mmcv/ops/csrc/onnxruntime/cpu
copying mmcv/ops/csrc/onnxruntime/cpu/roi_align.cpp -> build/lib.linux-x86_64-cpython-312/mmcv/ops/csrc/onnxruntime/cpu
copying mmcv/ops/csrc/onnxruntime/cpu/roi_align_rotated.cpp -> build/lib.linux-x86_64-cpython-312/mmcv/ops/csrc/onnxruntime/cpu
copying mmcv/ops/csrc/onnxruntime/cpu/rotated_feature_align.cpp -> build/lib.linux-x86_64-cpython-312/mmcv/ops/csrc/onnxruntime/cpu
copying mmcv/ops/csrc/onnxruntime/cpu/soft_nms.cpp -> build/lib.linux-x86_64-cpython-312/mmcv/ops/csrc/onnxruntime/cpu
creating build/lib.linux-x86_64-cpython-312/mmcv/ops/csrc/parrots
copying mmcv/ops/csrc/parrots/active_rotated_filter.cpp -> build/lib.linux-x86_64-cpython-312/mmcv/ops/csrc/parrots
copying mmcv/ops/csrc/parrots/active_rotated_filter_parrots.cpp -> build/lib.linux-x86_64-cpython-312/mmcv/ops/csrc/parrots
copying mmcv/ops/csrc/parrots/active_rotated_filter_pytorch.h -> build/lib.linux-x86_64-cpython-312/mmcv/ops/csrc/parrots
copying mmcv/ops/csrc/parrots/assign_score_withk.cpp -> build/lib.linux-x86_64-cpython-312/mmcv/ops/csrc/parrots
copying mmcv/ops/csrc/parrots/assign_score_withk_parrots.cpp -> build/lib.linux-x86_64-cpython-312/mmcv/ops/csrc/parrots
copying mmcv/ops/csrc/parrots/assign_score_withk_pytorch.h -> build/lib.linux-x86_64-cpython-312/mmcv/ops/csrc/parrots
copying mmcv/ops/csrc/parrots/ball_query._parrots.cpp -> build/lib.linux-x86_64-cpython-312/mmcv/ops/csrc/parrots
copying mmcv/ops/csrc/parrots/ball_query.cpp -> build/lib.linux-x86_64-cpython-312/mmcv/ops/csrc/parrots
copying mmcv/ops/csrc/parrots/ball_query_pytorch.h -> build/lib.linux-x86_64-cpython-312/mmcv/ops/csrc/parrots
copying mmcv/ops/csrc/parrots/bbox_overlaps.cpp -> build/lib.linux-x86_64-cpython-312/mmcv/ops/csrc/parrots
copying mmcv/ops/csrc/parrots/bbox_overlaps_parrots.cpp -> build/lib.linux-x86_64-cpython-312/mmcv/ops/csrc/parrots
copying mmcv/ops/csrc/parrots/bbox_overlaps_pytorch.h -> build/lib.linux-x86_64-cpython-312/mmcv/ops/csrc/parrots
copying mmcv/ops/csrc/parrots/border_align.cpp -> build/lib.linux-x86_64-cpython-312/mmcv/ops/csrc/parrots
copying mmcv/ops/csrc/parrots/border_align_parrots.cpp -> build/lib.linux-x86_64-cpython-312/mmcv/ops/csrc/parrots
copying mmcv/ops/csrc/parrots/border_align_pytorch.h -> build/lib.linux-x86_64-cpython-312/mmcv/ops/csrc/parrots
copying mmcv/ops/csrc/parrots/box_iou_rotated.cpp -> build/lib.linux-x86_64-cpython-312/mmcv/ops/csrc/parrots
copying mmcv/ops/csrc/parrots/box_iou_rotated_parrots.cpp -> build/lib.linux-x86_64-cpython-312/mmcv/ops/csrc/parrots
copying mmcv/ops/csrc/parrots/box_iou_rotated_pytorch.h -> build/lib.linux-x86_64-cpython-312/mmcv/ops/csrc/parrots
copying mmcv/ops/csrc/parrots/carafe.cpp -> build/lib.linux-x86_64-cpython-312/mmcv/ops/csrc/parrots
copying mmcv/ops/csrc/parrots/carafe_naive.cpp -> build/lib.linux-x86_64-cpython-312/mmcv/ops/csrc/parrots
copying mmcv/ops/csrc/parrots/carafe_naive_parrots.cpp -> build/lib.linux-x86_64-cpython-312/mmcv/ops/csrc/parrots
copying mmcv/ops/csrc/parrots/carafe_naive_pytorch.h -> build/lib.linux-x86_64-cpython-312/mmcv/ops/csrc/parrots
copying mmcv/ops/csrc/parrots/carafe_parrots.cpp -> build/lib.linux-x86_64-cpython-312/mmcv/ops/csrc/parrots
copying mmcv/ops/csrc/parrots/carafe_pytorch.h -> build/lib.linux-x86_64-cpython-312/mmcv/ops/csrc/parrots
copying mmcv/ops/csrc/parrots/chamfer_distance.cpp -> build/lib.linux-x86_64-cpython-312/mmcv/ops/csrc/parrots
copying mmcv/ops/csrc/parrots/chamfer_distance_parrots.cpp -> build/lib.linux-x86_64-cpython-312/mmcv/ops/csrc/parrots
copying mmcv/ops/csrc/parrots/chamfer_distance_pytorch.h -> build/lib.linux-x86_64-cpython-312/mmcv/ops/csrc/parrots
copying mmcv/ops/csrc/parrots/contour_expand.cpp -> build/lib.linux-x86_64-cpython-312/mmcv/ops/csrc/parrots
copying mmcv/ops/csrc/parrots/contour_expand_parrots.cpp -> build/lib.linux-x86_64-cpython-312/mmcv/ops/csrc/parrots
copying mmcv/ops/csrc/parrots/contour_expand_pytorch.h -> build/lib.linux-x86_64-cpython-312/mmcv/ops/csrc/parrots
copying mmcv/ops/csrc/parrots/convex_iou.cpp -> build/lib.linux-x86_64-cpython-312/mmcv/ops/csrc/parrots
copying mmcv/ops/csrc/parrots/convex_iou_parrots.cpp -> build/lib.linux-x86_64-cpython-312/mmcv/ops/csrc/parrots
copying mmcv/ops/csrc/parrots/convex_iou_pytorch.h -> build/lib.linux-x86_64-cpython-312/mmcv/ops/csrc/parrots
copying mmcv/ops/csrc/parrots/correlation.cpp -> build/lib.linux-x86_64-cpython-312/mmcv/ops/csrc/parrots
copying mmcv/ops/csrc/parrots/correlation_parrots.cpp -> build/lib.linux-x86_64-cpython-312/mmcv/ops/csrc/parrots
copying mmcv/ops/csrc/parrots/correlation_pytorch.h -> build/lib.linux-x86_64-cpython-312/mmcv/ops/csrc/parrots
copying mmcv/ops/csrc/parrots/cudabind.cpp -> build/lib.linux-x86_64-cpython-312/mmcv/ops/csrc/parrots
copying mmcv/ops/csrc/parrots/deform_conv.cpp -> build/lib.linux-x86_64-cpython-312/mmcv/ops/csrc/parrots
copying mmcv/ops/csrc/parrots/deform_conv_parrots.cpp -> build/lib.linux-x86_64-cpython-312/mmcv/ops/csrc/parrots
copying mmcv/ops/csrc/parrots/deform_conv_pytorch.h -> build/lib.linux-x86_64-cpython-312/mmcv/ops/csrc/parrots
copying mmcv/ops/csrc/parrots/deform_roi_pool.cpp -> build/lib.linux-x86_64-cpython-312/mmcv/ops/csrc/parrots
copying mmcv/ops/csrc/parrots/deform_roi_pool_parrots.cpp -> build/lib.linux-x86_64-cpython-312/mmcv/ops/csrc/parrots
copying mmcv/ops/csrc/parrots/deform_roi_pool_pytorch.h -> build/lib.linux-x86_64-cpython-312/mmcv/ops/csrc/parrots
copying mmcv/ops/csrc/parrots/diff_iou_rotated.cpp -> build/lib.linux-x86_64-cpython-312/mmcv/ops/csrc/parrots
copying mmcv/ops/csrc/parrots/diff_iou_rotated_parrots.cpp -> build/lib.linux-x86_64-cpython-312/mmcv/ops/csrc/parrots
copying mmcv/ops/csrc/parrots/diff_iou_rotated_pytorch.h -> build/lib.linux-x86_64-cpython-312/mmcv/ops/csrc/parrots
copying mmcv/ops/csrc/parrots/focal_loss.cpp -> build/lib.linux-x86_64-cpython-312/mmcv/ops/csrc/parrots
copying mmcv/ops/csrc/parrots/focal_loss_parrots.cpp -> build/lib.linux-x86_64-cpython-312/mmcv/ops/csrc/parrots
copying mmcv/ops/csrc/parrots/focal_loss_pytorch.h -> build/lib.linux-x86_64-cpython-312/mmcv/ops/csrc/parrots
copying mmcv/ops/csrc/parrots/furthest_point_sample.cpp -> build/lib.linux-x86_64-cpython-312/mmcv/ops/csrc/parrots
copying mmcv/ops/csrc/parrots/furthest_point_sample_parrots.cpp -> build/lib.linux-x86_64-cpython-312/mmcv/ops/csrc/parrots
copying mmcv/ops/csrc/parrots/furthest_point_sample_pytorch.h -> build/lib.linux-x86_64-cpython-312/mmcv/ops/csrc/parrots
copying mmcv/ops/csrc/parrots/fused_bias_leakyrelu.cpp -> build/lib.linux-x86_64-cpython-312/mmcv/ops/csrc/parrots
copying mmcv/ops/csrc/parrots/fused_bias_parrots.cpp -> build/lib.linux-x86_64-cpython-312/mmcv/ops/csrc/parrots
copying mmcv/ops/csrc/parrots/gather_points.cpp -> build/lib.linux-x86_64-cpython-312/mmcv/ops/csrc/parrots
copying mmcv/ops/csrc/parrots/gather_points_parrots.cpp -> build/lib.linux-x86_64-cpython-312/mmcv/ops/csrc/parrots
copying mmcv/ops/csrc/parrots/gather_points_pytorch.h -> build/lib.linux-x86_64-cpython-312/mmcv/ops/csrc/parrots
copying mmcv/ops/csrc/parrots/group_points.cpp -> build/lib.linux-x86_64-cpython-312/mmcv/ops/csrc/parrots
copying mmcv/ops/csrc/parrots/group_points_parrots.cpp -> build/lib.linux-x86_64-cpython-312/mmcv/ops/csrc/parrots
copying mmcv/ops/csrc/parrots/group_points_pytorch.h -> build/lib.linux-x86_64-cpython-312/mmcv/ops/csrc/parrots
copying mmcv/ops/csrc/parrots/info.cpp -> build/lib.linux-x86_64-cpython-312/mmcv/ops/csrc/parrots
copying mmcv/ops/csrc/parrots/iou3d.cpp -> build/lib.linux-x86_64-cpython-312/mmcv/ops/csrc/parrots
copying mmcv/ops/csrc/parrots/iou3d_parrots.cpp -> build/lib.linux-x86_64-cpython-312/mmcv/ops/csrc/parrots
copying mmcv/ops/csrc/parrots/iou3d_pytorch.h -> build/lib.linux-x86_64-cpython-312/mmcv/ops/csrc/parrots
copying mmcv/ops/csrc/parrots/knn.cpp -> build/lib.linux-x86_64-cpython-312/mmcv/ops/csrc/parrots
copying mmcv/ops/csrc/parrots/knn_parrots.cpp -> build/lib.linux-x86_64-cpython-312/mmcv/ops/csrc/parrots
copying mmcv/ops/csrc/parrots/knn_pytorch.h -> build/lib.linux-x86_64-cpython-312/mmcv/ops/csrc/parrots
copying mmcv/ops/csrc/parrots/masked_conv2d.cpp -> build/lib.linux-x86_64-cpython-312/mmcv/ops/csrc/parrots
copying mmcv/ops/csrc/parrots/masked_conv2d_parrots.cpp -> build/lib.linux-x86_64-cpython-312/mmcv/ops/csrc/parrots
copying mmcv/ops/csrc/parrots/masked_conv2d_pytorch.h -> build/lib.linux-x86_64-cpython-312/mmcv/ops/csrc/parrots
copying mmcv/ops/csrc/parrots/min_area_polygons.cpp -> build/lib.linux-x86_64-cpython-312/mmcv/ops/csrc/parrots
copying mmcv/ops/csrc/parrots/min_area_polygons_parrots.cpp -> build/lib.linux-x86_64-cpython-312/mmcv/ops/csrc/parrots
copying mmcv/ops/csrc/parrots/min_area_polygons_pytorch.h -> build/lib.linux-x86_64-cpython-312/mmcv/ops/csrc/parrots
copying mmcv/ops/csrc/parrots/modulated_deform_conv.cpp -> build/lib.linux-x86_64-cpython-312/mmcv/ops/csrc/parrots
copying mmcv/ops/csrc/parrots/modulated_deform_conv_parrots.cpp -> build/lib.linux-x86_64-cpython-312/mmcv/ops/csrc/parrots
copying mmcv/ops/csrc/parrots/modulated_deform_conv_pytorch.h -> build/lib.linux-x86_64-cpython-312/mmcv/ops/csrc/parrots
copying mmcv/ops/csrc/parrots/ms_deform_attn.cpp -> build/lib.linux-x86_64-cpython-312/mmcv/ops/csrc/parrots
copying mmcv/ops/csrc/parrots/ms_deform_attn_parrots.cpp -> build/lib.linux-x86_64-cpython-312/mmcv/ops/csrc/parrots
copying mmcv/ops/csrc/parrots/nms.cpp -> build/lib.linux-x86_64-cpython-312/mmcv/ops/csrc/parrots
copying mmcv/ops/csrc/parrots/nms_parrots.cpp -> build/lib.linux-x86_64-cpython-312/mmcv/ops/csrc/parrots
copying mmcv/ops/csrc/parrots/nms_pytorch.h -> build/lib.linux-x86_64-cpython-312/mmcv/ops/csrc/parrots
copying mmcv/ops/csrc/parrots/nms_rotated.cpp -> build/lib.linux-x86_64-cpython-312/mmcv/ops/csrc/parrots
copying mmcv/ops/csrc/parrots/pixel_group.cpp -> build/lib.linux-x86_64-cpython-312/mmcv/ops/csrc/parrots
copying mmcv/ops/csrc/parrots/pixel_group_parrots.cpp -> build/lib.linux-x86_64-cpython-312/mmcv/ops/csrc/parrots
copying mmcv/ops/csrc/parrots/pixel_group_pytorch.h -> build/lib.linux-x86_64-cpython-312/mmcv/ops/csrc/parrots
copying mmcv/ops/csrc/parrots/points_in_boxes.cpp -> build/lib.linux-x86_64-cpython-312/mmcv/ops/csrc/parrots
copying mmcv/ops/csrc/parrots/points_in_boxes_parrots.cpp -> build/lib.linux-x86_64-cpython-312/mmcv/ops/csrc/parrots
copying mmcv/ops/csrc/parrots/points_in_boxes_pytorch.h -> build/lib.linux-x86_64-cpython-312/mmcv/ops/csrc/parrots
copying mmcv/ops/csrc/parrots/points_in_polygons.cpp -> build/lib.linux-x86_64-cpython-312/mmcv/ops/csrc/parrots
copying mmcv/ops/csrc/parrots/points_in_polygons_parrots.cpp -> build/lib.linux-x86_64-cpython-312/mmcv/ops/csrc/parrots
copying mmcv/ops/csrc/parrots/points_in_polygons_pytorch.h -> build/lib.linux-x86_64-cpython-312/mmcv/ops/csrc/parrots
copying mmcv/ops/csrc/parrots/prroi_pool.cpp -> build/lib.linux-x86_64-cpython-312/mmcv/ops/csrc/parrots
copying mmcv/ops/csrc/parrots/prroi_pool_parrots.cpp -> build/lib.linux-x86_64-cpython-312/mmcv/ops/csrc/parrots
copying mmcv/ops/csrc/parrots/prroi_pool_pytorch.h -> build/lib.linux-x86_64-cpython-312/mmcv/ops/csrc/parrots
copying mmcv/ops/csrc/parrots/psamask.cpp -> build/lib.linux-x86_64-cpython-312/mmcv/ops/csrc/parrots
copying mmcv/ops/csrc/parrots/psamask_parrots.cpp -> build/lib.linux-x86_64-cpython-312/mmcv/ops/csrc/parrots
copying mmcv/ops/csrc/parrots/psamask_pytorch.h -> build/lib.linux-x86_64-cpython-312/mmcv/ops/csrc/parrots
copying mmcv/ops/csrc/parrots/riroi_align_rotated.cpp -> build/lib.linux-x86_64-cpython-312/mmcv/ops/csrc/parrots
copying mmcv/ops/csrc/parrots/riroi_align_rotated_parrots.cpp -> build/lib.linux-x86_64-cpython-312/mmcv/ops/csrc/parrots
copying mmcv/ops/csrc/parrots/riroi_align_rotated_pytorch.h -> build/lib.linux-x86_64-cpython-312/mmcv/ops/csrc/parrots
copying mmcv/ops/csrc/parrots/roi_align.cpp -> build/lib.linux-x86_64-cpython-312/mmcv/ops/csrc/parrots
copying mmcv/ops/csrc/parrots/roi_align_parrots.cpp -> build/lib.linux-x86_64-cpython-312/mmcv/ops/csrc/parrots
copying mmcv/ops/csrc/parrots/roi_align_pytorch.h -> build/lib.linux-x86_64-cpython-312/mmcv/ops/csrc/parrots
copying mmcv/ops/csrc/parrots/roi_align_rotated.cpp -> build/lib.linux-x86_64-cpython-312/mmcv/ops/csrc/parrots
copying mmcv/ops/csrc/parrots/roi_align_rotated_parrots.cpp -> build/lib.linux-x86_64-cpython-312/mmcv/ops/csrc/parrots
copying mmcv/ops/csrc/parrots/roi_align_rotated_pytorch.h -> build/lib.linux-x86_64-cpython-312/mmcv/ops/csrc/parrots
copying mmcv/ops/csrc/parrots/roi_pool.cpp -> build/lib.linux-x86_64-cpython-312/mmcv/ops/csrc/parrots
copying mmcv/ops/csrc/parrots/roi_pool_parrots.cpp -> build/lib.linux-x86_64-cpython-312/mmcv/ops/csrc/parrots
copying mmcv/ops/csrc/parrots/roi_pool_pytorch.h -> build/lib.linux-x86_64-cpython-312/mmcv/ops/csrc/parrots
copying mmcv/ops/csrc/parrots/roiaware_pool3d.cpp -> build/lib.linux-x86_64-cpython-312/mmcv/ops/csrc/parrots
copying mmcv/ops/csrc/parrots/roiaware_pool3d_parrots.cpp -> build/lib.linux-x86_64-cpython-312/mmcv/ops/csrc/parrots
copying mmcv/ops/csrc/parrots/roiaware_pool3d_pytorch.h -> build/lib.linux-x86_64-cpython-312/mmcv/ops/csrc/parrots
copying mmcv/ops/csrc/parrots/roipoint_pool3d.cpp -> build/lib.linux-x86_64-cpython-312/mmcv/ops/csrc/parrots
copying mmcv/ops/csrc/parrots/roipoint_pool3d_parrots.cpp -> build/lib.linux-x86_64-cpython-312/mmcv/ops/csrc/parrots
copying mmcv/ops/csrc/parrots/roipoint_pool3d_pytorch.h -> build/lib.linux-x86_64-cpython-312/mmcv/ops/csrc/parrots
copying mmcv/ops/csrc/parrots/rotated_feature_align.cpp -> build/lib.linux-x86_64-cpython-312/mmcv/ops/csrc/parrots
copying mmcv/ops/csrc/parrots/rotated_feature_align_parrots.cpp -> build/lib.linux-x86_64-cpython-312/mmcv/ops/csrc/parrots
copying mmcv/ops/csrc/parrots/rotated_feature_align_pytorch.h -> build/lib.linux-x86_64-cpython-312/mmcv/ops/csrc/parrots
copying mmcv/ops/csrc/parrots/sync_bn.cpp -> build/lib.linux-x86_64-cpython-312/mmcv/ops/csrc/parrots
copying mmcv/ops/csrc/parrots/sync_bn_parrots.cpp -> build/lib.linux-x86_64-cpython-312/mmcv/ops/csrc/parrots
copying mmcv/ops/csrc/parrots/sync_bn_pytorch.h -> build/lib.linux-x86_64-cpython-312/mmcv/ops/csrc/parrots
copying mmcv/ops/csrc/parrots/three_interpolate.cpp -> build/lib.linux-x86_64-cpython-312/mmcv/ops/csrc/parrots
copying mmcv/ops/csrc/parrots/three_interpolate_parrots.cpp -> build/lib.linux-x86_64-cpython-312/mmcv/ops/csrc/parrots
copying mmcv/ops/csrc/parrots/three_interpolate_pytorch.h -> build/lib.linux-x86_64-cpython-312/mmcv/ops/csrc/parrots
copying mmcv/ops/csrc/parrots/three_nn.cpp -> build/lib.linux-x86_64-cpython-312/mmcv/ops/csrc/parrots
copying mmcv/ops/csrc/parrots/three_nn_parrots.cpp -> build/lib.linux-x86_64-cpython-312/mmcv/ops/csrc/parrots
copying mmcv/ops/csrc/parrots/three_nn_pytorch.h -> build/lib.linux-x86_64-cpython-312/mmcv/ops/csrc/parrots
copying mmcv/ops/csrc/parrots/tin_shift.cpp -> build/lib.linux-x86_64-cpython-312/mmcv/ops/csrc/parrots
copying mmcv/ops/csrc/parrots/tin_shift_parrots.cpp -> build/lib.linux-x86_64-cpython-312/mmcv/ops/csrc/parrots
copying mmcv/ops/csrc/parrots/tin_shift_pytorch.h -> build/lib.linux-x86_64-cpython-312/mmcv/ops/csrc/parrots
copying mmcv/ops/csrc/parrots/upfirdn2d.cpp -> build/lib.linux-x86_64-cpython-312/mmcv/ops/csrc/parrots
copying mmcv/ops/csrc/parrots/upfirdn2d_parrots.cpp -> build/lib.linux-x86_64-cpython-312/mmcv/ops/csrc/parrots
copying mmcv/ops/csrc/parrots/voxelization.cpp -> build/lib.linux-x86_64-cpython-312/mmcv/ops/csrc/parrots
copying mmcv/ops/csrc/parrots/voxelization_parrots.cpp -> build/lib.linux-x86_64-cpython-312/mmcv/ops/csrc/parrots
copying mmcv/ops/csrc/parrots/voxelization_pytorch.h -> build/lib.linux-x86_64-cpython-312/mmcv/ops/csrc/parrots
creating build/lib.linux-x86_64-cpython-312/mmcv/ops/csrc/pytorch
copying mmcv/ops/csrc/pytorch/active_rotated_filter.cpp -> build/lib.linux-x86_64-cpython-312/mmcv/ops/csrc/pytorch
copying mmcv/ops/csrc/pytorch/assign_score_withk.cpp -> build/lib.linux-x86_64-cpython-312/mmcv/ops/csrc/pytorch
copying mmcv/ops/csrc/pytorch/ball_query.cpp -> build/lib.linux-x86_64-cpython-312/mmcv/ops/csrc/pytorch
copying mmcv/ops/csrc/pytorch/bbox_overlaps.cpp -> build/lib.linux-x86_64-cpython-312/mmcv/ops/csrc/pytorch
copying mmcv/ops/csrc/pytorch/border_align.cpp -> build/lib.linux-x86_64-cpython-312/mmcv/ops/csrc/pytorch
copying mmcv/ops/csrc/pytorch/box_iou_quadri.cpp -> build/lib.linux-x86_64-cpython-312/mmcv/ops/csrc/pytorch
copying mmcv/ops/csrc/pytorch/box_iou_rotated.cpp -> build/lib.linux-x86_64-cpython-312/mmcv/ops/csrc/pytorch
copying mmcv/ops/csrc/pytorch/carafe.cpp -> build/lib.linux-x86_64-cpython-312/mmcv/ops/csrc/pytorch
copying mmcv/ops/csrc/pytorch/carafe_naive.cpp -> build/lib.linux-x86_64-cpython-312/mmcv/ops/csrc/pytorch
copying mmcv/ops/csrc/pytorch/chamfer_distance.cpp -> build/lib.linux-x86_64-cpython-312/mmcv/ops/csrc/pytorch
copying mmcv/ops/csrc/pytorch/contour_expand.cpp -> build/lib.linux-x86_64-cpython-312/mmcv/ops/csrc/pytorch
copying mmcv/ops/csrc/pytorch/convex_iou.cpp -> build/lib.linux-x86_64-cpython-312/mmcv/ops/csrc/pytorch
copying mmcv/ops/csrc/pytorch/correlation.cpp -> build/lib.linux-x86_64-cpython-312/mmcv/ops/csrc/pytorch
copying mmcv/ops/csrc/pytorch/deform_conv.cpp -> build/lib.linux-x86_64-cpython-312/mmcv/ops/csrc/pytorch
copying mmcv/ops/csrc/pytorch/deform_roi_pool.cpp -> build/lib.linux-x86_64-cpython-312/mmcv/ops/csrc/pytorch
copying mmcv/ops/csrc/pytorch/diff_iou_rotated.cpp -> build/lib.linux-x86_64-cpython-312/mmcv/ops/csrc/pytorch
copying mmcv/ops/csrc/pytorch/focal_loss.cpp -> build/lib.linux-x86_64-cpython-312/mmcv/ops/csrc/pytorch
copying mmcv/ops/csrc/pytorch/furthest_point_sample.cpp -> build/lib.linux-x86_64-cpython-312/mmcv/ops/csrc/pytorch
copying mmcv/ops/csrc/pytorch/fused_bias_leakyrelu.cpp -> build/lib.linux-x86_64-cpython-312/mmcv/ops/csrc/pytorch
copying mmcv/ops/csrc/pytorch/fused_spconv_ops.cpp -> build/lib.linux-x86_64-cpython-312/mmcv/ops/csrc/pytorch
copying mmcv/ops/csrc/pytorch/gather_points.cpp -> build/lib.linux-x86_64-cpython-312/mmcv/ops/csrc/pytorch
copying mmcv/ops/csrc/pytorch/group_points.cpp -> build/lib.linux-x86_64-cpython-312/mmcv/ops/csrc/pytorch
copying mmcv/ops/csrc/pytorch/info.cpp -> build/lib.linux-x86_64-cpython-312/mmcv/ops/csrc/pytorch
copying mmcv/ops/csrc/pytorch/iou3d.cpp -> build/lib.linux-x86_64-cpython-312/mmcv/ops/csrc/pytorch
copying mmcv/ops/csrc/pytorch/knn.cpp -> build/lib.linux-x86_64-cpython-312/mmcv/ops/csrc/pytorch
copying mmcv/ops/csrc/pytorch/masked_conv2d.cpp -> build/lib.linux-x86_64-cpython-312/mmcv/ops/csrc/pytorch
copying mmcv/ops/csrc/pytorch/min_area_polygons.cpp -> build/lib.linux-x86_64-cpython-312/mmcv/ops/csrc/pytorch
copying mmcv/ops/csrc/pytorch/modulated_deform_conv.cpp -> build/lib.linux-x86_64-cpython-312/mmcv/ops/csrc/pytorch
copying mmcv/ops/csrc/pytorch/ms_deform_attn.cpp -> build/lib.linux-x86_64-cpython-312/mmcv/ops/csrc/pytorch
copying mmcv/ops/csrc/pytorch/nms.cpp -> build/lib.linux-x86_64-cpython-312/mmcv/ops/csrc/pytorch
copying mmcv/ops/csrc/pytorch/nms_quadri.cpp -> build/lib.linux-x86_64-cpython-312/mmcv/ops/csrc/pytorch
copying mmcv/ops/csrc/pytorch/nms_rotated.cpp -> build/lib.linux-x86_64-cpython-312/mmcv/ops/csrc/pytorch
copying mmcv/ops/csrc/pytorch/pixel_group.cpp -> build/lib.linux-x86_64-cpython-312/mmcv/ops/csrc/pytorch
copying mmcv/ops/csrc/pytorch/points_in_boxes.cpp -> build/lib.linux-x86_64-cpython-312/mmcv/ops/csrc/pytorch
copying mmcv/ops/csrc/pytorch/points_in_polygons.cpp -> build/lib.linux-x86_64-cpython-312/mmcv/ops/csrc/pytorch
copying mmcv/ops/csrc/pytorch/prroi_pool.cpp -> build/lib.linux-x86_64-cpython-312/mmcv/ops/csrc/pytorch
copying mmcv/ops/csrc/pytorch/psamask.cpp -> build/lib.linux-x86_64-cpython-312/mmcv/ops/csrc/pytorch
copying mmcv/ops/csrc/pytorch/pybind.cpp -> build/lib.linux-x86_64-cpython-312/mmcv/ops/csrc/pytorch
copying mmcv/ops/csrc/pytorch/riroi_align_rotated.cpp -> build/lib.linux-x86_64-cpython-312/mmcv/ops/csrc/pytorch
copying mmcv/ops/csrc/pytorch/roi_align.cpp -> build/lib.linux-x86_64-cpython-312/mmcv/ops/csrc/pytorch
copying mmcv/ops/csrc/pytorch/roi_align_rotated.cpp -> build/lib.linux-x86_64-cpython-312/mmcv/ops/csrc/pytorch
copying mmcv/ops/csrc/pytorch/roi_pool.cpp -> build/lib.linux-x86_64-cpython-312/mmcv/ops/csrc/pytorch
copying mmcv/ops/csrc/pytorch/roiaware_pool3d.cpp -> build/lib.linux-x86_64-cpython-312/mmcv/ops/csrc/pytorch
copying mmcv/ops/csrc/pytorch/roipoint_pool3d.cpp -> build/lib.linux-x86_64-cpython-312/mmcv/ops/csrc/pytorch
copying mmcv/ops/csrc/pytorch/rotated_feature_align.cpp -> build/lib.linux-x86_64-cpython-312/mmcv/ops/csrc/pytorch
copying mmcv/ops/csrc/pytorch/scatter_points.cpp -> build/lib.linux-x86_64-cpython-312/mmcv/ops/csrc/pytorch
copying mmcv/ops/csrc/pytorch/sparse_pool_ops.cpp -> build/lib.linux-x86_64-cpython-312/mmcv/ops/csrc/pytorch
copying mmcv/ops/csrc/pytorch/spconv_ops.cpp -> build/lib.linux-x86_64-cpython-312/mmcv/ops/csrc/pytorch
copying mmcv/ops/csrc/pytorch/spconv_utils.h -> build/lib.linux-x86_64-cpython-312/mmcv/ops/csrc/pytorch
copying mmcv/ops/csrc/pytorch/sync_bn.cpp -> build/lib.linux-x86_64-cpython-312/mmcv/ops/csrc/pytorch
copying mmcv/ops/csrc/pytorch/three_interpolate.cpp -> build/lib.linux-x86_64-cpython-312/mmcv/ops/csrc/pytorch
copying mmcv/ops/csrc/pytorch/three_nn.cpp -> build/lib.linux-x86_64-cpython-312/mmcv/ops/csrc/pytorch
copying mmcv/ops/csrc/pytorch/tin_shift.cpp -> build/lib.linux-x86_64-cpython-312/mmcv/ops/csrc/pytorch
copying mmcv/ops/csrc/pytorch/upfirdn2d.cpp -> build/lib.linux-x86_64-cpython-312/mmcv/ops/csrc/pytorch
copying mmcv/ops/csrc/pytorch/voxelization.cpp -> build/lib.linux-x86_64-cpython-312/mmcv/ops/csrc/pytorch
creating build/lib.linux-x86_64-cpython-312/mmcv/ops/csrc/pytorch/cpu
copying mmcv/ops/csrc/pytorch/cpu/active_rotated_filter.cpp -> build/lib.linux-x86_64-cpython-312/mmcv/ops/csrc/pytorch/cpu
copying mmcv/ops/csrc/pytorch/cpu/bbox_overlaps_cpu.cpp -> build/lib.linux-x86_64-cpython-312/mmcv/ops/csrc/pytorch/cpu
copying mmcv/ops/csrc/pytorch/cpu/box_iou_quadri.cpp -> build/lib.linux-x86_64-cpython-312/mmcv/ops/csrc/pytorch/cpu
copying mmcv/ops/csrc/pytorch/cpu/box_iou_rotated.cpp -> build/lib.linux-x86_64-cpython-312/mmcv/ops/csrc/pytorch/cpu
copying mmcv/ops/csrc/pytorch/cpu/deform_conv.cpp -> build/lib.linux-x86_64-cpython-312/mmcv/ops/csrc/pytorch/cpu
copying mmcv/ops/csrc/pytorch/cpu/modulated_deform_conv.cpp -> build/lib.linux-x86_64-cpython-312/mmcv/ops/csrc/pytorch/cpu
copying mmcv/ops/csrc/pytorch/cpu/nms.cpp -> build/lib.linux-x86_64-cpython-312/mmcv/ops/csrc/pytorch/cpu
copying mmcv/ops/csrc/pytorch/cpu/nms_quadri.cpp -> build/lib.linux-x86_64-cpython-312/mmcv/ops/csrc/pytorch/cpu
copying mmcv/ops/csrc/pytorch/cpu/nms_rotated.cpp -> build/lib.linux-x86_64-cpython-312/mmcv/ops/csrc/pytorch/cpu
copying mmcv/ops/csrc/pytorch/cpu/pixel_group.cpp -> build/lib.linux-x86_64-cpython-312/mmcv/ops/csrc/pytorch/cpu
copying mmcv/ops/csrc/pytorch/cpu/points_in_boxes.cpp -> build/lib.linux-x86_64-cpython-312/mmcv/ops/csrc/pytorch/cpu
copying mmcv/ops/csrc/pytorch/cpu/psamask.cpp -> build/lib.linux-x86_64-cpython-312/mmcv/ops/csrc/pytorch/cpu
copying mmcv/ops/csrc/pytorch/cpu/roi_align.cpp -> build/lib.linux-x86_64-cpython-312/mmcv/ops/csrc/pytorch/cpu
copying mmcv/ops/csrc/pytorch/cpu/roi_align_rotated.cpp -> build/lib.linux-x86_64-cpython-312/mmcv/ops/csrc/pytorch/cpu
copying mmcv/ops/csrc/pytorch/cpu/rotated_feature_align.cpp -> build/lib.linux-x86_64-cpython-312/mmcv/ops/csrc/pytorch/cpu
copying mmcv/ops/csrc/pytorch/cpu/sparse_indice.cpp -> build/lib.linux-x86_64-cpython-312/mmcv/ops/csrc/pytorch/cpu
copying mmcv/ops/csrc/pytorch/cpu/sparse_maxpool.cpp -> build/lib.linux-x86_64-cpython-312/mmcv/ops/csrc/pytorch/cpu
copying mmcv/ops/csrc/pytorch/cpu/sparse_reordering.cpp -> build/lib.linux-x86_64-cpython-312/mmcv/ops/csrc/pytorch/cpu
copying mmcv/ops/csrc/pytorch/cpu/voxelization.cpp -> build/lib.linux-x86_64-cpython-312/mmcv/ops/csrc/pytorch/cpu
creating build/lib.linux-x86_64-cpython-312/mmcv/ops/csrc/pytorch/cuda
copying mmcv/ops/csrc/pytorch/cuda/active_rotated_filter_cuda.cu -> build/lib.linux-x86_64-cpython-312/mmcv/ops/csrc/pytorch/cuda
copying mmcv/ops/csrc/pytorch/cuda/assign_score_withk_cuda.cu -> build/lib.linux-x86_64-cpython-312/mmcv/ops/csrc/pytorch/cuda
copying mmcv/ops/csrc/pytorch/cuda/ball_query_cuda.cu -> build/lib.linux-x86_64-cpython-312/mmcv/ops/csrc/pytorch/cuda
copying mmcv/ops/csrc/pytorch/cuda/bbox_overlaps_cuda.cu -> build/lib.linux-x86_64-cpython-312/mmcv/ops/csrc/pytorch/cuda
copying mmcv/ops/csrc/pytorch/cuda/border_align_cuda.cu -> build/lib.linux-x86_64-cpython-312/mmcv/ops/csrc/pytorch/cuda
copying mmcv/ops/csrc/pytorch/cuda/box_iou_quadri_cuda.cu -> build/lib.linux-x86_64-cpython-312/mmcv/ops/csrc/pytorch/cuda
copying mmcv/ops/csrc/pytorch/cuda/box_iou_rotated_cuda.cu -> build/lib.linux-x86_64-cpython-312/mmcv/ops/csrc/pytorch/cuda
copying mmcv/ops/csrc/pytorch/cuda/carafe_cuda.cu -> build/lib.linux-x86_64-cpython-312/mmcv/ops/csrc/pytorch/cuda
copying mmcv/ops/csrc/pytorch/cuda/carafe_naive_cuda.cu -> build/lib.linux-x86_64-cpython-312/mmcv/ops/csrc/pytorch/cuda
copying mmcv/ops/csrc/pytorch/cuda/chamfer_distance_cuda.cu -> build/lib.linux-x86_64-cpython-312/mmcv/ops/csrc/pytorch/cuda
copying mmcv/ops/csrc/pytorch/cuda/convex_iou.cu -> build/lib.linux-x86_64-cpython-312/mmcv/ops/csrc/pytorch/cuda
copying mmcv/ops/csrc/pytorch/cuda/correlation_cuda.cu -> build/lib.linux-x86_64-cpython-312/mmcv/ops/csrc/pytorch/cuda
copying mmcv/ops/csrc/pytorch/cuda/cudabind.cpp -> build/lib.linux-x86_64-cpython-312/mmcv/ops/csrc/pytorch/cuda
copying mmcv/ops/csrc/pytorch/cuda/deform_conv_cuda.cu -> build/lib.linux-x86_64-cpython-312/mmcv/ops/csrc/pytorch/cuda
copying mmcv/ops/csrc/pytorch/cuda/deform_roi_pool_cuda.cu -> build/lib.linux-x86_64-cpython-312/mmcv/ops/csrc/pytorch/cuda
copying mmcv/ops/csrc/pytorch/cuda/diff_iou_rotated_cuda.cu -> build/lib.linux-x86_64-cpython-312/mmcv/ops/csrc/pytorch/cuda
copying mmcv/ops/csrc/pytorch/cuda/focal_loss_cuda.cu -> build/lib.linux-x86_64-cpython-312/mmcv/ops/csrc/pytorch/cuda
copying mmcv/ops/csrc/pytorch/cuda/furthest_point_sample_cuda.cu -> build/lib.linux-x86_64-cpython-312/mmcv/ops/csrc/pytorch/cuda
copying mmcv/ops/csrc/pytorch/cuda/fused_bias_leakyrelu_cuda.cu -> build/lib.linux-x86_64-cpython-312/mmcv/ops/csrc/pytorch/cuda
copying mmcv/ops/csrc/pytorch/cuda/fused_spconv_ops_cuda.cu -> build/lib.linux-x86_64-cpython-312/mmcv/ops/csrc/pytorch/cuda
copying mmcv/ops/csrc/pytorch/cuda/gather_points_cuda.cu -> build/lib.linux-x86_64-cpython-312/mmcv/ops/csrc/pytorch/cuda
copying mmcv/ops/csrc/pytorch/cuda/group_points_cuda.cu -> build/lib.linux-x86_64-cpython-312/mmcv/ops/csrc/pytorch/cuda
copying mmcv/ops/csrc/pytorch/cuda/iou3d_cuda.cu -> build/lib.linux-x86_64-cpython-312/mmcv/ops/csrc/pytorch/cuda
copying mmcv/ops/csrc/pytorch/cuda/knn_cuda.cu -> build/lib.linux-x86_64-cpython-312/mmcv/ops/csrc/pytorch/cuda
copying mmcv/ops/csrc/pytorch/cuda/masked_conv2d_cuda.cu -> build/lib.linux-x86_64-cpython-312/mmcv/ops/csrc/pytorch/cuda
copying mmcv/ops/csrc/pytorch/cuda/min_area_polygons.cu -> build/lib.linux-x86_64-cpython-312/mmcv/ops/csrc/pytorch/cuda
copying mmcv/ops/csrc/pytorch/cuda/modulated_deform_conv_cuda.cu -> build/lib.linux-x86_64-cpython-312/mmcv/ops/csrc/pytorch/cuda
copying mmcv/ops/csrc/pytorch/cuda/ms_deform_attn_cuda.cu -> build/lib.linux-x86_64-cpython-312/mmcv/ops/csrc/pytorch/cuda
copying mmcv/ops/csrc/pytorch/cuda/nms_cuda.cu -> build/lib.linux-x86_64-cpython-312/mmcv/ops/csrc/pytorch/cuda
copying mmcv/ops/csrc/pytorch/cuda/nms_quadri_cuda.cu -> build/lib.linux-x86_64-cpython-312/mmcv/ops/csrc/pytorch/cuda
copying mmcv/ops/csrc/pytorch/cuda/nms_rotated_cuda.cu -> build/lib.linux-x86_64-cpython-312/mmcv/ops/csrc/pytorch/cuda
copying mmcv/ops/csrc/pytorch/cuda/points_in_boxes_cuda.cu -> build/lib.linux-x86_64-cpython-312/mmcv/ops/csrc/pytorch/cuda
copying mmcv/ops/csrc/pytorch/cuda/points_in_polygons_cuda.cu -> build/lib.linux-x86_64-cpython-312/mmcv/ops/csrc/pytorch/cuda
copying mmcv/ops/csrc/pytorch/cuda/prroi_pool_cuda.cu -> build/lib.linux-x86_64-cpython-312/mmcv/ops/csrc/pytorch/cuda
copying mmcv/ops/csrc/pytorch/cuda/psamask_cuda.cu -> build/lib.linux-x86_64-cpython-312/mmcv/ops/csrc/pytorch/cuda
copying mmcv/ops/csrc/pytorch/cuda/riroi_align_rotated_cuda.cu -> build/lib.linux-x86_64-cpython-312/mmcv/ops/csrc/pytorch/cuda
copying mmcv/ops/csrc/pytorch/cuda/roi_align_cuda.cu -> build/lib.linux-x86_64-cpython-312/mmcv/ops/csrc/pytorch/cuda
copying mmcv/ops/csrc/pytorch/cuda/roi_align_rotated_cuda.cu -> build/lib.linux-x86_64-cpython-312/mmcv/ops/csrc/pytorch/cuda
copying mmcv/ops/csrc/pytorch/cuda/roi_pool_cuda.cu -> build/lib.linux-x86_64-cpython-312/mmcv/ops/csrc/pytorch/cuda
copying mmcv/ops/csrc/pytorch/cuda/roiaware_pool3d_cuda.cu -> build/lib.linux-x86_64-cpython-312/mmcv/ops/csrc/pytorch/cuda
copying mmcv/ops/csrc/pytorch/cuda/roipoint_pool3d_cuda.cu -> build/lib.linux-x86_64-cpython-312/mmcv/ops/csrc/pytorch/cuda
copying mmcv/ops/csrc/pytorch/cuda/rotated_feature_align_cuda.cu -> build/lib.linux-x86_64-cpython-312/mmcv/ops/csrc/pytorch/cuda
copying mmcv/ops/csrc/pytorch/cuda/scatter_points_cuda.cu -> build/lib.linux-x86_64-cpython-312/mmcv/ops/csrc/pytorch/cuda
copying mmcv/ops/csrc/pytorch/cuda/sparse_indice.cu -> build/lib.linux-x86_64-cpython-312/mmcv/ops/csrc/pytorch/cuda
copying mmcv/ops/csrc/pytorch/cuda/sparse_maxpool.cu -> build/lib.linux-x86_64-cpython-312/mmcv/ops/csrc/pytorch/cuda
copying mmcv/ops/csrc/pytorch/cuda/sparse_pool_ops_cuda.cu -> build/lib.linux-x86_64-cpython-312/mmcv/ops/csrc/pytorch/cuda
copying mmcv/ops/csrc/pytorch/cuda/sparse_reordering.cu -> build/lib.linux-x86_64-cpython-312/mmcv/ops/csrc/pytorch/cuda
copying mmcv/ops/csrc/pytorch/cuda/spconv_ops_cuda.cu -> build/lib.linux-x86_64-cpython-312/mmcv/ops/csrc/pytorch/cuda
copying mmcv/ops/csrc/pytorch/cuda/stack_ball_query_cuda.cu -> build/lib.linux-x86_64-cpython-312/mmcv/ops/csrc/pytorch/cuda
copying mmcv/ops/csrc/pytorch/cuda/stack_group_points_cuda.cu -> build/lib.linux-x86_64-cpython-312/mmcv/ops/csrc/pytorch/cuda
copying mmcv/ops/csrc/pytorch/cuda/sync_bn_cuda.cu -> build/lib.linux-x86_64-cpython-312/mmcv/ops/csrc/pytorch/cuda
copying mmcv/ops/csrc/pytorch/cuda/three_interpolate_cuda.cu -> build/lib.linux-x86_64-cpython-312/mmcv/ops/csrc/pytorch/cuda
copying mmcv/ops/csrc/pytorch/cuda/three_nn_cuda.cu -> build/lib.linux-x86_64-cpython-312/mmcv/ops/csrc/pytorch/cuda
copying mmcv/ops/csrc/pytorch/cuda/tin_shift_cuda.cu -> build/lib.linux-x86_64-cpython-312/mmcv/ops/csrc/pytorch/cuda
copying mmcv/ops/csrc/pytorch/cuda/upfirdn2d_kernel.cu -> build/lib.linux-x86_64-cpython-312/mmcv/ops/csrc/pytorch/cuda
copying mmcv/ops/csrc/pytorch/cuda/voxelization_cuda.cu -> build/lib.linux-x86_64-cpython-312/mmcv/ops/csrc/pytorch/cuda
creating build/lib.linux-x86_64-cpython-312/mmcv/ops/csrc/pytorch/mlu
copying mmcv/ops/csrc/pytorch/mlu/ball_query_mlu.cpp -> build/lib.linux-x86_64-cpython-312/mmcv/ops/csrc/pytorch/mlu
copying mmcv/ops/csrc/pytorch/mlu/bbox_overlaps_mlu.cpp -> build/lib.linux-x86_64-cpython-312/mmcv/ops/csrc/pytorch/mlu
copying mmcv/ops/csrc/pytorch/mlu/box_iou_rotated.cpp -> build/lib.linux-x86_64-cpython-312/mmcv/ops/csrc/pytorch/mlu
copying mmcv/ops/csrc/pytorch/mlu/carafe_mlu.cpp -> build/lib.linux-x86_64-cpython-312/mmcv/ops/csrc/pytorch/mlu
copying mmcv/ops/csrc/pytorch/mlu/deform_roi_pool_mlu.cpp -> build/lib.linux-x86_64-cpython-312/mmcv/ops/csrc/pytorch/mlu
copying mmcv/ops/csrc/pytorch/mlu/diff_iou_rotated_mlu.cpp -> build/lib.linux-x86_64-cpython-312/mmcv/ops/csrc/pytorch/mlu
copying mmcv/ops/csrc/pytorch/mlu/focal_loss_sigmoid_mlu.cpp -> build/lib.linux-x86_64-cpython-312/mmcv/ops/csrc/pytorch/mlu
copying mmcv/ops/csrc/pytorch/mlu/iou3d_mlu.cpp -> build/lib.linux-x86_64-cpython-312/mmcv/ops/csrc/pytorch/mlu
copying mmcv/ops/csrc/pytorch/mlu/masked_conv2d_mlu.cpp -> build/lib.linux-x86_64-cpython-312/mmcv/ops/csrc/pytorch/mlu
copying mmcv/ops/csrc/pytorch/mlu/mlu_common_helper.cpp -> build/lib.linux-x86_64-cpython-312/mmcv/ops/csrc/pytorch/mlu
copying mmcv/ops/csrc/pytorch/mlu/mlu_common_helper.h -> build/lib.linux-x86_64-cpython-312/mmcv/ops/csrc/pytorch/mlu
copying mmcv/ops/csrc/pytorch/mlu/ms_deform_attn_mlu.cpp -> build/lib.linux-x86_64-cpython-312/mmcv/ops/csrc/pytorch/mlu
copying mmcv/ops/csrc/pytorch/mlu/nms_mlu.cpp -> build/lib.linux-x86_64-cpython-312/mmcv/ops/csrc/pytorch/mlu
copying mmcv/ops/csrc/pytorch/mlu/nms_rotated_mlu.cpp -> build/lib.linux-x86_64-cpython-312/mmcv/ops/csrc/pytorch/mlu
copying mmcv/ops/csrc/pytorch/mlu/psamask_mlu.cpp -> build/lib.linux-x86_64-cpython-312/mmcv/ops/csrc/pytorch/mlu
copying mmcv/ops/csrc/pytorch/mlu/roi_align_mlu.cpp -> build/lib.linux-x86_64-cpython-312/mmcv/ops/csrc/pytorch/mlu
copying mmcv/ops/csrc/pytorch/mlu/roi_align_rotated_mlu.cpp -> build/lib.linux-x86_64-cpython-312/mmcv/ops/csrc/pytorch/mlu
copying mmcv/ops/csrc/pytorch/mlu/roi_pool_mlu.cpp -> build/lib.linux-x86_64-cpython-312/mmcv/ops/csrc/pytorch/mlu
copying mmcv/ops/csrc/pytorch/mlu/roiaware_pool3d_mlu.cpp -> build/lib.linux-x86_64-cpython-312/mmcv/ops/csrc/pytorch/mlu
copying mmcv/ops/csrc/pytorch/mlu/roipoint_pool3d_mlu.cpp -> build/lib.linux-x86_64-cpython-312/mmcv/ops/csrc/pytorch/mlu
copying mmcv/ops/csrc/pytorch/mlu/rotated_feature_align_mlu.cpp -> build/lib.linux-x86_64-cpython-312/mmcv/ops/csrc/pytorch/mlu
copying mmcv/ops/csrc/pytorch/mlu/scatter_points_mlu.cpp -> build/lib.linux-x86_64-cpython-312/mmcv/ops/csrc/pytorch/mlu
copying mmcv/ops/csrc/pytorch/mlu/sparse_conv_mlu.cpp -> build/lib.linux-x86_64-cpython-312/mmcv/ops/csrc/pytorch/mlu
copying mmcv/ops/csrc/pytorch/mlu/three_nn_mlu.cpp -> build/lib.linux-x86_64-cpython-312/mmcv/ops/csrc/pytorch/mlu
copying mmcv/ops/csrc/pytorch/mlu/tin_shift_mlu.cpp -> build/lib.linux-x86_64-cpython-312/mmcv/ops/csrc/pytorch/mlu
copying mmcv/ops/csrc/pytorch/mlu/voxelization_mlu.cpp -> build/lib.linux-x86_64-cpython-312/mmcv/ops/csrc/pytorch/mlu
creating build/lib.linux-x86_64-cpython-312/mmcv/ops/csrc/pytorch/mps
copying mmcv/ops/csrc/pytorch/mps/bbox_overlaps_mps.mm -> build/lib.linux-x86_64-cpython-312/mmcv/ops/csrc/pytorch/mps
creating build/lib.linux-x86_64-cpython-312/mmcv/ops/csrc/pytorch/npu
copying mmcv/ops/csrc/pytorch/npu/active_rotated_filter_npu.cpp -> build/lib.linux-x86_64-cpython-312/mmcv/ops/csrc/pytorch/npu
copying mmcv/ops/csrc/pytorch/npu/bbox_overlaps_npu.cpp -> build/lib.linux-x86_64-cpython-312/mmcv/ops/csrc/pytorch/npu
copying mmcv/ops/csrc/pytorch/npu/box_iou_rotated_npu.cpp -> build/lib.linux-x86_64-cpython-312/mmcv/ops/csrc/pytorch/npu
copying mmcv/ops/csrc/pytorch/npu/deform_roi_pool.cpp -> build/lib.linux-x86_64-cpython-312/mmcv/ops/csrc/pytorch/npu
copying mmcv/ops/csrc/pytorch/npu/focal_loss_npu.cpp -> build/lib.linux-x86_64-cpython-312/mmcv/ops/csrc/pytorch/npu
copying mmcv/ops/csrc/pytorch/npu/fused_bias_leakyrelu_npu.cpp -> build/lib.linux-x86_64-cpython-312/mmcv/ops/csrc/pytorch/npu
copying mmcv/ops/csrc/pytorch/npu/gather_points_npu.cpp -> build/lib.linux-x86_64-cpython-312/mmcv/ops/csrc/pytorch/npu
copying mmcv/ops/csrc/pytorch/npu/nms_npu.cpp -> build/lib.linux-x86_64-cpython-312/mmcv/ops/csrc/pytorch/npu
copying mmcv/ops/csrc/pytorch/npu/nms_rotated_npu.cpp -> build/lib.linux-x86_64-cpython-312/mmcv/ops/csrc/pytorch/npu
copying mmcv/ops/csrc/pytorch/npu/points_in_polygons_npu.cpp -> build/lib.linux-x86_64-cpython-312/mmcv/ops/csrc/pytorch/npu
copying mmcv/ops/csrc/pytorch/npu/psa_mask_npu.cpp -> build/lib.linux-x86_64-cpython-312/mmcv/ops/csrc/pytorch/npu
copying mmcv/ops/csrc/pytorch/npu/roi_align_npu.cpp -> build/lib.linux-x86_64-cpython-312/mmcv/ops/csrc/pytorch/npu
copying mmcv/ops/csrc/pytorch/npu/roi_pool_npu.cpp -> build/lib.linux-x86_64-cpython-312/mmcv/ops/csrc/pytorch/npu
copying mmcv/ops/csrc/pytorch/npu/voxelization_npu.cpp -> build/lib.linux-x86_64-cpython-312/mmcv/ops/csrc/pytorch/npu
creating build/lib.linux-x86_64-cpython-312/mmcv/ops/csrc/tensorrt
copying mmcv/ops/csrc/tensorrt/trt_corner_pool.hpp -> build/lib.linux-x86_64-cpython-312/mmcv/ops/csrc/tensorrt
copying mmcv/ops/csrc/tensorrt/trt_cuda_helper.cuh -> build/lib.linux-x86_64-cpython-312/mmcv/ops/csrc/tensorrt
copying mmcv/ops/csrc/tensorrt/trt_cummaxmin.hpp -> build/lib.linux-x86_64-cpython-312/mmcv/ops/csrc/tensorrt
copying mmcv/ops/csrc/tensorrt/trt_deform_conv.hpp -> build/lib.linux-x86_64-cpython-312/mmcv/ops/csrc/tensorrt
copying mmcv/ops/csrc/tensorrt/trt_grid_sampler.hpp -> build/lib.linux-x86_64-cpython-312/mmcv/ops/csrc/tensorrt
copying mmcv/ops/csrc/tensorrt/trt_instance_norm.hpp -> build/lib.linux-x86_64-cpython-312/mmcv/ops/csrc/tensorrt
copying mmcv/ops/csrc/tensorrt/trt_modulated_deform_conv.hpp -> build/lib.linux-x86_64-cpython-312/mmcv/ops/csrc/tensorrt
copying mmcv/ops/csrc/tensorrt/trt_nms.hpp -> build/lib.linux-x86_64-cpython-312/mmcv/ops/csrc/tensorrt
copying mmcv/ops/csrc/tensorrt/trt_plugin.hpp -> build/lib.linux-x86_64-cpython-312/mmcv/ops/csrc/tensorrt
copying mmcv/ops/csrc/tensorrt/trt_plugin_helper.hpp -> build/lib.linux-x86_64-cpython-312/mmcv/ops/csrc/tensorrt
copying mmcv/ops/csrc/tensorrt/trt_roi_align.hpp -> build/lib.linux-x86_64-cpython-312/mmcv/ops/csrc/tensorrt
copying mmcv/ops/csrc/tensorrt/trt_scatternd.hpp -> build/lib.linux-x86_64-cpython-312/mmcv/ops/csrc/tensorrt
copying mmcv/ops/csrc/tensorrt/trt_serialize.hpp -> build/lib.linux-x86_64-cpython-312/mmcv/ops/csrc/tensorrt
creating build/lib.linux-x86_64-cpython-312/mmcv/ops/csrc/tensorrt/plugins
copying mmcv/ops/csrc/tensorrt/plugins/trt_corner_pool.cpp -> build/lib.linux-x86_64-cpython-312/mmcv/ops/csrc/tensorrt/plugins
copying mmcv/ops/csrc/tensorrt/plugins/trt_corner_pool_kernel.cu -> build/lib.linux-x86_64-cpython-312/mmcv/ops/csrc/tensorrt/plugins
copying mmcv/ops/csrc/tensorrt/plugins/trt_cuda_helper.cu -> build/lib.linux-x86_64-cpython-312/mmcv/ops/csrc/tensorrt/plugins
copying mmcv/ops/csrc/tensorrt/plugins/trt_cummaxmin.cpp -> build/lib.linux-x86_64-cpython-312/mmcv/ops/csrc/tensorrt/plugins
copying mmcv/ops/csrc/tensorrt/plugins/trt_cummaxmin_kernel.cu -> build/lib.linux-x86_64-cpython-312/mmcv/ops/csrc/tensorrt/plugins
copying mmcv/ops/csrc/tensorrt/plugins/trt_deform_conv.cpp -> build/lib.linux-x86_64-cpython-312/mmcv/ops/csrc/tensorrt/plugins
copying mmcv/ops/csrc/tensorrt/plugins/trt_deform_conv_kernel.cu -> build/lib.linux-x86_64-cpython-312/mmcv/ops/csrc/tensorrt/plugins
copying mmcv/ops/csrc/tensorrt/plugins/trt_grid_sampler.cpp -> build/lib.linux-x86_64-cpython-312/mmcv/ops/csrc/tensorrt/plugins
copying mmcv/ops/csrc/tensorrt/plugins/trt_grid_sampler_kernel.cu -> build/lib.linux-x86_64-cpython-312/mmcv/ops/csrc/tensorrt/plugins
copying mmcv/ops/csrc/tensorrt/plugins/trt_instance_norm.cpp -> build/lib.linux-x86_64-cpython-312/mmcv/ops/csrc/tensorrt/plugins
copying mmcv/ops/csrc/tensorrt/plugins/trt_modulated_deform_conv.cpp -> build/lib.linux-x86_64-cpython-312/mmcv/ops/csrc/tensorrt/plugins
copying mmcv/ops/csrc/tensorrt/plugins/trt_modulated_deform_conv_kernel.cu -> build/lib.linux-x86_64-cpython-312/mmcv/ops/csrc/tensorrt/plugins
copying mmcv/ops/csrc/tensorrt/plugins/trt_nms.cpp -> build/lib.linux-x86_64-cpython-312/mmcv/ops/csrc/tensorrt/plugins
copying mmcv/ops/csrc/tensorrt/plugins/trt_nms_kernel.cu -> build/lib.linux-x86_64-cpython-312/mmcv/ops/csrc/tensorrt/plugins
copying mmcv/ops/csrc/tensorrt/plugins/trt_plugin.cpp -> build/lib.linux-x86_64-cpython-312/mmcv/ops/csrc/tensorrt/plugins
copying mmcv/ops/csrc/tensorrt/plugins/trt_roi_align.cpp -> build/lib.linux-x86_64-cpython-312/mmcv/ops/csrc/tensorrt/plugins
copying mmcv/ops/csrc/tensorrt/plugins/trt_roi_align_kernel.cu -> build/lib.linux-x86_64-cpython-312/mmcv/ops/csrc/tensorrt/plugins
copying mmcv/ops/csrc/tensorrt/plugins/trt_scatternd.cpp -> build/lib.linux-x86_64-cpython-312/mmcv/ops/csrc/tensorrt/plugins
copying mmcv/ops/csrc/tensorrt/plugins/trt_scatternd_kernel.cu -> build/lib.linux-x86_64-cpython-312/mmcv/ops/csrc/tensorrt/plugins
warning: build_py: byte-compiling is disabled, skipping.

running build_ext
/mnt/nfs2/engdes/wc296/paper6/envs/torch-cu128-001/lib/python3.12/site-packages/torch/utils/cpp_extension.py:490: UserWarning: There are no g++ version bounds defined for CUDA version 12.8
  warnings.warn(f'There are no {compiler_name} version bounds defined for CUDA version {cuda_str_version}')
building 'mmcv._ext' extension
creating build/temp.linux-x86_64-cpython-312/mmcv/ops/csrc/pytorch
creating build/temp.linux-x86_64-cpython-312/mmcv/ops/csrc/pytorch/cpu
creating build/temp.linux-x86_64-cpython-312/mmcv/ops/csrc/pytorch/cuda
g++ -pthread -B /its/home/wc296/miniconda3/compiler_compat -fno-strict-overflow -Wsign-compare -DNDEBUG -O2 -Wall -fPIC -O2 -isystem /its/home/wc296/miniconda3/include -fPIC -O2 -isystem /its/home/wc296/miniconda3/include -fPIC -DMMCV_WITH_CUDA -I/mnt/nfs2/engdes/wc296/paper6/dependencies/artemis-framework-overlay-004/source/mmcv-full-1.7.2/mmcv/ops/csrc/pytorch -I/mnt/nfs2/engdes/wc296/paper6/dependencies/artemis-framework-overlay-004/source/mmcv-full-1.7.2/mmcv/ops/csrc/common -I/mnt/nfs2/engdes/wc296/paper6/dependencies/artemis-framework-overlay-004/source/mmcv-full-1.7.2/mmcv/ops/csrc/common/cuda -I/mnt/nfs2/engdes/wc296/paper6/envs/torch-cu128-001/lib/python3.12/site-packages/torch/include -I/mnt/nfs2/engdes/wc296/paper6/envs/torch-cu128-001/lib/python3.12/site-packages/torch/include/torch/csrc/api/include -I/mnt/nfs2/engdes/wc296/paper6/toolchains/cuda-12.8-001/include -I/mnt/nfs2/engdes/wc296/paper6/envs/torch-cu128-001/include -I/its/home/wc296/miniconda3/include/python3.12 -c ./mmcv/ops/csrc/pytorch/active_rotated_filter.cpp -o build/temp.linux-x86_64-cpython-312/mmcv/ops/csrc/pytorch/active_rotated_filter.o -std=c++17 -DTORCH_API_INCLUDE_EXTENSION_H -DPYBIND11_COMPILER_TYPE=\"_gcc\" -DPYBIND11_STDLIB=\"_libstdcpp\" -DPYBIND11_BUILD_ABI=\"_cxxabi1016\" -DTORCH_EXTENSION_NAME=_ext -D_GLIBCXX_USE_CXX11_ABI=1
g++ -pthread -B /its/home/wc296/miniconda3/compiler_compat -fno-strict-overflow -Wsign-compare -DNDEBUG -O2 -Wall -fPIC -O2 -isystem /its/home/wc296/miniconda3/include -fPIC -O2 -isystem /its/home/wc296/miniconda3/include -fPIC -DMMCV_WITH_CUDA -I/mnt/nfs2/engdes/wc296/paper6/dependencies/artemis-framework-overlay-004/source/mmcv-full-1.7.2/mmcv/ops/csrc/pytorch -I/mnt/nfs2/engdes/wc296/paper6/dependencies/artemis-framework-overlay-004/source/mmcv-full-1.7.2/mmcv/ops/csrc/common -I/mnt/nfs2/engdes/wc296/paper6/dependencies/artemis-framework-overlay-004/source/mmcv-full-1.7.2/mmcv/ops/csrc/common/cuda -I/mnt/nfs2/engdes/wc296/paper6/envs/torch-cu128-001/lib/python3.12/site-packages/torch/include -I/mnt/nfs2/engdes/wc296/paper6/envs/torch-cu128-001/lib/python3.12/site-packages/torch/include/torch/csrc/api/include -I/mnt/nfs2/engdes/wc296/paper6/toolchains/cuda-12.8-001/include -I/mnt/nfs2/engdes/wc296/paper6/envs/torch-cu128-001/include -I/its/home/wc296/miniconda3/include/python3.12 -c ./mmcv/ops/csrc/pytorch/assign_score_withk.cpp -o build/temp.linux-x86_64-cpython-312/mmcv/ops/csrc/pytorch/assign_score_withk.o -std=c++17 -DTORCH_API_INCLUDE_EXTENSION_H -DPYBIND11_COMPILER_TYPE=\"_gcc\" -DPYBIND11_STDLIB=\"_libstdcpp\" -DPYBIND11_BUILD_ABI=\"_cxxabi1016\" -DTORCH_EXTENSION_NAME=_ext -D_GLIBCXX_USE_CXX11_ABI=1
g++ -pthread -B /its/home/wc296/miniconda3/compiler_compat -fno-strict-overflow -Wsign-compare -DNDEBUG -O2 -Wall -fPIC -O2 -isystem /its/home/wc296/miniconda3/include -fPIC -O2 -isystem /its/home/wc296/miniconda3/include -fPIC -DMMCV_WITH_CUDA -I/mnt/nfs2/engdes/wc296/paper6/dependencies/artemis-framework-overlay-004/source/mmcv-full-1.7.2/mmcv/ops/csrc/pytorch -I/mnt/nfs2/engdes/wc296/paper6/dependencies/artemis-framework-overlay-004/source/mmcv-full-1.7.2/mmcv/ops/csrc/common -I/mnt/nfs2/engdes/wc296/paper6/dependencies/artemis-framework-overlay-004/source/mmcv-full-1.7.2/mmcv/ops/csrc/common/cuda -I/mnt/nfs2/engdes/wc296/paper6/envs/torch-cu128-001/lib/python3.12/site-packages/torch/include -I/mnt/nfs2/engdes/wc296/paper6/envs/torch-cu128-001/lib/python3.12/site-packages/torch/include/torch/csrc/api/include -I/mnt/nfs2/engdes/wc296/paper6/toolchains/cuda-12.8-001/include -I/mnt/nfs2/engdes/wc296/paper6/envs/torch-cu128-001/include -I/its/home/wc296/miniconda3/include/python3.12 -c ./mmcv/ops/csrc/pytorch/ball_query.cpp -o build/temp.linux-x86_64-cpython-312/mmcv/ops/csrc/pytorch/ball_query.o -std=c++17 -DTORCH_API_INCLUDE_EXTENSION_H -DPYBIND11_COMPILER_TYPE=\"_gcc\" -DPYBIND11_STDLIB=\"_libstdcpp\" -DPYBIND11_BUILD_ABI=\"_cxxabi1016\" -DTORCH_EXTENSION_NAME=_ext -D_GLIBCXX_USE_CXX11_ABI=1
g++ -pthread -B /its/home/wc296/miniconda3/compiler_compat -fno-strict-overflow -Wsign-compare -DNDEBUG -O2 -Wall -fPIC -O2 -isystem /its/home/wc296/miniconda3/include -fPIC -O2 -isystem /its/home/wc296/miniconda3/include -fPIC -DMMCV_WITH_CUDA -I/mnt/nfs2/engdes/wc296/paper6/dependencies/artemis-framework-overlay-004/source/mmcv-full-1.7.2/mmcv/ops/csrc/pytorch -I/mnt/nfs2/engdes/wc296/paper6/dependencies/artemis-framework-overlay-004/source/mmcv-full-1.7.2/mmcv/ops/csrc/common -I/mnt/nfs2/engdes/wc296/paper6/dependencies/artemis-framework-overlay-004/source/mmcv-full-1.7.2/mmcv/ops/csrc/common/cuda -I/mnt/nfs2/engdes/wc296/paper6/envs/torch-cu128-001/lib/python3.12/site-packages/torch/include -I/mnt/nfs2/engdes/wc296/paper6/envs/torch-cu128-001/lib/python3.12/site-packages/torch/include/torch/csrc/api/include -I/mnt/nfs2/engdes/wc296/paper6/toolchains/cuda-12.8-001/include -I/mnt/nfs2/engdes/wc296/paper6/envs/torch-cu128-001/include -I/its/home/wc296/miniconda3/include/python3.12 -c ./mmcv/ops/csrc/pytorch/bbox_overlaps.cpp -o build/temp.linux-x86_64-cpython-312/mmcv/ops/csrc/pytorch/bbox_overlaps.o -std=c++17 -DTORCH_API_INCLUDE_EXTENSION_H -DPYBIND11_COMPILER_TYPE=\"_gcc\" -DPYBIND11_STDLIB=\"_libstdcpp\" -DPYBIND11_BUILD_ABI=\"_cxxabi1016\" -DTORCH_EXTENSION_NAME=_ext -D_GLIBCXX_USE_CXX11_ABI=1
g++ -pthread -B /its/home/wc296/miniconda3/compiler_compat -fno-strict-overflow -Wsign-compare -DNDEBUG -O2 -Wall -fPIC -O2 -isystem /its/home/wc296/miniconda3/include -fPIC -O2 -isystem /its/home/wc296/miniconda3/include -fPIC -DMMCV_WITH_CUDA -I/mnt/nfs2/engdes/wc296/paper6/dependencies/artemis-framework-overlay-004/source/mmcv-full-1.7.2/mmcv/ops/csrc/pytorch -I/mnt/nfs2/engdes/wc296/paper6/dependencies/artemis-framework-overlay-004/source/mmcv-full-1.7.2/mmcv/ops/csrc/common -I/mnt/nfs2/engdes/wc296/paper6/dependencies/artemis-framework-overlay-004/source/mmcv-full-1.7.2/mmcv/ops/csrc/common/cuda -I/mnt/nfs2/engdes/wc296/paper6/envs/torch-cu128-001/lib/python3.12/site-packages/torch/include -I/mnt/nfs2/engdes/wc296/paper6/envs/torch-cu128-001/lib/python3.12/site-packages/torch/include/torch/csrc/api/include -I/mnt/nfs2/engdes/wc296/paper6/toolchains/cuda-12.8-001/include -I/mnt/nfs2/engdes/wc296/paper6/envs/torch-cu128-001/include -I/its/home/wc296/miniconda3/include/python3.12 -c ./mmcv/ops/csrc/pytorch/border_align.cpp -o build/temp.linux-x86_64-cpython-312/mmcv/ops/csrc/pytorch/border_align.o -std=c++17 -DTORCH_API_INCLUDE_EXTENSION_H -DPYBIND11_COMPILER_TYPE=\"_gcc\" -DPYBIND11_STDLIB=\"_libstdcpp\" -DPYBIND11_BUILD_ABI=\"_cxxabi1016\" -DTORCH_EXTENSION_NAME=_ext -D_GLIBCXX_USE_CXX11_ABI=1
g++ -pthread -B /its/home/wc296/miniconda3/compiler_compat -fno-strict-overflow -Wsign-compare -DNDEBUG -O2 -Wall -fPIC -O2 -isystem /its/home/wc296/miniconda3/include -fPIC -O2 -isystem /its/home/wc296/miniconda3/include -fPIC -DMMCV_WITH_CUDA -I/mnt/nfs2/engdes/wc296/paper6/dependencies/artemis-framework-overlay-004/source/mmcv-full-1.7.2/mmcv/ops/csrc/pytorch -I/mnt/nfs2/engdes/wc296/paper6/dependencies/artemis-framework-overlay-004/source/mmcv-full-1.7.2/mmcv/ops/csrc/common -I/mnt/nfs2/engdes/wc296/paper6/dependencies/artemis-framework-overlay-004/source/mmcv-full-1.7.2/mmcv/ops/csrc/common/cuda -I/mnt/nfs2/engdes/wc296/paper6/envs/torch-cu128-001/lib/python3.12/site-packages/torch/include -I/mnt/nfs2/engdes/wc296/paper6/envs/torch-cu128-001/lib/python3.12/site-packages/torch/include/torch/csrc/api/include -I/mnt/nfs2/engdes/wc296/paper6/toolchains/cuda-12.8-001/include -I/mnt/nfs2/engdes/wc296/paper6/envs/torch-cu128-001/include -I/its/home/wc296/miniconda3/include/python3.12 -c ./mmcv/ops/csrc/pytorch/box_iou_quadri.cpp -o build/temp.linux-x86_64-cpython-312/mmcv/ops/csrc/pytorch/box_iou_quadri.o -std=c++17 -DTORCH_API_INCLUDE_EXTENSION_H -DPYBIND11_COMPILER_TYPE=\"_gcc\" -DPYBIND11_STDLIB=\"_libstdcpp\" -DPYBIND11_BUILD_ABI=\"_cxxabi1016\" -DTORCH_EXTENSION_NAME=_ext -D_GLIBCXX_USE_CXX11_ABI=1
g++ -pthread -B /its/home/wc296/miniconda3/compiler_compat -fno-strict-overflow -Wsign-compare -DNDEBUG -O2 -Wall -fPIC -O2 -isystem /its/home/wc296/miniconda3/include -fPIC -O2 -isystem /its/home/wc296/miniconda3/include -fPIC -DMMCV_WITH_CUDA -I/mnt/nfs2/engdes/wc296/paper6/dependencies/artemis-framework-overlay-004/source/mmcv-full-1.7.2/mmcv/ops/csrc/pytorch -I/mnt/nfs2/engdes/wc296/paper6/dependencies/artemis-framework-overlay-004/source/mmcv-full-1.7.2/mmcv/ops/csrc/common -I/mnt/nfs2/engdes/wc296/paper6/dependencies/artemis-framework-overlay-004/source/mmcv-full-1.7.2/mmcv/ops/csrc/common/cuda -I/mnt/nfs2/engdes/wc296/paper6/envs/torch-cu128-001/lib/python3.12/site-packages/torch/include -I/mnt/nfs2/engdes/wc296/paper6/envs/torch-cu128-001/lib/python3.12/site-packages/torch/include/torch/csrc/api/include -I/mnt/nfs2/engdes/wc296/paper6/toolchains/cuda-12.8-001/include -I/mnt/nfs2/engdes/wc296/paper6/envs/torch-cu128-001/include -I/its/home/wc296/miniconda3/include/python3.12 -c ./mmcv/ops/csrc/pytorch/box_iou_rotated.cpp -o build/temp.linux-x86_64-cpython-312/mmcv/ops/csrc/pytorch/box_iou_rotated.o -std=c++17 -DTORCH_API_INCLUDE_EXTENSION_H -DPYBIND11_COMPILER_TYPE=\"_gcc\" -DPYBIND11_STDLIB=\"_libstdcpp\" -DPYBIND11_BUILD_ABI=\"_cxxabi1016\" -DTORCH_EXTENSION_NAME=_ext -D_GLIBCXX_USE_CXX11_ABI=1
g++ -pthread -B /its/home/wc296/miniconda3/compiler_compat -fno-strict-overflow -Wsign-compare -DNDEBUG -O2 -Wall -fPIC -O2 -isystem /its/home/wc296/miniconda3/include -fPIC -O2 -isystem /its/home/wc296/miniconda3/include -fPIC -DMMCV_WITH_CUDA -I/mnt/nfs2/engdes/wc296/paper6/dependencies/artemis-framework-overlay-004/source/mmcv-full-1.7.2/mmcv/ops/csrc/pytorch -I/mnt/nfs2/engdes/wc296/paper6/dependencies/artemis-framework-overlay-004/source/mmcv-full-1.7.2/mmcv/ops/csrc/common -I/mnt/nfs2/engdes/wc296/paper6/dependencies/artemis-framework-overlay-004/source/mmcv-full-1.7.2/mmcv/ops/csrc/common/cuda -I/mnt/nfs2/engdes/wc296/paper6/envs/torch-cu128-001/lib/python3.12/site-packages/torch/include -I/mnt/nfs2/engdes/wc296/paper6/envs/torch-cu128-001/lib/python3.12/site-packages/torch/include/torch/csrc/api/include -I/mnt/nfs2/engdes/wc296/paper6/toolchains/cuda-12.8-001/include -I/mnt/nfs2/engdes/wc296/paper6/envs/torch-cu128-001/include -I/its/home/wc296/miniconda3/include/python3.12 -c ./mmcv/ops/csrc/pytorch/carafe.cpp -o build/temp.linux-x86_64-cpython-312/mmcv/ops/csrc/pytorch/carafe.o -std=c++17 -DTORCH_API_INCLUDE_EXTENSION_H -DPYBIND11_COMPILER_TYPE=\"_gcc\" -DPYBIND11_STDLIB=\"_libstdcpp\" -DPYBIND11_BUILD_ABI=\"_cxxabi1016\" -DTORCH_EXTENSION_NAME=_ext -D_GLIBCXX_USE_CXX11_ABI=1
g++ -pthread -B /its/home/wc296/miniconda3/compiler_compat -fno-strict-overflow -Wsign-compare -DNDEBUG -O2 -Wall -fPIC -O2 -isystem /its/home/wc296/miniconda3/include -fPIC -O2 -isystem /its/home/wc296/miniconda3/include -fPIC -DMMCV_WITH_CUDA -I/mnt/nfs2/engdes/wc296/paper6/dependencies/artemis-framework-overlay-004/source/mmcv-full-1.7.2/mmcv/ops/csrc/pytorch -I/mnt/nfs2/engdes/wc296/paper6/dependencies/artemis-framework-overlay-004/source/mmcv-full-1.7.2/mmcv/ops/csrc/common -I/mnt/nfs2/engdes/wc296/paper6/dependencies/artemis-framework-overlay-004/source/mmcv-full-1.7.2/mmcv/ops/csrc/common/cuda -I/mnt/nfs2/engdes/wc296/paper6/envs/torch-cu128-001/lib/python3.12/site-packages/torch/include -I/mnt/nfs2/engdes/wc296/paper6/envs/torch-cu128-001/lib/python3.12/site-packages/torch/include/torch/csrc/api/include -I/mnt/nfs2/engdes/wc296/paper6/toolchains/cuda-12.8-001/include -I/mnt/nfs2/engdes/wc296/paper6/envs/torch-cu128-001/include -I/its/home/wc296/miniconda3/include/python3.12 -c ./mmcv/ops/csrc/pytorch/carafe_naive.cpp -o build/temp.linux-x86_64-cpython-312/mmcv/ops/csrc/pytorch/carafe_naive.o -std=c++17 -DTORCH_API_INCLUDE_EXTENSION_H -DPYBIND11_COMPILER_TYPE=\"_gcc\" -DPYBIND11_STDLIB=\"_libstdcpp\" -DPYBIND11_BUILD_ABI=\"_cxxabi1016\" -DTORCH_EXTENSION_NAME=_ext -D_GLIBCXX_USE_CXX11_ABI=1
g++ -pthread -B /its/home/wc296/miniconda3/compiler_compat -fno-strict-overflow -Wsign-compare -DNDEBUG -O2 -Wall -fPIC -O2 -isystem /its/home/wc296/miniconda3/include -fPIC -O2 -isystem /its/home/wc296/miniconda3/include -fPIC -DMMCV_WITH_CUDA -I/mnt/nfs2/engdes/wc296/paper6/dependencies/artemis-framework-overlay-004/source/mmcv-full-1.7.2/mmcv/ops/csrc/pytorch -I/mnt/nfs2/engdes/wc296/paper6/dependencies/artemis-framework-overlay-004/source/mmcv-full-1.7.2/mmcv/ops/csrc/common -I/mnt/nfs2/engdes/wc296/paper6/dependencies/artemis-framework-overlay-004/source/mmcv-full-1.7.2/mmcv/ops/csrc/common/cuda -I/mnt/nfs2/engdes/wc296/paper6/envs/torch-cu128-001/lib/python3.12/site-packages/torch/include -I/mnt/nfs2/engdes/wc296/paper6/envs/torch-cu128-001/lib/python3.12/site-packages/torch/include/torch/csrc/api/include -I/mnt/nfs2/engdes/wc296/paper6/toolchains/cuda-12.8-001/include -I/mnt/nfs2/engdes/wc296/paper6/envs/torch-cu128-001/include -I/its/home/wc296/miniconda3/include/python3.12 -c ./mmcv/ops/csrc/pytorch/chamfer_distance.cpp -o build/temp.linux-x86_64-cpython-312/mmcv/ops/csrc/pytorch/chamfer_distance.o -std=c++17 -DTORCH_API_INCLUDE_EXTENSION_H -DPYBIND11_COMPILER_TYPE=\"_gcc\" -DPYBIND11_STDLIB=\"_libstdcpp\" -DPYBIND11_BUILD_ABI=\"_cxxabi1016\" -DTORCH_EXTENSION_NAME=_ext -D_GLIBCXX_USE_CXX11_ABI=1
g++ -pthread -B /its/home/wc296/miniconda3/compiler_compat -fno-strict-overflow -Wsign-compare -DNDEBUG -O2 -Wall -fPIC -O2 -isystem /its/home/wc296/miniconda3/include -fPIC -O2 -isystem /its/home/wc296/miniconda3/include -fPIC -DMMCV_WITH_CUDA -I/mnt/nfs2/engdes/wc296/paper6/dependencies/artemis-framework-overlay-004/source/mmcv-full-1.7.2/mmcv/ops/csrc/pytorch -I/mnt/nfs2/engdes/wc296/paper6/dependencies/artemis-framework-overlay-004/source/mmcv-full-1.7.2/mmcv/ops/csrc/common -I/mnt/nfs2/engdes/wc296/paper6/dependencies/artemis-framework-overlay-004/source/mmcv-full-1.7.2/mmcv/ops/csrc/common/cuda -I/mnt/nfs2/engdes/wc296/paper6/envs/torch-cu128-001/lib/python3.12/site-packages/torch/include -I/mnt/nfs2/engdes/wc296/paper6/envs/torch-cu128-001/lib/python3.12/site-packages/torch/include/torch/csrc/api/include -I/mnt/nfs2/engdes/wc296/paper6/toolchains/cuda-12.8-001/include -I/mnt/nfs2/engdes/wc296/paper6/envs/torch-cu128-001/include -I/its/home/wc296/miniconda3/include/python3.12 -c ./mmcv/ops/csrc/pytorch/contour_expand.cpp -o build/temp.linux-x86_64-cpython-312/mmcv/ops/csrc/pytorch/contour_expand.o -std=c++17 -DTORCH_API_INCLUDE_EXTENSION_H -DPYBIND11_COMPILER_TYPE=\"_gcc\" -DPYBIND11_STDLIB=\"_libstdcpp\" -DPYBIND11_BUILD_ABI=\"_cxxabi1016\" -DTORCH_EXTENSION_NAME=_ext -D_GLIBCXX_USE_CXX11_ABI=1
g++ -pthread -B /its/home/wc296/miniconda3/compiler_compat -fno-strict-overflow -Wsign-compare -DNDEBUG -O2 -Wall -fPIC -O2 -isystem /its/home/wc296/miniconda3/include -fPIC -O2 -isystem /its/home/wc296/miniconda3/include -fPIC -DMMCV_WITH_CUDA -I/mnt/nfs2/engdes/wc296/paper6/dependencies/artemis-framework-overlay-004/source/mmcv-full-1.7.2/mmcv/ops/csrc/pytorch -I/mnt/nfs2/engdes/wc296/paper6/dependencies/artemis-framework-overlay-004/source/mmcv-full-1.7.2/mmcv/ops/csrc/common -I/mnt/nfs2/engdes/wc296/paper6/dependencies/artemis-framework-overlay-004/source/mmcv-full-1.7.2/mmcv/ops/csrc/common/cuda -I/mnt/nfs2/engdes/wc296/paper6/envs/torch-cu128-001/lib/python3.12/site-packages/torch/include -I/mnt/nfs2/engdes/wc296/paper6/envs/torch-cu128-001/lib/python3.12/site-packages/torch/include/torch/csrc/api/include -I/mnt/nfs2/engdes/wc296/paper6/toolchains/cuda-12.8-001/include -I/mnt/nfs2/engdes/wc296/paper6/envs/torch-cu128-001/include -I/its/home/wc296/miniconda3/include/python3.12 -c ./mmcv/ops/csrc/pytorch/convex_iou.cpp -o build/temp.linux-x86_64-cpython-312/mmcv/ops/csrc/pytorch/convex_iou.o -std=c++17 -DTORCH_API_INCLUDE_EXTENSION_H -DPYBIND11_COMPILER_TYPE=\"_gcc\" -DPYBIND11_STDLIB=\"_libstdcpp\" -DPYBIND11_BUILD_ABI=\"_cxxabi1016\" -DTORCH_EXTENSION_NAME=_ext -D_GLIBCXX_USE_CXX11_ABI=1
g++ -pthread -B /its/home/wc296/miniconda3/compiler_compat -fno-strict-overflow -Wsign-compare -DNDEBUG -O2 -Wall -fPIC -O2 -isystem /its/home/wc296/miniconda3/include -fPIC -O2 -isystem /its/home/wc296/miniconda3/include -fPIC -DMMCV_WITH_CUDA -I/mnt/nfs2/engdes/wc296/paper6/dependencies/artemis-framework-overlay-004/source/mmcv-full-1.7.2/mmcv/ops/csrc/pytorch -I/mnt/nfs2/engdes/wc296/paper6/dependencies/artemis-framework-overlay-004/source/mmcv-full-1.7.2/mmcv/ops/csrc/common -I/mnt/nfs2/engdes/wc296/paper6/dependencies/artemis-framework-overlay-004/source/mmcv-full-1.7.2/mmcv/ops/csrc/common/cuda -I/mnt/nfs2/engdes/wc296/paper6/envs/torch-cu128-001/lib/python3.12/site-packages/torch/include -I/mnt/nfs2/engdes/wc296/paper6/envs/torch-cu128-001/lib/python3.12/site-packages/torch/include/torch/csrc/api/include -I/mnt/nfs2/engdes/wc296/paper6/toolchains/cuda-12.8-001/include -I/mnt/nfs2/engdes/wc296/paper6/envs/torch-cu128-001/include -I/its/home/wc296/miniconda3/include/python3.12 -c ./mmcv/ops/csrc/pytorch/correlation.cpp -o build/temp.linux-x86_64-cpython-312/mmcv/ops/csrc/pytorch/correlation.o -std=c++17 -DTORCH_API_INCLUDE_EXTENSION_H -DPYBIND11_COMPILER_TYPE=\"_gcc\" -DPYBIND11_STDLIB=\"_libstdcpp\" -DPYBIND11_BUILD_ABI=\"_cxxabi1016\" -DTORCH_EXTENSION_NAME=_ext -D_GLIBCXX_USE_CXX11_ABI=1
g++ -pthread -B /its/home/wc296/miniconda3/compiler_compat -fno-strict-overflow -Wsign-compare -DNDEBUG -O2 -Wall -fPIC -O2 -isystem /its/home/wc296/miniconda3/include -fPIC -O2 -isystem /its/home/wc296/miniconda3/include -fPIC -DMMCV_WITH_CUDA -I/mnt/nfs2/engdes/wc296/paper6/dependencies/artemis-framework-overlay-004/source/mmcv-full-1.7.2/mmcv/ops/csrc/pytorch -I/mnt/nfs2/engdes/wc296/paper6/dependencies/artemis-framework-overlay-004/source/mmcv-full-1.7.2/mmcv/ops/csrc/common -I/mnt/nfs2/engdes/wc296/paper6/dependencies/artemis-framework-overlay-004/source/mmcv-full-1.7.2/mmcv/ops/csrc/common/cuda -I/mnt/nfs2/engdes/wc296/paper6/envs/torch-cu128-001/lib/python3.12/site-packages/torch/include -I/mnt/nfs2/engdes/wc296/paper6/envs/torch-cu128-001/lib/python3.12/site-packages/torch/include/torch/csrc/api/include -I/mnt/nfs2/engdes/wc296/paper6/toolchains/cuda-12.8-001/include -I/mnt/nfs2/engdes/wc296/paper6/envs/torch-cu128-001/include -I/its/home/wc296/miniconda3/include/python3.12 -c ./mmcv/ops/csrc/pytorch/cpu/active_rotated_filter.cpp -o build/temp.linux-x86_64-cpython-312/mmcv/ops/csrc/pytorch/cpu/active_rotated_filter.o -std=c++17 -DTORCH_API_INCLUDE_EXTENSION_H -DPYBIND11_COMPILER_TYPE=\"_gcc\" -DPYBIND11_STDLIB=\"_libstdcpp\" -DPYBIND11_BUILD_ABI=\"_cxxabi1016\" -DTORCH_EXTENSION_NAME=_ext -D_GLIBCXX_USE_CXX11_ABI=1
./mmcv/ops/csrc/pytorch/cpu/active_rotated_filter.cpp:16: warning: ignoring ‘#pragma omp parallel’ [-Wunknown-pragmas]
   16 | #pragma omp parallel for private(i, j, l, k)
      | 
./mmcv/ops/csrc/pytorch/cpu/active_rotated_filter.cpp:44: warning: ignoring ‘#pragma omp parallel’ [-Wunknown-pragmas]
   44 | #pragma omp parallel for private(i, j, l, k)
      | 
g++ -pthread -B /its/home/wc296/miniconda3/compiler_compat -fno-strict-overflow -Wsign-compare -DNDEBUG -O2 -Wall -fPIC -O2 -isystem /its/home/wc296/miniconda3/include -fPIC -O2 -isystem /its/home/wc296/miniconda3/include -fPIC -DMMCV_WITH_CUDA -I/mnt/nfs2/engdes/wc296/paper6/dependencies/artemis-framework-overlay-004/source/mmcv-full-1.7.2/mmcv/ops/csrc/pytorch -I/mnt/nfs2/engdes/wc296/paper6/dependencies/artemis-framework-overlay-004/source/mmcv-full-1.7.2/mmcv/ops/csrc/common -I/mnt/nfs2/engdes/wc296/paper6/dependencies/artemis-framework-overlay-004/source/mmcv-full-1.7.2/mmcv/ops/csrc/common/cuda -I/mnt/nfs2/engdes/wc296/paper6/envs/torch-cu128-001/lib/python3.12/site-packages/torch/include -I/mnt/nfs2/engdes/wc296/paper6/envs/torch-cu128-001/lib/python3.12/site-packages/torch/include/torch/csrc/api/include -I/mnt/nfs2/engdes/wc296/paper6/toolchains/cuda-12.8-001/include -I/mnt/nfs2/engdes/wc296/paper6/envs/torch-cu128-001/include -I/its/home/wc296/miniconda3/include/python3.12 -c ./mmcv/ops/csrc/pytorch/cpu/bbox_overlaps_cpu.cpp -o build/temp.linux-x86_64-cpython-312/mmcv/ops/csrc/pytorch/cpu/bbox_overlaps_cpu.o -std=c++17 -DTORCH_API_INCLUDE_EXTENSION_H -DPYBIND11_COMPILER_TYPE=\"_gcc\" -DPYBIND11_STDLIB=\"_libstdcpp\" -DPYBIND11_BUILD_ABI=\"_cxxabi1016\" -DTORCH_EXTENSION_NAME=_ext -D_GLIBCXX_USE_CXX11_ABI=1
g++ -pthread -B /its/home/wc296/miniconda3/compiler_compat -fno-strict-overflow -Wsign-compare -DNDEBUG -O2 -Wall -fPIC -O2 -isystem /its/home/wc296/miniconda3/include -fPIC -O2 -isystem /its/home/wc296/miniconda3/include -fPIC -DMMCV_WITH_CUDA -I/mnt/nfs2/engdes/wc296/paper6/dependencies/artemis-framework-overlay-004/source/mmcv-full-1.7.2/mmcv/ops/csrc/pytorch -I/mnt/nfs2/engdes/wc296/paper6/dependencies/artemis-framework-overlay-004/source/mmcv-full-1.7.2/mmcv/ops/csrc/common -I/mnt/nfs2/engdes/wc296/paper6/dependencies/artemis-framework-overlay-004/source/mmcv-full-1.7.2/mmcv/ops/csrc/common/cuda -I/mnt/nfs2/engdes/wc296/paper6/envs/torch-cu128-001/lib/python3.12/site-packages/torch/include -I/mnt/nfs2/engdes/wc296/paper6/envs/torch-cu128-001/lib/python3.12/site-packages/torch/include/torch/csrc/api/include -I/mnt/nfs2/engdes/wc296/paper6/toolchains/cuda-12.8-001/include -I/mnt/nfs2/engdes/wc296/paper6/envs/torch-cu128-001/include -I/its/home/wc296/miniconda3/include/python3.12 -c ./mmcv/ops/csrc/pytorch/cpu/box_iou_quadri.cpp -o build/temp.linux-x86_64-cpython-312/mmcv/ops/csrc/pytorch/cpu/box_iou_quadri.o -std=c++17 -DTORCH_API_INCLUDE_EXTENSION_H -DPYBIND11_COMPILER_TYPE=\"_gcc\" -DPYBIND11_STDLIB=\"_libstdcpp\" -DPYBIND11_BUILD_ABI=\"_cxxabi1016\" -DTORCH_EXTENSION_NAME=_ext -D_GLIBCXX_USE_CXX11_ABI=1
In file included from ./mmcv/ops/csrc/pytorch/cpu/box_iou_quadri.cpp:2:
/mnt/nfs2/engdes/wc296/paper6/dependencies/artemis-framework-overlay-004/source/mmcv-full-1.7.2/mmcv/ops/csrc/common/box_iou_rotated_utils.hpp:276: warning: ignoring ‘#pragma unroll ’ [-Wunknown-pragmas]
  276 | #pragma unroll
      | 
g++ -pthread -B /its/home/wc296/miniconda3/compiler_compat -fno-strict-overflow -Wsign-compare -DNDEBUG -O2 -Wall -fPIC -O2 -isystem /its/home/wc296/miniconda3/include -fPIC -O2 -isystem /its/home/wc296/miniconda3/include -fPIC -DMMCV_WITH_CUDA -I/mnt/nfs2/engdes/wc296/paper6/dependencies/artemis-framework-overlay-004/source/mmcv-full-1.7.2/mmcv/ops/csrc/pytorch -I/mnt/nfs2/engdes/wc296/paper6/dependencies/artemis-framework-overlay-004/source/mmcv-full-1.7.2/mmcv/ops/csrc/common -I/mnt/nfs2/engdes/wc296/paper6/dependencies/artemis-framework-overlay-004/source/mmcv-full-1.7.2/mmcv/ops/csrc/common/cuda -I/mnt/nfs2/engdes/wc296/paper6/envs/torch-cu128-001/lib/python3.12/site-packages/torch/include -I/mnt/nfs2/engdes/wc296/paper6/envs/torch-cu128-001/lib/python3.12/site-packages/torch/include/torch/csrc/api/include -I/mnt/nfs2/engdes/wc296/paper6/toolchains/cuda-12.8-001/include -I/mnt/nfs2/engdes/wc296/paper6/envs/torch-cu128-001/include -I/its/home/wc296/miniconda3/include/python3.12 -c ./mmcv/ops/csrc/pytorch/cpu/box_iou_rotated.cpp -o build/temp.linux-x86_64-cpython-312/mmcv/ops/csrc/pytorch/cpu/box_iou_rotated.o -std=c++17 -DTORCH_API_INCLUDE_EXTENSION_H -DPYBIND11_COMPILER_TYPE=\"_gcc\" -DPYBIND11_STDLIB=\"_libstdcpp\" -DPYBIND11_BUILD_ABI=\"_cxxabi1016\" -DTORCH_EXTENSION_NAME=_ext -D_GLIBCXX_USE_CXX11_ABI=1
In file included from ./mmcv/ops/csrc/pytorch/cpu/box_iou_rotated.cpp:4:
/mnt/nfs2/engdes/wc296/paper6/dependencies/artemis-framework-overlay-004/source/mmcv-full-1.7.2/mmcv/ops/csrc/common/box_iou_rotated_utils.hpp:276: warning: ignoring ‘#pragma unroll ’ [-Wunknown-pragmas]
  276 | #pragma unroll
      | 
g++ -pthread -B /its/home/wc296/miniconda3/compiler_compat -fno-strict-overflow -Wsign-compare -DNDEBUG -O2 -Wall -fPIC -O2 -isystem /its/home/wc296/miniconda3/include -fPIC -O2 -isystem /its/home/wc296/miniconda3/include -fPIC -DMMCV_WITH_CUDA -I/mnt/nfs2/engdes/wc296/paper6/dependencies/artemis-framework-overlay-004/source/mmcv-full-1.7.2/mmcv/ops/csrc/pytorch -I/mnt/nfs2/engdes/wc296/paper6/dependencies/artemis-framework-overlay-004/source/mmcv-full-1.7.2/mmcv/ops/csrc/common -I/mnt/nfs2/engdes/wc296/paper6/dependencies/artemis-framework-overlay-004/source/mmcv-full-1.7.2/mmcv/ops/csrc/common/cuda -I/mnt/nfs2/engdes/wc296/paper6/envs/torch-cu128-001/lib/python3.12/site-packages/torch/include -I/mnt/nfs2/engdes/wc296/paper6/envs/torch-cu128-001/lib/python3.12/site-packages/torch/include/torch/csrc/api/include -I/mnt/nfs2/engdes/wc296/paper6/toolchains/cuda-12.8-001/include -I/mnt/nfs2/engdes/wc296/paper6/envs/torch-cu128-001/include -I/its/home/wc296/miniconda3/include/python3.12 -c ./mmcv/ops/csrc/pytorch/cpu/deform_conv.cpp -o build/temp.linux-x86_64-cpython-312/mmcv/ops/csrc/pytorch/cpu/deform_conv.o -std=c++17 -DTORCH_API_INCLUDE_EXTENSION_H -DPYBIND11_COMPILER_TYPE=\"_gcc\" -DPYBIND11_STDLIB=\"_libstdcpp\" -DPYBIND11_BUILD_ABI=\"_cxxabi1016\" -DTORCH_EXTENSION_NAME=_ext -D_GLIBCXX_USE_CXX11_ABI=1
g++ -pthread -B /its/home/wc296/miniconda3/compiler_compat -fno-strict-overflow -Wsign-compare -DNDEBUG -O2 -Wall -fPIC -O2 -isystem /its/home/wc296/miniconda3/include -fPIC -O2 -isystem /its/home/wc296/miniconda3/include -fPIC -DMMCV_WITH_CUDA -I/mnt/nfs2/engdes/wc296/paper6/dependencies/artemis-framework-overlay-004/source/mmcv-full-1.7.2/mmcv/ops/csrc/pytorch -I/mnt/nfs2/engdes/wc296/paper6/dependencies/artemis-framework-overlay-004/source/mmcv-full-1.7.2/mmcv/ops/csrc/common -I/mnt/nfs2/engdes/wc296/paper6/dependencies/artemis-framework-overlay-004/source/mmcv-full-1.7.2/mmcv/ops/csrc/common/cuda -I/mnt/nfs2/engdes/wc296/paper6/envs/torch-cu128-001/lib/python3.12/site-packages/torch/include -I/mnt/nfs2/engdes/wc296/paper6/envs/torch-cu128-001/lib/python3.12/site-packages/torch/include/torch/csrc/api/include -I/mnt/nfs2/engdes/wc296/paper6/toolchains/cuda-12.8-001/include -I/mnt/nfs2/engdes/wc296/paper6/envs/torch-cu128-001/include -I/its/home/wc296/miniconda3/include/python3.12 -c ./mmcv/ops/csrc/pytorch/cpu/modulated_deform_conv.cpp -o build/temp.linux-x86_64-cpython-312/mmcv/ops/csrc/pytorch/cpu/modulated_deform_conv.o -std=c++17 -DTORCH_API_INCLUDE_EXTENSION_H -DPYBIND11_COMPILER_TYPE=\"_gcc\" -DPYBIND11_STDLIB=\"_libstdcpp\" -DPYBIND11_BUILD_ABI=\"_cxxabi1016\" -DTORCH_EXTENSION_NAME=_ext -D_GLIBCXX_USE_CXX11_ABI=1
g++ -pthread -B /its/home/wc296/miniconda3/compiler_compat -fno-strict-overflow -Wsign-compare -DNDEBUG -O2 -Wall -fPIC -O2 -isystem /its/home/wc296/miniconda3/include -fPIC -O2 -isystem /its/home/wc296/miniconda3/include -fPIC -DMMCV_WITH_CUDA -I/mnt/nfs2/engdes/wc296/paper6/dependencies/artemis-framework-overlay-004/source/mmcv-full-1.7.2/mmcv/ops/csrc/pytorch -I/mnt/nfs2/engdes/wc296/paper6/dependencies/artemis-framework-overlay-004/source/mmcv-full-1.7.2/mmcv/ops/csrc/common -I/mnt/nfs2/engdes/wc296/paper6/dependencies/artemis-framework-overlay-004/source/mmcv-full-1.7.2/mmcv/ops/csrc/common/cuda -I/mnt/nfs2/engdes/wc296/paper6/envs/torch-cu128-001/lib/python3.12/site-packages/torch/include -I/mnt/nfs2/engdes/wc296/paper6/envs/torch-cu128-001/lib/python3.12/site-packages/torch/include/torch/csrc/api/include -I/mnt/nfs2/engdes/wc296/paper6/toolchains/cuda-12.8-001/include -I/mnt/nfs2/engdes/wc296/paper6/envs/torch-cu128-001/include -I/its/home/wc296/miniconda3/include/python3.12 -c ./mmcv/ops/csrc/pytorch/cpu/nms.cpp -o build/temp.linux-x86_64-cpython-312/mmcv/ops/csrc/pytorch/cpu/nms.o -std=c++17 -DTORCH_API_INCLUDE_EXTENSION_H -DPYBIND11_COMPILER_TYPE=\"_gcc\" -DPYBIND11_STDLIB=\"_libstdcpp\" -DPYBIND11_BUILD_ABI=\"_cxxabi1016\" -DTORCH_EXTENSION_NAME=_ext -D_GLIBCXX_USE_CXX11_ABI=1
g++ -pthread -B /its/home/wc296/miniconda3/compiler_compat -fno-strict-overflow -Wsign-compare -DNDEBUG -O2 -Wall -fPIC -O2 -isystem /its/home/wc296/miniconda3/include -fPIC -O2 -isystem /its/home/wc296/miniconda3/include -fPIC -DMMCV_WITH_CUDA -I/mnt/nfs2/engdes/wc296/paper6/dependencies/artemis-framework-overlay-004/source/mmcv-full-1.7.2/mmcv/ops/csrc/pytorch -I/mnt/nfs2/engdes/wc296/paper6/dependencies/artemis-framework-overlay-004/source/mmcv-full-1.7.2/mmcv/ops/csrc/common -I/mnt/nfs2/engdes/wc296/paper6/dependencies/artemis-framework-overlay-004/source/mmcv-full-1.7.2/mmcv/ops/csrc/common/cuda -I/mnt/nfs2/engdes/wc296/paper6/envs/torch-cu128-001/lib/python3.12/site-packages/torch/include -I/mnt/nfs2/engdes/wc296/paper6/envs/torch-cu128-001/lib/python3.12/site-packages/torch/include/torch/csrc/api/include -I/mnt/nfs2/engdes/wc296/paper6/toolchains/cuda-12.8-001/include -I/mnt/nfs2/engdes/wc296/paper6/envs/torch-cu128-001/include -I/its/home/wc296/miniconda3/include/python3.12 -c ./mmcv/ops/csrc/pytorch/cpu/nms_quadri.cpp -o build/temp.linux-x86_64-cpython-312/mmcv/ops/csrc/pytorch/cpu/nms_quadri.o -std=c++17 -DTORCH_API_INCLUDE_EXTENSION_H -DPYBIND11_COMPILER_TYPE=\"_gcc\" -DPYBIND11_STDLIB=\"_libstdcpp\" -DPYBIND11_BUILD_ABI=\"_cxxabi1016\" -DTORCH_EXTENSION_NAME=_ext -D_GLIBCXX_USE_CXX11_ABI=1
In file included from ./mmcv/ops/csrc/pytorch/cpu/nms_quadri.cpp:2:
/mnt/nfs2/engdes/wc296/paper6/dependencies/artemis-framework-overlay-004/source/mmcv-full-1.7.2/mmcv/ops/csrc/common/box_iou_rotated_utils.hpp:276: warning: ignoring ‘#pragma unroll ’ [-Wunknown-pragmas]
  276 | #pragma unroll
      | 
g++ -pthread -B /its/home/wc296/miniconda3/compiler_compat -fno-strict-overflow -Wsign-compare -DNDEBUG -O2 -Wall -fPIC -O2 -isystem /its/home/wc296/miniconda3/include -fPIC -O2 -isystem /its/home/wc296/miniconda3/include -fPIC -DMMCV_WITH_CUDA -I/mnt/nfs2/engdes/wc296/paper6/dependencies/artemis-framework-overlay-004/source/mmcv-full-1.7.2/mmcv/ops/csrc/pytorch -I/mnt/nfs2/engdes/wc296/paper6/dependencies/artemis-framework-overlay-004/source/mmcv-full-1.7.2/mmcv/ops/csrc/common -I/mnt/nfs2/engdes/wc296/paper6/dependencies/artemis-framework-overlay-004/source/mmcv-full-1.7.2/mmcv/ops/csrc/common/cuda -I/mnt/nfs2/engdes/wc296/paper6/envs/torch-cu128-001/lib/python3.12/site-packages/torch/include -I/mnt/nfs2/engdes/wc296/paper6/envs/torch-cu128-001/lib/python3.12/site-packages/torch/include/torch/csrc/api/include -I/mnt/nfs2/engdes/wc296/paper6/toolchains/cuda-12.8-001/include -I/mnt/nfs2/engdes/wc296/paper6/envs/torch-cu128-001/include -I/its/home/wc296/miniconda3/include/python3.12 -c ./mmcv/ops/csrc/pytorch/cpu/nms_rotated.cpp -o build/temp.linux-x86_64-cpython-312/mmcv/ops/csrc/pytorch/cpu/nms_rotated.o -std=c++17 -DTORCH_API_INCLUDE_EXTENSION_H -DPYBIND11_COMPILER_TYPE=\"_gcc\" -DPYBIND11_STDLIB=\"_libstdcpp\" -DPYBIND11_BUILD_ABI=\"_cxxabi1016\" -DTORCH_EXTENSION_NAME=_ext -D_GLIBCXX_USE_CXX11_ABI=1
In file included from ./mmcv/ops/csrc/pytorch/cpu/nms_rotated.cpp:4:
/mnt/nfs2/engdes/wc296/paper6/dependencies/artemis-framework-overlay-004/source/mmcv-full-1.7.2/mmcv/ops/csrc/common/box_iou_rotated_utils.hpp:276: warning: ignoring ‘#pragma unroll ’ [-Wunknown-pragmas]
  276 | #pragma unroll
      | 
g++ -pthread -B /its/home/wc296/miniconda3/compiler_compat -fno-strict-overflow -Wsign-compare -DNDEBUG -O2 -Wall -fPIC -O2 -isystem /its/home/wc296/miniconda3/include -fPIC -O2 -isystem /its/home/wc296/miniconda3/include -fPIC -DMMCV_WITH_CUDA -I/mnt/nfs2/engdes/wc296/paper6/dependencies/artemis-framework-overlay-004/source/mmcv-full-1.7.2/mmcv/ops/csrc/pytorch -I/mnt/nfs2/engdes/wc296/paper6/dependencies/artemis-framework-overlay-004/source/mmcv-full-1.7.2/mmcv/ops/csrc/common -I/mnt/nfs2/engdes/wc296/paper6/dependencies/artemis-framework-overlay-004/source/mmcv-full-1.7.2/mmcv/ops/csrc/common/cuda -I/mnt/nfs2/engdes/wc296/paper6/envs/torch-cu128-001/lib/python3.12/site-packages/torch/include -I/mnt/nfs2/engdes/wc296/paper6/envs/torch-cu128-001/lib/python3.12/site-packages/torch/include/torch/csrc/api/include -I/mnt/nfs2/engdes/wc296/paper6/toolchains/cuda-12.8-001/include -I/mnt/nfs2/engdes/wc296/paper6/envs/torch-cu128-001/include -I/its/home/wc296/miniconda3/include/python3.12 -c ./mmcv/ops/csrc/pytorch/cpu/pixel_group.cpp -o build/temp.linux-x86_64-cpython-312/mmcv/ops/csrc/pytorch/cpu/pixel_group.o -std=c++17 -DTORCH_API_INCLUDE_EXTENSION_H -DPYBIND11_COMPILER_TYPE=\"_gcc\" -DPYBIND11_STDLIB=\"_libstdcpp\" -DPYBIND11_BUILD_ABI=\"_cxxabi1016\" -DTORCH_EXTENSION_NAME=_ext -D_GLIBCXX_USE_CXX11_ABI=1
g++ -pthread -B /its/home/wc296/miniconda3/compiler_compat -fno-strict-overflow -Wsign-compare -DNDEBUG -O2 -Wall -fPIC -O2 -isystem /its/home/wc296/miniconda3/include -fPIC -O2 -isystem /its/home/wc296/miniconda3/include -fPIC -DMMCV_WITH_CUDA -I/mnt/nfs2/engdes/wc296/paper6/dependencies/artemis-framework-overlay-004/source/mmcv-full-1.7.2/mmcv/ops/csrc/pytorch -I/mnt/nfs2/engdes/wc296/paper6/dependencies/artemis-framework-overlay-004/source/mmcv-full-1.7.2/mmcv/ops/csrc/common -I/mnt/nfs2/engdes/wc296/paper6/dependencies/artemis-framework-overlay-004/source/mmcv-full-1.7.2/mmcv/ops/csrc/common/cuda -I/mnt/nfs2/engdes/wc296/paper6/envs/torch-cu128-001/lib/python3.12/site-packages/torch/include -I/mnt/nfs2/engdes/wc296/paper6/envs/torch-cu128-001/lib/python3.12/site-packages/torch/include/torch/csrc/api/include -I/mnt/nfs2/engdes/wc296/paper6/toolchains/cuda-12.8-001/include -I/mnt/nfs2/engdes/wc296/paper6/envs/torch-cu128-001/include -I/its/home/wc296/miniconda3/include/python3.12 -c ./mmcv/ops/csrc/pytorch/cpu/points_in_boxes.cpp -o build/temp.linux-x86_64-cpython-312/mmcv/ops/csrc/pytorch/cpu/points_in_boxes.o -std=c++17 -DTORCH_API_INCLUDE_EXTENSION_H -DPYBIND11_COMPILER_TYPE=\"_gcc\" -DPYBIND11_STDLIB=\"_libstdcpp\" -DPYBIND11_BUILD_ABI=\"_cxxabi1016\" -DTORCH_EXTENSION_NAME=_ext -D_GLIBCXX_USE_CXX11_ABI=1
g++ -pthread -B /its/home/wc296/miniconda3/compiler_compat -fno-strict-overflow -Wsign-compare -DNDEBUG -O2 -Wall -fPIC -O2 -isystem /its/home/wc296/miniconda3/include -fPIC -O2 -isystem /its/home/wc296/miniconda3/include -fPIC -DMMCV_WITH_CUDA -I/mnt/nfs2/engdes/wc296/paper6/dependencies/artemis-framework-overlay-004/source/mmcv-full-1.7.2/mmcv/ops/csrc/pytorch -I/mnt/nfs2/engdes/wc296/paper6/dependencies/artemis-framework-overlay-004/source/mmcv-full-1.7.2/mmcv/ops/csrc/common -I/mnt/nfs2/engdes/wc296/paper6/dependencies/artemis-framework-overlay-004/source/mmcv-full-1.7.2/mmcv/ops/csrc/common/cuda -I/mnt/nfs2/engdes/wc296/paper6/envs/torch-cu128-001/lib/python3.12/site-packages/torch/include -I/mnt/nfs2/engdes/wc296/paper6/envs/torch-cu128-001/lib/python3.12/site-packages/torch/include/torch/csrc/api/include -I/mnt/nfs2/engdes/wc296/paper6/toolchains/cuda-12.8-001/include -I/mnt/nfs2/engdes/wc296/paper6/envs/torch-cu128-001/include -I/its/home/wc296/miniconda3/include/python3.12 -c ./mmcv/ops/csrc/pytorch/cpu/psamask.cpp -o build/temp.linux-x86_64-cpython-312/mmcv/ops/csrc/pytorch/cpu/psamask.o -std=c++17 -DTORCH_API_INCLUDE_EXTENSION_H -DPYBIND11_COMPILER_TYPE=\"_gcc\" -DPYBIND11_STDLIB=\"_libstdcpp\" -DPYBIND11_BUILD_ABI=\"_cxxabi1016\" -DTORCH_EXTENSION_NAME=_ext -D_GLIBCXX_USE_CXX11_ABI=1
g++ -pthread -B /its/home/wc296/miniconda3/compiler_compat -fno-strict-overflow -Wsign-compare -DNDEBUG -O2 -Wall -fPIC -O2 -isystem /its/home/wc296/miniconda3/include -fPIC -O2 -isystem /its/home/wc296/miniconda3/include -fPIC -DMMCV_WITH_CUDA -I/mnt/nfs2/engdes/wc296/paper6/dependencies/artemis-framework-overlay-004/source/mmcv-full-1.7.2/mmcv/ops/csrc/pytorch -I/mnt/nfs2/engdes/wc296/paper6/dependencies/artemis-framework-overlay-004/source/mmcv-full-1.7.2/mmcv/ops/csrc/common -I/mnt/nfs2/engdes/wc296/paper6/dependencies/artemis-framework-overlay-004/source/mmcv-full-1.7.2/mmcv/ops/csrc/common/cuda -I/mnt/nfs2/engdes/wc296/paper6/envs/torch-cu128-001/lib/python3.12/site-packages/torch/include -I/mnt/nfs2/engdes/wc296/paper6/envs/torch-cu128-001/lib/python3.12/site-packages/torch/include/torch/csrc/api/include -I/mnt/nfs2/engdes/wc296/paper6/toolchains/cuda-12.8-001/include -I/mnt/nfs2/engdes/wc296/paper6/envs/torch-cu128-001/include -I/its/home/wc296/miniconda3/include/python3.12 -c ./mmcv/ops/csrc/pytorch/cpu/roi_align.cpp -o build/temp.linux-x86_64-cpython-312/mmcv/ops/csrc/pytorch/cpu/roi_align.o -std=c++17 -DTORCH_API_INCLUDE_EXTENSION_H -DPYBIND11_COMPILER_TYPE=\"_gcc\" -DPYBIND11_STDLIB=\"_libstdcpp\" -DPYBIND11_BUILD_ABI=\"_cxxabi1016\" -DTORCH_EXTENSION_NAME=_ext -D_GLIBCXX_USE_CXX11_ABI=1
g++ -pthread -B /its/home/wc296/miniconda3/compiler_compat -fno-strict-overflow -Wsign-compare -DNDEBUG -O2 -Wall -fPIC -O2 -isystem /its/home/wc296/miniconda3/include -fPIC -O2 -isystem /its/home/wc296/miniconda3/include -fPIC -DMMCV_WITH_CUDA -I/mnt/nfs2/engdes/wc296/paper6/dependencies/artemis-framework-overlay-004/source/mmcv-full-1.7.2/mmcv/ops/csrc/pytorch -I/mnt/nfs2/engdes/wc296/paper6/dependencies/artemis-framework-overlay-004/source/mmcv-full-1.7.2/mmcv/ops/csrc/common -I/mnt/nfs2/engdes/wc296/paper6/dependencies/artemis-framework-overlay-004/source/mmcv-full-1.7.2/mmcv/ops/csrc/common/cuda -I/mnt/nfs2/engdes/wc296/paper6/envs/torch-cu128-001/lib/python3.12/site-packages/torch/include -I/mnt/nfs2/engdes/wc296/paper6/envs/torch-cu128-001/lib/python3.12/site-packages/torch/include/torch/csrc/api/include -I/mnt/nfs2/engdes/wc296/paper6/toolchains/cuda-12.8-001/include -I/mnt/nfs2/engdes/wc296/paper6/envs/torch-cu128-001/include -I/its/home/wc296/miniconda3/include/python3.12 -c ./mmcv/ops/csrc/pytorch/cpu/roi_align_rotated.cpp -o build/temp.linux-x86_64-cpython-312/mmcv/ops/csrc/pytorch/cpu/roi_align_rotated.o -std=c++17 -DTORCH_API_INCLUDE_EXTENSION_H -DPYBIND11_COMPILER_TYPE=\"_gcc\" -DPYBIND11_STDLIB=\"_libstdcpp\" -DPYBIND11_BUILD_ABI=\"_cxxabi1016\" -DTORCH_EXTENSION_NAME=_ext -D_GLIBCXX_USE_CXX11_ABI=1
g++ -pthread -B /its/home/wc296/miniconda3/compiler_compat -fno-strict-overflow -Wsign-compare -DNDEBUG -O2 -Wall -fPIC -O2 -isystem /its/home/wc296/miniconda3/include -fPIC -O2 -isystem /its/home/wc296/miniconda3/include -fPIC -DMMCV_WITH_CUDA -I/mnt/nfs2/engdes/wc296/paper6/dependencies/artemis-framework-overlay-004/source/mmcv-full-1.7.2/mmcv/ops/csrc/pytorch -I/mnt/nfs2/engdes/wc296/paper6/dependencies/artemis-framework-overlay-004/source/mmcv-full-1.7.2/mmcv/ops/csrc/common -I/mnt/nfs2/engdes/wc296/paper6/dependencies/artemis-framework-overlay-004/source/mmcv-full-1.7.2/mmcv/ops/csrc/common/cuda -I/mnt/nfs2/engdes/wc296/paper6/envs/torch-cu128-001/lib/python3.12/site-packages/torch/include -I/mnt/nfs2/engdes/wc296/paper6/envs/torch-cu128-001/lib/python3.12/site-packages/torch/include/torch/csrc/api/include -I/mnt/nfs2/engdes/wc296/paper6/toolchains/cuda-12.8-001/include -I/mnt/nfs2/engdes/wc296/paper6/envs/torch-cu128-001/include -I/its/home/wc296/miniconda3/include/python3.12 -c ./mmcv/ops/csrc/pytorch/cpu/rotated_feature_align.cpp -o build/temp.linux-x86_64-cpython-312/mmcv/ops/csrc/pytorch/cpu/rotated_feature_align.o -std=c++17 -DTORCH_API_INCLUDE_EXTENSION_H -DPYBIND11_COMPILER_TYPE=\"_gcc\" -DPYBIND11_STDLIB=\"_libstdcpp\" -DPYBIND11_BUILD_ABI=\"_cxxabi1016\" -DTORCH_EXTENSION_NAME=_ext -D_GLIBCXX_USE_CXX11_ABI=1
g++ -pthread -B /its/home/wc296/miniconda3/compiler_compat -fno-strict-overflow -Wsign-compare -DNDEBUG -O2 -Wall -fPIC -O2 -isystem /its/home/wc296/miniconda3/include -fPIC -O2 -isystem /its/home/wc296/miniconda3/include -fPIC -DMMCV_WITH_CUDA -I/mnt/nfs2/engdes/wc296/paper6/dependencies/artemis-framework-overlay-004/source/mmcv-full-1.7.2/mmcv/ops/csrc/pytorch -I/mnt/nfs2/engdes/wc296/paper6/dependencies/artemis-framework-overlay-004/source/mmcv-full-1.7.2/mmcv/ops/csrc/common -I/mnt/nfs2/engdes/wc296/paper6/dependencies/artemis-framework-overlay-004/source/mmcv-full-1.7.2/mmcv/ops/csrc/common/cuda -I/mnt/nfs2/engdes/wc296/paper6/envs/torch-cu128-001/lib/python3.12/site-packages/torch/include -I/mnt/nfs2/engdes/wc296/paper6/envs/torch-cu128-001/lib/python3.12/site-packages/torch/include/torch/csrc/api/include -I/mnt/nfs2/engdes/wc296/paper6/toolchains/cuda-12.8-001/include -I/mnt/nfs2/engdes/wc296/paper6/envs/torch-cu128-001/include -I/its/home/wc296/miniconda3/include/python3.12 -c ./mmcv/ops/csrc/pytorch/cpu/sparse_indice.cpp -o build/temp.linux-x86_64-cpython-312/mmcv/ops/csrc/pytorch/cpu/sparse_indice.o -std=c++17 -DTORCH_API_INCLUDE_EXTENSION_H -DPYBIND11_COMPILER_TYPE=\"_gcc\" -DPYBIND11_STDLIB=\"_libstdcpp\" -DPYBIND11_BUILD_ABI=\"_cxxabi1016\" -DTORCH_EXTENSION_NAME=_ext -D_GLIBCXX_USE_CXX11_ABI=1
In file included from /mnt/nfs2/engdes/wc296/paper6/dependencies/artemis-framework-overlay-004/source/mmcv-full-1.7.2/mmcv/ops/csrc/common/utils/spconv/spconv/geometry.h:18,
                 from ./mmcv/ops/csrc/pytorch/cpu/sparse_indice.cpp:16:
/mnt/nfs2/engdes/wc296/paper6/dependencies/artemis-framework-overlay-004/source/mmcv-full-1.7.2/mmcv/ops/csrc/common/utils/spconv/tensorview/tensorview.h:387: warning: ignoring ‘#pragma unroll ’ [-Wunknown-pragmas]
  387 | #pragma unroll
      | 
/mnt/nfs2/engdes/wc296/paper6/dependencies/artemis-framework-overlay-004/source/mmcv-full-1.7.2/mmcv/ops/csrc/common/utils/spconv/tensorview/tensorview.h:412: warning: ignoring ‘#pragma unroll ’ [-Wunknown-pragmas]
  412 | #pragma unroll
      | 
/mnt/nfs2/engdes/wc296/paper6/dependencies/artemis-framework-overlay-004/source/mmcv-full-1.7.2/mmcv/ops/csrc/common/utils/spconv/tensorview/tensorview.h:436: warning: ignoring ‘#pragma unroll ’ [-Wunknown-pragmas]
  436 | #pragma unroll
      | 
/mnt/nfs2/engdes/wc296/paper6/dependencies/artemis-framework-overlay-004/source/mmcv-full-1.7.2/mmcv/ops/csrc/common/utils/spconv/tensorview/tensorview.h:447: warning: ignoring ‘#pragma unroll ’ [-Wunknown-pragmas]
  447 | #pragma unroll
      | 
/mnt/nfs2/engdes/wc296/paper6/dependencies/artemis-framework-overlay-004/source/mmcv-full-1.7.2/mmcv/ops/csrc/common/utils/spconv/tensorview/tensorview.h:885: warning: ignoring ‘#pragma unroll ’ [-Wunknown-pragmas]
  885 | #pragma unroll
      | 
/mnt/nfs2/engdes/wc296/paper6/dependencies/artemis-framework-overlay-004/source/mmcv-full-1.7.2/mmcv/ops/csrc/common/utils/spconv/tensorview/tensorview.h:895: warning: ignoring ‘#pragma unroll ’ [-Wunknown-pragmas]
  895 | #pragma unroll
      | 
/mnt/nfs2/engdes/wc296/paper6/dependencies/artemis-framework-overlay-004/source/mmcv-full-1.7.2/mmcv/ops/csrc/common/utils/spconv/tensorview/tensorview.h:901: warning: ignoring ‘#pragma unroll ’ [-Wunknown-pragmas]
  901 | #pragma unroll
      | 
/mnt/nfs2/engdes/wc296/paper6/dependencies/artemis-framework-overlay-004/source/mmcv-full-1.7.2/mmcv/ops/csrc/common/utils/spconv/tensorview/tensorview.h:907: warning: ignoring ‘#pragma unroll ’ [-Wunknown-pragmas]
  907 | #pragma unroll
      | 
/mnt/nfs2/engdes/wc296/paper6/dependencies/artemis-framework-overlay-004/source/mmcv-full-1.7.2/mmcv/ops/csrc/common/utils/spconv/spconv/geometry.h:38: warning: ignoring ‘#pragma unroll ’ [-Wunknown-pragmas]
   38 | #pragma unroll
      | 
/mnt/nfs2/engdes/wc296/paper6/dependencies/artemis-framework-overlay-004/source/mmcv-full-1.7.2/mmcv/ops/csrc/common/utils/spconv/spconv/geometry.h:46: warning: ignoring ‘#pragma unroll ’ [-Wunknown-pragmas]
   46 | #pragma unroll
      | 
/mnt/nfs2/engdes/wc296/paper6/dependencies/artemis-framework-overlay-004/source/mmcv-full-1.7.2/mmcv/ops/csrc/common/utils/spconv/spconv/geometry.h:52: warning: ignoring ‘#pragma unroll ’ [-Wunknown-pragmas]
   52 | #pragma unroll
      | 
/mnt/nfs2/engdes/wc296/paper6/dependencies/artemis-framework-overlay-004/source/mmcv-full-1.7.2/mmcv/ops/csrc/common/utils/spconv/spconv/geometry.h:60: warning: ignoring ‘#pragma unroll ’ [-Wunknown-pragmas]
   60 | #pragma unroll
      | 
/mnt/nfs2/engdes/wc296/paper6/dependencies/artemis-framework-overlay-004/source/mmcv-full-1.7.2/mmcv/ops/csrc/common/utils/spconv/spconv/geometry.h:75: warning: ignoring ‘#pragma unroll ’ [-Wunknown-pragmas]
   75 | #pragma unroll
      | 
/mnt/nfs2/engdes/wc296/paper6/dependencies/artemis-framework-overlay-004/source/mmcv-full-1.7.2/mmcv/ops/csrc/common/utils/spconv/spconv/geometry.h:100: warning: ignoring ‘#pragma unroll ’ [-Wunknown-pragmas]
  100 | #pragma unroll
      | 
/mnt/nfs2/engdes/wc296/paper6/dependencies/artemis-framework-overlay-004/source/mmcv-full-1.7.2/mmcv/ops/csrc/common/utils/spconv/spconv/geometry.h:105: warning: ignoring ‘#pragma unroll ’ [-Wunknown-pragmas]
  105 | #pragma unroll
      | 
/mnt/nfs2/engdes/wc296/paper6/dependencies/artemis-framework-overlay-004/source/mmcv-full-1.7.2/mmcv/ops/csrc/common/utils/spconv/spconv/geometry.h:110: warning: ignoring ‘#pragma unroll ’ [-Wunknown-pragmas]
  110 | #pragma unroll
      | 
/mnt/nfs2/engdes/wc296/paper6/dependencies/artemis-framework-overlay-004/source/mmcv-full-1.7.2/mmcv/ops/csrc/common/utils/spconv/spconv/geometry.h:118: warning: ignoring ‘#pragma unroll ’ [-Wunknown-pragmas]
  118 | #pragma unroll
      | 
/mnt/nfs2/engdes/wc296/paper6/dependencies/artemis-framework-overlay-004/source/mmcv-full-1.7.2/mmcv/ops/csrc/common/utils/spconv/spconv/geometry.h:131: warning: ignoring ‘#pragma unroll ’ [-Wunknown-pragmas]
  131 | #pragma unroll
      | 
/mnt/nfs2/engdes/wc296/paper6/dependencies/artemis-framework-overlay-004/source/mmcv-full-1.7.2/mmcv/ops/csrc/common/utils/spconv/spconv/geometry.h:156: warning: ignoring ‘#pragma unroll ’ [-Wunknown-pragmas]
  156 | #pragma unroll
      | 
/mnt/nfs2/engdes/wc296/paper6/dependencies/artemis-framework-overlay-004/source/mmcv-full-1.7.2/mmcv/ops/csrc/common/utils/spconv/spconv/geometry.h:161: warning: ignoring ‘#pragma unroll ’ [-Wunknown-pragmas]
  161 | #pragma unroll
      | 
/mnt/nfs2/engdes/wc296/paper6/dependencies/artemis-framework-overlay-004/source/mmcv-full-1.7.2/mmcv/ops/csrc/common/utils/spconv/spconv/geometry.h:207: warning: ignoring ‘#pragma unroll ’ [-Wunknown-pragmas]
  207 | #pragma unroll
      | 
/mnt/nfs2/engdes/wc296/paper6/dependencies/artemis-framework-overlay-004/source/mmcv-full-1.7.2/mmcv/ops/csrc/common/utils/spconv/spconv/geometry.h:212: warning: ignoring ‘#pragma unroll ’ [-Wunknown-pragmas]
  212 | #pragma unroll
      | 
/mnt/nfs2/engdes/wc296/paper6/dependencies/artemis-framework-overlay-004/source/mmcv-full-1.7.2/mmcv/ops/csrc/common/utils/spconv/spconv/geometry.h:256: warning: ignoring ‘#pragma unroll ’ [-Wunknown-pragmas]
  256 | #pragma unroll
      | 
/mnt/nfs2/engdes/wc296/paper6/dependencies/artemis-framework-overlay-004/source/mmcv-full-1.7.2/mmcv/ops/csrc/common/utils/spconv/spconv/geometry.h:261: warning: ignoring ‘#pragma unroll ’ [-Wunknown-pragmas]
  261 | #pragma unroll
      | 
/mnt/nfs2/engdes/wc296/paper6/dependencies/artemis-framework-overlay-004/source/mmcv-full-1.7.2/mmcv/ops/csrc/common/utils/spconv/spconv/geometry.h: In instantiation of ‘Index getIndicePairsDeConv(tv::TensorView<const scalar_t>, tv::TensorView<scalar_t>, tv::TensorView<IndexGrid>, tv::TensorView<scalar_t>, tv::TensorView<scalar_t>, const Index*, const Index*, const Index*, const Index*, const Index*) [with Index = int; IndexGrid = int; unsigned int NDim = 1]’:
./mmcv/ops/csrc/pytorch/cpu/sparse_indice.cpp:36:58:   required from ‘Index functor::CreateConvIndicePairFunctor<tv::CPU, Index, IndexGrid, NDim>::operator()(const tv::CPU&, tv::TensorView<const scalar_t>, tv::TensorView<scalar_t>, tv::TensorView<IndexGrid>, tv::TensorView<scalar_t>, tv::TensorView<scalar_t>, tv::SimpleVector<Index, NDim>, tv::SimpleVector<Index, NDim>, tv::SimpleVector<Index, NDim>, tv::SimpleVector<Index, NDim>, tv::SimpleVector<Index, NDim>, bool, bool) [with Index = int; IndexGrid = int; unsigned int NDim = 1]’
./mmcv/ops/csrc/pytorch/cpu/sparse_indice.cpp:80:1:   required from here
/mnt/nfs2/engdes/wc296/paper6/dependencies/artemis-framework-overlay-004/source/mmcv-full-1.7.2/mmcv/ops/csrc/common/utils/spconv/spconv/geometry.h:208:21: warning: comparison of integer expressions of different signedness: ‘int’ and ‘unsigned int’ [-Wsign-compare]
  208 |   for (int i = 0; i < NDim; ++i) {
      |                   ~~^~~~~~
/mnt/nfs2/engdes/wc296/paper6/dependencies/artemis-framework-overlay-004/source/mmcv-full-1.7.2/mmcv/ops/csrc/common/utils/spconv/spconv/geometry.h:213:21: warning: comparison of integer expressions of different signedness: ‘int’ and ‘unsigned int’ [-Wsign-compare]
  213 |   for (int i = 0; i < NDim; ++i) {
      |                   ~~^~~~~~
/mnt/nfs2/engdes/wc296/paper6/dependencies/artemis-framework-overlay-004/source/mmcv-full-1.7.2/mmcv/ops/csrc/common/utils/spconv/spconv/geometry.h: In instantiation of ‘Index getIndicePairsConv(tv::TensorView<const scalar_t>, tv::TensorView<scalar_t>, tv::TensorView<IndexGrid>, tv::TensorView<scalar_t>, tv::TensorView<scalar_t>, const Index*, const Index*, const Index*, const Index*, const Index*) [with Index = int; IndexGrid = int; unsigned int NDim = 1]’:
./mmcv/ops/csrc/pytorch/cpu/sparse_indice.cpp:41:56:   required from ‘Index functor::CreateConvIndicePairFunctor<tv::CPU, Index, IndexGrid, NDim>::operator()(const tv::CPU&, tv::TensorView<const scalar_t>, tv::TensorView<scalar_t>, tv::TensorView<IndexGrid>, tv::TensorView<scalar_t>, tv::TensorView<scalar_t>, tv::SimpleVector<Index, NDim>, tv::SimpleVector<Index, NDim>, tv::SimpleVector<Index, NDim>, tv::SimpleVector<Index, NDim>, tv::SimpleVector<Index, NDim>, bool, bool) [with Index = int; IndexGrid = int; unsigned int NDim = 1]’
./mmcv/ops/csrc/pytorch/cpu/sparse_indice.cpp:80:1:   required from here
/mnt/nfs2/engdes/wc296/paper6/dependencies/artemis-framework-overlay-004/source/mmcv-full-1.7.2/mmcv/ops/csrc/common/utils/spconv/spconv/geometry.h:157:21: warning: comparison of integer expressions of different signedness: ‘int’ and ‘unsigned int’ [-Wsign-compare]
  157 |   for (int i = 0; i < NDim; ++i) {
      |                   ~~^~~~~~
/mnt/nfs2/engdes/wc296/paper6/dependencies/artemis-framework-overlay-004/source/mmcv-full-1.7.2/mmcv/ops/csrc/common/utils/spconv/spconv/geometry.h:162:21: warning: comparison of integer expressions of different signedness: ‘int’ and ‘unsigned int’ [-Wsign-compare]
  162 |   for (int i = 0; i < NDim; ++i) {
      |                   ~~^~~~~~
/mnt/nfs2/engdes/wc296/paper6/dependencies/artemis-framework-overlay-004/source/mmcv-full-1.7.2/mmcv/ops/csrc/common/utils/spconv/spconv/geometry.h: In instantiation of ‘Index getIndicePairsSubM(tv::TensorView<const scalar_t>, tv::TensorView<IndexGrid>, tv::TensorView<scalar_t>, tv::TensorView<scalar_t>, const Index*, const Index*, const Index*, const Index*, const Index*) [with Index = int; IndexGrid = int; unsigned int NDim = 1]’:
./mmcv/ops/csrc/pytorch/cpu/sparse_indice.cpp:60:54:   required from ‘Index functor::CreateSubMIndicePairFunctor<tv::CPU, Index, IndexGrid, NDim>::operator()(const tv::CPU&, tv::TensorView<const scalar_t>, tv::TensorView<IndexGrid>, tv::TensorView<scalar_t>, tv::TensorView<scalar_t>, tv::SimpleVector<Index, NDim>, tv::SimpleVector<Index, NDim>, tv::SimpleVector<Index, NDim>, tv::SimpleVector<Index, NDim>, tv::SimpleVector<Index, NDim>, bool, bool) [with Index = int; IndexGrid = int; unsigned int NDim = 1]’
./mmcv/ops/csrc/pytorch/cpu/sparse_indice.cpp:80:1:   required from here
/mnt/nfs2/engdes/wc296/paper6/dependencies/artemis-framework-overlay-004/source/mmcv-full-1.7.2/mmcv/ops/csrc/common/utils/spconv/spconv/geometry.h:257:21: warning: comparison of integer expressions of different signedness: ‘int’ and ‘unsigned int’ [-Wsign-compare]
  257 |   for (int i = 0; i < NDim; ++i) {
      |                   ~~^~~~~~
/mnt/nfs2/engdes/wc296/paper6/dependencies/artemis-framework-overlay-004/source/mmcv-full-1.7.2/mmcv/ops/csrc/common/utils/spconv/spconv/geometry.h:262:21: warning: comparison of integer expressions of different signedness: ‘int’ and ‘unsigned int’ [-Wsign-compare]
  262 |   for (int i = 0; i < NDim; ++i) {
      |                   ~~^~~~~~
/mnt/nfs2/engdes/wc296/paper6/dependencies/artemis-framework-overlay-004/source/mmcv-full-1.7.2/mmcv/ops/csrc/common/utils/spconv/spconv/geometry.h: In instantiation of ‘Index getIndicePairsDeConv(tv::TensorView<const scalar_t>, tv::TensorView<scalar_t>, tv::TensorView<IndexGrid>, tv::TensorView<scalar_t>, tv::TensorView<scalar_t>, const Index*, const Index*, const Index*, const Index*, const Index*) [with Index = int; IndexGrid = int; unsigned int NDim = 2]’:
./mmcv/ops/csrc/pytorch/cpu/sparse_indice.cpp:36:58:   required from ‘Index functor::CreateConvIndicePairFunctor<tv::CPU, Index, IndexGrid, NDim>::operator()(const tv::CPU&, tv::TensorView<const scalar_t>, tv::TensorView<scalar_t>, tv::TensorView<IndexGrid>, tv::TensorView<scalar_t>, tv::TensorView<scalar_t>, tv::SimpleVector<Index, NDim>, tv::SimpleVector<Index, NDim>, tv::SimpleVector<Index, NDim>, tv::SimpleVector<Index, NDim>, tv::SimpleVector<Index, NDim>, bool, bool) [with Index = int; IndexGrid = int; unsigned int NDim = 2]’
./mmcv/ops/csrc/pytorch/cpu/sparse_indice.cpp:80:1:   required from here
/mnt/nfs2/engdes/wc296/paper6/dependencies/artemis-framework-overlay-004/source/mmcv-full-1.7.2/mmcv/ops/csrc/common/utils/spconv/spconv/geometry.h:208:21: warning: comparison of integer expressions of different signedness: ‘int’ and ‘unsigned int’ [-Wsign-compare]
  208 |   for (int i = 0; i < NDim; ++i) {
      |                   ~~^~~~~~
/mnt/nfs2/engdes/wc296/paper6/dependencies/artemis-framework-overlay-004/source/mmcv-full-1.7.2/mmcv/ops/csrc/common/utils/spconv/spconv/geometry.h:213:21: warning: comparison of integer expressions of different signedness: ‘int’ and ‘unsigned int’ [-Wsign-compare]
  213 |   for (int i = 0; i < NDim; ++i) {
      |                   ~~^~~~~~
/mnt/nfs2/engdes/wc296/paper6/dependencies/artemis-framework-overlay-004/source/mmcv-full-1.7.2/mmcv/ops/csrc/common/utils/spconv/spconv/geometry.h: In instantiation of ‘Index getIndicePairsConv(tv::TensorView<const scalar_t>, tv::TensorView<scalar_t>, tv::TensorView<IndexGrid>, tv::TensorView<scalar_t>, tv::TensorView<scalar_t>, const Index*, const Index*, const Index*, const Index*, const Index*) [with Index = int; IndexGrid = int; unsigned int NDim = 2]’:
./mmcv/ops/csrc/pytorch/cpu/sparse_indice.cpp:41:56:   required from ‘Index functor::CreateConvIndicePairFunctor<tv::CPU, Index, IndexGrid, NDim>::operator()(const tv::CPU&, tv::TensorView<const scalar_t>, tv::TensorView<scalar_t>, tv::TensorView<IndexGrid>, tv::TensorView<scalar_t>, tv::TensorView<scalar_t>, tv::SimpleVector<Index, NDim>, tv::SimpleVector<Index, NDim>, tv::SimpleVector<Index, NDim>, tv::SimpleVector<Index, NDim>, tv::SimpleVector<Index, NDim>, bool, bool) [with Index = int; IndexGrid = int; unsigned int NDim = 2]’
./mmcv/ops/csrc/pytorch/cpu/sparse_indice.cpp:80:1:   required from here
/mnt/nfs2/engdes/wc296/paper6/dependencies/artemis-framework-overlay-004/source/mmcv-full-1.7.2/mmcv/ops/csrc/common/utils/spconv/spconv/geometry.h:157:21: warning: comparison of integer expressions of different signedness: ‘int’ and ‘unsigned int’ [-Wsign-compare]
  157 |   for (int i = 0; i < NDim; ++i) {
      |                   ~~^~~~~~
/mnt/nfs2/engdes/wc296/paper6/dependencies/artemis-framework-overlay-004/source/mmcv-full-1.7.2/mmcv/ops/csrc/common/utils/spconv/spconv/geometry.h:162:21: warning: comparison of integer expressions of different signedness: ‘int’ and ‘unsigned int’ [-Wsign-compare]
  162 |   for (int i = 0; i < NDim; ++i) {
      |                   ~~^~~~~~
/mnt/nfs2/engdes/wc296/paper6/dependencies/artemis-framework-overlay-004/source/mmcv-full-1.7.2/mmcv/ops/csrc/common/utils/spconv/spconv/geometry.h: In instantiation of ‘Index getIndicePairsSubM(tv::TensorView<const scalar_t>, tv::TensorView<IndexGrid>, tv::TensorView<scalar_t>, tv::TensorView<scalar_t>, const Index*, const Index*, const Index*, const Index*, const Index*) [with Index = int; IndexGrid = int; unsigned int NDim = 2]’:
./mmcv/ops/csrc/pytorch/cpu/sparse_indice.cpp:60:54:   required from ‘Index functor::CreateSubMIndicePairFunctor<tv::CPU, Index, IndexGrid, NDim>::operator()(const tv::CPU&, tv::TensorView<const scalar_t>, tv::TensorView<IndexGrid>, tv::TensorView<scalar_t>, tv::TensorView<scalar_t>, tv::SimpleVector<Index, NDim>, tv::SimpleVector<Index, NDim>, tv::SimpleVector<Index, NDim>, tv::SimpleVector<Index, NDim>, tv::SimpleVector<Index, NDim>, bool, bool) [with Index = int; IndexGrid = int; unsigned int NDim = 2]’
./mmcv/ops/csrc/pytorch/cpu/sparse_indice.cpp:80:1:   required from here
/mnt/nfs2/engdes/wc296/paper6/dependencies/artemis-framework-overlay-004/source/mmcv-full-1.7.2/mmcv/ops/csrc/common/utils/spconv/spconv/geometry.h:257:21: warning: comparison of integer expressions of different signedness: ‘int’ and ‘unsigned int’ [-Wsign-compare]
  257 |   for (int i = 0; i < NDim; ++i) {
      |                   ~~^~~~~~
/mnt/nfs2/engdes/wc296/paper6/dependencies/artemis-framework-overlay-004/source/mmcv-full-1.7.2/mmcv/ops/csrc/common/utils/spconv/spconv/geometry.h:262:21: warning: comparison of integer expressions of different signedness: ‘int’ and ‘unsigned int’ [-Wsign-compare]
  262 |   for (int i = 0; i < NDim; ++i) {
      |                   ~~^~~~~~
/mnt/nfs2/engdes/wc296/paper6/dependencies/artemis-framework-overlay-004/source/mmcv-full-1.7.2/mmcv/ops/csrc/common/utils/spconv/spconv/geometry.h: In instantiation of ‘Index getIndicePairsDeConv(tv::TensorView<const scalar_t>, tv::TensorView<scalar_t>, tv::TensorView<IndexGrid>, tv::TensorView<scalar_t>, tv::TensorView<scalar_t>, const Index*, const Index*, const Index*, const Index*, const Index*) [with Index = int; IndexGrid = int; unsigned int NDim = 3]’:
./mmcv/ops/csrc/pytorch/cpu/sparse_indice.cpp:36:58:   required from ‘Index functor::CreateConvIndicePairFunctor<tv::CPU, Index, IndexGrid, NDim>::operator()(const tv::CPU&, tv::TensorView<const scalar_t>, tv::TensorView<scalar_t>, tv::TensorView<IndexGrid>, tv::TensorView<scalar_t>, tv::TensorView<scalar_t>, tv::SimpleVector<Index, NDim>, tv::SimpleVector<Index, NDim>, tv::SimpleVector<Index, NDim>, tv::SimpleVector<Index, NDim>, tv::SimpleVector<Index, NDim>, bool, bool) [with Index = int; IndexGrid = int; unsigned int NDim = 3]’
./mmcv/ops/csrc/pytorch/cpu/sparse_indice.cpp:80:1:   required from here
/mnt/nfs2/engdes/wc296/paper6/dependencies/artemis-framework-overlay-004/source/mmcv-full-1.7.2/mmcv/ops/csrc/common/utils/spconv/spconv/geometry.h:208:21: warning: comparison of integer expressions of different signedness: ‘int’ and ‘unsigned int’ [-Wsign-compare]
  208 |   for (int i = 0; i < NDim; ++i) {
      |                   ~~^~~~~~
/mnt/nfs2/engdes/wc296/paper6/dependencies/artemis-framework-overlay-004/source/mmcv-full-1.7.2/mmcv/ops/csrc/common/utils/spconv/spconv/geometry.h:213:21: warning: comparison of integer expressions of different signedness: ‘int’ and ‘unsigned int’ [-Wsign-compare]
  213 |   for (int i = 0; i < NDim; ++i) {
      |                   ~~^~~~~~
/mnt/nfs2/engdes/wc296/paper6/dependencies/artemis-framework-overlay-004/source/mmcv-full-1.7.2/mmcv/ops/csrc/common/utils/spconv/spconv/geometry.h: In instantiation of ‘Index getIndicePairsConv(tv::TensorView<const scalar_t>, tv::TensorView<scalar_t>, tv::TensorView<IndexGrid>, tv::TensorView<scalar_t>, tv::TensorView<scalar_t>, const Index*, const Index*, const Index*, const Index*, const Index*) [with Index = int; IndexGrid = int; unsigned int NDim = 3]’:
./mmcv/ops/csrc/pytorch/cpu/sparse_indice.cpp:41:56:   required from ‘Index functor::CreateConvIndicePairFunctor<tv::CPU, Index, IndexGrid, NDim>::operator()(const tv::CPU&, tv::TensorView<const scalar_t>, tv::TensorView<scalar_t>, tv::TensorView<IndexGrid>, tv::TensorView<scalar_t>, tv::TensorView<scalar_t>, tv::SimpleVector<Index, NDim>, tv::SimpleVector<Index, NDim>, tv::SimpleVector<Index, NDim>, tv::SimpleVector<Index, NDim>, tv::SimpleVector<Index, NDim>, bool, bool) [with Index = int; IndexGrid = int; unsigned int NDim = 3]’
./mmcv/ops/csrc/pytorch/cpu/sparse_indice.cpp:80:1:   required from here
/mnt/nfs2/engdes/wc296/paper6/dependencies/artemis-framework-overlay-004/source/mmcv-full-1.7.2/mmcv/ops/csrc/common/utils/spconv/spconv/geometry.h:157:21: warning: comparison of integer expressions of different signedness: ‘int’ and ‘unsigned int’ [-Wsign-compare]
  157 |   for (int i = 0; i < NDim; ++i) {
      |                   ~~^~~~~~
/mnt/nfs2/engdes/wc296/paper6/dependencies/artemis-framework-overlay-004/source/mmcv-full-1.7.2/mmcv/ops/csrc/common/utils/spconv/spconv/geometry.h:162:21: warning: comparison of integer expressions of different signedness: ‘int’ and ‘unsigned int’ [-Wsign-compare]
  162 |   for (int i = 0; i < NDim; ++i) {
      |                   ~~^~~~~~
/mnt/nfs2/engdes/wc296/paper6/dependencies/artemis-framework-overlay-004/source/mmcv-full-1.7.2/mmcv/ops/csrc/common/utils/spconv/spconv/geometry.h: In instantiation of ‘Index getIndicePairsSubM(tv::TensorView<const scalar_t>, tv::TensorView<IndexGrid>, tv::TensorView<scalar_t>, tv::TensorView<scalar_t>, const Index*, const Index*, const Index*, const Index*, const Index*) [with Index = int; IndexGrid = int; unsigned int NDim = 3]’:
./mmcv/ops/csrc/pytorch/cpu/sparse_indice.cpp:60:54:   required from ‘Index functor::CreateSubMIndicePairFunctor<tv::CPU, Index, IndexGrid, NDim>::operator()(const tv::CPU&, tv::TensorView<const scalar_t>, tv::TensorView<IndexGrid>, tv::TensorView<scalar_t>, tv::TensorView<scalar_t>, tv::SimpleVector<Index, NDim>, tv::SimpleVector<Index, NDim>, tv::SimpleVector<Index, NDim>, tv::SimpleVector<Index, NDim>, tv::SimpleVector<Index, NDim>, bool, bool) [with Index = int; IndexGrid = int; unsigned int NDim = 3]’
./mmcv/ops/csrc/pytorch/cpu/sparse_indice.cpp:80:1:   required from here
/mnt/nfs2/engdes/wc296/paper6/dependencies/artemis-framework-overlay-004/source/mmcv-full-1.7.2/mmcv/ops/csrc/common/utils/spconv/spconv/geometry.h:257:21: warning: comparison of integer expressions of different signedness: ‘int’ and ‘unsigned int’ [-Wsign-compare]
  257 |   for (int i = 0; i < NDim; ++i) {
      |                   ~~^~~~~~
/mnt/nfs2/engdes/wc296/paper6/dependencies/artemis-framework-overlay-004/source/mmcv-full-1.7.2/mmcv/ops/csrc/common/utils/spconv/spconv/geometry.h:262:21: warning: comparison of integer expressions of different signedness: ‘int’ and ‘unsigned int’ [-Wsign-compare]
  262 |   for (int i = 0; i < NDim; ++i) {
      |                   ~~^~~~~~
/mnt/nfs2/engdes/wc296/paper6/dependencies/artemis-framework-overlay-004/source/mmcv-full-1.7.2/mmcv/ops/csrc/common/utils/spconv/spconv/geometry.h: In instantiation of ‘Index getIndicePairsDeConv(tv::TensorView<const scalar_t>, tv::TensorView<scalar_t>, tv::TensorView<IndexGrid>, tv::TensorView<scalar_t>, tv::TensorView<scalar_t>, const Index*, const Index*, const Index*, const Index*, const Index*) [with Index = int; IndexGrid = int; unsigned int NDim = 4]’:
./mmcv/ops/csrc/pytorch/cpu/sparse_indice.cpp:36:58:   required from ‘Index functor::CreateConvIndicePairFunctor<tv::CPU, Index, IndexGrid, NDim>::operator()(const tv::CPU&, tv::TensorView<const scalar_t>, tv::TensorView<scalar_t>, tv::TensorView<IndexGrid>, tv::TensorView<scalar_t>, tv::TensorView<scalar_t>, tv::SimpleVector<Index, NDim>, tv::SimpleVector<Index, NDim>, tv::SimpleVector<Index, NDim>, tv::SimpleVector<Index, NDim>, tv::SimpleVector<Index, NDim>, bool, bool) [with Index = int; IndexGrid = int; unsigned int NDim = 4]’
./mmcv/ops/csrc/pytorch/cpu/sparse_indice.cpp:80:1:   required from here
/mnt/nfs2/engdes/wc296/paper6/dependencies/artemis-framework-overlay-004/source/mmcv-full-1.7.2/mmcv/ops/csrc/common/utils/spconv/spconv/geometry.h:208:21: warning: comparison of integer expressions of different signedness: ‘int’ and ‘unsigned int’ [-Wsign-compare]
  208 |   for (int i = 0; i < NDim; ++i) {
      |                   ~~^~~~~~
/mnt/nfs2/engdes/wc296/paper6/dependencies/artemis-framework-overlay-004/source/mmcv-full-1.7.2/mmcv/ops/csrc/common/utils/spconv/spconv/geometry.h:213:21: warning: comparison of integer expressions of different signedness: ‘int’ and ‘unsigned int’ [-Wsign-compare]
  213 |   for (int i = 0; i < NDim; ++i) {
      |                   ~~^~~~~~
/mnt/nfs2/engdes/wc296/paper6/dependencies/artemis-framework-overlay-004/source/mmcv-full-1.7.2/mmcv/ops/csrc/common/utils/spconv/spconv/geometry.h: In instantiation of ‘Index getIndicePairsConv(tv::TensorView<const scalar_t>, tv::TensorView<scalar_t>, tv::TensorView<IndexGrid>, tv::TensorView<scalar_t>, tv::TensorView<scalar_t>, const Index*, const Index*, const Index*, const Index*, const Index*) [with Index = int; IndexGrid = int; unsigned int NDim = 4]’:
./mmcv/ops/csrc/pytorch/cpu/sparse_indice.cpp:41:56:   required from ‘Index functor::CreateConvIndicePairFunctor<tv::CPU, Index, IndexGrid, NDim>::operator()(const tv::CPU&, tv::TensorView<const scalar_t>, tv::TensorView<scalar_t>, tv::TensorView<IndexGrid>, tv::TensorView<scalar_t>, tv::TensorView<scalar_t>, tv::SimpleVector<Index, NDim>, tv::SimpleVector<Index, NDim>, tv::SimpleVector<Index, NDim>, tv::SimpleVector<Index, NDim>, tv::SimpleVector<Index, NDim>, bool, bool) [with Index = int; IndexGrid = int; unsigned int NDim = 4]’
./mmcv/ops/csrc/pytorch/cpu/sparse_indice.cpp:80:1:   required from here
/mnt/nfs2/engdes/wc296/paper6/dependencies/artemis-framework-overlay-004/source/mmcv-full-1.7.2/mmcv/ops/csrc/common/utils/spconv/spconv/geometry.h:157:21: warning: comparison of integer expressions of different signedness: ‘int’ and ‘unsigned int’ [-Wsign-compare]
  157 |   for (int i = 0; i < NDim; ++i) {
      |                   ~~^~~~~~
/mnt/nfs2/engdes/wc296/paper6/dependencies/artemis-framework-overlay-004/source/mmcv-full-1.7.2/mmcv/ops/csrc/common/utils/spconv/spconv/geometry.h:162:21: warning: comparison of integer expressions of different signedness: ‘int’ and ‘unsigned int’ [-Wsign-compare]
  162 |   for (int i = 0; i < NDim; ++i) {
      |                   ~~^~~~~~
/mnt/nfs2/engdes/wc296/paper6/dependencies/artemis-framework-overlay-004/source/mmcv-full-1.7.2/mmcv/ops/csrc/common/utils/spconv/spconv/geometry.h: In instantiation of ‘Index getIndicePairsSubM(tv::TensorView<const scalar_t>, tv::TensorView<IndexGrid>, tv::TensorView<scalar_t>, tv::TensorView<scalar_t>, const Index*, const Index*, const Index*, const Index*, const Index*) [with Index = int; IndexGrid = int; unsigned int NDim = 4]’:
./mmcv/ops/csrc/pytorch/cpu/sparse_indice.cpp:60:54:   required from ‘Index functor::CreateSubMIndicePairFunctor<tv::CPU, Index, IndexGrid, NDim>::operator()(const tv::CPU&, tv::TensorView<const scalar_t>, tv::TensorView<IndexGrid>, tv::TensorView<scalar_t>, tv::TensorView<scalar_t>, tv::SimpleVector<Index, NDim>, tv::SimpleVector<Index, NDim>, tv::SimpleVector<Index, NDim>, tv::SimpleVector<Index, NDim>, tv::SimpleVector<Index, NDim>, bool, bool) [with Index = int; IndexGrid = int; unsigned int NDim = 4]’
./mmcv/ops/csrc/pytorch/cpu/sparse_indice.cpp:80:1:   required from here
/mnt/nfs2/engdes/wc296/paper6/dependencies/artemis-framework-overlay-004/source/mmcv-full-1.7.2/mmcv/ops/csrc/common/utils/spconv/spconv/geometry.h:257:21: warning: comparison of integer expressions of different signedness: ‘int’ and ‘unsigned int’ [-Wsign-compare]
  257 |   for (int i = 0; i < NDim; ++i) {
      |                   ~~^~~~~~
/mnt/nfs2/engdes/wc296/paper6/dependencies/artemis-framework-overlay-004/source/mmcv-full-1.7.2/mmcv/ops/csrc/common/utils/spconv/spconv/geometry.h:262:21: warning: comparison of integer expressions of different signedness: ‘int’ and ‘unsigned int’ [-Wsign-compare]
  262 |   for (int i = 0; i < NDim; ++i) {
      |                   ~~^~~~~~
/mnt/nfs2/engdes/wc296/paper6/dependencies/artemis-framework-overlay-004/source/mmcv-full-1.7.2/mmcv/ops/csrc/common/utils/spconv/spconv/geometry.h: In instantiation of ‘Index getIndicePairsDeConv(tv::TensorView<const scalar_t>, tv::TensorView<scalar_t>, tv::TensorView<IndexGrid>, tv::TensorView<scalar_t>, tv::TensorView<scalar_t>, const Index*, const Index*, const Index*, const Index*, const Index*) [with Index = long int; IndexGrid = int; unsigned int NDim = 1]’:
./mmcv/ops/csrc/pytorch/cpu/sparse_indice.cpp:36:58:   required from ‘Index functor::CreateConvIndicePairFunctor<tv::CPU, Index, IndexGrid, NDim>::operator()(const tv::CPU&, tv::TensorView<const scalar_t>, tv::TensorView<scalar_t>, tv::TensorView<IndexGrid>, tv::TensorView<scalar_t>, tv::TensorView<scalar_t>, tv::SimpleVector<Index, NDim>, tv::SimpleVector<Index, NDim>, tv::SimpleVector<Index, NDim>, tv::SimpleVector<Index, NDim>, tv::SimpleVector<Index, NDim>, bool, bool) [with Index = long int; IndexGrid = int; unsigned int NDim = 1]’
./mmcv/ops/csrc/pytorch/cpu/sparse_indice.cpp:81:1:   required from here
/mnt/nfs2/engdes/wc296/paper6/dependencies/artemis-framework-overlay-004/source/mmcv-full-1.7.2/mmcv/ops/csrc/common/utils/spconv/spconv/geometry.h:208:21: warning: comparison of integer expressions of different signedness: ‘int’ and ‘unsigned int’ [-Wsign-compare]
  208 |   for (int i = 0; i < NDim; ++i) {
      |                   ~~^~~~~~
/mnt/nfs2/engdes/wc296/paper6/dependencies/artemis-framework-overlay-004/source/mmcv-full-1.7.2/mmcv/ops/csrc/common/utils/spconv/spconv/geometry.h:213:21: warning: comparison of integer expressions of different signedness: ‘int’ and ‘unsigned int’ [-Wsign-compare]
  213 |   for (int i = 0; i < NDim; ++i) {
      |                   ~~^~~~~~
/mnt/nfs2/engdes/wc296/paper6/dependencies/artemis-framework-overlay-004/source/mmcv-full-1.7.2/mmcv/ops/csrc/common/utils/spconv/spconv/geometry.h: In instantiation of ‘Index getIndicePairsConv(tv::TensorView<const scalar_t>, tv::TensorView<scalar_t>, tv::TensorView<IndexGrid>, tv::TensorView<scalar_t>, tv::TensorView<scalar_t>, const Index*, const Index*, const Index*, const Index*, const Index*) [with Index = long int; IndexGrid = int; unsigned int NDim = 1]’:
./mmcv/ops/csrc/pytorch/cpu/sparse_indice.cpp:41:56:   required from ‘Index functor::CreateConvIndicePairFunctor<tv::CPU, Index, IndexGrid, NDim>::operator()(const tv::CPU&, tv::TensorView<const scalar_t>, tv::TensorView<scalar_t>, tv::TensorView<IndexGrid>, tv::TensorView<scalar_t>, tv::TensorView<scalar_t>, tv::SimpleVector<Index, NDim>, tv::SimpleVector<Index, NDim>, tv::SimpleVector<Index, NDim>, tv::SimpleVector<Index, NDim>, tv::SimpleVector<Index, NDim>, bool, bool) [with Index = long int; IndexGrid = int; unsigned int NDim = 1]’
./mmcv/ops/csrc/pytorch/cpu/sparse_indice.cpp:81:1:   required from here
/mnt/nfs2/engdes/wc296/paper6/dependencies/artemis-framework-overlay-004/source/mmcv-full-1.7.2/mmcv/ops/csrc/common/utils/spconv/spconv/geometry.h:157:21: warning: comparison of integer expressions of different signedness: ‘int’ and ‘unsigned int’ [-Wsign-compare]
  157 |   for (int i = 0; i < NDim; ++i) {
      |                   ~~^~~~~~
/mnt/nfs2/engdes/wc296/paper6/dependencies/artemis-framework-overlay-004/source/mmcv-full-1.7.2/mmcv/ops/csrc/common/utils/spconv/spconv/geometry.h:162:21: warning: comparison of integer expressions of different signedness: ‘int’ and ‘unsigned int’ [-Wsign-compare]
  162 |   for (int i = 0; i < NDim; ++i) {
      |                   ~~^~~~~~
/mnt/nfs2/engdes/wc296/paper6/dependencies/artemis-framework-overlay-004/source/mmcv-full-1.7.2/mmcv/ops/csrc/common/utils/spconv/spconv/geometry.h: In instantiation of ‘Index getIndicePairsSubM(tv::TensorView<const scalar_t>, tv::TensorView<IndexGrid>, tv::TensorView<scalar_t>, tv::TensorView<scalar_t>, const Index*, const Index*, const Index*, const Index*, const Index*) [with Index = long int; IndexGrid = int; unsigned int NDim = 1]’:
./mmcv/ops/csrc/pytorch/cpu/sparse_indice.cpp:60:54:   required from ‘Index functor::CreateSubMIndicePairFunctor<tv::CPU, Index, IndexGrid, NDim>::operator()(const tv::CPU&, tv::TensorView<const scalar_t>, tv::TensorView<IndexGrid>, tv::TensorView<scalar_t>, tv::TensorView<scalar_t>, tv::SimpleVector<Index, NDim>, tv::SimpleVector<Index, NDim>, tv::SimpleVector<Index, NDim>, tv::SimpleVector<Index, NDim>, tv::SimpleVector<Index, NDim>, bool, bool) [with Index = long int; IndexGrid = int; unsigned int NDim = 1]’
./mmcv/ops/csrc/pytorch/cpu/sparse_indice.cpp:81:1:   required from here
/mnt/nfs2/engdes/wc296/paper6/dependencies/artemis-framework-overlay-004/source/mmcv-full-1.7.2/mmcv/ops/csrc/common/utils/spconv/spconv/geometry.h:257:21: warning: comparison of integer expressions of different signedness: ‘int’ and ‘unsigned int’ [-Wsign-compare]
  257 |   for (int i = 0; i < NDim; ++i) {
      |                   ~~^~~~~~
/mnt/nfs2/engdes/wc296/paper6/dependencies/artemis-framework-overlay-004/source/mmcv-full-1.7.2/mmcv/ops/csrc/common/utils/spconv/spconv/geometry.h:262:21: warning: comparison of integer expressions of different signedness: ‘int’ and ‘unsigned int’ [-Wsign-compare]
  262 |   for (int i = 0; i < NDim; ++i) {
      |                   ~~^~~~~~
/mnt/nfs2/engdes/wc296/paper6/dependencies/artemis-framework-overlay-004/source/mmcv-full-1.7.2/mmcv/ops/csrc/common/utils/spconv/spconv/geometry.h: In instantiation of ‘Index getIndicePairsDeConv(tv::TensorView<const scalar_t>, tv::TensorView<scalar_t>, tv::TensorView<IndexGrid>, tv::TensorView<scalar_t>, tv::TensorView<scalar_t>, const Index*, const Index*, const Index*, const Index*, const Index*) [with Index = long int; IndexGrid = int; unsigned int NDim = 2]’:
./mmcv/ops/csrc/pytorch/cpu/sparse_indice.cpp:36:58:   required from ‘Index functor::CreateConvIndicePairFunctor<tv::CPU, Index, IndexGrid, NDim>::operator()(const tv::CPU&, tv::TensorView<const scalar_t>, tv::TensorView<scalar_t>, tv::TensorView<IndexGrid>, tv::TensorView<scalar_t>, tv::TensorView<scalar_t>, tv::SimpleVector<Index, NDim>, tv::SimpleVector<Index, NDim>, tv::SimpleVector<Index, NDim>, tv::SimpleVector<Index, NDim>, tv::SimpleVector<Index, NDim>, bool, bool) [with Index = long int; IndexGrid = int; unsigned int NDim = 2]’
./mmcv/ops/csrc/pytorch/cpu/sparse_indice.cpp:81:1:   required from here
/mnt/nfs2/engdes/wc296/paper6/dependencies/artemis-framework-overlay-004/source/mmcv-full-1.7.2/mmcv/ops/csrc/common/utils/spconv/spconv/geometry.h:208:21: warning: comparison of integer expressions of different signedness: ‘int’ and ‘unsigned int’ [-Wsign-compare]
  208 |   for (int i = 0; i < NDim; ++i) {
      |                   ~~^~~~~~
/mnt/nfs2/engdes/wc296/paper6/dependencies/artemis-framework-overlay-004/source/mmcv-full-1.7.2/mmcv/ops/csrc/common/utils/spconv/spconv/geometry.h:213:21: warning: comparison of integer expressions of different signedness: ‘int’ and ‘unsigned int’ [-Wsign-compare]
  213 |   for (int i = 0; i < NDim; ++i) {
      |                   ~~^~~~~~
/mnt/nfs2/engdes/wc296/paper6/dependencies/artemis-framework-overlay-004/source/mmcv-full-1.7.2/mmcv/ops/csrc/common/utils/spconv/spconv/geometry.h: In instantiation of ‘Index getIndicePairsConv(tv::TensorView<const scalar_t>, tv::TensorView<scalar_t>, tv::TensorView<IndexGrid>, tv::TensorView<scalar_t>, tv::TensorView<scalar_t>, const Index*, const Index*, const Index*, const Index*, const Index*) [with Index = long int; IndexGrid = int; unsigned int NDim = 2]’:
./mmcv/ops/csrc/pytorch/cpu/sparse_indice.cpp:41:56:   required from ‘Index functor::CreateConvIndicePairFunctor<tv::CPU, Index, IndexGrid, NDim>::operator()(const tv::CPU&, tv::TensorView<const scalar_t>, tv::TensorView<scalar_t>, tv::TensorView<IndexGrid>, tv::TensorView<scalar_t>, tv::TensorView<scalar_t>, tv::SimpleVector<Index, NDim>, tv::SimpleVector<Index, NDim>, tv::SimpleVector<Index, NDim>, tv::SimpleVector<Index, NDim>, tv::SimpleVector<Index, NDim>, bool, bool) [with Index = long int; IndexGrid = int; unsigned int NDim = 2]’
./mmcv/ops/csrc/pytorch/cpu/sparse_indice.cpp:81:1:   required from here
/mnt/nfs2/engdes/wc296/paper6/dependencies/artemis-framework-overlay-004/source/mmcv-full-1.7.2/mmcv/ops/csrc/common/utils/spconv/spconv/geometry.h:157:21: warning: comparison of integer expressions of different signedness: ‘int’ and ‘unsigned int’ [-Wsign-compare]
  157 |   for (int i = 0; i < NDim; ++i) {
      |                   ~~^~~~~~
/mnt/nfs2/engdes/wc296/paper6/dependencies/artemis-framework-overlay-004/source/mmcv-full-1.7.2/mmcv/ops/csrc/common/utils/spconv/spconv/geometry.h:162:21: warning: comparison of integer expressions of different signedness: ‘int’ and ‘unsigned int’ [-Wsign-compare]
  162 |   for (int i = 0; i < NDim; ++i) {
      |                   ~~^~~~~~
/mnt/nfs2/engdes/wc296/paper6/dependencies/artemis-framework-overlay-004/source/mmcv-full-1.7.2/mmcv/ops/csrc/common/utils/spconv/spconv/geometry.h: In instantiation of ‘Index getIndicePairsSubM(tv::TensorView<const scalar_t>, tv::TensorView<IndexGrid>, tv::TensorView<scalar_t>, tv::TensorView<scalar_t>, const Index*, const Index*, const Index*, const Index*, const Index*) [with Index = long int; IndexGrid = int; unsigned int NDim = 2]’:
./mmcv/ops/csrc/pytorch/cpu/sparse_indice.cpp:60:54:   required from ‘Index functor::CreateSubMIndicePairFunctor<tv::CPU, Index, IndexGrid, NDim>::operator()(const tv::CPU&, tv::TensorView<const scalar_t>, tv::TensorView<IndexGrid>, tv::TensorView<scalar_t>, tv::TensorView<scalar_t>, tv::SimpleVector<Index, NDim>, tv::SimpleVector<Index, NDim>, tv::SimpleVector<Index, NDim>, tv::SimpleVector<Index, NDim>, tv::SimpleVector<Index, NDim>, bool, bool) [with Index = long int; IndexGrid = int; unsigned int NDim = 2]’
./mmcv/ops/csrc/pytorch/cpu/sparse_indice.cpp:81:1:   required from here
/mnt/nfs2/engdes/wc296/paper6/dependencies/artemis-framework-overlay-004/source/mmcv-full-1.7.2/mmcv/ops/csrc/common/utils/spconv/spconv/geometry.h:257:21: warning: comparison of integer expressions of different signedness: ‘int’ and ‘unsigned int’ [-Wsign-compare]
  257 |   for (int i = 0; i < NDim; ++i) {
      |                   ~~^~~~~~
/mnt/nfs2/engdes/wc296/paper6/dependencies/artemis-framework-overlay-004/source/mmcv-full-1.7.2/mmcv/ops/csrc/common/utils/spconv/spconv/geometry.h:262:21: warning: comparison of integer expressions of different signedness: ‘int’ and ‘unsigned int’ [-Wsign-compare]
  262 |   for (int i = 0; i < NDim; ++i) {
      |                   ~~^~~~~~
/mnt/nfs2/engdes/wc296/paper6/dependencies/artemis-framework-overlay-004/source/mmcv-full-1.7.2/mmcv/ops/csrc/common/utils/spconv/spconv/geometry.h: In instantiation of ‘Index getIndicePairsDeConv(tv::TensorView<const scalar_t>, tv::TensorView<scalar_t>, tv::TensorView<IndexGrid>, tv::TensorView<scalar_t>, tv::TensorView<scalar_t>, const Index*, const Index*, const Index*, const Index*, const Index*) [with Index = long int; IndexGrid = int; unsigned int NDim = 3]’:
./mmcv/ops/csrc/pytorch/cpu/sparse_indice.cpp:36:58:   required from ‘Index functor::CreateConvIndicePairFunctor<tv::CPU, Index, IndexGrid, NDim>::operator()(const tv::CPU&, tv::TensorView<const scalar_t>, tv::TensorView<scalar_t>, tv::TensorView<IndexGrid>, tv::TensorView<scalar_t>, tv::TensorView<scalar_t>, tv::SimpleVector<Index, NDim>, tv::SimpleVector<Index, NDim>, tv::SimpleVector<Index, NDim>, tv::SimpleVector<Index, NDim>, tv::SimpleVector<Index, NDim>, bool, bool) [with Index = long int; IndexGrid = int; unsigned int NDim = 3]’
./mmcv/ops/csrc/pytorch/cpu/sparse_indice.cpp:81:1:   required from here
/mnt/nfs2/engdes/wc296/paper6/dependencies/artemis-framework-overlay-004/source/mmcv-full-1.7.2/mmcv/ops/csrc/common/utils/spconv/spconv/geometry.h:208:21: warning: comparison of integer expressions of different signedness: ‘int’ and ‘unsigned int’ [-Wsign-compare]
  208 |   for (int i = 0; i < NDim; ++i) {
      |                   ~~^~~~~~
/mnt/nfs2/engdes/wc296/paper6/dependencies/artemis-framework-overlay-004/source/mmcv-full-1.7.2/mmcv/ops/csrc/common/utils/spconv/spconv/geometry.h:213:21: warning: comparison of integer expressions of different signedness: ‘int’ and ‘unsigned int’ [-Wsign-compare]
  213 |   for (int i = 0; i < NDim; ++i) {
      |                   ~~^~~~~~
/mnt/nfs2/engdes/wc296/paper6/dependencies/artemis-framework-overlay-004/source/mmcv-full-1.7.2/mmcv/ops/csrc/common/utils/spconv/spconv/geometry.h: In instantiation of ‘Index getIndicePairsConv(tv::TensorView<const scalar_t>, tv::TensorView<scalar_t>, tv::TensorView<IndexGrid>, tv::TensorView<scalar_t>, tv::TensorView<scalar_t>, const Index*, const Index*, const Index*, const Index*, const Index*) [with Index = long int; IndexGrid = int; unsigned int NDim = 3]’:
./mmcv/ops/csrc/pytorch/cpu/sparse_indice.cpp:41:56:   required from ‘Index functor::CreateConvIndicePairFunctor<tv::CPU, Index, IndexGrid, NDim>::operator()(const tv::CPU&, tv::TensorView<const scalar_t>, tv::TensorView<scalar_t>, tv::TensorView<IndexGrid>, tv::TensorView<scalar_t>, tv::TensorView<scalar_t>, tv::SimpleVector<Index, NDim>, tv::SimpleVector<Index, NDim>, tv::SimpleVector<Index, NDim>, tv::SimpleVector<Index, NDim>, tv::SimpleVector<Index, NDim>, bool, bool) [with Index = long int; IndexGrid = int; unsigned int NDim = 3]’
./mmcv/ops/csrc/pytorch/cpu/sparse_indice.cpp:81:1:   required from here
/mnt/nfs2/engdes/wc296/paper6/dependencies/artemis-framework-overlay-004/source/mmcv-full-1.7.2/mmcv/ops/csrc/common/utils/spconv/spconv/geometry.h:157:21: warning: comparison of integer expressions of different signedness: ‘int’ and ‘unsigned int’ [-Wsign-compare]
  157 |   for (int i = 0; i < NDim; ++i) {
      |                   ~~^~~~~~
/mnt/nfs2/engdes/wc296/paper6/dependencies/artemis-framework-overlay-004/source/mmcv-full-1.7.2/mmcv/ops/csrc/common/utils/spconv/spconv/geometry.h:162:21: warning: comparison of integer expressions of different signedness: ‘int’ and ‘unsigned int’ [-Wsign-compare]
  162 |   for (int i = 0; i < NDim; ++i) {
      |                   ~~^~~~~~
/mnt/nfs2/engdes/wc296/paper6/dependencies/artemis-framework-overlay-004/source/mmcv-full-1.7.2/mmcv/ops/csrc/common/utils/spconv/spconv/geometry.h: In instantiation of ‘Index getIndicePairsSubM(tv::TensorView<const scalar_t>, tv::TensorView<IndexGrid>, tv::TensorView<scalar_t>, tv::TensorView<scalar_t>, const Index*, const Index*, const Index*, const Index*, const Index*) [with Index = long int; IndexGrid = int; unsigned int NDim = 3]’:
./mmcv/ops/csrc/pytorch/cpu/sparse_indice.cpp:60:54:   required from ‘Index functor::CreateSubMIndicePairFunctor<tv::CPU, Index, IndexGrid, NDim>::operator()(const tv::CPU&, tv::TensorView<const scalar_t>, tv::TensorView<IndexGrid>, tv::TensorView<scalar_t>, tv::TensorView<scalar_t>, tv::SimpleVector<Index, NDim>, tv::SimpleVector<Index, NDim>, tv::SimpleVector<Index, NDim>, tv::SimpleVector<Index, NDim>, tv::SimpleVector<Index, NDim>, bool, bool) [with Index = long int; IndexGrid = int; unsigned int NDim = 3]’
./mmcv/ops/csrc/pytorch/cpu/sparse_indice.cpp:81:1:   required from here
/mnt/nfs2/engdes/wc296/paper6/dependencies/artemis-framework-overlay-004/source/mmcv-full-1.7.2/mmcv/ops/csrc/common/utils/spconv/spconv/geometry.h:257:21: warning: comparison of integer expressions of different signedness: ‘int’ and ‘unsigned int’ [-Wsign-compare]
  257 |   for (int i = 0; i < NDim; ++i) {
      |                   ~~^~~~~~
/mnt/nfs2/engdes/wc296/paper6/dependencies/artemis-framework-overlay-004/source/mmcv-full-1.7.2/mmcv/ops/csrc/common/utils/spconv/spconv/geometry.h:262:21: warning: comparison of integer expressions of different signedness: ‘int’ and ‘unsigned int’ [-Wsign-compare]
  262 |   for (int i = 0; i < NDim; ++i) {
      |                   ~~^~~~~~
/mnt/nfs2/engdes/wc296/paper6/dependencies/artemis-framework-overlay-004/source/mmcv-full-1.7.2/mmcv/ops/csrc/common/utils/spconv/spconv/geometry.h: In instantiation of ‘Index getIndicePairsDeConv(tv::TensorView<const scalar_t>, tv::TensorView<scalar_t>, tv::TensorView<IndexGrid>, tv::TensorView<scalar_t>, tv::TensorView<scalar_t>, const Index*, const Index*, const Index*, const Index*, const Index*) [with Index = long int; IndexGrid = int; unsigned int NDim = 4]’:
./mmcv/ops/csrc/pytorch/cpu/sparse_indice.cpp:36:58:   required from ‘Index functor::CreateConvIndicePairFunctor<tv::CPU, Index, IndexGrid, NDim>::operator()(const tv::CPU&, tv::TensorView<const scalar_t>, tv::TensorView<scalar_t>, tv::TensorView<IndexGrid>, tv::TensorView<scalar_t>, tv::TensorView<scalar_t>, tv::SimpleVector<Index, NDim>, tv::SimpleVector<Index, NDim>, tv::SimpleVector<Index, NDim>, tv::SimpleVector<Index, NDim>, tv::SimpleVector<Index, NDim>, bool, bool) [with Index = long int; IndexGrid = int; unsigned int NDim = 4]’
./mmcv/ops/csrc/pytorch/cpu/sparse_indice.cpp:81:1:   required from here
/mnt/nfs2/engdes/wc296/paper6/dependencies/artemis-framework-overlay-004/source/mmcv-full-1.7.2/mmcv/ops/csrc/common/utils/spconv/spconv/geometry.h:208:21: warning: comparison of integer expressions of different signedness: ‘int’ and ‘unsigned int’ [-Wsign-compare]
  208 |   for (int i = 0; i < NDim; ++i) {
      |                   ~~^~~~~~
/mnt/nfs2/engdes/wc296/paper6/dependencies/artemis-framework-overlay-004/source/mmcv-full-1.7.2/mmcv/ops/csrc/common/utils/spconv/spconv/geometry.h:213:21: warning: comparison of integer expressions of different signedness: ‘int’ and ‘unsigned int’ [-Wsign-compare]
  213 |   for (int i = 0; i < NDim; ++i) {
      |                   ~~^~~~~~
/mnt/nfs2/engdes/wc296/paper6/dependencies/artemis-framework-overlay-004/source/mmcv-full-1.7.2/mmcv/ops/csrc/common/utils/spconv/spconv/geometry.h: In instantiation of ‘Index getIndicePairsConv(tv::TensorView<const scalar_t>, tv::TensorView<scalar_t>, tv::TensorView<IndexGrid>, tv::TensorView<scalar_t>, tv::TensorView<scalar_t>, const Index*, const Index*, const Index*, const Index*, const Index*) [with Index = long int; IndexGrid = int; unsigned int NDim = 4]’:
./mmcv/ops/csrc/pytorch/cpu/sparse_indice.cpp:41:56:   required from ‘Index functor::CreateConvIndicePairFunctor<tv::CPU, Index, IndexGrid, NDim>::operator()(const tv::CPU&, tv::TensorView<const scalar_t>, tv::TensorView<scalar_t>, tv::TensorView<IndexGrid>, tv::TensorView<scalar_t>, tv::TensorView<scalar_t>, tv::SimpleVector<Index, NDim>, tv::SimpleVector<Index, NDim>, tv::SimpleVector<Index, NDim>, tv::SimpleVector<Index, NDim>, tv::SimpleVector<Index, NDim>, bool, bool) [with Index = long int; IndexGrid = int; unsigned int NDim = 4]’
./mmcv/ops/csrc/pytorch/cpu/sparse_indice.cpp:81:1:   required from here
/mnt/nfs2/engdes/wc296/paper6/dependencies/artemis-framework-overlay-004/source/mmcv-full-1.7.2/mmcv/ops/csrc/common/utils/spconv/spconv/geometry.h:157:21: warning: comparison of integer expressions of different signedness: ‘int’ and ‘unsigned int’ [-Wsign-compare]
  157 |   for (int i = 0; i < NDim; ++i) {
      |                   ~~^~~~~~
/mnt/nfs2/engdes/wc296/paper6/dependencies/artemis-framework-overlay-004/source/mmcv-full-1.7.2/mmcv/ops/csrc/common/utils/spconv/spconv/geometry.h:162:21: warning: comparison of integer expressions of different signedness: ‘int’ and ‘unsigned int’ [-Wsign-compare]
  162 |   for (int i = 0; i < NDim; ++i) {
      |                   ~~^~~~~~
/mnt/nfs2/engdes/wc296/paper6/dependencies/artemis-framework-overlay-004/source/mmcv-full-1.7.2/mmcv/ops/csrc/common/utils/spconv/spconv/geometry.h: In instantiation of ‘Index getIndicePairsSubM(tv::TensorView<const scalar_t>, tv::TensorView<IndexGrid>, tv::TensorView<scalar_t>, tv::TensorView<scalar_t>, const Index*, const Index*, const Index*, const Index*, const Index*) [with Index = long int; IndexGrid = int; unsigned int NDim = 4]’:
./mmcv/ops/csrc/pytorch/cpu/sparse_indice.cpp:60:54:   required from ‘Index functor::CreateSubMIndicePairFunctor<tv::CPU, Index, IndexGrid, NDim>::operator()(const tv::CPU&, tv::TensorView<const scalar_t>, tv::TensorView<IndexGrid>, tv::TensorView<scalar_t>, tv::TensorView<scalar_t>, tv::SimpleVector<Index, NDim>, tv::SimpleVector<Index, NDim>, tv::SimpleVector<Index, NDim>, tv::SimpleVector<Index, NDim>, tv::SimpleVector<Index, NDim>, bool, bool) [with Index = long int; IndexGrid = int; unsigned int NDim = 4]’
./mmcv/ops/csrc/pytorch/cpu/sparse_indice.cpp:81:1:   required from here
/mnt/nfs2/engdes/wc296/paper6/dependencies/artemis-framework-overlay-004/source/mmcv-full-1.7.2/mmcv/ops/csrc/common/utils/spconv/spconv/geometry.h:257:21: warning: comparison of integer expressions of different signedness: ‘int’ and ‘unsigned int’ [-Wsign-compare]
  257 |   for (int i = 0; i < NDim; ++i) {
      |                   ~~^~~~~~
/mnt/nfs2/engdes/wc296/paper6/dependencies/artemis-framework-overlay-004/source/mmcv-full-1.7.2/mmcv/ops/csrc/common/utils/spconv/spconv/geometry.h:262:21: warning: comparison of integer expressions of different signedness: ‘int’ and ‘unsigned int’ [-Wsign-compare]
  262 |   for (int i = 0; i < NDim; ++i) {
      |                   ~~^~~~~~
g++ -pthread -B /its/home/wc296/miniconda3/compiler_compat -fno-strict-overflow -Wsign-compare -DNDEBUG -O2 -Wall -fPIC -O2 -isystem /its/home/wc296/miniconda3/include -fPIC -O2 -isystem /its/home/wc296/miniconda3/include -fPIC -DMMCV_WITH_CUDA -I/mnt/nfs2/engdes/wc296/paper6/dependencies/artemis-framework-overlay-004/source/mmcv-full-1.7.2/mmcv/ops/csrc/pytorch -I/mnt/nfs2/engdes/wc296/paper6/dependencies/artemis-framework-overlay-004/source/mmcv-full-1.7.2/mmcv/ops/csrc/common -I/mnt/nfs2/engdes/wc296/paper6/dependencies/artemis-framework-overlay-004/source/mmcv-full-1.7.2/mmcv/ops/csrc/common/cuda -I/mnt/nfs2/engdes/wc296/paper6/envs/torch-cu128-001/lib/python3.12/site-packages/torch/include -I/mnt/nfs2/engdes/wc296/paper6/envs/torch-cu128-001/lib/python3.12/site-packages/torch/include/torch/csrc/api/include -I/mnt/nfs2/engdes/wc296/paper6/toolchains/cuda-12.8-001/include -I/mnt/nfs2/engdes/wc296/paper6/envs/torch-cu128-001/include -I/its/home/wc296/miniconda3/include/python3.12 -c ./mmcv/ops/csrc/pytorch/cpu/sparse_maxpool.cpp -o build/temp.linux-x86_64-cpython-312/mmcv/ops/csrc/pytorch/cpu/sparse_maxpool.o -std=c++17 -DTORCH_API_INCLUDE_EXTENSION_H -DPYBIND11_COMPILER_TYPE=\"_gcc\" -DPYBIND11_STDLIB=\"_libstdcpp\" -DPYBIND11_BUILD_ABI=\"_cxxabi1016\" -DTORCH_EXTENSION_NAME=_ext -D_GLIBCXX_USE_CXX11_ABI=1
In file included from /mnt/nfs2/engdes/wc296/paper6/dependencies/artemis-framework-overlay-004/source/mmcv-full-1.7.2/mmcv/ops/csrc/common/utils/spconv/spconv/maxpool.h:17,
                 from ./mmcv/ops/csrc/pytorch/cpu/sparse_maxpool.cpp:16:
/mnt/nfs2/engdes/wc296/paper6/dependencies/artemis-framework-overlay-004/source/mmcv-full-1.7.2/mmcv/ops/csrc/common/utils/spconv/tensorview/tensorview.h:387: warning: ignoring ‘#pragma unroll ’ [-Wunknown-pragmas]
  387 | #pragma unroll
      | 
/mnt/nfs2/engdes/wc296/paper6/dependencies/artemis-framework-overlay-004/source/mmcv-full-1.7.2/mmcv/ops/csrc/common/utils/spconv/tensorview/tensorview.h:412: warning: ignoring ‘#pragma unroll ’ [-Wunknown-pragmas]
  412 | #pragma unroll
      | 
/mnt/nfs2/engdes/wc296/paper6/dependencies/artemis-framework-overlay-004/source/mmcv-full-1.7.2/mmcv/ops/csrc/common/utils/spconv/tensorview/tensorview.h:436: warning: ignoring ‘#pragma unroll ’ [-Wunknown-pragmas]
  436 | #pragma unroll
      | 
/mnt/nfs2/engdes/wc296/paper6/dependencies/artemis-framework-overlay-004/source/mmcv-full-1.7.2/mmcv/ops/csrc/common/utils/spconv/tensorview/tensorview.h:447: warning: ignoring ‘#pragma unroll ’ [-Wunknown-pragmas]
  447 | #pragma unroll
      | 
/mnt/nfs2/engdes/wc296/paper6/dependencies/artemis-framework-overlay-004/source/mmcv-full-1.7.2/mmcv/ops/csrc/common/utils/spconv/tensorview/tensorview.h:885: warning: ignoring ‘#pragma unroll ’ [-Wunknown-pragmas]
  885 | #pragma unroll
      | 
/mnt/nfs2/engdes/wc296/paper6/dependencies/artemis-framework-overlay-004/source/mmcv-full-1.7.2/mmcv/ops/csrc/common/utils/spconv/tensorview/tensorview.h:895: warning: ignoring ‘#pragma unroll ’ [-Wunknown-pragmas]
  895 | #pragma unroll
      | 
/mnt/nfs2/engdes/wc296/paper6/dependencies/artemis-framework-overlay-004/source/mmcv-full-1.7.2/mmcv/ops/csrc/common/utils/spconv/tensorview/tensorview.h:901: warning: ignoring ‘#pragma unroll ’ [-Wunknown-pragmas]
  901 | #pragma unroll
      | 
/mnt/nfs2/engdes/wc296/paper6/dependencies/artemis-framework-overlay-004/source/mmcv-full-1.7.2/mmcv/ops/csrc/common/utils/spconv/tensorview/tensorview.h:907: warning: ignoring ‘#pragma unroll ’ [-Wunknown-pragmas]
  907 | #pragma unroll
      | 
/mnt/nfs2/engdes/wc296/paper6/dependencies/artemis-framework-overlay-004/source/mmcv-full-1.7.2/mmcv/ops/csrc/common/utils/spconv/tensorview/tensorview.h: In instantiation of ‘tv::ShapeBase<MaxDim> tv::ShapeBase<MaxDim>::subshape(int) const [with long unsigned int MaxDim = 6]’:
/mnt/nfs2/engdes/wc296/paper6/dependencies/artemis-framework-overlay-004/source/mmcv-full-1.7.2/mmcv/ops/csrc/common/utils/spconv/tensorview/tensorview.h:922:54:   required from ‘tv::TensorView<scalar_t, Rank> tv::TensorView<scalar_t, Rank>::subview(int, Integers ...) [with Integers = {}; scalar_t = const int; int Rank = -1]’
./mmcv/ops/csrc/pytorch/cpu/sparse_maxpool.cpp:29:37:   required from ‘void functor::SparseMaxPoolForwardFunctor<tv::CPU, scalar_t, Index>::operator()(const tv::CPU&, tv::TensorView<scalar_t>, tv::TensorView<const scalar_t>, tv::TensorView<const scalar_t>, int) [with scalar_t = float; Index = int]’
./mmcv/ops/csrc/pytorch/cpu/sparse_maxpool.cpp:77:1:   required from here
/mnt/nfs2/engdes/wc296/paper6/dependencies/artemis-framework-overlay-004/source/mmcv-full-1.7.2/mmcv/ops/csrc/common/utils/spconv/tensorview/tensorview.h:345:27: warning: comparison of integer expressions of different signedness: ‘int’ and ‘const size_t’ {aka ‘const long unsigned int’} [-Wsign-compare]
  345 |     for (int i = start; i < this->mSize; ++i) {
      |                         ~~^~~~~~~~~~~~~
g++ -pthread -B /its/home/wc296/miniconda3/compiler_compat -fno-strict-overflow -Wsign-compare -DNDEBUG -O2 -Wall -fPIC -O2 -isystem /its/home/wc296/miniconda3/include -fPIC -O2 -isystem /its/home/wc296/miniconda3/include -fPIC -DMMCV_WITH_CUDA -I/mnt/nfs2/engdes/wc296/paper6/dependencies/artemis-framework-overlay-004/source/mmcv-full-1.7.2/mmcv/ops/csrc/pytorch -I/mnt/nfs2/engdes/wc296/paper6/dependencies/artemis-framework-overlay-004/source/mmcv-full-1.7.2/mmcv/ops/csrc/common -I/mnt/nfs2/engdes/wc296/paper6/dependencies/artemis-framework-overlay-004/source/mmcv-full-1.7.2/mmcv/ops/csrc/common/cuda -I/mnt/nfs2/engdes/wc296/paper6/envs/torch-cu128-001/lib/python3.12/site-packages/torch/include -I/mnt/nfs2/engdes/wc296/paper6/envs/torch-cu128-001/lib/python3.12/site-packages/torch/include/torch/csrc/api/include -I/mnt/nfs2/engdes/wc296/paper6/toolchains/cuda-12.8-001/include -I/mnt/nfs2/engdes/wc296/paper6/envs/torch-cu128-001/include -I/its/home/wc296/miniconda3/include/python3.12 -c ./mmcv/ops/csrc/pytorch/cpu/sparse_reordering.cpp -o build/temp.linux-x86_64-cpython-312/mmcv/ops/csrc/pytorch/cpu/sparse_reordering.o -std=c++17 -DTORCH_API_INCLUDE_EXTENSION_H -DPYBIND11_COMPILER_TYPE=\"_gcc\" -DPYBIND11_STDLIB=\"_libstdcpp\" -DPYBIND11_BUILD_ABI=\"_cxxabi1016\" -DTORCH_EXTENSION_NAME=_ext -D_GLIBCXX_USE_CXX11_ABI=1
In file included from /mnt/nfs2/engdes/wc296/paper6/dependencies/artemis-framework-overlay-004/source/mmcv-full-1.7.2/mmcv/ops/csrc/common/utils/spconv/spconv/reordering.h:17,
                 from ./mmcv/ops/csrc/pytorch/cpu/sparse_reordering.cpp:16:
/mnt/nfs2/engdes/wc296/paper6/dependencies/artemis-framework-overlay-004/source/mmcv-full-1.7.2/mmcv/ops/csrc/common/utils/spconv/tensorview/tensorview.h:387: warning: ignoring ‘#pragma unroll ’ [-Wunknown-pragmas]
  387 | #pragma unroll
      | 
/mnt/nfs2/engdes/wc296/paper6/dependencies/artemis-framework-overlay-004/source/mmcv-full-1.7.2/mmcv/ops/csrc/common/utils/spconv/tensorview/tensorview.h:412: warning: ignoring ‘#pragma unroll ’ [-Wunknown-pragmas]
  412 | #pragma unroll
      | 
/mnt/nfs2/engdes/wc296/paper6/dependencies/artemis-framework-overlay-004/source/mmcv-full-1.7.2/mmcv/ops/csrc/common/utils/spconv/tensorview/tensorview.h:436: warning: ignoring ‘#pragma unroll ’ [-Wunknown-pragmas]
  436 | #pragma unroll
      | 
/mnt/nfs2/engdes/wc296/paper6/dependencies/artemis-framework-overlay-004/source/mmcv-full-1.7.2/mmcv/ops/csrc/common/utils/spconv/tensorview/tensorview.h:447: warning: ignoring ‘#pragma unroll ’ [-Wunknown-pragmas]
  447 | #pragma unroll
      | 
/mnt/nfs2/engdes/wc296/paper6/dependencies/artemis-framework-overlay-004/source/mmcv-full-1.7.2/mmcv/ops/csrc/common/utils/spconv/tensorview/tensorview.h:885: warning: ignoring ‘#pragma unroll ’ [-Wunknown-pragmas]
  885 | #pragma unroll
      | 
/mnt/nfs2/engdes/wc296/paper6/dependencies/artemis-framework-overlay-004/source/mmcv-full-1.7.2/mmcv/ops/csrc/common/utils/spconv/tensorview/tensorview.h:895: warning: ignoring ‘#pragma unroll ’ [-Wunknown-pragmas]
  895 | #pragma unroll
      | 
/mnt/nfs2/engdes/wc296/paper6/dependencies/artemis-framework-overlay-004/source/mmcv-full-1.7.2/mmcv/ops/csrc/common/utils/spconv/tensorview/tensorview.h:901: warning: ignoring ‘#pragma unroll ’ [-Wunknown-pragmas]
  901 | #pragma unroll
      | 
/mnt/nfs2/engdes/wc296/paper6/dependencies/artemis-framework-overlay-004/source/mmcv-full-1.7.2/mmcv/ops/csrc/common/utils/spconv/tensorview/tensorview.h:907: warning: ignoring ‘#pragma unroll ’ [-Wunknown-pragmas]
  907 | #pragma unroll
      | 
g++ -pthread -B /its/home/wc296/miniconda3/compiler_compat -fno-strict-overflow -Wsign-compare -DNDEBUG -O2 -Wall -fPIC -O2 -isystem /its/home/wc296/miniconda3/include -fPIC -O2 -isystem /its/home/wc296/miniconda3/include -fPIC -DMMCV_WITH_CUDA -I/mnt/nfs2/engdes/wc296/paper6/dependencies/artemis-framework-overlay-004/source/mmcv-full-1.7.2/mmcv/ops/csrc/pytorch -I/mnt/nfs2/engdes/wc296/paper6/dependencies/artemis-framework-overlay-004/source/mmcv-full-1.7.2/mmcv/ops/csrc/common -I/mnt/nfs2/engdes/wc296/paper6/dependencies/artemis-framework-overlay-004/source/mmcv-full-1.7.2/mmcv/ops/csrc/common/cuda -I/mnt/nfs2/engdes/wc296/paper6/envs/torch-cu128-001/lib/python3.12/site-packages/torch/include -I/mnt/nfs2/engdes/wc296/paper6/envs/torch-cu128-001/lib/python3.12/site-packages/torch/include/torch/csrc/api/include -I/mnt/nfs2/engdes/wc296/paper6/toolchains/cuda-12.8-001/include -I/mnt/nfs2/engdes/wc296/paper6/envs/torch-cu128-001/include -I/its/home/wc296/miniconda3/include/python3.12 -c ./mmcv/ops/csrc/pytorch/cpu/voxelization.cpp -o build/temp.linux-x86_64-cpython-312/mmcv/ops/csrc/pytorch/cpu/voxelization.o -std=c++17 -DTORCH_API_INCLUDE_EXTENSION_H -DPYBIND11_COMPILER_TYPE=\"_gcc\" -DPYBIND11_STDLIB=\"_libstdcpp\" -DPYBIND11_BUILD_ABI=\"_cxxabi1016\" -DTORCH_EXTENSION_NAME=_ext -D_GLIBCXX_USE_CXX11_ABI=1
/mnt/nfs2/engdes/wc296/paper6/toolchains/cuda-12.8-001/bin/nvcc -DMMCV_WITH_CUDA -I/mnt/nfs2/engdes/wc296/paper6/dependencies/artemis-framework-overlay-004/source/mmcv-full-1.7.2/mmcv/ops/csrc/pytorch -I/mnt/nfs2/engdes/wc296/paper6/dependencies/artemis-framework-overlay-004/source/mmcv-full-1.7.2/mmcv/ops/csrc/common -I/mnt/nfs2/engdes/wc296/paper6/dependencies/artemis-framework-overlay-004/source/mmcv-full-1.7.2/mmcv/ops/csrc/common/cuda -I/mnt/nfs2/engdes/wc296/paper6/envs/torch-cu128-001/lib/python3.12/site-packages/torch/include -I/mnt/nfs2/engdes/wc296/paper6/envs/torch-cu128-001/lib/python3.12/site-packages/torch/include/torch/csrc/api/include -I/mnt/nfs2/engdes/wc296/paper6/toolchains/cuda-12.8-001/include -I/mnt/nfs2/engdes/wc296/paper6/envs/torch-cu128-001/include -I/its/home/wc296/miniconda3/include/python3.12 -c ./mmcv/ops/csrc/pytorch/cuda/active_rotated_filter_cuda.cu -o build/temp.linux-x86_64-cpython-312/mmcv/ops/csrc/pytorch/cuda/active_rotated_filter_cuda.o -D__CUDA_NO_HALF_OPERATORS__ -D__CUDA_NO_HALF_CONVERSIONS__ -D__CUDA_NO_BFLOAT16_CONVERSIONS__ -D__CUDA_NO_HALF2_OPERATORS__ --expt-relaxed-constexpr --compiler-options '-fPIC' -std=c++17 -DTORCH_API_INCLUDE_EXTENSION_H -DPYBIND11_COMPILER_TYPE=\"_gcc\" -DPYBIND11_STDLIB=\"_libstdcpp\" -DPYBIND11_BUILD_ABI=\"_cxxabi1016\" -DTORCH_EXTENSION_NAME=_ext -D_GLIBCXX_USE_CXX11_ABI=1 -gencode=arch=compute_120,code=sm_120
In file included from /mnt/nfs2/engdes/wc296/paper6/envs/torch-cu128-001/lib/python3.12/site-packages/torch/include/ATen/cuda/CUDAContext.h:3,
                 from /mnt/nfs2/engdes/wc296/paper6/dependencies/artemis-framework-overlay-004/source/mmcv-full-1.7.2/mmcv/ops/csrc/common/pytorch_cuda_helper.hpp:5,
                 from /mnt/nfs2/engdes/wc296/paper6/dependencies/artemis-framework-overlay-004/source/mmcv-full-1.7.2/mmcv/ops/csrc/common/cuda/active_rotated_filter_cuda_kernel.cuh:10,
                 from ./mmcv/ops/csrc/pytorch/cuda/active_rotated_filter_cuda.cu:4:
/mnt/nfs2/engdes/wc296/paper6/envs/torch-cu128-001/lib/python3.12/site-packages/torch/include/ATen/cuda/CUDAContextLight.h:7:10: fatal error: cusparse.h: No such file or directory
    7 | #include <cusparse.h>
      |          ^~~~~~~~~~~~
compilation terminated.
error: command '/mnt/nfs2/engdes/wc296/paper6/toolchains/cuda-12.8-001/bin/nvcc' failed with exit code 1
